# Blender 4.5.0
# www.blender.org
mtllib mesh.mtl
o Mesh_001
v -0.939553 0.021321 0.243921
v -0.941128 0.023820 0.284727
v -0.940235 0.068037 0.289082
v -0.933944 0.082672 0.243826
v -0.944362 0.079263 0.245265
v -0.896126 0.070172 0.237791
v -0.886218 0.022546 0.243690
v -0.753406 0.523480 0.288605
v -0.752205 0.586365 0.288584
v -0.693185 0.544826 0.288625
v -0.695701 0.481858 0.288649
v -0.291747 0.082416 0.243716
v -0.299109 0.128828 0.244020
v -0.316332 0.097425 0.244879
v -0.187619 0.819850 0.238039
v -0.198547 0.852593 0.238022
v -0.198473 0.881241 0.238026
v -0.201897 0.831848 0.238019
v -0.173209 0.902759 0.238076
v -0.176660 0.835353 0.238075
v -0.123353 0.801173 0.237940
v -0.186456 0.832354 0.238039
v -0.162134 0.797600 0.238266
v -0.030497 0.544383 0.237890
v -0.008062 0.602330 0.237974
v 0.038253 0.550322 0.237923
v 0.015954 0.493974 0.237938
v 0.113239 0.748613 0.294491
v 0.143077 0.700013 0.294492
v 0.170870 0.749461 0.294474
v 0.147837 0.803313 0.294502
v 0.356317 0.320468 0.288676
v 0.314918 0.272804 0.288627
v 0.293036 0.336870 0.288660
v 0.339053 0.381830 0.288659
v 0.549365 0.162100 0.244033
v 0.509585 0.208381 0.244063
v 0.480343 0.151798 0.244030
v 0.525676 0.109308 0.244106
v 0.663641 0.642386 0.288618
v 0.662349 0.702020 0.288616
v 0.715643 0.671681 0.288599
v 0.716511 0.612108 0.288612
v 0.887748 0.869516 0.288607
v 0.873198 0.817051 0.288579
v 0.831772 0.862672 0.288592
v 0.863190 0.914652 0.288617
v -0.895372 0.032478 0.292115
v -0.930728 0.088680 0.289240
v -0.692503 0.607888 0.288617
v -0.507687 0.573478 0.294512
v -0.550934 0.619078 0.294470
v -0.565425 0.562008 0.294496
v -0.523693 0.513604 0.294540
v -0.440945 0.818959 0.288570
v -0.435818 0.847887 0.288572
v -0.434017 0.836116 0.288569
v -0.429571 0.823349 0.288567
v -0.426109 0.805157 0.288565
v -0.027591 0.729521 0.237951
v -0.039403 0.657827 0.237938
v -0.063219 0.683014 0.237935
v 0.289303 0.392259 0.294529
v 0.301347 0.331890 0.294523
v 0.347412 0.369010 0.294538
v 0.337631 0.431184 0.294542
v 0.539898 0.235337 0.294576
v 0.483922 0.264246 0.294575
v 0.484094 0.205745 0.294580
v 0.494943 0.149839 0.294561
v 0.549038 0.176352 0.294582
v 0.713911 0.728038 0.288598
v 0.835228 0.607005 0.237900
v 0.837946 0.674745 0.237913
v 0.886076 0.642228 0.237930
v 0.883422 0.582442 0.237946
v -0.943856 0.116543 0.287961
v -0.892793 0.097073 0.293999
v -0.692702 0.743800 0.294452
v -0.737337 0.782556 0.294449
v -0.755368 0.727431 0.294436
v -0.705873 0.689076 0.294465
v -0.565093 0.624950 0.244110
v -0.538808 0.573169 0.244119
v -0.493492 0.624647 0.244107
v -0.529189 0.669472 0.244092
v -0.424321 0.977335 0.288659
v -0.414445 0.945954 0.294533
v -0.376378 0.983633 0.288668
v -0.357484 0.961797 0.294541
v -0.386924 0.963571 0.288653
v -0.251611 0.095992 0.244779
v -0.284600 0.144656 0.244353
v -0.302829 0.164633 0.244040
v -0.266774 0.181780 0.244085
v -0.241259 0.145684 0.244036
v -0.118570 0.030897 0.243684
v -0.153462 0.075782 0.243699
v -0.181977 0.027647 0.240927
v -0.151333 0.081073 0.237747
v -0.033678 0.817270 0.244127
v -0.006577 0.760456 0.244208
v 0.012601 0.792874 0.244113
v 0.002161 0.851082 0.244162
v 0.293007 0.510350 0.294553
v 0.344420 0.488705 0.294576
v 0.344630 0.549462 0.294562
v 0.536686 0.298512 0.294566
v 0.660323 0.802065 0.244034
v 0.704209 0.769974 0.244087
v 0.702224 0.844603 0.244083
v 0.889442 0.687601 0.294465
v 0.840921 0.722101 0.294445
v 0.837998 0.661521 0.294457
v 0.888410 0.628329 0.294487
v -0.935970 0.131348 0.244040
v -0.697351 0.032969 0.289575
v -0.754061 0.033878 0.289556
v -0.750305 0.074556 0.289535
v -0.728581 0.126921 0.288724
v -0.693908 0.071726 0.289543
v -0.432749 0.989367 0.243024
v -0.388566 0.961360 0.237916
v -0.417011 0.990527 0.241523
v -0.402609 0.980824 0.243862
v -0.293482 0.444294 0.244067
v -0.263421 0.394243 0.244065
v -0.228447 0.446340 0.244090
v -0.248383 0.499183 0.244144
v 0.313213 0.846384 0.244262
v 0.287772 0.906984 0.244102
v 0.270658 0.852577 0.244091
v 0.487464 0.313026 0.244060
v 0.516459 0.263891 0.244060
v 0.547352 0.325438 0.244041
v 0.517663 0.373024 0.244026
v 0.658771 0.911547 0.294503
v 0.683918 0.862142 0.294475
v 0.716677 0.909888 0.294492
v 0.687523 0.964679 0.291634
v 0.838175 0.732472 0.237898
v 0.888717 0.701948 0.237937
v -0.947221 0.165064 0.282718
v -0.902323 0.157807 0.294509
v -0.752089 0.382035 0.244004
v -0.725977 0.329630 0.244328
v -0.686921 0.377043 0.244057
v -0.715404 0.429867 0.244110
v -0.350571 0.273562 0.237883
v -0.406244 0.227496 0.237863
v -0.413522 0.285365 0.237865
v -0.388663 0.343389 0.237867
v -0.290056 0.710435 0.238001
v -0.263318 0.757433 0.237976
v -0.243820 0.690636 0.237991
v -0.153106 0.524627 0.244150
v -0.153004 0.559129 0.244147
v -0.173890 0.475432 0.244634
v -0.144654 0.401926 0.244077
v -0.114065 0.448198 0.244071
v -0.118839 0.510819 0.244170
v -0.032614 0.120000 0.237907
v -0.008611 0.070700 0.243689
v 0.039494 0.030072 0.243677
v -0.009637 0.179432 0.237975
v 0.025873 0.122776 0.237916
v 0.343790 0.943469 0.243896
v 0.313795 0.988136 0.238367
v 0.352493 0.895010 0.244046
v 0.485728 0.375887 0.288627
v 0.492874 0.442677 0.288616
v 0.544565 0.398813 0.288654
v 0.535586 0.334034 0.288654
v 0.722304 0.913537 0.238608
v 0.690895 0.862579 0.237973
v 0.661704 0.913128 0.237899
v 0.693765 0.971170 0.243870
v 0.885326 0.902086 0.294460
v 0.842766 0.965575 0.291564
v 0.832161 0.913775 0.294483
v 0.860671 0.850379 0.294461
v -0.934215 0.182657 0.244051
v -0.875507 0.161731 0.237937
v -0.880587 0.115031 0.237985
v -0.753715 0.492351 0.237923
v -0.747508 0.548533 0.237944
v -0.682926 0.507059 0.238002
v -0.708994 0.456831 0.237975
v -0.558301 0.454919 0.294543
v -0.520096 0.418249 0.294548
v -0.486803 0.470443 0.294514
v -0.410085 0.352769 0.244029
v -0.400399 0.295764 0.244040
v -0.343977 0.318681 0.244025
v -0.374632 0.374494 0.244025
v -0.399497 0.410970 0.244041
v -0.338588 0.389345 0.244021
v -0.317374 0.781493 0.288591
v -0.319147 0.816635 0.288593
v -0.281645 0.827547 0.288609
v -0.158514 0.827362 0.244320
v -0.155649 0.855816 0.244251
v -0.185349 0.802958 0.244106
v -0.128787 0.781839 0.244165
v 0.135564 0.030428 0.243688
v 0.108950 0.071514 0.243692
v 0.095410 0.013324 0.243713
v 0.351264 0.201164 0.237897
v 0.318523 0.146534 0.238095
v 0.290281 0.201780 0.237855
v 0.324827 0.257613 0.238143
v 0.548276 0.912940 0.288660
v 0.516575 0.865477 0.288610
v 0.481882 0.911712 0.288621
v 0.521830 0.964189 0.291619
v 0.881733 0.903022 0.244052
v 0.870794 0.973634 0.243848
v 0.833993 0.921988 0.244112
v -0.935243 0.210975 0.288787
v -0.754140 0.759869 0.237959
v -0.726154 0.810577 0.237994
v -0.685603 0.763333 0.238009
v -0.715122 0.710610 0.237980
v -0.412076 0.547657 0.244124
v -0.363413 0.520030 0.244149
v -0.366938 0.592704 0.244152
v -0.315755 0.839786 0.288597
v -0.180987 0.153527 0.237977
v -0.176888 0.219699 0.238049
v -0.123805 0.190112 0.237925
v -0.123998 0.128817 0.237923
v -0.033598 0.156049 0.244039
v -0.054724 0.114704 0.244049
v 0.354486 0.398093 0.244035
v 0.315542 0.459700 0.244112
v 0.295496 0.404767 0.244037
v 0.330242 0.340522 0.243969
v 0.482955 0.029867 0.243667
v 0.522405 0.060150 0.237782
v 0.515349 0.021686 0.243660
v 0.518841 0.047141 0.243701
v 0.837637 0.803748 0.237918
v 0.884887 0.760417 0.237927
v -0.937082 0.230007 0.244079
v -0.875124 0.209388 0.237920
v -0.727408 0.029552 0.295033
v -0.759473 0.027254 0.295025
v -0.252941 0.838973 0.237958
v -0.283433 0.816945 0.238002
v -0.289747 0.878322 0.237987
v -0.242211 0.919288 0.238377
v -0.267081 0.919610 0.238369
v 0.028254 0.135322 0.244083
v 0.020968 0.198327 0.244120
v -0.023236 0.219916 0.244029
v 0.172629 0.084719 0.243743
v 0.147892 0.143836 0.244043
v 0.361076 0.485454 0.288671
v 0.316136 0.445909 0.288602
v 0.297342 0.511606 0.288608
v 0.343709 0.546935 0.288606
v 0.552163 0.413880 0.294534
v 0.502041 0.449331 0.294532
v 0.492556 0.386301 0.294555
v 0.547238 0.353872 0.294535
v 0.725611 0.110664 0.294502
v 0.668718 0.128278 0.294537
v 0.660586 0.074948 0.295011
v 0.668840 0.031447 0.295036
v 0.687098 0.046888 0.289557
v 0.720553 0.046822 0.295033
v 0.890416 0.747147 0.294454
v 0.845733 0.785354 0.294458
v -0.945741 0.258226 0.286741
v -0.889889 0.259522 0.294512
v -0.872455 0.204626 0.294517
v -0.745904 0.228246 0.288704
v -0.728191 0.290639 0.288710
v -0.677228 0.242743 0.288709
v -0.700321 0.184708 0.288751
v -0.534798 0.050821 0.289589
v -0.538837 0.025984 0.289614
v -0.551377 0.091222 0.289157
v -0.499329 0.024105 0.289612
v -0.516213 0.068208 0.289590
v -0.518484 0.125304 0.288714
v -0.283612 0.949399 0.243923
v -0.309609 0.977218 0.243877
v -0.310118 0.949546 0.243896
v -0.155965 0.281891 0.237972
v -0.108916 0.251018 0.237924
v -0.015126 0.695381 0.237974
v 0.022696 0.671340 0.237960
v 0.366683 0.202723 0.294572
v 0.306675 0.231286 0.294546
v 0.303501 0.176081 0.294566
v 0.304854 0.125098 0.294574
v 0.367247 0.148836 0.294571
v 0.543016 0.688696 0.244083
v 0.511062 0.744125 0.244080
v 0.484413 0.687411 0.244086
v 0.530489 0.627710 0.244083
v 0.672307 0.181014 0.288734
v 0.681864 0.243802 0.288719
v 0.741357 0.224682 0.288701
v 0.737227 0.167950 0.288730
v 0.707879 0.118180 0.288707
v 0.874049 0.863365 0.237942
v 0.891017 0.814275 0.237945
v -0.936984 0.279711 0.244093
v -0.877415 0.257489 0.237915
v -0.683704 0.479824 0.294512
v -0.733547 0.513413 0.294508
v -0.744058 0.450894 0.294578
v -0.719869 0.392699 0.294563
v -0.680506 0.428324 0.294565
v -0.406899 0.783048 0.244100
v -0.393644 0.714391 0.244098
v -0.343790 0.754457 0.244100
v -0.353778 0.831901 0.244097
v -0.322892 0.979030 0.237920
v -0.310441 0.965344 0.237900
v -0.158936 0.262492 0.288693
v -0.165804 0.205794 0.288729
v -0.204649 0.249067 0.288684
v -0.028829 0.671694 0.288637
v 0.001395 0.735014 0.288677
v 0.041827 0.677821 0.288625
v 0.023695 0.609130 0.288634
v -0.009689 0.621293 0.288654
v 0.106486 0.867990 0.237934
v 0.134760 0.923774 0.238087
v 0.151838 0.853900 0.237937
v 0.355871 0.311771 0.237902
v 0.296031 0.314961 0.237866
v 0.325464 0.369732 0.238039
v 0.549663 0.705232 0.288582
v 0.497391 0.666181 0.288587
v 0.486532 0.718386 0.288581
v 0.523781 0.762764 0.288577
v 0.869104 0.033447 0.237787
v 0.837994 0.016970 0.237779
v 0.849364 0.052051 0.243717
v 0.891853 0.113125 0.237947
v 0.912165 0.040331 0.243746
v 0.907687 0.043304 0.237792
v 0.883408 0.110657 0.244053
v 0.888012 0.061307 0.243726
v -0.931415 0.304898 0.288760
v -0.714866 0.610344 0.237994
v -0.686793 0.562498 0.237982
v -0.556280 0.213806 0.244070
v -0.551022 0.157824 0.244055
v -0.503183 0.183897 0.244053
v -0.497704 0.245320 0.244063
v -0.280182 0.982864 0.243902
v -0.293452 0.965885 0.243906
v -0.027574 0.771372 0.237957
v -0.015293 0.775679 0.237996
v -0.012619 0.714074 0.237989
v 0.012985 0.791534 0.237965
v -0.000935 0.697337 0.237961
v 0.038253 0.747654 0.237960
v 0.173215 0.439029 0.238197
v 0.144981 0.385581 0.237963
v 0.118324 0.453127 0.237929
v 0.156218 0.516042 0.237910
v 0.295043 0.426544 0.237919
v 0.323578 0.480214 0.238165
v 0.355390 0.423629 0.237921
v 0.488105 0.817796 0.288592
v 0.550068 0.815445 0.288597
v 0.724165 0.488058 0.294523
v 0.673066 0.523968 0.294528
v 0.668639 0.463293 0.294597
v 0.721094 0.426616 0.294577
v 0.849162 0.138052 0.288696
v 0.862029 0.197449 0.288688
v 0.913950 0.169039 0.288753
v 0.886774 0.092115 0.288998
v -0.937570 0.327489 0.244098
v -0.877515 0.307406 0.237912
v -0.679804 0.661561 0.238004
v -0.749970 0.658978 0.237966
v -0.439241 0.847755 0.237886
v -0.428961 0.891246 0.237877
v -0.404254 0.837020 0.237892
v -0.286350 0.024476 0.243695
v -0.241227 0.028642 0.237775
v -0.115062 0.565516 0.294526
v -0.161403 0.613786 0.294502
v -0.177842 0.547332 0.294505
v -0.133719 0.505895 0.294549
v -0.009756 0.919239 0.294469
v -0.031248 0.967548 0.288691
v -0.039348 0.894624 0.294509
v 0.020026 0.843959 0.294492
v 0.153816 0.640947 0.288616
v 0.126585 0.536577 0.288632
v 0.128093 0.595390 0.288606
v 0.175523 0.566061 0.288649
v 0.296430 0.848401 0.294476
v 0.303486 0.784304 0.294483
v 0.354741 0.814351 0.294460
v 0.348570 0.866288 0.294477
v 0.325605 0.912001 0.294487
v 0.725390 0.483999 0.238004
v 0.694930 0.429876 0.237881
v 0.666569 0.489867 0.237927
v 0.697537 0.542095 0.237975
v 0.892276 0.471065 0.238119
v 0.874262 0.416713 0.237913
v 0.838797 0.478101 0.237989
v 0.880685 0.527259 0.237960
v -0.944623 0.351354 0.287724
v -0.886185 0.350820 0.294488
v -0.854508 0.303584 0.294508
v -0.746836 0.840160 0.288610
v -0.719651 0.904453 0.288664
v -0.685927 0.857938 0.288612
v -0.697272 0.795583 0.288612
v 0.128351 0.706355 0.288619
v 0.132130 0.797825 0.288612
v 0.187552 0.752115 0.288626
v 0.205963 0.686699 0.288636
v 0.372681 0.259449 0.294559
v 0.321207 0.285208 0.294541
v 0.663837 0.599709 0.238001
v 0.687680 0.652703 0.237979
v 0.722468 0.595251 0.238254
v 0.895377 0.808026 0.294463
v -0.936321 0.378350 0.244057
v -0.877742 0.358345 0.237921
v -0.718951 0.023625 0.289563
v -0.728232 0.034494 0.289570
v -0.556455 0.325325 0.294559
v -0.549609 0.267127 0.294574
v -0.494592 0.302550 0.294577
v -0.511842 0.360127 0.294551
v -0.032187 0.093479 0.288936
v -0.007403 0.148437 0.288697
v 0.030647 0.104130 0.288283
v 0.006544 0.032097 0.289620
v 0.122440 0.201491 0.244071
v 0.181437 0.199668 0.244254
v 0.153819 0.259175 0.244096
v 0.375932 0.321173 0.294554
v 0.548330 0.465809 0.288651
v 0.723099 0.906710 0.244965
v 0.667150 0.906267 0.244206
v 0.839025 0.913991 0.237920
v 0.893747 0.915917 0.237970
v -0.940794 0.399578 0.288520
v -0.751226 0.080419 0.243693
v -0.743112 0.024738 0.240966
v -0.701250 0.029758 0.237822
v -0.696484 0.086553 0.243726
v -0.704733 0.134345 0.243962
v -0.409250 0.098009 0.238181
v -0.371864 0.137003 0.237911
v -0.356608 0.061221 0.237761
v -0.028900 0.277354 0.244029
v 0.032629 0.258434 0.244082
v 0.007540 0.340981 0.244070
v 0.355661 0.712433 0.237872
v 0.305629 0.656493 0.237964
v 0.301262 0.710242 0.237972
v 0.313621 0.770807 0.238084
v 0.546107 0.610112 0.237908
v 0.517111 0.559574 0.237917
v 0.486695 0.614194 0.237894
v 0.512447 0.666137 0.237909
v 0.715618 0.170223 0.294564
v 0.849325 0.136501 0.237929
v 0.875455 0.190957 0.237909
v 0.885185 0.157174 0.237942
v -0.936901 0.429976 0.244067
v -0.878101 0.410436 0.237954
v -0.748387 0.232190 0.244022
v -0.727469 0.182383 0.244660
v -0.683365 0.226941 0.244037
v -0.703862 0.278114 0.244059
v -0.555200 0.726735 0.244090
v -0.490556 0.706148 0.244103
v -0.512790 0.763785 0.244105
v -0.354874 0.200400 0.237871
v -0.286196 0.287078 0.238041
v -0.287031 0.353971 0.237987
v -0.238777 0.330979 0.238026
v -0.223418 0.268227 0.237986
v -0.242032 0.211806 0.237972
v 0.186690 0.308735 0.288639
v 0.131013 0.271872 0.288679
v 0.125296 0.336253 0.288711
v 0.171310 0.379042 0.288707
v 0.309267 0.722871 0.294496
v 0.362497 0.759770 0.294466
v 0.727420 0.549075 0.294517
v 0.677025 0.585276 0.294520
v 0.892493 0.966885 0.294454
v -0.941814 0.451204 0.288397
v -0.885556 0.412637 0.294493
v -0.745152 0.338681 0.294561
v -0.720319 0.284645 0.294570
v -0.682121 0.348861 0.294563
v -0.554043 0.259848 0.288657
v -0.543484 0.333803 0.288653
v -0.495465 0.285168 0.288655
v -0.501462 0.212241 0.288672
v -0.353814 0.229415 0.294568
v -0.367109 0.289314 0.294560
v -0.407880 0.257369 0.294567
v -0.264250 0.491569 0.237957
v -0.294225 0.514301 0.237999
v -0.292048 0.549046 0.237999
v -0.223996 0.530772 0.237989
v -0.284530 0.593204 0.238021
v -0.246527 0.588722 0.237978
v -0.097781 0.896675 0.294529
v -0.157186 0.913611 0.294545
v -0.170743 0.869110 0.294537
v -0.109286 0.833423 0.294520
v 0.032390 0.435149 0.294544
v -0.018194 0.502791 0.294552
v -0.029830 0.440810 0.294542
v -0.006068 0.374939 0.294553
v 0.124424 0.366729 0.294545
v 0.146019 0.295566 0.294555
v 0.183688 0.356841 0.294480
v 0.167074 0.418563 0.294491
v 0.527385 0.101399 0.294096
v 0.544656 0.134791 0.294551
v 0.676161 0.202384 0.244210
v 0.688741 0.145900 0.244022
v 0.736259 0.192286 0.243967
v 0.704891 0.256929 0.244031
v -0.935750 0.483024 0.244044
v -0.878158 0.463944 0.237937
v -0.746052 0.759424 0.244101
v -0.718830 0.707548 0.244198
v -0.680501 0.752421 0.244136
v -0.707352 0.805750 0.244164
v -0.550931 0.359717 0.244052
v -0.522524 0.305571 0.244050
v -0.478577 0.352389 0.244039
v -0.517379 0.407471 0.244062
v -0.407106 0.394328 0.294557
v -0.388792 0.339579 0.294555
v -0.346821 0.388513 0.294550
v -0.373001 0.447725 0.294537
v -0.221718 0.604208 0.294544
v -0.268728 0.650956 0.294550
v -0.285414 0.593934 0.294565
v -0.239338 0.539804 0.294551
v -0.167889 0.960632 0.237971
v -0.145106 0.963583 0.241035
v -0.131075 0.883285 0.237936
v 0.033627 0.652925 0.244113
v 0.003466 0.694504 0.244143
v -0.034072 0.651300 0.244138
v 0.010325 0.602984 0.244144
v 0.119224 0.500610 0.244135
v 0.165408 0.441868 0.244248
v 0.183117 0.491604 0.244183
v 0.164456 0.552785 0.244615
v 0.375881 0.021871 0.243677
v 0.317052 0.024274 0.243707
v 0.311587 0.086934 0.237762
v 0.372976 0.142363 0.237860
v 0.384175 0.086366 0.237771
v 0.539672 0.557160 0.244105
v 0.490602 0.584452 0.244101
v 0.744139 0.303086 0.237888
v 0.704974 0.254178 0.237900
v 0.678457 0.311752 0.237982
v 0.718382 0.365793 0.237906
v 0.928801 0.144847 0.288796
v 0.880027 0.195145 0.294528
v 0.863249 0.137258 0.294521
v 0.889977 0.088635 0.294942
v -0.943339 0.503577 0.288137
v -0.886016 0.465578 0.294488
v -0.742821 0.911122 0.237927
v -0.732772 0.964259 0.240964
v -0.676418 0.915497 0.237974
v -0.701816 0.863122 0.237955
v -0.556269 0.772968 0.237882
v -0.514456 0.808755 0.237882
v -0.499168 0.734218 0.237882
v -0.404464 0.481738 0.237901
v -0.398632 0.526841 0.237937
v -0.358129 0.550668 0.237919
v -0.340648 0.496591 0.237945
v -0.370920 0.437551 0.237885
v -0.026038 0.736492 0.294486
v 0.007057 0.678288 0.294482
v 0.045134 0.741025 0.294488
v 0.018758 0.789446 0.294488
v -0.000335 0.789441 0.294476
v 0.193085 0.495146 0.288638
v 0.149727 0.452334 0.288691
v 0.302585 0.088077 0.294999
v 0.353369 0.084989 0.295017
v 0.341544 0.127919 0.294569
v 0.731044 0.609698 0.294500
v 0.681123 0.645960 0.294490
v -0.936547 0.535525 0.244080
v -0.872873 0.516307 0.237959
v -0.706752 0.963889 0.291553
v -0.751733 0.967540 0.288662
v -0.702397 0.907773 0.294487
v -0.289106 0.856244 0.294496
v -0.270829 0.798603 0.294496
v -0.275361 0.861191 0.294499
v -0.173923 0.336545 0.244093
v -0.142509 0.269752 0.244112
v -0.120872 0.339624 0.244078
v 0.121167 0.539234 0.294529
v 0.150478 0.476870 0.294585
v 0.181189 0.530537 0.294512
v 0.155154 0.591147 0.294513
v 0.308114 0.284742 0.244053
v 0.331910 0.220409 0.243996
v 0.372391 0.277059 0.244032
v 0.560335 0.120528 0.237943
v 0.500636 0.128670 0.237919
v 0.532773 0.180483 0.237901
v 0.741070 0.819594 0.288616
v 0.708457 0.777431 0.288604
v 0.673883 0.818256 0.288603
v 0.707443 0.865990 0.288610
v 0.871060 0.255690 0.288667
v 0.929481 0.226274 0.288809
v -0.943226 0.559628 0.288166
v -0.892362 0.525379 0.294486
v -0.684894 0.804241 0.294454
v -0.728454 0.850721 0.294460
v -0.545743 0.026593 0.243662
v -0.525661 0.075104 0.237781
v -0.530806 0.068896 0.243723
v -0.473266 0.030298 0.243684
v -0.363352 0.595585 0.288599
v -0.400895 0.587371 0.288605
v -0.405908 0.637627 0.288603
v -0.345991 0.679527 0.288609
v -0.389634 0.677177 0.288612
v -0.376955 0.672573 0.288609
v -0.163131 0.373118 0.288713
v -0.190076 0.383281 0.288542
v -0.170778 0.445229 0.288705
v -0.156044 0.513865 0.288641
v -0.107150 0.474102 0.288685
v -0.115045 0.393361 0.288731
v 0.291260 0.072230 0.295055
v 0.303182 0.031005 0.295066
v 0.340353 0.021176 0.295077
v 0.322125 0.035827 0.289581
v 0.504898 0.213804 0.288671
v 0.520515 0.273550 0.288658
v 0.564351 0.218399 0.288670
v 0.539765 0.150163 0.288711
v 0.673743 0.913668 0.288657
v 0.737679 0.915354 0.288665
v 0.931332 0.862001 0.288677
v -0.939192 0.591184 0.244217
v -0.882473 0.568053 0.237941
v -0.725685 0.081414 0.237824
v -0.506740 0.117230 0.244019
v -0.297959 0.165206 0.288665
v -0.277357 0.195067 0.288653
v -0.280367 0.136448 0.288662
v -0.221793 0.174624 0.288702
v -0.280216 0.102433 0.288186
v -0.261115 0.074307 0.289605
v -0.213037 0.117811 0.288716
v 0.492831 0.467222 0.244539
v 0.540006 0.431196 0.244019
v 0.541440 0.497127 0.244118
v 0.847428 0.054307 0.295053
v 0.867172 0.030880 0.292111
v -0.941718 0.616138 0.288409
v -0.889724 0.583871 0.294494
v -0.663715 0.133867 0.288715
v -0.540274 0.205424 0.294591
v -0.497538 0.246636 0.294586
v -0.327703 0.809386 0.237953
v -0.391390 0.772321 0.237891
v -0.365690 0.904588 0.237891
v -0.349941 0.860382 0.237913
v -0.138577 0.848902 0.288651
v -0.170074 0.901507 0.288650
v -0.085137 0.905858 0.288636
v -0.132070 0.954912 0.294544
v 0.109642 0.843207 0.288622
v 0.143131 0.876325 0.288657
v 0.198979 0.829384 0.288610
v 0.508809 0.512583 0.294527
v 0.559433 0.474806 0.294536
v 0.886756 0.250415 0.237929
v 0.937262 0.223034 0.244112
v 0.937592 0.167691 0.244133
v -0.940446 0.647016 0.244357
v -0.885230 0.626064 0.237933
v -0.680945 0.538291 0.294511
v -0.729743 0.574892 0.294499
v -0.549072 0.464969 0.244297
v -0.484177 0.459709 0.244077
v -0.517706 0.516399 0.244133
v -0.425106 0.844980 0.288564
v -0.220066 0.195319 0.294568
v -0.281866 0.243389 0.294550
v -0.285129 0.194236 0.294572
v -0.275792 0.110382 0.294551
v -0.279198 0.149229 0.294569
v -0.248143 0.147187 0.294567
v -0.102656 0.221929 0.288729
v -0.147251 0.147031 0.288747
v -0.025452 0.622207 0.294502
v 0.006810 0.562786 0.294533
v 0.038390 0.621558 0.294499
v 0.358299 0.638939 0.237866
v 0.324206 0.589262 0.238372
v 0.555677 0.644146 0.288579
v 0.498069 0.612835 0.288587
v 0.929905 0.260273 0.244030
v 0.871407 0.294553 0.244069
v 0.872492 0.229724 0.244072
v 0.878008 0.166087 0.244054
v 0.933627 0.204547 0.244021
v -0.939486 0.671125 0.288589
v -0.885278 0.640937 0.294479
v -0.735541 0.858424 0.244239
v -0.670915 0.853166 0.244301
v -0.704070 0.909344 0.244152
v -0.490794 0.631718 0.294479
v -0.534684 0.675924 0.294456
v -0.352178 0.031262 0.295060
v -0.405293 0.127232 0.294564
v -0.397243 0.066095 0.289584
v -0.342604 0.101306 0.288282
v -0.221395 0.248131 0.294539
v -0.255773 0.304867 0.294543
v -0.140842 0.330027 0.288728
v -0.101878 0.291269 0.288724
v -0.116583 0.252133 0.288703
v -0.024034 0.803314 0.288642
v 0.000434 0.857092 0.288669
v 0.047400 0.820611 0.288646
v 0.026703 0.768179 0.288651
v 0.102388 0.845999 0.294507
v 0.113769 0.813848 0.294506
v 0.126260 0.852631 0.294520
v 0.102885 0.876386 0.294517
v 0.319111 0.663481 0.294523
v 0.368535 0.703727 0.294489
v 0.497677 0.771843 0.237886
v 0.531343 0.816218 0.237900
v 0.563143 0.765523 0.237897
v 0.534824 0.717514 0.237898
v 0.735185 0.670095 0.294478
v 0.686081 0.705445 0.294477
v 0.880730 0.310254 0.288679
v 0.935337 0.283849 0.288802
v -0.939907 0.702196 0.244287
v -0.885797 0.680508 0.237945
v -0.713143 0.353447 0.288654
v -0.663853 0.304020 0.288694
v -0.576084 0.890568 0.294484
v -0.561482 0.863942 0.294461
v -0.540670 0.902119 0.294482
v -0.167046 0.655397 0.288630
v -0.139188 0.725967 0.288662
v -0.095076 0.682331 0.288629
v -0.109555 0.624100 0.288619
v -0.141777 0.577496 0.288622
v 0.123739 0.039099 0.289585
v 0.152224 0.087079 0.289535
v 0.210864 0.031699 0.289592
v 0.306362 0.822947 0.237990
v 0.334889 0.839083 0.237945
v 0.371355 0.778260 0.237835
v 0.566880 0.862456 0.237912
v 0.502490 0.865507 0.237908
v 0.540760 0.911843 0.237933
v 0.665074 0.024182 0.289579
v 0.929701 0.318085 0.244034
v 0.872503 0.358712 0.244062
v -0.936063 0.723863 0.288692
v -0.880603 0.698082 0.294457
v -0.671736 0.594158 0.294499
v -0.719668 0.633538 0.294471
v -0.351199 0.081489 0.295030
v -0.333888 0.129278 0.294577
v -0.373608 0.142556 0.294579
v -0.376182 0.163121 0.294589
v 0.006726 0.952318 0.288725
v -0.004037 0.916543 0.288682
v 0.017125 0.898341 0.294485
v 0.028898 0.954390 0.294531
v 0.046444 0.988994 0.289463
v 0.324990 0.907821 0.238217
v 0.384759 0.971957 0.237894
v 0.492451 0.909950 0.294473
v 0.513749 0.857772 0.294452
v 0.548900 0.909078 0.294472
v 0.931269 0.480497 0.244138
v 0.871895 0.489021 0.244114
v 0.872358 0.423944 0.244044
v 0.930413 0.374801 0.244034
v 0.932276 0.428164 0.244028
v -0.943713 0.754524 0.245193
v -0.887800 0.746825 0.237949
v -0.729638 0.612385 0.244459
v -0.699479 0.559478 0.244132
v -0.663336 0.597254 0.244109
v -0.691761 0.653094 0.244138
v -0.536658 0.405285 0.288632
v -0.480766 0.360662 0.288595
v -0.497541 0.325983 0.288640
v -0.358016 0.134585 0.244004
v -0.365532 0.201987 0.244055
v -0.405230 0.164242 0.244050
v 0.192056 0.242156 0.288643
v 0.136080 0.203707 0.288727
v 0.316025 0.211370 0.288663
v 0.378286 0.245855 0.288660
v 0.374187 0.182087 0.288699
v 0.326673 0.148727 0.288690
v 0.508612 0.034824 0.295036
v 0.490550 0.007074 0.294623
v 0.480763 0.021676 0.289606
v 0.733804 0.055047 0.289549
v 0.723941 0.007946 0.289136
v 0.929516 0.535305 0.244069
v 0.871073 0.553042 0.244097
v -0.936983 0.773262 0.288686
v -0.871870 0.755470 0.294446
v -0.665284 0.859922 0.294473
v -0.531762 0.320912 0.237876
v -0.557449 0.359804 0.237877
v -0.545511 0.400286 0.237857
v -0.492677 0.376198 0.237843
v -0.497889 0.442524 0.237862
v 0.121507 0.329499 0.237974
v 0.177214 0.321004 0.238591
v 0.150824 0.262959 0.237934
v 0.929175 0.592371 0.244083
v 0.870464 0.615479 0.244112
v -0.932380 0.804803 0.238044
v -0.678185 0.969514 0.243901
v -0.479580 0.558645 0.237906
v -0.516673 0.503942 0.237898
v -0.539085 0.564894 0.237899
v -0.510716 0.619840 0.237901
v -0.402890 0.445230 0.288591
v -0.389853 0.520771 0.288612
v -0.336192 0.484516 0.288659
v -0.367566 0.434993 0.288615
v -0.371648 0.401732 0.288622
v -0.230991 0.048009 0.295058
v -0.190889 0.097805 0.293940
v -0.171552 0.911924 0.244283
v -0.131342 0.844934 0.244161
v -0.172511 0.964705 0.243906
v -0.129338 0.908153 0.244165
v -0.135123 0.871477 0.244153
v -0.013012 0.312522 0.288686
v -0.000955 0.369082 0.288737
v 0.065646 0.303676 0.288726
v 0.021549 0.261146 0.288680
v 0.183755 0.311861 0.244100
v 0.137888 0.381283 0.244064
v 0.124813 0.321397 0.244064
v 0.380292 0.424238 0.288631
v 0.559375 0.342650 0.237886
v 0.533790 0.287755 0.237888
v 0.502410 0.351515 0.237862
v 0.536022 0.400837 0.237860
v 0.719148 0.083606 0.243699
v 0.727803 0.135091 0.244250
v 0.928669 0.649672 0.244102
v 0.869669 0.676038 0.244105
v -0.946939 0.821518 0.284718
v -0.893612 0.812032 0.294457
v -0.663168 0.175351 0.244214
v -0.474196 0.680249 0.237900
v -0.542033 0.670948 0.237902
v -0.018715 0.431577 0.244182
v -0.033124 0.390994 0.244068
v 0.039440 0.414565 0.244066
v 0.376982 0.459203 0.244092
v 0.349482 0.516541 0.244082
v 0.498648 0.559257 0.288592
v 0.549024 0.531404 0.288610
v 0.712876 0.293320 0.288700
v 0.928609 0.706609 0.244106
v 0.869855 0.734437 0.244107
v -0.946232 0.860670 0.247213
v -0.892483 0.855208 0.237967
v -0.864796 0.802464 0.237957
v -0.661003 0.324724 0.244235
v -0.523647 0.880511 0.244068
v -0.540525 0.869352 0.237898
v -0.542904 0.830839 0.244084
v -0.478920 0.819700 0.244108
v -0.017942 0.424407 0.237943
v 0.050339 0.447046 0.237889
v 0.024962 0.381680 0.237877
v 0.381853 0.741757 0.244101
v 0.342429 0.792827 0.244059
v 0.314460 0.739090 0.244329
v 0.354391 0.687276 0.244084
v 0.563092 0.585344 0.288579
v 0.685556 0.135337 0.237899
v 0.703876 0.188755 0.237925
v 0.753125 0.143947 0.237893
v 0.721764 0.118627 0.238070
v 0.721736 0.083409 0.237805
v 0.929492 0.762781 0.244102
v 0.870169 0.790572 0.244110
v -0.930488 0.867902 0.294480
v -0.646537 0.530067 0.244080
v -0.725387 0.515491 0.244243
v -0.679996 0.478678 0.244344
v -0.533387 0.931853 0.237936
v -0.490676 0.908828 0.237915
v -0.471590 0.851228 0.237888
v -0.340097 0.574250 0.294565
v -0.364625 0.623477 0.294534
v -0.401749 0.567485 0.294548
v -0.364718 0.517843 0.294577
v -0.286638 0.296209 0.244158
v -0.271602 0.269511 0.244077
v -0.232670 0.273324 0.244127
v -0.233194 0.338188 0.244093
v 0.012163 0.474824 0.244703
v 0.381114 0.844055 0.244081
v 0.930130 0.817370 0.244107
v 0.874640 0.846062 0.244090
v -0.945322 0.916635 0.287317
v -0.931724 0.910115 0.244101
v -0.657502 0.818267 0.237982
v -0.281547 0.640907 0.238006
v -0.216125 0.643351 0.237978
v -0.083401 0.548518 0.288624
v 0.201746 0.174979 0.288668
v 0.148049 0.144096 0.288743
v 0.308200 0.964050 0.291585
v 0.360534 0.972394 0.288656
v 0.347547 0.909030 0.288618
v 0.934337 0.790613 0.288697
v 0.880732 0.759674 0.288597
v 0.936043 0.845106 0.288702
v -0.885256 0.910463 0.294449
v -0.864184 0.860460 0.294451
v -0.525392 0.143437 0.294575
v -0.482093 0.182852 0.294597
v -0.279492 0.687408 0.288616
v -0.272235 0.753101 0.288614
v -0.210475 0.713040 0.288650
v -0.231643 0.641903 0.288640
v -0.280277 0.624176 0.288625
v -0.100107 0.530418 0.237915
v -0.124583 0.480234 0.237926
v -0.160227 0.525316 0.238007
v -0.124775 0.577678 0.237910
v 0.197389 0.647828 0.294509
v 0.132086 0.645985 0.294491
v 0.322295 0.092317 0.244265
v 0.390347 0.090240 0.243980
v 0.351568 0.155121 0.244073
v 0.741936 0.730015 0.294459
v 0.694391 0.762319 0.294471
v 0.930974 0.908043 0.288698
v -0.945417 0.967899 0.246124
v -0.893517 0.969718 0.237926
v -0.870001 0.908536 0.237941
v -0.696356 0.122049 0.238001
v -0.653147 0.076386 0.237822
v 0.573800 0.229927 0.237899
v 0.508040 0.237021 0.237887
v 0.704851 0.816053 0.294467
v 0.748065 0.855217 0.294474
v 0.936448 0.281504 0.244074
v 0.871358 0.304857 0.237920
v 0.887591 0.361330 0.237930
v 0.938011 0.334949 0.244180
v -0.942491 0.971478 0.288292
v -0.893561 0.963628 0.291552
v -0.718386 0.223496 0.294576
v -0.664162 0.237738 0.294579
v -0.662141 0.297089 0.294568
v -0.475294 0.567246 0.244130
v -0.225758 0.784356 0.288641
v -0.271627 0.897078 0.288639
v -0.210847 0.845768 0.288642
v -0.160209 0.732791 0.294497
v -0.181330 0.678962 0.294498
v -0.138233 0.671857 0.294493
v -0.095951 0.721289 0.294488
v -0.128569 0.746462 0.294501
v -0.097575 0.775750 0.294501
v -0.022733 0.904829 0.244145
v 0.037857 0.912496 0.244136
v 0.008427 0.918134 0.244227
v 0.012261 0.970712 0.237945
v 0.160330 0.088093 0.237797
v 0.196854 0.029873 0.240920
v 0.332225 0.605691 0.294546
v 0.376338 0.644872 0.294514
v 0.478011 0.243308 0.244083
v 0.745691 0.023138 0.243664
v 0.690211 0.027261 0.237807
v -0.939489 0.919184 0.288605
v -0.933982 0.897754 0.244103
v -0.547779 0.963982 0.288693
v -0.548728 0.983984 0.294510
v -0.521760 0.989663 0.290262
v -0.498188 0.961378 0.288673
v -0.526701 0.919480 0.288623
v 0.035557 0.496507 0.294566
v 0.194268 0.239045 0.294483
v 0.138276 0.217165 0.294596
v 0.184804 0.169986 0.294543
v 0.381292 0.901774 0.237866
v 0.571772 0.449337 0.237896
v 0.509323 0.457374 0.237903
v 0.544598 0.504663 0.237913
v -0.658159 0.649021 0.294469
v -0.523926 0.967131 0.294532
v 0.175793 0.399703 0.244477
v 0.202087 0.368216 0.244051
v 0.170404 0.384135 0.245096
v 0.567730 0.534983 0.294504
v 0.518841 0.570331 0.294497
v 0.873435 0.419689 0.288646
v 0.873916 0.476701 0.288573
v 0.931974 0.454118 0.288742
v 0.932147 0.398386 0.288768
v 0.873932 0.363521 0.288665
v -0.947285 0.141945 0.266180
v -0.891589 0.134348 0.244019
v -0.868714 0.081019 0.243734
v -0.654670 0.695788 0.244105
v -0.375409 0.653930 0.244119
v -0.324289 0.696004 0.244114
v 0.034232 0.897311 0.288644
v 0.046289 0.942393 0.288690
v 0.132433 0.691092 0.237915
v 0.152476 0.754381 0.237939
v 0.200151 0.701163 0.237923
v 0.174893 0.647175 0.238286
v 0.139016 0.656367 0.237921
v 0.572240 0.218098 0.244060
v 0.583295 0.276636 0.244056
v 0.719504 0.705189 0.238108
v 0.743347 0.650672 0.237916
v 0.875152 0.533666 0.288638
v 0.933319 0.509194 0.288750
v -0.895482 0.146308 0.288696
v -0.861784 0.088962 0.289319
v -0.701292 0.120369 0.294509
v -0.713929 0.166219 0.294553
v -0.743507 0.123323 0.294508
v -0.722004 0.088261 0.294948
v -0.520518 0.478723 0.288629
v -0.480366 0.423110 0.288602
v -0.389483 0.751722 0.288577
v -0.386834 0.810530 0.288570
v -0.330973 0.748632 0.288589
v -0.376875 0.705213 0.288594
v -0.388342 0.705337 0.288600
v -0.282637 0.038157 0.289581
v -0.238651 0.008614 0.294881
v -0.170390 0.011295 0.289430
v -0.150678 0.050562 0.289597
v -0.027149 0.090517 0.294950
v 0.007826 0.091048 0.294899
v -0.030946 0.105798 0.294528
v -0.017135 0.141171 0.294528
v 0.137488 0.799428 0.244124
v 0.138326 0.741974 0.244130
v 0.203738 0.778271 0.244092
v 0.195091 0.805749 0.237946
v 0.169647 0.829236 0.244192
v 0.170621 0.803469 0.244240
v 0.352394 0.093261 0.289072
v 0.381583 0.036598 0.289592
v 0.509830 0.853560 0.244064
v 0.540070 0.800566 0.244088
v 0.574386 0.853397 0.244069
v 0.543046 0.907152 0.244032
v 0.744043 0.758070 0.237911
v 0.686587 0.759224 0.237991
v 0.717754 0.811504 0.238008
v 0.876261 0.590775 0.288635
v 0.934536 0.565055 0.288749
v -0.917871 0.189072 0.244059
v -0.947208 0.199903 0.282940
v -0.683245 0.188754 0.294572
v -0.662513 0.143502 0.294543
v -0.235084 0.239177 0.288659
v -0.010835 0.183909 0.288676
v 0.020794 0.202089 0.288713
v 0.073166 0.166240 0.288695
v 0.131088 0.906357 0.244152
v 0.165661 0.883157 0.244187
v 0.174508 0.961308 0.239550
v 0.515609 0.079347 0.289572
v 0.559230 0.038508 0.289605
v 0.515581 0.062141 0.295027
v 0.740125 0.972774 0.294473
v 0.935464 0.872985 0.244110
v -0.936229 0.246402 0.244055
v -0.875553 0.242129 0.244053
v -0.854924 0.187279 0.244042
v -0.531428 0.831433 0.294452
v -0.518436 0.859992 0.294464
v -0.506308 0.929737 0.294531
v -0.516941 0.894801 0.294486
v -0.492221 0.877030 0.294468
v -0.277886 0.370182 0.288625
v -0.261026 0.297951 0.288629
v -0.279424 0.331792 0.288643
v -0.220981 0.355602 0.288669
v -0.232784 0.417436 0.288648
v -0.004009 0.241064 0.237892
v 0.049758 0.192740 0.237888
v 0.208513 0.916571 0.238099
v 0.168970 0.925601 0.238534
v 0.374719 0.575301 0.244117
v 0.332204 0.631867 0.244136
v 0.317703 0.574267 0.244605
v 0.570677 0.094282 0.288833
v 0.934410 0.925948 0.244066
v 0.928443 0.970421 0.243950
v -0.922122 0.250552 0.288760
v -0.879470 0.203063 0.288682
v -0.649541 0.424169 0.244035
v -0.486827 0.841088 0.288587
v -0.527170 0.873462 0.288613
v -0.452255 0.887340 0.288581
v -0.258728 0.393349 0.238036
v 0.753443 0.425351 0.237874
v 0.906320 0.026334 0.292087
v -0.947283 0.294794 0.267781
v -0.895299 0.301738 0.244056
v -0.657288 0.916974 0.288681
v -0.422349 0.855145 0.288569
v -0.277068 0.368474 0.294532
v -0.217014 0.353825 0.294494
v -0.239590 0.421278 0.294520
v -0.010676 0.431966 0.288711
v 0.049048 0.424141 0.288736
v 0.021707 0.490656 0.288685
v 0.198704 0.713698 0.294499
v 0.329620 0.731804 0.288592
v 0.325517 0.666723 0.288603
v 0.290774 0.729540 0.288623
v 0.586364 0.390981 0.244020
v 0.751240 0.790822 0.294465
v 0.944321 0.155573 0.248397
v -0.892886 0.305486 0.288677
v -0.854934 0.259089 0.288651
v -0.695297 0.052505 0.295025
v -0.691933 0.003766 0.289049
v -0.694151 0.019962 0.295043
v -0.699085 0.015025 0.295054
v -0.471718 0.311004 0.237863
v -0.522402 0.256580 0.237878
v -0.278936 0.501803 0.288619
v -0.265119 0.572053 0.288629
v -0.217482 0.522058 0.288628
v -0.235905 0.467601 0.288604
v 0.063364 0.549085 0.288630
v -0.010085 0.549838 0.288667
v 0.139149 0.680264 0.244142
v 0.191607 0.715496 0.244105
v 0.319460 0.856079 0.288584
v 0.345954 0.802974 0.288580
v 0.383332 0.856303 0.288584
v 0.572846 0.748498 0.244089
v 0.751569 0.863216 0.237921
v -0.947298 0.341688 0.263980
v -0.703316 0.418028 0.288631
v -0.653314 0.369931 0.288658
v -0.472361 0.683162 0.294470
v -0.511567 0.731471 0.294457
v -0.410724 0.981463 0.237923
v -0.377950 0.884850 0.244097
v -0.347752 0.967665 0.243876
v -0.158408 0.703188 0.238081
v -0.163195 0.637957 0.238279
v -0.110637 0.649420 0.237924
v -0.005529 0.228192 0.294574
v 0.023675 0.155473 0.294563
v 0.066520 0.199156 0.294593
v 0.037924 0.264837 0.294584
v 0.581305 0.863332 0.288638
v 0.752010 0.964860 0.240937
v 0.935372 0.342397 0.288798
v -0.895505 0.373403 0.244040
v -0.947284 0.388410 0.276482
v -0.883714 0.362284 0.288675
v -0.912982 0.340615 0.288728
v -0.639758 0.391171 0.294548
v -0.462288 0.772443 0.288560
v -0.514338 0.711782 0.288557
v -0.524654 0.778057 0.288576
v -0.276603 0.750994 0.244148
v -0.258449 0.693328 0.244165
v -0.208982 0.743389 0.244118
v -0.240636 0.808604 0.244157
v -0.092548 0.623807 0.294490
v 0.009286 0.309454 0.237894
v 0.049068 0.258182 0.237871
v 0.405417 0.125905 0.288725
v 0.757205 0.291837 0.244025
v 0.704570 0.325957 0.244030
v 0.771575 0.227630 0.244054
v 0.937558 0.393302 0.244141
v 0.939743 0.447727 0.244497
v -0.928665 0.430822 0.244054
v -0.932520 0.440191 0.288717
v -0.875763 0.418593 0.288645
v -0.645505 0.611071 0.237957
v -0.354083 0.257063 0.244048
v -0.302069 0.897827 0.294500
v -0.301733 0.845960 0.294500
v 0.064158 0.362242 0.288737
v 0.215212 0.103323 0.288267
v 0.351768 0.531417 0.237893
v 0.385413 0.476100 0.238052
v 0.541265 0.028463 0.243658
v 0.565919 0.043237 0.243696
v 0.541702 0.091149 0.237886
v 0.585938 0.067876 0.237800
v 0.546065 0.080894 0.237794
v 0.877448 0.647911 0.288604
v 0.935379 0.621270 0.288748
v -0.947331 0.484824 0.265973
v -0.890135 0.478536 0.244139
v -0.862758 0.424341 0.244037
v -0.645440 0.714205 0.237949
v -0.484819 0.967820 0.243871
v -0.503126 0.886143 0.244075
v -0.414115 0.402004 0.237856
v -0.343659 0.391703 0.237887
v -0.330348 0.337443 0.237922
v -0.274651 0.891504 0.244163
v -0.250789 0.986306 0.243823
v -0.281438 0.836989 0.244143
v -0.273271 0.815452 0.244159
v -0.235177 0.864187 0.244148
v -0.246090 0.933882 0.244027
v 0.157366 0.621653 0.244132
v 0.214751 0.662542 0.244111
v 0.758410 0.537287 0.237912
v 0.877850 0.704299 0.288586
v 0.935848 0.677438 0.288708
v -0.878487 0.479971 0.288595
v -0.525767 0.132138 0.237903
v -0.464028 0.073958 0.237759
v -0.393362 0.813475 0.294453
v -0.384185 0.749358 0.294464
v -0.337198 0.781429 0.294483
v -0.326396 0.840437 0.294492
v -0.371868 0.861144 0.294478
v -0.285953 0.937042 0.294534
v -0.180818 0.758811 0.288648
v -0.159572 0.786554 0.288631
v -0.094251 0.791550 0.288645
v -0.007011 0.532564 0.244324
v 0.057379 0.498772 0.244154
v -0.010668 0.566053 0.244351
v 0.049848 0.559030 0.244155
v 0.384835 0.581099 0.237872
v 0.585125 0.285179 0.288676
v 0.701497 0.708386 0.244078
v 0.704653 0.643202 0.244112
v 0.757464 0.674794 0.244074
v 0.757566 0.736288 0.244072
v 0.936429 0.733954 0.288711
v -0.930475 0.533366 0.244086
v -0.927140 0.531485 0.288703
v -0.653374 0.077483 0.295013
v -0.525334 0.192421 0.237879
v -0.466486 0.133842 0.237884
v -0.077056 0.846824 0.244171
v 0.018275 0.628234 0.237952
v 0.054805 0.609901 0.237932
v 0.330606 0.606573 0.288606
v 0.385821 0.641301 0.288621
v 0.390797 0.583758 0.288620
v 0.577654 0.553636 0.237916
v 0.938754 0.837923 0.244352
v 0.939041 0.882808 0.244416
v -0.947293 0.581340 0.274985
v -0.888556 0.575544 0.244099
v -0.859126 0.524645 0.244052
v -0.655320 0.436884 0.237935
v -0.705355 0.399301 0.237971
v -0.271974 0.881572 0.294506
v -0.282579 0.980217 0.294530
v -0.269626 0.986435 0.294493
v -0.236360 0.942387 0.294541
v -0.250602 0.961162 0.288701
v -0.244311 0.969335 0.294541
v -0.239775 0.885262 0.294508
v -0.259264 0.979455 0.294539
v 0.071157 0.735378 0.244137
v 0.060777 0.805227 0.244136
v 0.115509 0.928892 0.288649
v 0.162079 0.922516 0.288656
v 0.216287 0.899749 0.288623
v 0.185270 0.854783 0.288576
v 0.378704 0.699366 0.288614
v 0.574325 0.596817 0.294483
v 0.526085 0.632177 0.294465
v 0.764320 0.232831 0.237894
v 0.890873 0.000981 0.241165
v -0.878064 0.596464 0.288614
v -0.866662 0.539004 0.288615
v -0.628075 0.189719 0.288744
v -0.158338 0.098304 0.288292
v -0.094971 0.089978 0.289346
v 0.056442 0.852093 0.244144
v 0.140800 0.965804 0.294532
v 0.380951 0.761935 0.288595
v 0.571093 0.661786 0.237908
v 0.937270 0.201473 0.288787
v 0.880114 0.259763 0.294513
v -0.926516 0.622899 0.244111
v -0.933011 0.636421 0.288700
v -0.703611 0.341836 0.238005
v -0.648187 0.371970 0.237914
v -0.648672 0.310430 0.237931
v -0.702722 0.284731 0.237992
v -0.074443 0.242987 0.294593
v -0.125537 0.279519 0.294580
v -0.153295 0.223896 0.294583
v -0.112476 0.175834 0.294607
v 0.040239 0.858908 0.288645
v 0.201227 0.972650 0.294532
v 0.178773 0.870312 0.294411
v 0.397943 0.834517 0.237851
v 0.533728 0.808696 0.294441
v 0.572831 0.852185 0.294463
v 0.760956 0.356144 0.244005
v 0.706155 0.391259 0.244050
v 0.936984 0.306253 0.288762
v 0.881433 0.325748 0.294499
v 0.938435 0.252844 0.288685
v -0.944427 0.674972 0.245521
v -0.885337 0.677295 0.244085
v -0.858452 0.625029 0.244077
v -0.301692 0.485524 0.237970
v 0.333691 0.183673 0.243998
v 0.393238 0.214233 0.244065
v 0.324614 0.187313 0.244257
v 0.589456 0.116552 0.244011
v 0.705333 0.353495 0.288654
v 0.707995 0.417990 0.288635
v 0.762313 0.396253 0.288641
v 0.765231 0.336131 0.288649
v 0.938054 0.362697 0.288702
v 0.883097 0.388752 0.294483
v -0.929690 0.698426 0.288676
v -0.872577 0.660115 0.288598
v -0.642469 0.436690 0.288646
v -0.552554 0.063283 0.295038
v -0.547188 0.064205 0.295039
v -0.556107 0.073921 0.295037
v -0.369399 0.411390 0.244030
v -0.352108 0.456529 0.244046
v -0.256993 0.833281 0.294501
v -0.252201 0.713152 0.294530
v -0.209634 0.745842 0.294506
v -0.229876 0.822667 0.294489
v -0.227176 0.767013 0.294502
v -0.217099 0.784509 0.294498
v -0.178511 0.805664 0.294507
v -0.140297 0.355584 0.237958
v -0.096112 0.317590 0.237921
v 0.108288 0.028468 0.295047
v 0.079897 0.108093 0.294555
v 0.202128 0.140443 0.237900
v 0.143528 0.149405 0.237945
v 0.171586 0.204028 0.240114
v 0.385461 0.254124 0.237862
v 0.590787 0.586326 0.244096
v 0.591774 0.644312 0.244088
v 0.761783 0.420440 0.244009
v 0.705453 0.454030 0.244073
v 0.937922 0.420322 0.288711
v 0.884145 0.449828 0.294549
v -0.930561 0.730165 0.244101
v -0.642311 0.703219 0.294460
v -0.516525 0.077219 0.295034
v -0.469078 0.125469 0.294567
v 0.204431 0.299019 0.294495
v 0.392189 0.336369 0.244039
v 0.579401 0.660191 0.294455
v 0.531597 0.695298 0.294451
v 0.761512 0.484988 0.244069
v 0.706128 0.517595 0.244097
v 0.938184 0.562189 0.244207
v 0.939192 0.507059 0.244418
v -0.929774 0.755334 0.288692
v -0.869738 0.723554 0.288606
v -0.643064 0.799341 0.244090
v -0.468769 0.195341 0.237864
v -0.103824 0.705395 0.244154
v -0.154751 0.713520 0.244165
v -0.151047 0.635306 0.244148
v -0.105783 0.586200 0.244181
v -0.090208 0.646696 0.244162
v -0.127970 0.658094 0.244156
v 0.023789 0.322882 0.294576
v 0.059516 0.377449 0.294558
v 0.203625 0.376793 0.237913
v 0.384971 0.365490 0.237870
v 0.581287 0.765613 0.288592
v 0.761003 0.548949 0.244040
v 0.704839 0.580309 0.244120
v -0.942301 0.784141 0.244683
v -0.882683 0.788108 0.244093
v -0.862144 0.730362 0.244059
v -0.640422 0.117117 0.244028
v -0.465028 0.251306 0.237863
v -0.379653 0.727319 0.237903
v -0.391075 0.735893 0.237898
v -0.359932 0.682547 0.237910
v -0.334696 0.748868 0.237929
v -0.104873 0.724990 0.237935
v 0.049153 0.684596 0.244133
v 0.211011 0.425426 0.288634
v 0.399418 0.584741 0.294539
v 0.578080 0.964375 0.291646
v 0.759521 0.611483 0.244065
v 0.939063 0.478584 0.288510
v 0.885591 0.509379 0.294489
v -0.929296 0.812409 0.288677
v -0.867666 0.785929 0.288564
v -0.641236 0.138767 0.237955
v -0.699945 0.175169 0.238011
v -0.725443 0.213788 0.238011
v -0.697226 0.230153 0.238007
v -0.639868 0.197627 0.237922
v -0.456664 0.291183 0.244037
v -0.483307 0.311479 0.244047
v 0.202023 0.780556 0.294496
v 0.410445 0.360642 0.288626
v 0.939115 0.536928 0.288563
v 0.886645 0.568897 0.294492
v -0.932925 0.839199 0.244102
v -0.638017 0.273125 0.244059
v -0.505029 0.547877 0.288574
v -0.456734 0.489694 0.288617
v -0.323501 0.334829 0.294539
v -0.177922 0.728375 0.288656
v 0.395737 0.632999 0.244124
v 0.754227 0.798463 0.244081
v 0.938266 0.618042 0.244255
v -0.934521 0.866061 0.288680
v -0.869871 0.845508 0.288582
v -0.639669 0.255203 0.237904
v -0.521117 0.621030 0.288563
v -0.475049 0.664754 0.288567
v -0.460956 0.604240 0.288566
v -0.325659 0.550173 0.288597
v -0.000152 0.862324 0.237950
v -0.009464 0.832854 0.237975
v -0.017877 0.873197 0.237947
v -0.017269 0.924408 0.238143
v -0.003398 0.885670 0.237960
v -0.010623 0.873976 0.237976
v 0.417678 0.807339 0.288561
v 0.761410 0.856251 0.244089
v 0.938938 0.674989 0.244394
v -0.872767 0.856202 0.244061
v -0.697479 0.669379 0.288608
v -0.701378 0.731725 0.288607
v -0.637916 0.692450 0.288619
v -0.631679 0.629719 0.288616
v -0.226159 0.910806 0.288673
v -0.239919 0.888574 0.288663
v -0.097500 0.029806 0.295040
v -0.123122 0.106135 0.294551
v 0.207143 0.134966 0.244017
v 0.584481 0.724887 0.294445
v 0.533641 0.755149 0.294445
v 0.774144 0.110371 0.288689
v -0.880411 0.905145 0.288620
v -0.645590 0.755684 0.288623
v -0.509140 0.791306 0.294454
v -0.549217 0.802843 0.294445
v -0.548275 0.778444 0.294448
v -0.094063 0.083591 0.243717
v -0.142886 0.136067 0.244044
v 0.073790 0.745283 0.288647
v 0.214970 0.468418 0.294574
v 0.383669 0.912618 0.294485
v 0.590802 0.790340 0.294458
v 0.735403 0.189721 0.237885
v 0.938484 0.731640 0.244291
v 0.938689 0.784676 0.244351
v -0.880736 0.912108 0.244014
v -0.636533 0.874459 0.237934
v -0.081822 0.084210 0.237759
v 0.050618 0.911906 0.294507
v 0.073446 0.799375 0.294498
v 0.074067 0.907609 0.294512
v 0.214926 0.611786 0.288651
v 0.396584 0.461319 0.294566
v 0.391410 0.400551 0.294551
v 0.596285 0.812814 0.237880
v 0.707415 0.238467 0.294588
v 0.762886 0.202624 0.294566
v 0.769336 0.264537 0.294572
v 0.722739 0.303510 0.294578
v -0.645151 0.903905 0.244056
v -0.220225 0.054169 0.289600
v 0.407580 0.522861 0.288615
v 0.577640 0.971321 0.243841
v 0.524326 0.968374 0.243853
v 0.712462 0.483322 0.288652
v 0.763956 0.458030 0.288664
v -0.855380 0.142394 0.294508
v -0.397480 0.857846 0.288577
v -0.386129 0.844466 0.288569
v -0.381012 0.851041 0.288570
v -0.372642 0.851854 0.288567
v -0.336832 0.854892 0.288598
v -0.334305 0.787728 0.288585
v -0.197717 0.396960 0.244057
v -0.115131 0.185108 0.288712
v -0.081010 0.147223 0.288712
v 0.936197 0.119605 0.288828
v 0.944758 0.058047 0.284102
v -0.834493 0.152437 0.288702
v -0.660115 0.015481 0.295060
v -0.616097 0.039391 0.295036
v -0.467826 0.403862 0.294554
v -0.197205 0.391156 0.238032
v -0.238761 0.441597 0.238058
v 0.066663 0.310495 0.244049
v 0.072289 0.368785 0.244043
v 0.412500 0.794541 0.244113
v 0.934326 0.095406 0.244400
v -0.851250 0.339461 0.244036
v -0.820781 0.385314 0.244038
v -0.463149 0.532309 0.294552
v -0.381565 0.152616 0.288693
v -0.370932 0.217252 0.288653
v -0.330787 0.174614 0.288684
v -0.191120 0.467987 0.238212
v 0.063352 0.552447 0.294521
v 0.162712 0.099907 0.294032
v 0.239040 0.131420 0.294566
v 0.233295 0.073412 0.295074
v 0.577611 0.105891 0.294505
v 0.571778 0.073578 0.295014
v 0.787641 0.042704 0.243704
v 0.767167 0.133901 0.243993
v 0.945196 0.039328 0.280951
v 0.941876 0.089568 0.287978
v -0.848316 0.073354 0.295015
v -0.850060 0.023662 0.289500
v -0.431241 0.703287 0.288587
v -0.377264 0.275980 0.288640
v -0.378288 0.337621 0.288645
v -0.320831 0.317694 0.288658
v -0.310894 0.251025 0.288615
v -0.153327 0.342975 0.294544
v -0.088522 0.326706 0.294575
v -0.121097 0.393108 0.294558
v 0.077710 0.677607 0.294481
v 0.235861 0.084134 0.237766
v 0.400062 0.523260 0.294561
v 0.591380 0.174417 0.237895
v -0.837730 0.075441 0.237807
v -0.633733 0.502975 0.288626
v -0.368873 0.688183 0.294498
v -0.313112 0.725473 0.294511
v -0.199890 0.585137 0.288655
v -0.090241 0.447874 0.294547
v -0.151576 0.451986 0.294561
v 0.207539 0.260586 0.237877
v 0.591029 0.290203 0.237882
v 0.770304 0.276740 0.288670
v 0.939909 0.594417 0.288438
v -0.452974 0.777755 0.237878
v -0.211592 0.669405 0.294522
v -0.013021 0.810882 0.237993
v 0.014209 0.814713 0.237978
v 0.015276 0.848003 0.237972
v 0.162615 0.580580 0.238191
v 0.221968 0.544569 0.237931
v 0.205867 0.485281 0.237949
v 0.414606 0.910345 0.288588
v 0.586230 0.269771 0.294569
v 0.606503 0.320871 0.294562
v 0.715536 0.548740 0.288623
v 0.766408 0.521126 0.288602
v 0.940477 0.651430 0.288274
v -0.829891 0.134519 0.244025
v -0.632446 0.566290 0.288609
v 0.217205 0.586140 0.294536
v 0.410077 0.110335 0.294530
v 0.596507 0.350955 0.288663
v 0.768906 0.764664 0.288592
v 0.768402 0.705435 0.288576
v 0.940799 0.707735 0.288132
v -0.832294 0.286876 0.244048
v -0.634527 0.834966 0.288639
v -0.453748 0.070882 0.295046
v -0.338509 0.387764 0.288648
v -0.224162 0.730338 0.237985
v -0.246852 0.803977 0.237976
v -0.233584 0.762749 0.237986
v -0.179404 0.760479 0.238035
v -0.084056 0.384996 0.237904
v -0.143192 0.417656 0.237966
v -0.081309 0.443454 0.237906
v 0.205486 0.862328 0.237956
v 0.184679 0.840453 0.244119
v 0.217000 0.906907 0.244100
v 0.230030 0.847081 0.244085
v -0.832573 0.319181 0.288666
v -0.658136 0.964224 0.291636
v -0.641005 0.911521 0.294501
v -0.454118 0.408674 0.244052
v -0.306719 0.633994 0.244140
v 0.602083 0.164416 0.288700
v 0.769839 0.868821 0.288626
v 0.938141 0.914252 0.288634
v -0.839125 0.548138 0.294480
v -0.841643 0.493760 0.294478
v -0.455764 0.498992 0.237912
v -0.384784 0.910718 0.288599
v -0.327629 0.918384 0.288637
v -0.370606 0.872490 0.288579
v -0.369714 0.903612 0.288591
v -0.013613 0.939416 0.237877
v 0.015912 0.913180 0.237946
v 0.215618 0.250643 0.244066
v 0.403340 0.857111 0.294463
v 0.570616 0.211825 0.294573
v 0.601102 0.204419 0.294583
v 0.778166 0.137519 0.294531
v 0.928143 0.088798 0.237870
v 0.919381 0.131797 0.238004
v -0.833310 0.602856 0.294473
v -0.457907 0.510588 0.244129
v 0.003141 0.351370 0.237888
v 0.063778 0.329732 0.237916
v 0.211121 0.758178 0.237918
v 0.768506 0.584075 0.288593
v -0.836600 0.808387 0.294452
v -0.649414 0.039745 0.289584
v -0.449140 0.744462 0.244108
v -0.325407 0.106147 0.237964
v -0.305861 0.163188 0.237902
v 0.095737 0.438602 0.244052
v 0.416645 0.149706 0.244032
v 0.596800 0.393954 0.237857
v 0.768838 0.645856 0.288573
v 0.941010 0.761534 0.288065
v -0.822848 0.379847 0.288640
v -0.533213 0.848622 0.288603
v -0.211183 0.093119 0.238005
v -0.267686 0.102699 0.238270
v -0.241149 0.155428 0.237962
v 0.595820 0.458988 0.244022
v -0.825875 0.471445 0.244633
v 0.058854 0.612400 0.244163
v 0.249684 0.470950 0.244861
v 0.171094 0.415311 0.244407
v 0.200730 0.422519 0.244065
v 0.235433 0.416954 0.244043
v 0.411517 0.196678 0.237859
v 0.775003 0.365340 0.237891
v -0.825171 0.572302 0.244101
v -0.627257 0.638941 0.244111
v -0.450652 0.349210 0.294554
v -0.405869 0.605081 0.237906
v -0.375654 0.614344 0.237906
v -0.086951 0.147933 0.244045
v -0.124029 0.199108 0.244077
v -0.115320 0.115639 0.244032
v 0.209955 0.597690 0.244112
v 0.224285 0.530713 0.244125
v 0.410769 0.296678 0.288656
v 0.596331 0.523467 0.244103
v 0.775004 0.392689 0.294552
v 0.719655 0.364956 0.294569
v 0.775427 0.330416 0.294557
v 0.943530 0.812999 0.286258
v -0.818326 0.655846 0.237934
v -0.834963 0.602727 0.237930
v -0.636030 0.757821 0.294453
v -0.448408 0.612443 0.237909
v -0.341102 0.642163 0.237922
v -0.320921 0.610875 0.237967
v -0.314524 0.670759 0.237982
v -0.194049 0.165711 0.244065
v -0.247880 0.220304 0.244122
v -0.204698 0.106353 0.244322
v -0.086841 0.268243 0.244052
v 0.215282 0.607516 0.237929
v 0.411173 0.519731 0.244135
v 0.776345 0.453587 0.294608
v -0.827484 0.658959 0.294446
v -0.647240 0.063253 0.243701
v -0.665693 0.012727 0.237754
v -0.445248 0.769313 0.294452
v -0.464781 0.727824 0.294461
v -0.284735 0.320325 0.288637
v -0.198934 0.300689 0.288627
v -0.060116 0.677029 0.294487
v 0.070203 0.923942 0.238026
v 0.092179 0.972209 0.243961
v 0.415533 0.526716 0.237900
v 0.596852 0.712340 0.237893
v 0.781209 0.071302 0.237809
v 0.942948 0.930191 0.246461
v -0.840715 0.708886 0.237956
v -0.338743 0.850879 0.294489
v -0.346741 0.908519 0.294492
v -0.264225 0.478496 0.294558
v -0.202903 0.482045 0.294534
v 0.419992 0.688492 0.244130
v 0.767962 0.076454 0.294995
v 0.750639 0.012274 0.295033
v 0.781299 0.029841 0.289533
v 0.943561 0.973074 0.286211
v -0.821376 0.759807 0.237930
v 0.415377 0.802217 0.294453
v 0.605503 0.379760 0.294540
v -0.832216 0.855256 0.237919
v -0.620115 0.370310 0.244059
v 0.066872 0.048277 0.289605
v 0.251230 0.090305 0.244004
v 0.601407 0.418968 0.288645
v 0.907675 0.000600 0.241488
v 0.942169 0.030707 0.245470
v -0.845549 0.965055 0.288651
v -0.620205 0.445796 0.294542
v -0.632612 0.499909 0.294515
v -0.452528 0.129251 0.244019
v -0.060695 0.739921 0.288649
v 0.229582 0.406207 0.294517
v 0.411361 0.901080 0.244067
v 0.603582 0.798279 0.244091
v 0.778779 0.514493 0.294514
v -0.841961 0.953241 0.243850
v -0.626232 0.551810 0.237936
v -0.622712 0.483921 0.237906
v -0.438891 0.247131 0.288638
v -0.483715 0.155452 0.288683
v -0.480113 0.101433 0.288172
v -0.436312 0.184161 0.288688
v -0.303946 0.441414 0.237943
v -0.269911 0.958892 0.237886
v -0.074610 0.850403 0.288641
v 0.087120 0.504188 0.237939
v 0.246595 0.967554 0.243863
v 0.600790 0.912657 0.237918
v 0.780911 0.704874 0.237892
v -0.820215 0.127648 0.237938
v -0.447900 0.553583 0.288578
v 0.231217 0.354947 0.288642
v 0.415949 0.307061 0.237868
v 0.620044 0.172067 0.244038
v 0.776511 0.812897 0.237909
v 0.944538 0.013201 0.285159
v 0.930733 0.009798 0.289252
v -0.829372 0.245619 0.294540
v -0.618870 0.770446 0.237908
v -0.499997 0.829507 0.294452
v -0.456073 0.831174 0.294450
v -0.354800 0.869059 0.244098
v -0.305803 0.815014 0.244115
v -0.322241 0.892333 0.244115
v -0.315417 0.932478 0.237914
v -0.354429 0.893771 0.244082
v -0.187786 0.292527 0.294201
v -0.101036 0.965303 0.237842
v -0.097200 0.900291 0.237920
v 0.412475 0.402750 0.244046
v 0.582682 0.134879 0.294549
v 0.616620 0.140799 0.294551
v 0.583582 0.157929 0.294565
v 0.771657 0.912503 0.294497
v -0.627885 0.813139 0.294462
v -0.425563 0.030176 0.289609
v -0.330740 0.178938 0.244045
v -0.308418 0.218991 0.244059
v 0.237946 0.791521 0.288622
v 0.262989 0.711752 0.288632
v 0.414974 0.418080 0.237877
v -0.838093 0.387677 0.294493
v -0.809393 0.344097 0.294528
v -0.645313 0.881917 0.288667
v -0.619762 0.888145 0.288661
v -0.313177 0.281442 0.294552
v -0.246984 0.630556 0.244160
v -0.200104 0.672514 0.244120
v -0.081911 0.391293 0.244039
v 0.428834 0.469649 0.288646
v 0.603817 0.333253 0.244046
v -0.818655 0.441647 0.294552
v -0.618441 0.222122 0.244084
v -0.449713 0.592708 0.294520
v -0.325078 0.477573 0.294567
v -0.302661 0.424947 0.294537
v -0.201684 0.684397 0.237991
v -0.197645 0.724667 0.238006
v -0.074108 0.507342 0.294559
v 0.079749 0.234174 0.288722
v 0.399094 0.669972 0.237854
v 0.425713 0.616844 0.237872
v 0.606582 0.484327 0.288659
v 0.784407 0.482086 0.237888
v -0.609531 0.249337 0.288688
v -0.641815 0.244498 0.288719
v -0.409348 0.720439 0.237901
v -0.418039 0.676867 0.237905
v -0.313859 0.570065 0.244148
v -0.304560 0.508141 0.244156
v 0.085765 0.317568 0.294575
v 0.231151 0.199335 0.237851
v 0.606450 0.496879 0.237899
v 0.781492 0.575047 0.294502
v 0.945040 0.116361 0.250842
v 0.950670 0.176663 0.284653
v -0.813526 0.551787 0.237915
v 0.086987 0.392149 0.237936
v 0.234590 0.428725 0.237917
v 0.413658 0.724964 0.237848
v 0.779939 0.590637 0.237883
v -0.820252 0.714443 0.294436
v -0.613404 0.341243 0.294548
v -0.505461 0.975265 0.294531
v -0.319129 0.661156 0.294535
v 0.237373 0.538845 0.288611
v 0.422428 0.748045 0.294466
v 0.601373 0.700965 0.244086
v 0.782642 0.913028 0.237884
v -0.824853 0.909145 0.294482
v -0.243928 0.977591 0.237907
v -0.071852 0.345022 0.288745
v 0.085656 0.476469 0.288688
v 0.246487 0.663285 0.237937
v 0.430946 0.166229 0.294591
v 0.605193 0.908617 0.244029
v -0.836401 0.022108 0.243680
v -0.614724 0.473139 0.244759
v -0.453303 0.193181 0.244057
v -0.070737 0.774574 0.244164
v -0.623743 0.554144 0.294508
v -0.420414 0.237115 0.244068
v -0.319394 0.920101 0.294510
v -0.301375 0.960967 0.288688
v -0.313394 0.977585 0.294541
v -0.329271 0.985680 0.288761
v 0.246984 0.197811 0.294555
v 0.426262 0.227484 0.294579
v 0.610985 0.438829 0.294534
v 0.784716 0.635351 0.294469
v -0.814334 0.178842 0.237882
v -0.609103 0.663921 0.237928
v -0.436684 0.314250 0.288635
v 0.236095 0.318027 0.237866
v 0.412398 0.964584 0.291620
v 0.613153 0.545847 0.288603
v 0.778822 0.912961 0.244057
v -0.812925 0.212836 0.288680
v -0.673989 0.003269 0.293516
v -0.459126 0.430844 0.237866
v 0.043562 0.816177 0.237962
v 0.430168 0.289317 0.294568
v 0.605023 0.604912 0.237916
v 0.798603 0.173404 0.288693
v -0.817585 0.284608 0.237886
v -0.816056 0.231735 0.237884
v -0.618392 0.739795 0.244100
v -0.255854 0.566325 0.244166
v -0.201724 0.531708 0.244122
v -0.197016 0.598929 0.244129
v -0.213122 0.565396 0.244128
v 0.238781 0.524546 0.294552
v 0.439094 0.273798 0.244078
v 0.608728 0.669222 0.288613
v 0.608009 0.722053 0.288598
v -0.818197 0.337818 0.237891
v -0.624837 0.955666 0.243842
v -0.050815 0.492216 0.237914
v 0.425566 0.691860 0.294486
v 0.611108 0.913323 0.288682
v 0.789015 0.694885 0.294457
v -0.819024 0.391757 0.237885
v -0.425501 0.117633 0.288731
v -0.299248 0.531189 0.294572
v 0.248434 0.808500 0.294485
v 0.212793 0.911407 0.294484
v 0.204110 0.867650 0.294483
v 0.239679 0.862264 0.294492
v 0.783090 0.186721 0.244061
v 0.795693 0.159008 0.244045
v -0.820708 0.446934 0.237886
v -0.437730 0.296751 0.294564
v -0.108901 0.880589 0.237925
v -0.074815 0.910671 0.244177
v 0.238681 0.184519 0.244083
v 0.613855 0.812374 0.288604
v 0.813095 0.236782 0.288651
v 0.781144 0.214445 0.288674
v -0.818428 0.441504 0.288586
v -0.435935 0.363449 0.237860
v -0.083513 0.967106 0.294533
v 0.050321 0.868292 0.237945
v 0.217772 0.319331 0.244051
v 0.247614 0.299293 0.244072
v 0.603530 0.908915 0.294492
v -0.811995 0.498964 0.237897
v -0.443323 0.670888 0.244104
v -0.427904 0.611553 0.244120
v -0.073165 0.157222 0.237903
v 0.249480 0.287010 0.288641
v 0.430287 0.198190 0.288685
v 0.791846 0.964851 0.291605
v 0.802964 0.914018 0.288631
v -0.814007 0.501073 0.288597
v -0.479633 0.899786 0.244083
v -0.183365 0.154428 0.294475
v -0.062306 0.116508 0.294563
v 0.083142 0.035966 0.237744
v 0.055522 0.073026 0.237739
v 0.090481 0.126459 0.244049
v 0.245833 0.342585 0.294513
v 0.455005 0.253624 0.288645
v 0.617349 0.498858 0.294508
v -0.816562 0.623877 0.288573
v -0.810824 0.563981 0.288575
v -0.610898 0.607842 0.294487
v -0.184276 0.219290 0.244091
v -0.061095 0.216300 0.237898
v 0.089193 0.136973 0.237927
v 0.264566 0.047011 0.289585
v 0.269688 0.035776 0.295061
v 0.430730 0.357005 0.294548
v 0.413261 0.317622 0.294562
v 0.614407 0.610222 0.288603
v -0.824670 0.676163 0.244076
v -0.603099 0.847891 0.244083
v -0.454712 0.234427 0.294580
v -0.078031 0.221479 0.244055
v 0.064251 0.207131 0.244065
v 0.254278 0.224058 0.288668
v 0.434127 0.777464 0.237847
v 0.804888 0.296455 0.237881
v -0.833136 0.816471 0.244075
v -0.814539 0.765141 0.244102
v -0.060818 0.474865 0.244742
v -0.035623 0.403433 0.244077
v 0.257703 0.270909 0.294529
v 0.232210 0.223193 0.294539
v 0.432803 0.041814 0.237762
v 0.438337 0.031424 0.243678
v 0.417531 0.011819 0.243736
v 0.624657 0.071596 0.289570
v 0.573894 0.066597 0.295012
v 0.620086 0.034358 0.295029
v 0.795286 0.755416 0.294447
v -0.826042 0.894007 0.288609
v -0.301723 0.039879 0.295056
v -0.326711 0.065356 0.289592
v -0.070272 0.594237 0.237904
v 0.253973 0.469709 0.288650
v 0.432472 0.137127 0.237888
v 0.623756 0.126356 0.237918
v 0.798485 0.819806 0.288587
v -0.825938 0.908575 0.244045
v -0.603229 0.317691 0.288684
v -0.343856 0.037489 0.243690
v -0.330880 0.093533 0.244404
v -0.329109 0.129694 0.244007
v -0.124269 0.746505 0.237936
v -0.052806 0.784716 0.237944
v -0.099321 0.830700 0.237929
v -0.060738 0.848599 0.237929
v 0.621010 0.341233 0.237871
v -0.624224 0.861570 0.294476
v 0.088221 0.629211 0.288614
v 0.440346 0.411994 0.288614
v 0.626239 0.761302 0.237891
v -0.610155 0.026123 0.243672
v -0.219244 0.906148 0.238003
v -0.225059 0.809855 0.237995
v -0.043580 0.179144 0.294590
v 0.074038 0.682099 0.237943
v 0.228466 0.832479 0.237936
v 0.264098 0.806085 0.237951
v 0.429967 0.634896 0.294507
v 0.591533 0.012574 0.237766
v 0.616204 0.039241 0.243695
v 0.586690 0.007970 0.237973
v 0.621966 0.011474 0.243791
v -0.814507 0.688033 0.288559
v -0.640855 0.094874 0.288638
v -0.601625 0.123248 0.288713
v -0.433276 0.447397 0.294536
v -0.418274 0.500279 0.294567
v 0.427709 0.734761 0.288584
v 0.437718 0.677769 0.288611
v -0.801996 0.765309 0.294443
v -0.605469 0.167321 0.244059
v -0.420673 0.644134 0.294493
v -0.061781 0.381644 0.294570
v 0.624662 0.232379 0.288703
v -0.800782 0.861244 0.244104
v -0.262972 0.984944 0.288715
v -0.251875 0.990255 0.292932
v -0.196368 0.967588 0.294504
v -0.066362 0.537626 0.244173
v 0.623154 0.560103 0.294506
v -0.816122 0.181937 0.294549
v -0.607992 0.282425 0.294565
v -0.641093 0.184045 0.294582
v -0.598997 0.227246 0.294581
v -0.365720 0.004249 0.238867
v -0.297467 0.039965 0.237777
v -0.221044 0.048053 0.243692
v 0.249295 0.728392 0.244114
v 0.430253 0.954062 0.237890
v 0.437063 0.882802 0.237874
v 0.794188 0.646629 0.237881
v -0.812082 0.234726 0.244061
v -0.219384 0.065587 0.243684
v 0.077343 0.954541 0.288697
v 0.119607 0.984861 0.294504
v 0.119410 0.917850 0.294523
v 0.263487 0.841122 0.288624
v 0.433813 0.075160 0.289587
v 0.421061 0.031358 0.295052
v 0.416084 0.041069 0.289585
v 0.642962 0.122330 0.288720
v 0.797612 0.762585 0.237881
v -0.812716 0.755019 0.288561
v -0.605024 0.577974 0.244116
v -0.469896 0.949608 0.237899
v -0.435055 0.925349 0.238428
v -0.301372 0.229624 0.237925
v -0.273578 0.188581 0.237954
v 0.092151 0.109191 0.288615
v 0.267538 0.352361 0.244035
v 0.461133 0.088286 0.237786
v 0.629242 0.862582 0.237888
v 0.812152 0.762464 0.244113
v 0.813339 0.817633 0.244117
v -0.808769 0.825539 0.288570
v -0.429743 0.853562 0.244096
v -0.419213 0.918973 0.244260
v -0.442575 0.973489 0.243877
v -0.346365 0.178093 0.294586
v 0.096707 0.260016 0.244060
v 0.255441 0.684666 0.294538
v 0.265355 0.627427 0.294560
v 0.436250 0.464779 0.244289
v 0.801359 0.816839 0.294461
v 0.805594 0.867983 0.294485
v -0.594028 0.317399 0.244062
v -0.498849 0.980311 0.288681
v -0.491850 0.990505 0.291625
v -0.490723 0.930553 0.288629
v -0.466007 0.920703 0.288596
v -0.463972 0.970636 0.291532
v -0.467517 0.956198 0.288648
v -0.315521 0.266928 0.244056
v -0.294363 0.264299 0.244065
v -0.187723 0.581879 0.237975
v 0.097396 0.256288 0.294581
v 0.266739 0.641483 0.288630
v 0.433392 0.577893 0.244144
v 0.632967 0.238799 0.244050
v -0.809243 0.082199 0.243717
v -0.595967 0.662330 0.294460
v -0.055213 0.033017 0.237744
v 0.256157 0.734203 0.237936
v 0.448090 0.742185 0.244110
v 0.644993 0.194258 0.237897
v 0.636685 0.259993 0.237886
v -0.589240 0.830108 0.237886
v -0.415023 0.384823 0.288618
v -0.194856 0.008573 0.294867
v -0.053594 0.337323 0.244032
v 0.090030 0.486557 0.294566
v 0.100438 0.427789 0.294540
v 0.446013 0.850957 0.244089
v 0.634559 0.439227 0.237887
v 0.802388 0.178330 0.237867
v 0.806372 0.109593 0.237905
v -0.794218 0.808124 0.237936
v -0.592057 0.949377 0.294519
v -0.313544 0.623294 0.288614
v -0.053151 0.566253 0.294533
v 0.627615 0.622297 0.294492
v 0.814143 0.322837 0.244058
v 0.781423 0.264710 0.244054
v 0.818974 0.259372 0.244076
v -0.807081 0.908594 0.237885
v -0.586807 0.109689 0.237933
v -0.592554 0.062339 0.237801
v 0.068978 0.912270 0.288656
v 0.258183 0.028721 0.240922
v 0.455065 0.565812 0.237910
v 0.629944 0.657078 0.237940
v 0.813075 0.704090 0.244097
v 0.813490 0.644211 0.244099
v -0.804392 0.029545 0.289511
v -0.797938 0.102292 0.288209
v -0.826096 0.074396 0.289493
v -0.593974 0.386530 0.288655
v -0.475025 0.944821 0.294530
v 0.262328 0.160228 0.288696
v 0.442919 0.620983 0.288614
v 0.643653 0.742520 0.244043
v -0.787129 0.428366 0.244006
v -0.602566 0.410266 0.237882
v 0.448518 0.860839 0.288595
v -0.793325 0.518984 0.244029
v -0.591657 0.682470 0.244101
v -0.433799 0.167104 0.294594
v -0.438383 0.147474 0.294579
v -0.414916 0.199988 0.294583
v -0.049583 0.282286 0.237896
v 0.460015 0.091347 0.244105
v 0.631970 0.684458 0.294478
v 0.813901 0.859549 0.237901
v -0.787086 0.717173 0.244077
v -0.064880 0.417209 0.288742
v 0.103814 0.561707 0.237921
v 0.262943 0.483918 0.237926
v 0.447446 0.250596 0.237870
v 0.636760 0.855020 0.244042
v 0.810492 0.959625 0.243846
v -0.801785 0.860513 0.294470
v -0.660861 0.113946 0.294526
v -0.625438 0.124733 0.294540
v -0.590504 0.075979 0.295026
v -0.446065 0.435495 0.288590
v -0.046321 0.490433 0.288662
v 0.253122 0.746200 0.294510
v 0.444065 0.359377 0.237864
v 0.626807 0.853952 0.294481
v -0.788016 0.293814 0.294557
v -0.414092 0.471170 0.244542
v -0.217001 0.916178 0.294502
v -0.047201 0.608669 0.288616
v 0.082005 0.683020 0.244141
v 0.097841 0.624510 0.244166
v 0.207345 0.819109 0.244080
v 0.271121 0.790178 0.244127
v 0.445986 0.468808 0.238113
v 0.651637 0.295980 0.244004
v 0.817024 0.388747 0.244028
v -0.794367 0.621204 0.244075
v -0.583109 0.416334 0.244043
v -0.041366 0.805789 0.294497
v -0.065941 0.850663 0.294512
v 0.086230 0.803723 0.237957
v 0.099367 0.749819 0.237941
v 0.445855 0.560883 0.288605
v 0.648536 0.305982 0.288711
v -0.790844 0.272914 0.288672
v -0.580497 0.522604 0.244125
v -0.416629 0.894139 0.294483
v 0.438652 0.907125 0.294481
v 0.647057 0.423975 0.244012
v 0.651084 0.364916 0.244021
v 0.813752 0.419957 0.237889
v -0.789762 0.335044 0.244015
v -0.042410 0.256768 0.288725
v 0.637538 0.547642 0.237942
v 0.816951 0.453720 0.244021
v -0.816299 0.112178 0.294507
v -0.820488 0.145397 0.294533
v -0.045797 0.593006 0.244162
v 0.452458 0.209881 0.244078
v 0.643586 0.864990 0.288649
v 0.816479 0.518376 0.244049
v -0.790642 0.183425 0.244040
v -0.597909 0.333945 0.237874
v -0.582502 0.280459 0.237884
v -0.309785 0.842408 0.237971
v -0.077757 0.666077 0.237939
v 0.263930 0.867604 0.237955
v 0.276500 0.927658 0.238316
v 0.448687 0.350624 0.244046
v 0.634917 0.970582 0.243830
v 0.815562 0.582266 0.244070
v -0.775109 0.098855 0.293921
v -0.406027 0.036737 0.243694
v -0.188230 0.326336 0.238036
v 0.445273 0.422838 0.294543
v 0.633180 0.964681 0.291639
v -0.574631 0.390831 0.294540
v -0.183924 0.405652 0.294476
v 0.093446 0.603925 0.294497
v 0.253663 0.967432 0.288704
v 0.626863 0.029146 0.237805
v 0.655013 0.080049 0.237809
v -0.581657 0.456688 0.288638
v -0.097122 0.179236 0.288708
v -0.088537 0.190647 0.288714
v -0.045120 0.197279 0.288720
v 0.086495 0.682333 0.288620
v 0.262687 0.139707 0.237878
v 0.474191 0.113971 0.288741
v 0.822453 0.230065 0.294550
v 0.819936 0.172716 0.294551
v -0.786437 0.493237 0.294492
v -0.580159 0.606318 0.237902
v -0.295063 0.345052 0.244024
v -0.208955 0.565085 0.294533
v 0.452572 0.486705 0.294556
v 0.624626 0.090862 0.294910
v 0.829577 0.238874 0.237903
v -0.784226 0.553541 0.294481
v -0.575870 0.719107 0.237897
v -0.417893 0.559060 0.237914
v 0.455827 0.548874 0.294529
v 0.640843 0.251465 0.294567
v 0.818036 0.372807 0.288632
v 0.823501 0.306944 0.288649
v -0.781628 0.708445 0.237964
v -0.581237 0.728092 0.288574
v -0.596048 0.788993 0.288592
v 0.265055 0.372099 0.237925
v 0.471645 0.603674 0.294497
v 0.648511 0.612939 0.244044
v 0.649715 0.551258 0.244036
v 0.817883 0.435343 0.288612
v -0.788830 0.027646 0.240962
v -0.780444 0.084093 0.237812
v 0.460251 0.635920 0.244108
v 0.637322 0.745747 0.294464
v 0.819075 0.496513 0.288626
v -0.776731 0.397423 0.294547
v -0.585366 0.029795 0.289605
v 0.273267 0.402345 0.288628
v 0.454809 0.668418 0.237894
v 0.650490 0.761849 0.288628
v 0.822117 0.542035 0.237912
v -0.771411 0.810422 0.244112
v -0.578579 0.109089 0.244156
v -0.438414 0.570018 0.244126
v 0.060724 0.881242 0.244147
v 0.089099 0.906744 0.244159
v 0.462836 0.825584 0.237880
v 0.821736 0.870498 0.244099
v -0.797699 0.956180 0.294465
v -0.361265 0.025661 0.243678
v -0.188366 0.278689 0.244103
v 0.203326 0.002387 0.293011
v 0.287633 0.152645 0.244027
v 0.469047 0.318211 0.288647
v 0.652433 0.108349 0.244138
v 0.631969 0.060826 0.243702
v -0.788051 0.963705 0.240880
v -0.582954 0.166204 0.237894
v -0.035292 0.354461 0.237900
v 0.108048 0.207411 0.237940
v 0.651716 0.674634 0.244039
v 0.823171 0.187770 0.244074
v -0.770600 0.167205 0.288717
v -0.584028 0.161898 0.294584
v 0.098287 0.272676 0.237936
v 0.268560 0.627756 0.244137
v 0.262128 0.571709 0.244132
v 0.484160 0.503641 0.288605
v 0.648763 0.803552 0.294473
v 0.826628 0.293978 0.294535
v -0.768817 0.282981 0.244034
v -0.580358 0.223989 0.237884
v -0.071485 0.724074 0.237941
v 0.279009 0.578082 0.288625
v 0.459877 0.848795 0.294457
v -0.773387 0.336412 0.288657
v -0.448941 0.280556 0.237870
v 0.286882 0.682249 0.244144
v 0.471149 0.104602 0.294457
v 0.454688 0.035922 0.295047
v 0.820914 0.557213 0.288607
v -0.776262 0.604090 0.237947
v -0.572074 0.660035 0.288579
v -0.423273 0.708558 0.294468
v -0.223043 0.788825 0.244137
v 0.085514 0.882432 0.288650
v 0.083957 0.820231 0.288634
v 0.471253 0.187177 0.237875
v 0.442910 0.227394 0.237870
v 0.652071 0.378543 0.288683
v 0.821990 0.617023 0.288598
v -0.777565 0.614561 0.294463
v -0.577971 0.717542 0.294441
v -0.206430 0.894181 0.244130
v -0.044986 0.036082 0.289599
v -0.069813 0.083161 0.295076
v 0.111716 0.405845 0.288719
v 0.476587 0.524865 0.244125
v 0.651241 0.487642 0.244080
v 0.824771 0.090126 0.294916
v -0.776029 0.817377 0.294445
v -0.583342 0.784304 0.244105
v -0.230324 0.944986 0.243922
v -0.239294 0.979616 0.243914
v 0.080863 0.529777 0.244158
v 0.109675 0.569045 0.244163
v 0.278581 0.905730 0.288631
v 0.476939 0.797555 0.244091
v 0.823546 0.114070 0.244009
v 0.950845 0.063320 0.271891
v -0.583786 0.907198 0.244036
v -0.415129 0.169254 0.237865
v 0.285677 0.102158 0.288320
v 0.478735 0.907649 0.244052
v -0.766497 0.132752 0.244026
v -0.569010 0.266352 0.244064
v 0.265233 0.259074 0.237879
v -0.772257 0.242420 0.294564
v -0.569285 0.840112 0.288591
v -0.049091 0.715632 0.244145
v 0.103171 0.840765 0.244148
v 0.476563 0.299988 0.237872
v 0.662159 0.379269 0.237943
v 0.822872 0.674259 0.288575
v -0.768568 0.672824 0.294443
v -0.591228 0.905970 0.237939
v 0.269618 0.598674 0.237941
v 0.473037 0.410658 0.244037
v 0.822663 0.729258 0.288575
v -0.767113 0.858760 0.237935
v -0.598909 0.878338 0.294487
v -0.318517 0.047776 0.243706
v -0.064775 0.879518 0.294519
v -0.072658 0.932148 0.294512
v 0.080697 0.885116 0.237939
v 0.061423 0.837283 0.237950
v 0.080130 0.833179 0.237951
v 0.474877 0.410417 0.237866
v 0.658467 0.708188 0.237977
v 0.829072 0.781021 0.288567
v -0.570710 0.524732 0.288599
v -0.426888 0.926893 0.288604
v -0.194710 0.771644 0.288641
v 0.271934 0.910884 0.294481
v 0.481712 0.512624 0.237922
v 0.657874 0.811780 0.237924
v -0.571937 0.588343 0.288570
v 0.473539 0.721578 0.237884
v -0.763639 0.399468 0.288634
v -0.340179 0.443244 0.288616
v -0.294645 0.434221 0.288609
v 0.099892 0.075248 0.237741
v 0.274955 0.230339 0.244081
v 0.476772 0.790868 0.294451
v 0.659218 0.193116 0.294580
v 0.825656 0.079866 0.289507
v 0.825860 0.032254 0.289485
v -0.579178 0.769891 0.294450
v -0.402395 0.092062 0.244207
v 0.277559 0.454230 0.294542
v 0.464779 0.772299 0.288582
v 0.662235 0.347405 0.294563
v 0.669099 0.293599 0.294575
v -0.755218 0.472133 0.244726
v 0.112915 0.626127 0.237923
v 0.465574 0.964018 0.291614
v 0.657416 0.447449 0.288652
v 0.828896 0.358924 0.294502
v -0.762429 0.566530 0.244066
v -0.556571 0.177511 0.288694
v -0.046902 0.906546 0.237896
v -0.049302 0.975645 0.237833
v 0.286866 0.536912 0.237944
v 0.829621 0.421355 0.294524
v -0.580504 0.505400 0.294520
v 0.282112 0.569972 0.294562
v 0.830758 0.482400 0.294520
v -0.192065 0.432278 0.244111
v 0.118533 0.155124 0.294579
v -0.774451 0.894970 0.288634
v -0.576630 0.523363 0.237905
v -0.562778 0.459915 0.237922
v -0.426069 0.548730 0.288585
v 0.664512 0.403979 0.294566
v -0.757529 0.140444 0.237942
v -0.032437 0.300122 0.294567
v -0.759985 0.313966 0.237905
v -0.758266 0.256993 0.237893
v 0.094887 0.575119 0.288636
v 0.288725 0.517303 0.244151
v 0.833329 0.542204 0.294490
v -0.760776 0.371450 0.237899
v -0.613159 0.082380 0.289543
v -0.294472 0.911788 0.244170
v -0.329585 0.988419 0.243558
v 0.483193 0.326508 0.294564
v -0.764082 0.430847 0.237895
v -0.566834 0.111618 0.294530
v 0.834653 0.060821 0.237797
v 0.092530 0.170883 0.244061
v -0.757246 0.461675 0.288637
v -0.575744 0.829406 0.294454
v -0.304731 0.774232 0.237981
v 0.478865 0.730004 0.294459
v 0.830487 0.356498 0.237898
v -0.757013 0.648173 0.288564
v -0.758100 0.665729 0.244089
v -0.578170 0.040967 0.295044
v 0.835057 0.602009 0.294486
v 0.477715 0.165535 0.288688
v 0.663246 0.513783 0.288636
v -0.765183 0.910328 0.244072
v -0.762279 0.903246 0.294472
v -0.591926 0.429514 0.294543
v 0.479542 0.668519 0.294466
v -0.783377 0.148924 0.294523
v -0.430808 0.425972 0.237872
v -0.765365 0.187371 0.294552
v -0.423003 0.505587 0.244127
v -0.192524 0.083776 0.289598
v -0.178401 0.082371 0.289605
v 0.459803 0.042017 0.289592
v -0.757334 0.200049 0.237910
v -0.568746 0.967470 0.243856
v -0.295906 0.086809 0.237781
v -0.192246 0.208857 0.294143
v -0.186372 0.213709 0.294282
v -0.574170 0.889716 0.288638
v 0.083750 0.840358 0.294504
v 0.480950 0.916587 0.238131
v 0.474280 0.974631 0.243845
v -0.072409 0.207299 0.244059
v 0.665079 0.579272 0.288623
v -0.234307 0.882307 0.288667
v -0.758089 0.712246 0.288579
v 0.453254 0.009587 0.237845
v -0.756742 0.777487 0.288589
v 0.279810 0.774032 0.288624
v 0.812518 0.032266 0.243705
v 0.476879 0.005638 0.244395
v 0.636283 0.004158 0.288996
v 0.660120 0.040480 0.243697
v -0.589038 0.074050 0.289571
v -0.568257 0.058048 0.295039
v -0.588533 0.361809 0.237877
v -0.301477 0.918141 0.288645
v -0.296803 0.938269 0.288662
v -0.579371 0.188262 0.294595
v -0.555743 0.796371 0.288570
v -0.211992 0.059030 0.243682
v -0.305229 0.958034 0.237902
v -0.299626 0.987731 0.289059
v 0.840553 0.348971 0.244049
v -0.415697 0.906999 0.237888
v -0.189138 0.303129 0.244086
v 0.476901 0.060163 0.295025
v 0.842571 0.258427 0.294527
v -0.392341 0.880567 0.244091
v -0.029308 0.315762 0.237900
v 0.089709 0.531339 0.244163
v -0.158338 0.098304 0.288292
v -0.447900 0.553583 0.288578
v -0.108901 0.880589 0.237925
v -0.205545 0.975044 0.237892
vt 0.850130 0.907682
vt 0.868788 0.918483
vt 0.852179 0.929037
vt 0.839577 0.059476
vt 0.855448 0.059142
vt 0.847758 0.069409
vt 0.342777 0.994829
vt 0.341893 0.971313
vt 0.360375 0.991258
vt 0.985027 0.681954
vt 0.966389 0.673103
vt 0.988480 0.664325
vt 0.359006 0.969135
vt 0.483566 0.747889
vt 0.478120 0.757860
vt 0.466069 0.759531
vt 0.463536 0.739842
vt 0.389544 0.155236
vt 0.371091 0.139874
vt 0.393732 0.130899
vt 0.414020 0.137238
vt 0.412387 0.126245
vt 0.839577 0.077640
vt 0.833983 0.918264
vt 0.227610 0.587028
vt 0.240060 0.604418
vt 0.217960 0.605251
vt 0.206417 0.586943
vt 0.480902 0.568642
vt 0.457446 0.566792
vt 0.471231 0.549562
vt 0.493479 0.551353
vt 0.638597 0.486186
vt 0.656847 0.503563
vt 0.639032 0.509090
vt 0.621728 0.497710
vt 0.657063 0.485460
vt 0.287225 0.876026
vt 0.290260 0.854091
vt 0.306987 0.870446
vt 0.168590 0.108006
vt 0.187017 0.112176
vt 0.166771 0.125744
vt 0.175940 0.606002
vt 0.164969 0.588343
vt 0.185694 0.587457
vt 0.890083 0.504925
vt 0.872129 0.491287
vt 0.889629 0.482992
vt 0.908327 0.495287
vt 0.145616 0.419371
vt 0.126047 0.413723
vt 0.140052 0.397297
vt 0.161034 0.404581
vt 0.073064 0.208808
vt 0.092130 0.216952
vt 0.067282 0.231411
vt 0.052993 0.212540
vt 0.157725 0.165708
vt 0.168668 0.180949
vt 0.145812 0.186637
vt 0.137182 0.170338
vt 0.300511 0.895038
vt 0.150141 0.111075
vt 0.580946 0.886365
vt 0.589841 0.867658
vt 0.604209 0.885233
vt 0.591769 0.903171
vt 0.196714 0.605557
vt 0.885056 0.426045
vt 0.908181 0.428700
vt 0.894088 0.443151
vt 0.250028 0.848373
vt 0.233863 0.866835
vt 0.227932 0.845830
vt 0.236023 0.827770
vt 0.329128 0.603911
vt 0.309433 0.603592
vt 0.329907 0.588744
vt 0.598380 0.312900
vt 0.618408 0.319613
vt 0.602354 0.336810
vt 0.682022 0.806732
vt 0.669270 0.787037
vt 0.688102 0.785727
vt 0.464433 0.695767
vt 0.463273 0.674916
vt 0.483053 0.687528
vt 0.700831 0.802747
vt 0.483948 0.707908
vt 0.080814 0.107088
vt 0.094577 0.126808
vt 0.076760 0.126447
vt 0.061996 0.109912
vt 0.188241 0.044636
vt 0.203331 0.058862
vt 0.185165 0.070032
vt 0.170714 0.055650
vt 0.580789 0.324300
vt 0.338677 0.610632
vt 0.355688 0.625755
vt 0.339479 0.625803
vt 0.366096 0.608231
vt 0.274226 0.547349
vt 0.254351 0.541151
vt 0.270324 0.527582
vt 0.291990 0.532802
vt 0.070626 0.485827
vt 0.050896 0.480133
vt 0.066705 0.464944
vt 0.085148 0.467292
vt 0.734282 0.554917
vt 0.757796 0.564135
vt 0.741274 0.575093
vt 0.718729 0.567329
vt 0.331656 0.671936
vt 0.325030 0.658327
vt 0.339580 0.658327
vt 0.230698 0.529530
vt 0.240039 0.550807
vt 0.640893 0.343668
vt 0.637291 0.316053
vt 0.658142 0.316636
vt 0.658269 0.334427
vt 0.466503 0.720011
vt 0.817980 0.905352
vt 0.817839 0.929411
vt 0.803120 0.916275
vt 0.375486 0.633783
vt 0.387543 0.616586
vt 0.221721 0.548522
vt 0.210656 0.529246
vt 0.607057 0.511167
vt 0.591578 0.503206
vt 0.603528 0.487187
vt 0.578815 0.490569
vt 0.185001 0.417711
vt 0.180113 0.396424
vt 0.201298 0.401338
vt 0.826512 0.607581
vt 0.836494 0.620604
vt 0.825969 0.628641
vt 0.805431 0.615661
vt 0.056021 0.168400
vt 0.077084 0.172025
vt 0.062105 0.189725
vt 0.262308 0.468102
vt 0.269762 0.487763
vt 0.249852 0.487760
vt 0.831970 0.549847
vt 0.850530 0.558830
vt 0.836622 0.571770
vt 0.816240 0.563202
vt 0.515767 0.366450
vt 0.543033 0.374948
vt 0.524615 0.377193
vt 0.511480 0.387967
vt 0.491035 0.374007
vt 0.186814 0.292536
vt 0.209381 0.302158
vt 0.189276 0.313088
vt 0.166591 0.298083
vt 0.034631 0.181884
vt 0.283159 0.469638
vt 0.869758 0.840414
vt 0.889378 0.849383
vt 0.874605 0.861561
vt 0.853817 0.854073
vt 0.584019 0.768928
vt 0.583378 0.749539
vt 0.603594 0.758880
vt 0.603023 0.740886
vt 0.603855 0.776990
vt 0.928433 0.422945
vt 0.946494 0.430898
vt 0.927219 0.442270
vt 0.214633 0.365513
vt 0.193831 0.357408
vt 0.210924 0.343434
vt 0.231327 0.352310
vt 0.361449 0.126506
vt 0.357183 0.135929
vt 0.408380 0.975459
vt 0.409022 0.995301
vt 0.395956 0.994472
vt 0.793464 0.157425
vt 0.813673 0.140500
vt 0.806923 0.152714
vt 0.806040 0.162122
vt 0.798835 0.165161
vt 0.801455 0.162247
vt 0.431648 0.991068
vt 0.433310 0.979877
vt 0.444347 0.991822
vt 0.435899 0.995714
vt 0.755972 0.803940
vt 0.737515 0.791669
vt 0.757457 0.784777
vt 0.776879 0.787999
vt 0.237152 0.312067
vt 0.228052 0.293005
vt 0.339269 0.145368
vt 0.584344 0.788492
vt 0.604189 0.795348
vt 0.155590 0.606934
vt 0.144364 0.589324
vt 0.121452 0.974024
vt 0.109891 0.993773
vt 0.100720 0.974244
vt 0.111720 0.957009
vt 0.241269 0.469490
vt 0.768885 0.442808
vt 0.756131 0.426576
vt 0.779603 0.426672
vt 0.688337 0.287573
vt 0.700298 0.297532
vt 0.711462 0.316838
vt 0.692331 0.327498
vt 0.537462 0.826908
vt 0.521817 0.840377
vt 0.517040 0.818795
vt 0.530534 0.801858
vt 0.538727 0.850010
vt 0.633586 0.063816
vt 0.654740 0.073495
vt 0.633891 0.081380
vt 0.610269 0.069666
vt 0.624303 0.607103
vt 0.639674 0.618400
vt 0.622182 0.628184
vt 0.607603 0.616833
vt 0.707658 0.299454
vt 0.011445 0.464086
vt 0.031025 0.472965
vt 0.011688 0.482183
vt 0.271607 0.345648
vt 0.286641 0.363307
vt 0.265546 0.370085
vt 0.252193 0.356210
vt 0.302610 0.350114
vt 0.808497 0.726030
vt 0.791643 0.715632
vt 0.803660 0.713661
vt 0.818329 0.707416
vt 0.582464 0.920700
vt 0.605348 0.920614
vt 0.596152 0.937085
vt 0.281321 0.602025
vt 0.293260 0.587776
vt 0.256556 0.297717
vt 0.029803 0.205681
vt 0.025888 0.214999
vt 0.049427 0.208348
vt 0.584953 0.212374
vt 0.568483 0.198137
vt 0.592040 0.187598
vt 0.603160 0.199929
vt 0.607866 0.194884
vt 0.523099 0.868608
vt 0.583013 0.709871
vt 0.590758 0.690669
vt 0.604337 0.705455
vt 0.602385 0.722884
vt 0.307114 0.669929
vt 0.202470 0.549351
vt 0.190559 0.531168
vt 0.944332 0.569393
vt 0.924903 0.555478
vt 0.946150 0.555553
vt 0.421362 0.389357
vt 0.408551 0.371888
vt 0.432219 0.367118
vt 0.452157 0.366637
vt 0.443283 0.387440
vt 0.401802 0.843242
vt 0.389506 0.860672
vt 0.380092 0.841447
vt 0.390551 0.821905
vt 0.750065 0.865712
vt 0.732673 0.859114
vt 0.747667 0.842225
vt 0.432995 0.625122
vt 0.409113 0.621548
vt 0.422736 0.606998
vt 0.124168 0.762158
vt 0.114013 0.779555
vt 0.108599 0.751920
vt 0.706640 0.506781
vt 0.686711 0.492092
vt 0.707267 0.485091
vt 0.727080 0.494508
vt 0.254662 0.751703
vt 0.244999 0.771282
vt 0.235024 0.751245
vt 0.246566 0.730879
vt 0.753811 0.223681
vt 0.736582 0.228137
vt 0.743512 0.212882
vt 0.619034 0.218152
vt 0.626058 0.218854
vt 0.620052 0.230344
vt 0.765081 0.850675
vt 0.254943 0.040803
vt 0.276628 0.045251
vt 0.256086 0.060237
vt 0.702441 0.909644
vt 0.719727 0.917797
vt 0.703127 0.931226
vt 0.685286 0.924265
vt 0.490087 0.671831
vt 0.474683 0.672707
vt 0.481351 0.664553
vt 0.962477 0.507581
vt 0.945365 0.495849
vt 0.964624 0.484633
vt 0.980492 0.501074
vt 0.363517 0.441935
vt 0.344752 0.434724
vt 0.363945 0.417947
vt 0.383296 0.434012
vt 0.360703 0.333719
vt 0.341169 0.329336
vt 0.359539 0.312343
vt 0.379022 0.317121
vt 0.899948 0.664604
vt 0.920045 0.671895
vt 0.896535 0.683253
vt 0.109614 0.061902
vt 0.095401 0.044352
vt 0.114277 0.041838
vt 0.558043 0.625071
vt 0.538558 0.624745
vt 0.548397 0.606663
vt 0.568680 0.606541
vt 0.122304 0.797476
vt 0.109497 0.812921
vt 0.100045 0.792541
vt 0.183774 0.767725
vt 0.174255 0.785558
vt 0.163136 0.765377
vt 0.172999 0.748537
vt 0.928231 0.600965
vt 0.942351 0.612595
vt 0.930307 0.627077
vt 0.906511 0.623635
vt 0.015528 0.045916
vt 0.012714 0.044371
vt 0.015528 0.041309
vt 0.876530 0.678695
vt 0.401349 0.753884
vt 0.389429 0.773696
vt 0.378404 0.758600
vt 0.385465 0.737412
vt 0.204736 0.184649
vt 0.186650 0.175794
vt 0.201433 0.163994
vt 0.220049 0.169787
vt 0.615124 0.151202
vt 0.597733 0.142068
vt 0.613401 0.128989
vt 0.631499 0.134039
vt 0.238580 0.054923
vt 0.411363 0.998261
vt 0.849826 0.610741
vt 0.868726 0.614697
vt 0.846495 0.631125
vt 0.864655 0.627988
vt 0.684808 0.680756
vt 0.667538 0.667592
vt 0.680305 0.651679
vt 0.695349 0.667321
vt 0.706706 0.678250
vt 0.695748 0.687952
vt 0.992376 0.732918
vt 0.990083 0.729013
vt 0.988483 0.717525
vt 0.978280 0.726005
vt 0.974520 0.731388
vt 0.924040 0.846416
vt 0.945717 0.853058
vt 0.929240 0.866730
vt 0.908932 0.858409
vt 0.060413 0.059500
vt 0.045708 0.050775
vt 0.063415 0.038878
vt 0.078108 0.050613
vt 0.765104 0.058059
vt 0.750176 0.052439
vt 0.764088 0.037285
vt 0.314032 0.584246
vt 0.811706 0.445364
vt 0.799717 0.427965
vt 0.821389 0.426456
vt 0.713255 0.326087
vt 0.723383 0.318333
vt 0.728401 0.326087
vt 0.484785 0.728837
vt 0.964845 0.867302
vt 0.965884 0.846403
vt 0.982442 0.860316
vt 0.666685 0.917385
vt 0.664862 0.933592
vt 0.000838 0.794748
vt 0.000838 0.772130
vt 0.004235 0.782230
vt 0.682285 0.030223
vt 0.669579 0.021043
vt 0.684136 0.000883
vt 0.717133 0.311930
vt 0.129434 0.058784
vt 0.511010 0.669884
vt 0.693964 0.368286
vt 0.709302 0.377710
vt 0.700791 0.387455
vt 0.669713 0.380606
vt 0.833660 0.445104
vt 0.843051 0.426891
vt 0.926201 0.507335
vt 0.927141 0.485390
vt 0.637086 0.439876
vt 0.615098 0.434709
vt 0.635078 0.418667
vt 0.658103 0.431421
vt 0.595990 0.268127
vt 0.616890 0.273230
vt 0.596709 0.290660
vt 0.788506 0.927791
vt 0.771349 0.917296
vt 0.787299 0.904406
vt 0.122888 0.940037
vt 0.101925 0.939746
vt 0.112643 0.922534
vt 0.184130 0.842485
vt 0.170713 0.855831
vt 0.161591 0.837754
vt 0.173708 0.822806
vt 0.029587 0.416231
vt 0.010324 0.410071
vt 0.029353 0.396104
vt 0.046103 0.405208
vt 0.044236 0.393108
vt 0.521933 0.129578
vt 0.543526 0.129867
vt 0.529414 0.150187
vt 0.591649 0.278691
vt 0.571705 0.273298
vt 0.631150 0.191064
vt 0.644605 0.199718
vt 0.621085 0.209699
vt 0.642514 0.186398
vt 0.008470 0.304427
vt 0.000790 0.319028
vt 0.000790 0.284708
vt 0.307735 0.299631
vt 0.304848 0.301752
vt 0.306596 0.284727
vt 0.616717 0.200288
vt 0.617712 0.196643
vt 0.507757 0.150577
vt 0.484598 0.146820
vt 0.500379 0.129112
vt 0.390191 0.573593
vt 0.370225 0.563577
vt 0.384571 0.549679
vt 0.680426 0.611650
vt 0.699158 0.617865
vt 0.681013 0.629835
vt 0.829893 0.124223
vt 0.831257 0.119983
vt 0.837097 0.121893
vt 0.461025 0.229566
vt 0.476821 0.244519
vt 0.455013 0.250196
vt 0.001550 0.375494
vt 0.001550 0.356613
vt 0.016940 0.360147
vt 0.437163 0.235553
vt 0.553820 0.150172
vt 0.465199 0.084841
vt 0.443736 0.081494
vt 0.458545 0.064675
vt 0.479533 0.066207
vt 0.407698 0.557396
vt 0.164577 0.908865
vt 0.170900 0.890753
vt 0.184961 0.909959
vt 0.178046 0.927848
vt 0.126938 0.291918
vt 0.146563 0.305271
vt 0.127547 0.314750
vt 0.108857 0.303006
vt 0.789237 0.763607
vt 0.774098 0.748846
vt 0.790805 0.738007
vt 0.807887 0.748176
vt 0.792802 0.507865
vt 0.775006 0.495604
vt 0.795414 0.487234
vt 0.842743 0.150797
vt 0.839425 0.156473
vt 0.823468 0.157086
vt 0.672912 0.757227
vt 0.688508 0.761376
vt 0.669443 0.765868
vt 0.644634 0.239182
vt 0.661394 0.257193
vt 0.644634 0.262411
vt 0.039835 0.119835
vt 0.015665 0.122234
vt 0.028502 0.105540
vt 0.045517 0.111204
vt 0.586976 0.954346
vt 0.609131 0.953090
vt 0.600628 0.971269
vt 0.576767 0.625024
vt 0.588844 0.606739
vt 0.832472 0.159800
vt 0.813891 0.499687
vt 0.252365 0.869791
vt 0.241799 0.888803
vt 0.330119 0.125690
vt 0.352908 0.128389
vt 0.335419 0.141163
vt 0.345158 0.138800
vt 0.093760 0.290852
vt 0.088653 0.314659
vt 0.542547 0.959817
vt 0.527158 0.970586
vt 0.526408 0.944768
vt 0.538643 0.987468
vt 0.289649 0.958340
vt 0.298586 0.946466
vt 0.308765 0.958387
vt 0.333591 0.156691
vt 0.333591 0.145260
vt 0.337380 0.148436
vt 0.718546 0.301309
vt 0.594386 0.627229
vt 0.101622 0.904488
vt 0.111280 0.887064
vt 0.122597 0.905841
vt 0.184214 0.805510
vt 0.163818 0.802960
vt 0.235944 0.937423
vt 0.238577 0.912950
vt 0.253928 0.921066
vt 0.400551 0.971009
vt 0.304956 0.947844
vt 0.302052 0.977348
vt 0.298443 0.964143
vt 0.311015 0.940643
vt 0.034825 0.310280
vt 0.022023 0.298980
vt 0.034071 0.290396
vt 0.049760 0.301188
vt 0.039941 0.301612
vt 0.010116 0.295319
vt 0.155924 0.364569
vt 0.133881 0.355196
vt 0.151372 0.344906
vt 0.406900 0.090802
vt 0.386131 0.082368
vt 0.401684 0.067979
vt 0.422127 0.075523
vt 0.059944 0.903479
vt 0.054316 0.923138
vt 0.040481 0.912928
vt 0.040502 0.893280
vt 0.055368 0.883668
vt 0.963903 0.420482
vt 0.985844 0.431371
vt 0.964785 0.441574
vt 0.367455 0.506118
vt 0.342965 0.501188
vt 0.354260 0.492355
vt 0.342662 0.486304
vt 0.222605 0.114391
vt 0.242628 0.116177
vt 0.228077 0.133757
vt 0.173821 0.353922
vt 0.765479 0.098867
vt 0.749579 0.086302
vt 0.770750 0.082451
vt 0.749579 0.071834
vt 0.756634 0.008961
vt 0.733598 0.032373
vt 0.733414 0.001169
vt 0.837097 0.100226
vt 0.817846 0.095718
vt 0.824026 0.089561
vt 0.828858 0.089497
vt 0.425844 0.692066
vt 0.426330 0.676121
vt 0.435904 0.698619
vt 0.429307 0.718052
vt 0.416255 0.697502
vt 0.262978 0.270864
vt 0.239589 0.259192
vt 0.254666 0.247712
vt 0.892632 0.735916
vt 0.912290 0.742021
vt 0.893631 0.758330
vt 0.712682 0.786596
vt 0.722599 0.802926
vt 0.815266 0.835172
vt 0.834932 0.845795
vt 0.818135 0.857515
vt 0.798752 0.846826
vt 0.583005 0.730158
vt 0.040368 0.974711
vt 0.048867 0.956156
vt 0.059558 0.974328
vt 0.050122 0.990215
vt 0.123725 0.667665
vt 0.113364 0.667320
vt 0.125369 0.666093
vt 0.272640 0.248113
vt 0.268059 0.257594
vt 0.266414 0.259598
vt 0.388458 0.232100
vt 0.414462 0.238906
vt 0.395397 0.250299
vt 0.748164 0.135517
vt 0.736628 0.134134
vt 0.727270 0.114009
vt 0.385240 0.243272
vt 0.729163 0.125427
vt 0.205766 0.127634
vt 0.274827 0.062530
vt 0.607020 0.236348
vt 0.583875 0.232292
vt 0.634385 0.252561
vt 0.610719 0.249120
vt 0.614901 0.237513
vt 0.830678 0.804071
vt 0.817198 0.789206
vt 0.828928 0.792194
vt 0.843238 0.788418
vt 0.515130 0.925352
vt 0.521749 0.907000
vt 0.536434 0.924432
vt 0.641664 0.233505
vt 0.287894 0.056364
vt 0.574409 0.551944
vt 0.587938 0.566424
vt 0.567565 0.570435
vt 0.573214 0.510588
vt 0.559409 0.493951
vt 0.226443 0.731769
vt 0.235775 0.710615
vt 0.761851 0.625730
vt 0.744624 0.615568
vt 0.765486 0.605917
vt 0.480655 0.832200
vt 0.467824 0.852681
vt 0.463178 0.826377
vt 0.472090 0.807371
vt 0.339354 0.487996
vt 0.986386 0.841202
vt 0.519564 0.991540
vt 0.123844 0.590479
vt 0.135239 0.607579
vt 0.114989 0.608637
vt 0.103587 0.591998
vt 0.029729 0.547880
vt 0.011621 0.539223
vt 0.030572 0.529077
vt 0.049300 0.536947
vt 0.002823 0.330641
vt 0.000693 0.333145
vt 0.000693 0.319059
vt 0.872494 0.752430
vt 0.766346 0.076020
vt 0.333941 0.435930
vt 0.340203 0.441758
vt 0.333941 0.458780
vt 0.347404 0.269686
vt 0.369067 0.272161
vt 0.357471 0.279130
vt 0.791489 0.666695
vt 0.801806 0.656717
vt 0.801806 0.680406
vt 0.821569 0.271033
vt 0.807826 0.265004
vt 0.821569 0.247247
vt 0.837097 0.078422
vt 0.502903 0.446088
vt 0.488659 0.431305
vt 0.512203 0.425685
vt 0.709398 0.660073
vt 0.726900 0.673219
vt 0.731735 0.675115
vt 0.602473 0.849820
vt 0.580001 0.848777
vt 0.601901 0.831843
vt 0.179536 0.987950
vt 0.164569 0.994994
vt 0.162244 0.975245
vt 0.987436 0.486060
vt 0.177149 0.963703
vt 0.525542 0.439877
vt 0.784688 0.171881
vt 0.782099 0.174971
vt 0.779133 0.163874
vt 0.062460 0.362312
vt 0.053410 0.352121
vt 0.067347 0.348575
vt 0.030513 0.348890
vt 0.066078 0.373896
vt 0.084660 0.362070
vt 0.396047 0.329362
vt 0.379402 0.342180
vt 0.393808 0.314578
vt 0.006138 0.527950
vt 0.005623 0.515769
vt 0.009881 0.513433
vt 0.089785 0.268995
vt 0.064967 0.262836
vt 0.085296 0.252187
vt 0.639038 0.268046
vt 0.629340 0.265260
vt 0.547263 0.570848
vt 0.525776 0.571310
vt 0.536335 0.554073
vt 0.707811 0.550704
vt 0.821569 0.285979
vt 0.804378 0.293619
vt 0.804378 0.269246
vt 0.815481 0.271570
vt 0.261657 0.321156
vt 0.278313 0.308160
vt 0.658356 0.278216
vt 0.635848 0.287136
vt 0.631476 0.263352
vt 0.072130 0.249683
vt 0.119709 0.180270
vt 0.528821 0.088817
vt 0.507413 0.088379
vt 0.521226 0.068850
vt 0.052121 0.724287
vt 0.042926 0.744920
vt 0.027264 0.728656
vt 0.036104 0.710096
vt 0.050698 0.700895
vt 0.503482 0.570657
vt 0.514420 0.553617
vt 0.111717 0.673340
vt 0.585370 0.252290
vt 0.563009 0.249791
vt 0.595056 0.236936
vt 0.237914 0.174135
vt 0.223385 0.190830
vt 0.223352 0.069553
vt 0.221448 0.047695
vt 0.664586 0.413796
vt 0.668762 0.438982
vt 0.659300 0.437057
vt 0.090154 0.672760
vt 0.797874 0.568125
vt 0.775838 0.557280
vt 0.793645 0.547691
vt 0.888669 0.620011
vt 0.887655 0.600558
vt 0.889250 0.631194
vt 0.908667 0.600756
vt 0.455961 0.289265
vt 0.431320 0.277044
vt 0.450024 0.269562
vt 0.459433 0.280096
vt 0.245619 0.808957
vt 0.225041 0.808274
vt 0.078075 0.246237
vt 0.111307 0.251448
vt 0.796681 0.784316
vt 0.795972 0.802917
vt 0.632013 0.149561
vt 0.652332 0.143501
vt 0.486373 0.087045
vt 0.499811 0.067739
vt 0.123661 0.469750
vt 0.134327 0.483904
vt 0.112266 0.486653
vt 0.481733 0.809002
vt 0.235195 0.789714
vt 0.569278 0.388644
vt 0.561119 0.374384
vt 0.582555 0.370087
vt 0.608065 0.373581
vt 0.600416 0.389971
vt 0.336263 0.703619
vt 0.343870 0.673992
vt 0.352977 0.691390
vt 0.350101 0.716249
vt 0.222453 0.270967
vt 0.201094 0.260613
vt 0.218700 0.249303
vt 0.130283 0.268475
vt 0.133485 0.247940
vt 0.152883 0.262818
vt 0.439692 0.917365
vt 0.437371 0.937970
vt 0.429518 0.926027
vt 0.415407 0.920350
vt 0.424461 0.904328
vt 0.056509 0.127672
vt 0.146812 0.252246
vt 0.180753 0.873171
vt 0.159994 0.872329
vt 0.449600 0.423507
vt 0.465717 0.437844
vt 0.443418 0.444545
vt 0.426463 0.429694
vt 0.726660 0.626689
vt 0.714281 0.617109
vt 0.724663 0.606884
vt 0.515639 0.316486
vt 0.536100 0.328836
vt 0.516055 0.341446
vt 0.495848 0.329083
vt 0.061624 0.787910
vt 0.048489 0.806537
vt 0.042731 0.784955
vt 0.284011 0.775075
vt 0.291859 0.755712
vt 0.303660 0.775097
vt 0.295821 0.796364
vt 0.422311 0.940586
vt 0.424520 0.961470
vt 0.541620 0.066923
vt 0.549864 0.087207
vt 0.563459 0.067652
vt 0.506690 0.270827
vt 0.528157 0.276845
vt 0.503874 0.291740
vt 0.051385 0.764494
vt 0.091341 0.486481
vt 0.104271 0.468307
vt 0.206102 0.421649
vt 0.222966 0.406808
vt 0.466981 0.382847
vt 0.858191 0.663646
vt 0.878023 0.659576
vt 0.029136 0.606890
vt 0.011715 0.593220
vt 0.029511 0.586298
vt 0.495779 0.189363
vt 0.517525 0.192399
vt 0.515863 0.199829
vt 0.480617 0.207674
vt 0.477322 0.192971
vt 0.711462 0.277847
vt 0.506329 0.212145
vt 0.300796 0.130022
vt 0.283668 0.124219
vt 0.296277 0.110090
vt 0.312902 0.121932
vt 0.585527 0.808705
vt 0.604816 0.814125
vt 0.044694 0.597805
vt 0.493962 0.230398
vt 0.516310 0.234013
vt 0.499822 0.249897
vt 0.286129 0.521575
vt 0.293973 0.521247
vt 0.218234 0.469746
vt 0.228663 0.487571
vt 0.208323 0.490814
vt 0.195844 0.474758
vt 0.231620 0.463763
vt 0.296480 0.936446
vt 0.709752 0.284297
vt 0.731224 0.273656
vt 0.714755 0.304912
vt 0.731224 0.295351
vt 0.059225 0.687838
vt 0.041024 0.684323
vt 0.480514 0.286693
vt 0.143568 0.207625
vt 0.158262 0.221486
vt 0.136921 0.226253
vt 0.753811 0.139125
vt 0.753811 0.163627
vt 0.742481 0.173631
vt 0.459011 0.925292
vt 0.465073 0.907616
vt 0.479977 0.927082
vt 0.463453 0.947301
vt 0.147520 0.130930
vt 0.131879 0.115498
vt 0.582058 0.829649
vt 0.182288 0.550812
vt 0.170136 0.533391
vt 0.057005 0.678111
vt 0.488561 0.490835
vt 0.500109 0.509685
vt 0.479350 0.512624
vt 0.468928 0.494728
vt 0.822111 0.126397
vt 0.839920 0.126397
vt 0.834910 0.146810
vt 0.297037 0.426687
vt 0.294823 0.404295
vt 0.314559 0.402285
vt 0.309634 0.425879
vt 0.003328 0.342620
vt 0.119711 0.869285
vt 0.099689 0.867572
vt 0.523732 0.254632
vt 0.183972 0.133252
vt 0.192585 0.121785
vt 0.031203 0.064261
vt 0.013155 0.052257
vt 0.029136 0.042971
vt 0.966033 0.382451
vt 0.951518 0.367896
vt 0.969033 0.363654
vt 0.981879 0.371606
vt 0.108589 0.849824
vt 0.541197 0.238169
vt 0.244851 0.691674
vt 0.219080 0.692701
vt 0.237198 0.672836
vt 0.345271 0.367422
vt 0.365997 0.376055
vt 0.342121 0.386778
vt 0.789559 0.676210
vt 0.771146 0.666640
vt 0.789393 0.659599
vt 0.766679 0.104896
vt 0.771171 0.130266
vt 0.750937 0.109047
vt 0.776397 0.110402
vt 0.314767 0.168468
vt 0.328645 0.178025
vt 0.295635 0.185012
vt 0.779432 0.835945
vt 0.783131 0.859487
vt 0.904402 0.836911
vt 0.300368 0.045125
vt 0.304941 0.059130
vt 0.556423 0.552166
vt 0.279685 0.426275
vt 0.272236 0.407062
vt 0.377855 0.395100
vt 0.385427 0.369617
vt 0.398154 0.391052
vt 0.331566 0.807241
vt 0.337403 0.783418
vt 0.354030 0.793763
vt 0.353152 0.813662
vt 0.960950 0.717938
vt 0.781690 0.623737
vt 0.091043 0.066446
vt 0.119120 0.832516
vt 0.098652 0.830189
vt 0.304170 0.483261
vt 0.288798 0.491402
vt 0.785858 0.601385
vt 0.713997 0.854771
vt 0.729759 0.837961
vt 0.834371 0.257005
vt 0.824027 0.264417
vt 0.824027 0.249110
vt 0.834530 0.252462
vt 0.883900 0.906076
vt 0.901455 0.915876
vt 0.887541 0.928728
vt 0.041362 0.870222
vt 0.045761 0.848096
vt 0.060163 0.864597
vt 0.435265 0.340344
vt 0.416298 0.330311
vt 0.446355 0.320327
vt 0.967191 0.908162
vt 0.985397 0.915875
vt 0.966675 0.928850
vt 0.950527 0.920348
vt 0.061547 0.940242
vt 0.040733 0.937187
vt 0.401428 0.516616
vt 0.385007 0.507340
vt 0.396145 0.491209
vt 0.415006 0.499648
vt 0.470928 0.322732
vt 0.454515 0.344474
vt 0.402436 0.938230
vt 0.405292 0.922188
vt 0.409848 0.936207
vt 0.301493 0.229068
vt 0.272947 0.225970
vt 0.295007 0.209315
vt 0.661776 0.200614
vt 0.659513 0.187114
vt 0.654599 0.185899
vt 0.016999 0.182676
vt 0.006309 0.179349
vt 0.008552 0.165847
vt 0.312330 0.100538
vt 0.325329 0.113188
vt 0.194374 0.787581
vt 0.096624 0.391122
vt 0.106558 0.410403
vt 0.085614 0.409672
vt 0.073874 0.392315
vt 0.490315 0.308367
vt 0.278382 0.205115
vt 0.290451 0.195810
vt 0.473121 0.181288
vt 0.460058 0.203516
vt 0.049850 0.518576
vt 0.070914 0.524633
vt 0.688876 0.845567
vt 0.679782 0.836851
vt 0.687657 0.826934
vt 0.045667 0.029540
vt 0.070033 0.991940
vt 0.983740 0.391509
vt 0.946025 0.452137
vt 0.541381 0.307615
vt 0.561199 0.312570
vt 0.194332 0.825229
vt 0.920939 0.578436
vt 0.903895 0.562991
vt 0.934839 0.577154
vt 0.942136 0.584843
vt 0.878487 0.636523
vt 0.194099 0.749677
vt 0.037820 0.242062
vt 0.043383 0.265539
vt 0.059132 0.245371
vt 0.786959 0.102257
vt 0.780053 0.110926
vt 0.779600 0.091465
vt 0.813389 0.813084
vt 0.235192 0.032304
vt 0.835997 0.940661
vt 0.686427 0.515814
vt 0.797321 0.634861
vt 0.342197 0.758838
vt 0.346051 0.736368
vt 0.362361 0.748138
vt 0.358068 0.770809
vt 0.276634 0.158929
vt 0.282039 0.175349
vt 0.270866 0.181807
vt 0.259108 0.168296
vt 0.296175 0.163303
vt 0.893997 0.870819
vt 0.764534 0.188107
vt 0.787690 0.193393
vt 0.669351 0.114588
vt 0.684615 0.125070
vt 0.669349 0.134325
vt 0.070902 0.579234
vt 0.082993 0.594190
vt 0.062096 0.596315
vt 0.620213 0.475516
vt 0.821569 0.025137
vt 0.821569 0.049407
vt 0.803256 0.045098
vt 0.398999 0.288280
vt 0.388412 0.269205
vt 0.410395 0.264710
vt 0.789064 0.161587
vt 0.796588 0.169453
vt 0.789064 0.187747
vt 0.776841 0.811320
vt 0.185175 0.730151
vt 0.255450 0.828178
vt 0.295886 0.834498
vt 0.312563 0.850152
vt 0.462831 0.305644
vt 0.762918 0.812985
vt 0.798983 0.000686
vt 0.797250 0.011994
vt 0.788421 0.014247
vt 0.303501 0.292285
vt 0.303501 0.306324
vt 0.301451 0.300653
vt 0.917823 0.925160
vt 0.906045 0.941415
vt 0.070085 0.957344
vt 0.115195 0.520630
vt 0.128137 0.537002
vt 0.106987 0.538543
vt 0.093183 0.522420
vt 0.923378 0.786342
vt 0.947417 0.794026
vt 0.935953 0.810815
vt 0.798360 0.388908
vt 0.787496 0.370141
vt 0.809618 0.370080
vt 0.820338 0.388914
vt 0.128977 0.851806
vt 0.320673 0.951448
vt 0.428069 0.310081
vt 0.404464 0.309785
vt 0.414753 0.305058
vt 0.013658 0.047995
vt 0.684484 0.143713
vt 0.910296 0.800775
vt 0.830039 0.110820
vt 0.815764 0.134105
vt 0.809728 0.110820
vt 0.824978 0.133395
vt 0.713452 0.240801
vt 0.731224 0.234435
vt 0.731224 0.255505
vt 0.772935 0.938226
vt 0.755005 0.931841
vt 0.069021 0.808315
vt 0.058537 0.827655
vt 0.788564 0.448674
vt 0.855954 0.684079
vt 0.839362 0.670721
vt 0.737222 0.925029
vt 0.721124 0.939679
vt 0.669414 0.154281
vt 0.831633 0.370154
vt 0.842117 0.389002
vt 0.623055 0.564120
vt 0.605155 0.553975
vt 0.622518 0.542916
vt 0.639523 0.553084
vt 0.748861 0.498973
vt 0.728641 0.514665
vt 0.560356 0.227148
vt 0.008470 0.431959
vt 0.000985 0.410068
vt 0.008470 0.404647
vt 0.785002 0.206609
vt 0.766392 0.223038
vt 0.766450 0.204497
vt 0.289059 0.043731
vt 0.290047 0.031854
vt 0.313550 0.034191
vt 0.801508 0.869435
vt 0.312755 0.917315
vt 0.291957 0.918112
vt 0.065055 0.309509
vt 0.055586 0.286421
vt 0.075224 0.290351
vt 0.793336 0.119989
vt 0.777017 0.119989
vt 0.064408 0.408136
vt 0.870176 0.940298
vt 0.646527 0.376905
vt 0.633154 0.367897
vt 0.646527 0.361634
vt 0.776470 0.389275
vt 0.765059 0.371210
vt 0.749635 0.449871
vt 0.736686 0.433009
vt 0.040382 0.156142
vt 0.056547 0.153451
vt 0.029103 0.454258
vt 0.048012 0.460900
vt 0.829640 0.751863
vt 0.812131 0.768120
vt 0.796784 0.774068
vt 0.333145 0.077640
vt 0.331137 0.065074
vt 0.333145 0.050732
vt 0.036910 0.169757
vt 0.017327 0.162058
vt 0.807365 0.217391
vt 0.812823 0.209576
vt 0.815922 0.217391
vt 0.837561 0.868271
vt 0.417449 0.053698
vt 0.437897 0.061337
vt 0.432745 0.565557
vt 0.425691 0.543960
vt 0.448079 0.547864
vt 0.527425 0.477936
vt 0.540075 0.495697
vt 0.519613 0.496670
vt 0.506686 0.483622
vt 0.785350 0.096857
vt 0.801639 0.080801
vt 0.804629 0.103049
vt 0.257606 0.901650
vt 0.744681 0.174585
vt 0.762280 0.187936
vt 0.744426 0.196217
vt 0.762261 0.183747
vt 0.871244 0.732096
vt 0.860409 0.715125
vt 0.885468 0.716079
vt 0.442395 0.795792
vt 0.428927 0.812751
vt 0.423084 0.783005
vt 0.437811 0.777338
vt 0.117820 0.099453
vt 0.113350 0.120631
vt 0.099390 0.104898
vt 0.684963 0.944515
vt 0.729719 0.453713
vt 0.713982 0.437497
vt 0.851603 0.520490
vt 0.832634 0.508152
vt 0.852408 0.500510
vt 0.871220 0.513257
vt 0.571056 0.434482
vt 0.547132 0.435728
vt 0.562552 0.415057
vt 0.537045 0.418075
vt 0.249227 0.335979
vt 0.409527 0.862944
vt 0.399233 0.881567
vt 0.549629 0.940671
vt 0.772018 0.689544
vt 0.735590 0.224027
vt 0.753811 0.244455
vt 0.732718 0.245624
vt 0.447475 0.849883
vt 0.434869 0.870412
vt 0.424982 0.849396
vt 0.441472 0.831495
vt 0.436042 0.196111
vt 0.451862 0.181124
vt 0.512748 0.049830
vt 0.669353 0.076963
vt 0.669323 0.059366
vt 0.684623 0.066751
vt 0.684641 0.086777
vt 0.129973 0.741625
vt 0.105707 0.729555
vt 0.123935 0.722749
vt 0.908269 0.517840
vt 0.660476 0.279503
vt 0.744170 0.637388
vt 0.837528 0.716818
vt 0.826515 0.732747
vt 0.557213 0.588565
vt 0.260909 0.202629
vt 0.256222 0.227127
vt 0.721113 0.121197
vt 0.720216 0.100968
vt 0.734048 0.096449
vt 0.714840 0.097542
vt 0.119039 0.390612
vt 0.473298 0.999126
vt 0.474022 0.977334
vt 0.490999 0.991741
vt 0.274434 0.090479
vt 0.289854 0.097491
vt 0.276077 0.104819
vt 0.586264 0.068291
vt 0.596811 0.049598
vt 0.617095 0.048874
vt 0.749699 0.038788
vt 0.927081 0.390977
vt 0.914747 0.371303
vt 0.933530 0.370825
vt 0.946747 0.388455
vt 0.905907 0.389923
vt 0.767664 0.873470
vt 0.744218 0.769058
vt 0.731195 0.753561
vt 0.746602 0.748715
vt 0.747526 0.755915
vt 0.765185 0.765535
vt 0.656376 0.175460
vt 0.666289 0.177632
vt 0.327498 0.088939
vt 0.327498 0.118577
vt 0.324128 0.099187
vt 0.662822 0.175243
vt 0.661107 0.172993
vt 0.747669 0.678052
vt 0.048984 0.578215
vt 0.812071 0.519874
vt 0.131315 0.888609
vt 0.455094 0.122386
vt 0.477817 0.126108
vt 0.460719 0.142595
vt 0.359534 0.051291
vt 0.364044 0.073032
vt 0.354560 0.063434
vt 0.339281 0.070803
vt 0.381131 0.060610
vt 0.530773 0.218803
vt 0.518193 0.209438
vt 0.530773 0.190666
vt 0.684599 0.105084
vt 0.884970 0.390040
vt 0.874482 0.371004
vt 0.894871 0.371066
vt 0.863411 0.389424
vt 0.437288 0.139414
vt 0.194631 0.860965
vt 0.665657 0.560894
vt 0.686635 0.563181
vt 0.666131 0.581774
vt 0.258073 0.673168
vt 0.014550 0.333562
vt 0.029029 0.340914
vt 0.386796 0.714886
vt 0.397014 0.694296
vt 0.407274 0.715474
vt 0.407630 0.734662
vt 0.524877 0.699570
vt 0.526787 0.683448
vt 0.547424 0.688170
vt 0.910310 0.452801
vt 0.001763 0.156378
vt 0.006938 0.151729
vt 0.023998 0.097402
vt 0.022111 0.093614
vt 0.023998 0.091201
vt 0.548515 0.810866
vt 0.546024 0.788779
vt 0.801850 0.942031
vt 0.532740 0.671105
vt 0.547017 0.476268
vt 0.388345 0.413394
vt 0.405030 0.431300
vt 0.022431 0.151398
vt 0.068854 0.712536
vt 0.065131 0.742800
vt 0.641330 0.121277
vt 0.726346 0.231190
vt 0.620168 0.935090
vt 0.669334 0.095254
vt 0.546118 0.206732
vt 0.534776 0.187976
vt 0.555384 0.183205
vt 0.074931 0.728098
vt 0.130877 0.816301
vt 0.943101 0.517955
vt 0.191261 0.334257
vt 0.170383 0.335393
vt 0.136758 0.518842
vt 0.543431 0.709414
vt 0.622043 0.971188
vt 0.612541 0.986431
vt 0.743443 0.369649
vt 0.754579 0.390637
vt 0.745311 0.382428
vt 0.732699 0.385830
vt 0.149299 0.535425
vt 0.546129 0.767833
vt 0.528874 0.775886
vt 0.784177 0.037995
vt 0.778634 0.056326
vt 0.768407 0.032675
vt 0.033613 0.329502
vt 0.146755 0.284200
vt 0.331904 0.263395
vt 0.354278 0.255775
vt 0.531786 0.221201
vt 0.543022 0.729449
vt 0.523620 0.718809
vt 0.451459 0.484526
vt 0.456616 0.510161
vt 0.247370 0.410779
vt 0.237753 0.392677
vt 0.288473 0.733508
vt 0.294822 0.709515
vt 0.308298 0.728457
vt 0.308597 0.750730
vt 0.771041 0.707611
vt 0.771679 0.727790
vt 0.351257 0.316205
vt 0.351257 0.290865
vt 0.367024 0.303627
vt 0.436988 0.504457
vt 0.594203 0.990045
vt 0.981905 0.934246
vt 0.695121 0.447986
vt 0.676091 0.433585
vt 0.692244 0.426555
vt 0.429683 0.484608
vt 0.701899 0.578133
vt 0.880462 0.691537
vt 0.471080 0.265572
vt 0.488159 0.264532
vt 0.486385 0.952071
vt 0.471915 0.965733
vt 0.475372 0.950920
vt 0.261415 0.119186
vt 0.305475 0.378290
vt 0.329735 0.359700
vt 0.749580 0.069170
vt 0.719058 0.368316
vt 0.718755 0.381964
vt 0.874812 0.446495
vt 0.864054 0.427219
vt 0.933183 0.910416
vt 0.935325 0.931424
vt 0.723453 0.042349
vt 0.731224 0.005855
vt 0.731224 0.031712
vt 0.378986 0.294570
vt 0.850887 0.797355
vt 0.865014 0.793722
vt 0.849992 0.809916
vt 0.694134 0.845692
vt 0.696950 0.866738
vt 0.780642 0.193553
vt 0.787690 0.223038
vt 0.966861 0.634737
vt 0.956189 0.626993
vt 0.964834 0.617298
vt 0.669562 0.251196
vt 0.669539 0.232769
vt 0.684564 0.240955
vt 0.684543 0.259121
vt 0.067439 0.846418
vt 0.589250 0.542867
vt 0.189864 0.891228
vt 0.830039 0.206029
vt 0.824399 0.228684
vt 0.813419 0.206029
vt 0.338509 0.381515
vt 0.335968 0.237154
vt 0.325640 0.236990
vt 0.335968 0.203521
vt 0.328732 0.394615
vt 0.749593 0.727698
vt 0.731131 0.711292
vt 0.751361 0.712606
vt 0.658156 0.773353
vt 0.665439 0.771811
vt 0.674740 0.845567
vt 0.823846 0.223523
vt 0.670171 0.268826
vt 0.684543 0.277358
vt 0.190416 0.947231
vt 0.168321 0.944254
vt 0.987120 0.616162
vt 0.931858 0.729698
vt 0.925100 0.723734
vt 0.929862 0.710881
vt 0.174520 0.740636
vt 0.164834 0.726975
vt 0.177984 0.709902
vt 0.608211 0.361136
vt 0.629240 0.374139
vt 0.634329 0.356687
vt 0.527365 0.606522
vt 0.909611 0.719007
vt 0.950776 0.727765
vt 0.106378 0.162716
vt 0.097781 0.179446
vt 0.091185 0.165339
vt 0.564885 0.127772
vt 0.576994 0.147083
vt 0.609819 0.867137
vt 0.518197 0.624352
vt 0.497533 0.623699
vt 0.505936 0.605780
vt 0.834295 0.485873
vt 0.236061 0.958362
vt 0.255948 0.956509
vt 0.473237 0.361521
vt 0.830329 0.000855
vt 0.848390 0.000855
vt 0.841899 0.017817
vt 0.833641 0.021174
vt 0.133364 0.039802
vt 0.150194 0.056459
vt 0.250025 0.584892
vt 0.213658 0.228879
vt 0.194415 0.220223
vt 0.206772 0.205160
vt 0.225064 0.213045
vt 0.288715 0.173770
vt 0.522793 0.738479
vt 0.543011 0.749045
vt 0.753595 0.910234
vt 0.261807 0.602936
vt 0.086134 0.540422
vt 0.066473 0.544371
vt 0.859446 0.576560
vt 0.869604 0.556566
vt 0.881520 0.574841
vt 0.523578 0.757697
vt 0.112869 0.706423
vt 0.302161 0.462483
vt 0.327528 0.477594
vt 0.329049 0.466145
vt 0.888134 0.550255
vt 0.485902 0.768201
vt 0.473774 0.786086
vt 0.473603 0.416660
vt 0.350082 0.909183
vt 0.352160 0.889437
vt 0.361447 0.909462
vt 0.343784 0.929841
vt 0.684592 0.182916
vt 0.669396 0.174265
vt 0.684514 0.164034
vt 0.009881 0.501758
vt 0.000861 0.511429
vt 0.392547 0.795749
vt 0.406740 0.812877
vt 0.422735 0.760239
vt 0.427844 0.740669
vt 0.444632 0.755575
vt 0.125684 0.686482
vt 0.102185 0.690693
vt 0.008499 0.392227
vt 0.659903 0.413575
vt 0.108791 0.349911
vt 0.127828 0.336476
vt 0.175078 0.254227
vt 0.195723 0.241684
vt 0.271089 0.582638
vt 0.757457 0.746042
vt 0.545344 0.870162
vt 0.533006 0.888185
vt 0.170484 0.036862
vt 0.151980 0.037771
vt 0.669436 0.193956
vt 0.740882 0.099039
vt 0.748164 0.110254
vt 0.371548 0.482710
vt 0.256387 0.710806
vt 0.559602 0.359175
vt 0.231841 0.978814
vt 0.254971 0.974974
vt 0.530374 0.197669
vt 0.853388 0.370381
vt 0.986171 0.450872
vt 0.129386 0.993969
vt 0.770227 0.514860
vt 0.328499 0.049102
vt 0.242056 0.992364
vt 0.349543 0.864993
vt 0.363335 0.883736
vt 0.431305 0.949227
vt 0.444990 0.955305
vt 0.203377 0.456406
vt 0.363610 0.181231
vt 0.369101 0.199830
vt 0.351543 0.209428
vt 0.339328 0.199771
vt 0.205589 0.105470
vt 0.656998 0.560623
vt 0.656918 0.541865
vt 0.011674 0.520471
vt 0.155387 0.241882
vt 0.182701 0.458224
vt 0.964652 0.549653
vt 0.985329 0.563593
vt 0.964719 0.573750
vt 0.406638 0.775227
vt 0.256108 0.791251
vt 0.593556 0.671449
vt 0.609740 0.669518
vt 0.610247 0.687669
vt 0.684575 0.202046
vt 0.684526 0.221552
vt 0.669491 0.213484
vt 0.476709 0.623266
vt 0.455419 0.623290
vt 0.463426 0.604331
vt 0.484456 0.604918
vt 0.855069 0.446908
vt 0.140701 0.459306
vt 0.152961 0.478469
vt 0.285215 0.817149
vt 0.308348 0.815013
vt 0.085162 0.279776
vt 0.428202 0.827766
vt 0.425689 0.837568
vt 0.590370 0.354067
vt 0.934127 0.751877
vt 0.913559 0.764892
vt 0.004235 0.808864
vt 0.001777 0.797646
vt 0.004235 0.786793
vt 0.651905 0.210561
vt 0.666290 0.198179
vt 0.666290 0.227272
vt 0.206589 0.037970
vt 0.586415 0.125188
vt 0.467988 0.892778
vt 0.478262 0.870821
vt 0.487105 0.893874
vt 0.779220 0.160926
vt 0.759502 0.140519
vt 0.778501 0.144105
vt 0.488819 0.852480
vt 0.545422 0.905264
vt 0.308992 0.535479
vt 0.303833 0.519494
vt 0.765956 0.158615
vt 0.174115 0.477302
vt 0.161625 0.459467
vt 0.087178 0.338885
vt 0.248070 0.522582
vt 0.611881 0.903264
vt 0.442957 0.605297
vt 0.571678 0.086869
vt 0.557548 0.335119
vt 0.552061 0.288057
vt 0.547496 0.266060
vt 0.337380 0.401861
vt 0.337380 0.434782
vt 0.327114 0.418958
vt 0.465795 0.218290
vt 0.477117 0.219695
vt 0.842743 0.170807
vt 0.742763 0.408496
vt 0.766267 0.408513
vt 0.152362 0.743976
vt 0.143889 0.724757
vt 0.154776 0.707090
vt 0.730825 0.535538
vt 0.752761 0.543555
vt 0.744261 0.596124
vt 0.168193 0.317107
vt 0.147799 0.325673
vt 0.725481 0.773030
vt 0.832736 0.824424
vt 0.852093 0.831534
vt 0.702901 0.888612
vt 0.719288 0.896290
vt 0.684602 0.904513
vt 0.379747 0.528458
vt 0.215318 0.972109
vt 0.700818 0.760725
vt 0.689814 0.756418
vt 0.700483 0.750511
vt 0.529598 0.643209
vt 0.510156 0.642806
vt 0.788499 0.407887
vt 0.224596 0.770296
vt 0.214740 0.750806
vt 0.197034 0.380077
vt 0.177175 0.374484
vt 0.540381 0.341612
vt 0.536225 0.352972
vt 0.211882 0.948723
vt 0.451718 0.811370
vt 0.509078 0.854549
vt 0.510185 0.890642
vt 0.499476 0.873278
vt 0.471490 0.105385
vt 0.449509 0.102011
vt 0.452233 0.642315
vt 0.434096 0.644606
vt 0.415525 0.641290
vt 0.759984 0.031056
vt 0.768015 0.001575
vt 0.776757 0.017404
vt 0.367917 0.826138
vt 0.374189 0.804821
vt 0.407177 0.672322
vt 0.422529 0.670860
vt 0.774763 0.015462
vt 0.784866 0.031056
vt 0.696811 0.821222
vt 0.710691 0.836245
vt 0.322187 0.768143
vt 0.326645 0.744853
vt 0.123030 0.078506
vt 0.104143 0.083253
vt 0.781638 0.165161
vt 0.790802 0.138590
vt 0.798983 0.150248
vt 0.711603 0.349673
vt 0.692723 0.347909
vt 0.672814 0.359578
vt 0.639613 0.574408
vt 0.623367 0.585860
vt 0.607131 0.574413
vt 0.091844 0.709540
vt 0.079479 0.691901
vt 0.238872 0.372794
vt 0.495894 0.352242
vt 0.475928 0.341192
vt 0.363862 0.249284
vt 0.341981 0.248432
vt 0.351260 0.233439
vt 0.503100 0.749628
vt 0.504035 0.727788
vt 0.931507 0.888611
vt 0.949480 0.898138
vt 0.915786 0.901849
vt 0.733277 0.351467
vt 0.355649 0.520203
vt 0.925710 0.531195
vt 0.943984 0.541071
vt 0.907451 0.540790
vt 0.964647 0.603002
vt 0.335329 0.770252
vt 0.454973 0.909987
vt 0.448217 0.894768
vt 0.831514 0.407728
vt 0.852869 0.408083
vt 0.219207 0.999434
vt 0.291261 0.317123
vt 0.286432 0.331025
vt 0.415465 0.829860
vt 0.413489 0.796436
vt 0.458869 0.912894
vt 0.515608 0.172947
vt 0.492072 0.167644
vt 0.658586 0.089146
vt 0.637095 0.100040
vt 0.615219 0.090757
vt 0.568245 0.643801
vt 0.549049 0.643639
vt 0.718542 0.136991
vt 0.713482 0.137807
vt 0.273968 0.752456
vt 0.417760 0.352087
vt 0.397655 0.351804
vt 0.176227 0.233354
vt 0.809872 0.408042
vt 0.705400 0.112705
vt 0.706838 0.104637
vt 0.540519 0.167503
vt 0.282074 0.080015
vt 0.262577 0.078552
vt 0.587096 0.644806
vt 0.001825 0.214627
vt 0.014347 0.228365
vt 0.001825 0.233625
vt 0.480529 0.452457
vt 0.458704 0.460231
vt 0.725160 0.175564
vt 0.730719 0.196203
vt 0.715373 0.190926
vt 0.273885 0.919717
vt 0.280645 0.898156
vt 0.331825 0.977421
vt 0.331982 0.959990
vt 0.731561 0.732947
vt 0.718469 0.739431
vt 0.656880 0.522715
vt 0.186596 0.196307
vt 0.162741 0.199192
vt 0.089900 0.149420
vt 0.108781 0.141500
vt 0.565508 0.798026
vt 0.566803 0.817603
vt 0.501391 0.833825
vt 0.215274 0.863685
vt 0.221663 0.886549
vt 0.946760 0.596003
vt 0.244075 0.280364
vt 0.104767 0.197940
vt 0.126792 0.199324
vt 0.215382 0.826568
vt 0.564756 0.955894
vt 0.572988 0.937987
vt 0.578759 0.972192
vt 0.470850 0.585848
vt 0.448895 0.584913
vt 0.030114 0.491276
vt 0.011683 0.501328
vt 0.535219 0.457455
vt 0.428133 0.096860
vt 0.471355 0.642171
vt 0.896482 0.409051
vt 0.917448 0.408046
vt 0.588306 0.523288
vt 0.555698 0.455749
vt 0.358443 0.396497
vt 0.734048 0.139751
vt 0.939941 0.768190
vt 0.958001 0.776350
vt 0.290007 0.144156
vt 0.592251 0.440236
vt 0.577099 0.443949
vt 0.506348 0.771515
vt 0.568951 0.869847
vt 0.027890 0.805492
vt 0.040021 0.826352
vt 0.942860 0.408622
vt 0.154863 0.957880
vt 0.144995 0.941133
vt 0.156410 0.925997
vt 0.268897 0.139150
vt 0.577853 0.457175
vt 0.320097 0.830952
vt 0.342821 0.830288
vt 0.335956 0.848064
vt 0.384879 0.969901
vt 0.393457 0.962552
vt 0.707669 0.240269
vt 0.688664 0.249679
vt 0.713815 0.231107
vt 0.663466 0.051042
vt 0.663466 0.081875
vt 0.654514 0.069102
vt 0.504123 0.707270
vt 0.872733 0.699425
vt 0.258838 0.563794
vt 0.854565 0.481022
vt 0.869240 0.467384
vt 0.133507 0.436459
vt 0.113828 0.432051
vt 0.270562 0.692948
vt 0.291120 0.688517
vt 0.276341 0.713799
vt 0.251755 0.622588
vt 0.252174 0.609809
vt 0.846799 0.700193
vt 0.858516 0.772989
vt 0.879373 0.775792
vt 0.571411 0.169851
vt 0.593979 0.166368
vt 0.142979 0.075021
vt 0.870920 0.534891
vt 0.274700 0.125828
vt 0.392058 0.106301
vt 0.372398 0.096655
vt 0.755352 0.351750
vt 0.088162 0.847995
vt 0.151280 0.890033
vt 0.851327 0.539905
vt 0.328043 0.686864
vt 0.899369 0.700582
vt 0.035694 0.127614
vt 0.569136 0.903973
vt 0.273746 0.622496
vt 0.319299 0.485176
vt 0.327953 0.495944
vt 0.214632 0.788967
vt 0.138289 0.376184
vt 0.119604 0.368386
vt 0.391480 0.341028
vt 0.373144 0.783697
vt 0.305314 0.502397
vt 0.916960 0.822421
vt 0.939831 0.832585
vt 0.241765 0.077953
vt 0.028399 0.957514
vt 0.428405 0.587455
vt 0.736274 0.903345
vt 0.751851 0.888124
vt 0.615876 0.382336
vt 0.793263 0.697559
vt 0.974213 0.829207
vt 0.844155 0.036086
vt 0.825464 0.046584
vt 0.827285 0.027072
vt 0.952942 0.831720
vt 0.769421 0.895586
vt 0.411562 0.576875
vt 0.338993 0.639868
vt 0.359831 0.646567
vt 0.318663 0.498342
vt 0.047892 0.498475
vt 0.795647 0.824458
vt 0.072300 0.072634
vt 0.049110 0.075722
vt 0.490764 0.642360
vt 0.985966 0.411334
vt 0.089862 0.994030
vt 0.335148 0.911080
vt 0.347229 0.895216
vt 0.620165 0.453771
vt 0.602074 0.462767
vt 0.339098 0.886666
vt 0.665878 0.710762
vt 0.678844 0.723450
vt 0.672877 0.724039
vt 0.467078 0.162116
vt 0.124678 0.502459
vt 0.145719 0.499934
vt 0.216777 0.712993
vt 0.441281 0.296834
vt 0.418298 0.290643
vt 0.849386 0.735202
vt 0.192901 0.438133
vt 0.085350 0.750007
vt 0.085660 0.727739
vt 0.442345 0.527117
vt 0.421761 0.521959
vt 0.360458 0.464644
vt 0.340919 0.454314
vt 0.702522 0.770561
vt 0.029719 0.084644
vt 0.009331 0.067915
vt 0.606632 0.642267
vt 0.092101 0.921886
vt 0.080845 0.903526
vt 0.091625 0.885631
vt 0.103202 0.504394
vt 0.379352 0.455913
vt 0.027071 0.364330
vt 0.049273 0.366600
vt 0.043306 0.384488
vt 0.010772 0.371655
vt 0.770070 0.247074
vt 0.777989 0.252684
vt 0.755746 0.257777
vt 0.041167 0.358667
vt 0.205423 0.281982
vt 0.185356 0.271666
vt 0.090736 0.957067
vt 0.081544 0.939710
vt 0.446025 0.730670
vt 0.451746 0.709076
vt 0.494938 0.812939
vt 0.511105 0.798517
vt 0.563448 0.721746
vt 0.562175 0.703670
vt 0.572118 0.689811
vt 0.329635 0.617967
vt 0.321644 0.611268
vt 0.446480 0.683298
vt 0.449525 0.663898
vt 0.082835 0.505147
vt 0.278933 0.673297
vt 0.292583 0.667437
vt 0.296783 0.675131
vt 0.070658 0.323457
vt 0.052123 0.330438
vt 0.600022 0.107611
vt 0.578284 0.106184
vt 0.593887 0.087357
vt 0.656456 0.223364
vt 0.639079 0.214044
vt 0.812822 0.051803
vt 0.830039 0.051803
vt 0.825909 0.074816
vt 0.618005 0.163486
vt 0.615420 0.179274
vt 0.600227 0.155793
vt 0.187076 0.624140
vt 0.207860 0.623725
vt 0.215803 0.568080
vt 0.236717 0.569071
vt 0.509531 0.531779
vt 0.487201 0.531514
vt 0.519036 0.514642
vt 0.149589 0.853768
vt 0.140180 0.835105
vt 0.626459 0.165554
vt 0.642125 0.165734
vt 0.966775 0.887355
vt 0.985511 0.897053
vt 0.166811 0.624689
vt 0.088940 0.809798
vt 0.080896 0.788009
vt 0.094432 0.769577
vt 0.152140 0.818976
vt 0.831260 0.209432
vt 0.842743 0.207674
vt 0.838798 0.221872
vt 0.051508 0.358469
vt 0.848967 0.651720
vt 0.861514 0.644524
vt 0.837560 0.650520
vt 0.146557 0.625104
vt 0.461237 0.841734
vt 0.651334 0.127449
vt 0.666289 0.132074
vt 0.658054 0.152456
vt 0.417573 0.156133
vt 0.401343 0.174012
vt 0.371754 0.168179
vt 0.360166 0.156966
vt 0.803536 0.891852
vt 0.820108 0.879731
vt 0.832703 0.895138
vt 0.463776 0.868357
vt 0.453502 0.871539
vt 0.515359 0.588474
vt 0.493090 0.587398
vt 0.147529 0.992914
vt 0.141883 0.973688
vt 0.205837 0.844023
vt 0.844217 0.592111
vt 0.867674 0.594434
vt 0.837014 0.617590
vt 0.278371 0.886344
vt 0.143672 0.150590
vt 0.128112 0.135916
vt 0.686650 0.181300
vt 0.708248 0.186256
vt 0.686650 0.217991
vt 0.330446 0.017324
vt 0.331391 0.003278
vt 0.346635 0.001880
vt 0.126332 0.625761
vt 0.536932 0.588834
vt 0.266150 0.883250
vt 0.270264 0.860572
vt 0.229460 0.331223
vt 0.316922 0.792741
vt 0.324319 0.782403
vt 0.790967 0.074816
vt 0.788696 0.064126
vt 0.804629 0.071470
vt 0.846978 0.049160
vt 0.830264 0.066347
vt 0.833350 0.054308
vt 0.656148 0.242462
vt 0.665259 0.243070
vt 0.662694 0.248872
vt 0.394358 0.895552
vt 0.393022 0.909262
vt 0.379647 0.901989
vt 0.960129 0.741169
vt 0.967062 0.747891
vt 0.960475 0.757372
vt 0.572164 0.734865
vt 0.759457 0.247100
vt 0.735327 0.261960
vt 0.732950 0.247100
vt 0.665217 0.339256
vt 0.676259 0.344086
vt 0.665217 0.354319
vt 0.021607 0.702181
vt 0.812322 0.540793
vt 0.831630 0.529161
vt 0.908903 0.473843
vt 0.928082 0.463891
vt 0.946166 0.474117
vt 0.482790 0.395808
vt 0.457829 0.403124
vt 0.934233 0.740800
vt 0.941577 0.743553
vt 0.312550 0.147110
vt 0.211715 0.321112
vt 0.979854 0.744143
vt 0.815922 0.153676
vt 0.833767 0.771885
vt 0.840315 0.053360
vt 0.316950 0.136663
vt 0.638179 0.463357
vt 0.313635 0.133636
vt 0.023300 0.786655
vt 0.028770 0.767419
vt 0.194820 0.568628
vt 0.964369 0.462736
vt 0.985239 0.469029
vt 0.683731 0.403872
vt 0.704982 0.414142
vt 0.143714 0.907541
vt 0.286591 0.260565
vt 0.303084 0.281020
vt 0.279374 0.284710
vt 0.818746 0.245624
vt 0.804411 0.226295
vt 0.818746 0.221144
vt 0.810808 0.229257
vt 0.796166 0.234977
vt 0.251345 0.184256
vt 0.495657 0.912218
vt 0.564858 0.778469
vt 0.310003 0.625781
vt 0.293430 0.616731
vt 0.080548 0.559860
vt 0.062271 0.563471
vt 0.281647 0.385874
vt 0.024934 0.861909
vt 0.874283 0.408063
vt 0.064612 0.505227
vt 0.708570 0.528932
vt 0.719566 0.538067
vt 0.687225 0.538982
vt 0.046566 0.556391
vt 0.431374 0.995111
vt 0.438184 0.998903
vt 0.073879 0.136972
vt 0.493217 0.108006
vt 0.229300 0.623099
vt 0.564500 0.759034
vt 0.562576 0.740463
vt 0.802318 0.464404
vt 0.814647 0.480419
vt 0.514910 0.461889
vt 0.272379 0.838600
vt 0.892684 0.646737
vt 0.915153 0.650069
vt 0.782541 0.472089
vt 0.943128 0.349916
vt 0.962512 0.347425
vt 0.142998 0.799759
vt 0.154389 0.782939
vt 0.173332 0.440498
vt 0.165917 0.423022
vt 0.033485 0.220874
vt 0.020154 0.226396
vt 0.824764 0.463829
vt 0.845207 0.464351
vt 0.029258 0.434497
vt 0.011527 0.428626
vt 0.050874 0.424508
vt 0.806467 0.256698
vt 0.006330 0.217096
vt 0.025812 0.843124
vt 0.677583 0.354169
vt 0.724097 0.256078
vt 0.715298 0.265245
vt 0.715298 0.250832
vt 0.593217 0.586165
vt 0.576400 0.588000
vt 0.865699 0.896456
vt 0.879510 0.883505
vt 0.339789 0.346877
vt 0.748347 0.740959
vt 0.083934 0.192787
vt 0.216275 0.148973
vt 0.196487 0.146219
vt 0.898086 0.892649
vt 0.328402 0.325081
vt 0.308342 0.325570
vt 0.326997 0.307549
vt 0.023476 0.748904
vt 0.143647 0.761269
vt 0.889756 0.527263
vt 0.266843 0.732418
vt 0.656927 0.449987
vt 0.724180 0.690806
vt 0.748257 0.697004
vt 0.164033 0.145086
vt 0.557057 0.107484
vt 0.282071 0.566521
vt 0.296301 0.550520
vt 0.238241 0.505749
vt 0.219411 0.509393
vt 0.152655 0.440627
vt 0.704998 0.598295
vt 0.381212 0.879783
vt 0.368077 0.859304
vt 0.001013 0.622773
vt 0.004235 0.628626
vt 0.000822 0.634066
vt 0.443972 0.216001
vt 0.065575 0.136675
vt 0.055862 0.142755
vt 0.031797 0.139678
vt 0.044770 0.132559
vt 0.847645 0.886257
vt 0.704625 0.136145
vt 0.728401 0.147204
vt 0.706400 0.160391
vt 0.321819 0.993210
vt 0.330595 0.982533
vt 0.964331 0.655378
vt 0.986718 0.643371
vt 0.368070 0.916766
vt 0.386849 0.921468
vt 0.367811 0.935374
vt 0.381007 0.934120
vt 0.389703 0.941668
vt 0.740411 0.817975
vt 0.760959 0.826345
vt 0.536121 0.109151
vt 0.354581 0.089236
vt 0.352962 0.557323
vt 0.344522 0.578570
vt 0.328501 0.723870
vt 0.525710 0.785379
vt 0.117532 0.231986
vt 0.114012 0.214843
vt 0.442746 0.159761
vt 0.329323 0.064383
vt 0.421598 0.451966
vt 0.830264 0.045964
vt 0.641569 0.242409
vt 0.340734 0.087940
vt 0.338481 0.086097
vt 0.992249 0.540681
vt 0.101228 0.372178
vt 0.738428 0.485763
vt 0.762153 0.482451
vt 0.745384 0.472644
vt 0.838508 0.269621
vt 0.833800 0.263752
vt 0.354337 0.144137
vt 0.782043 0.091756
vt 0.764353 0.069391
vt 0.782043 0.062346
vt 0.072695 0.426848
vt 0.395701 0.638189
vt 0.401523 0.610661
vt 0.620651 0.345163
vt 0.922596 0.691651
vt 0.400683 0.452315
vt 0.328377 0.867808
vt 0.850737 0.754946
vt 0.140783 0.553782
vt 0.161643 0.552376
vt 0.569161 0.212742
vt 0.645044 0.384371
vt 0.627136 0.393751
vt 0.665478 0.299912
vt 0.676056 0.317456
vt 0.660982 0.316146
vt 0.421497 0.880672
vt 0.422466 0.864432
vt 0.559575 0.212290
vt 0.657209 0.631974
vt 0.639864 0.638903
vt 0.422987 0.216323
vt 0.186882 0.494102
vt 0.050738 0.616532
vt 0.072853 0.611386
vt 0.817986 0.668917
vt 0.684671 0.748066
vt 0.247889 0.136032
vt 0.328623 0.123641
vt 0.537276 0.514468
vt 0.555437 0.514261
vt 0.226658 0.425690
vt 0.391755 0.196179
vt 0.413193 0.195330
vt 0.402991 0.218452
vt 0.380991 0.214803
vt 0.094375 0.609689
vt 0.724230 0.418351
vt 0.108084 0.261756
vt 0.899984 0.781920
vt 0.945998 0.646973
vt 0.944653 0.673951
vt 0.664064 0.540858
vt 0.934533 0.659221
vt 0.576911 0.284387
vt 0.576074 0.297573
vt 0.802876 0.000765
vt 0.816396 0.013469
vt 0.806033 0.012591
vt 0.331851 0.018990
vt 0.338791 0.038433
vt 0.331851 0.049407
vt 0.176484 0.212644
vt 0.657599 0.393000
vt 0.653793 0.371389
vt 0.771107 0.269001
vt 0.750694 0.658312
vt 0.731130 0.656460
vt 0.329529 0.263330
vt 0.331733 0.271398
vt 0.329529 0.275268
vt 0.243242 0.216508
vt 0.235325 0.236066
vt 0.885238 0.798893
vt 0.168182 0.693307
vt 0.598223 0.425992
vt 0.319388 0.188551
vt 0.327955 0.187823
vt 0.333145 0.204686
vt 0.160695 0.673445
vt 0.170787 0.666513
vt 0.177779 0.677462
vt 0.329254 0.550470
vt 0.314442 0.547702
vt 0.328218 0.533880
vt 0.776498 0.130842
vt 0.340287 0.555753
vt 0.334556 0.539243
vt 0.328312 0.530421
vt 0.334556 0.515942
vt 0.665748 0.484363
vt 0.666338 0.499553
vt 0.273827 0.185599
vt 0.282326 0.185599
vt 0.279149 0.200452
vt 0.376632 0.690255
vt 0.387009 0.672041
vt 0.223201 0.904839
vt 0.337951 0.161206
vt 0.316205 0.132693
vt 0.315026 0.128265
vt 0.316205 0.122079
vt 0.669126 0.424027
vt 0.525530 0.296625
vt 0.430415 0.255904
vt 0.441944 0.249656
vt 0.438043 0.247843
vt 0.280080 0.977353
vt 0.781638 0.137957
vt 0.263584 0.402058
vt 0.260901 0.427408
vt 0.294617 0.993797
vt 0.793151 0.150676
vt 0.010013 0.313110
vt 0.617925 0.297835
vt 0.796160 0.231946
vt 0.783994 0.252682
vt 0.783994 0.225479
vt 0.051136 0.220939
vt 0.656985 0.614639
vt 0.011517 0.610550
vt 0.649430 0.710288
vt 0.662055 0.742518
vt 0.646101 0.732489
vt 0.662055 0.719829
vt 0.654012 0.300100
vt 0.821565 0.351325
vt 0.843364 0.351520
vt 0.147300 0.683790
vt 0.329079 0.946268
vt 0.346546 0.951577
vt 0.009844 0.256913
vt 0.028251 0.270195
vt 0.014219 0.278782
vt 0.458235 0.989636
vt 0.450393 0.970335
vt 0.807453 0.195845
vt 0.801476 0.221626
vt 0.782822 0.195845
vt 0.338791 0.246789
vt 0.333406 0.251270
vt 0.333406 0.239485
vt 0.504032 0.687858
vt 0.163898 0.073668
vt 0.453133 0.807453
vt 0.451125 0.795929
vt 0.453133 0.786727
vt 0.726493 0.475059
vt 0.829535 0.213325
vt 0.339286 0.447866
vt 0.782043 0.254093
vt 0.767595 0.237559
vt 0.782043 0.225800
vt 0.761530 0.238013
vt 0.375372 0.990630
vt 0.383125 0.989603
vt 0.966945 0.706039
vt 0.984917 0.706295
vt 0.541483 0.249495
vt 0.019763 0.722755
vt 0.007660 0.707570
vt 0.019763 0.697734
vt 0.665634 0.901823
vt 0.045902 0.197085
vt 0.011662 0.202076
vt 0.809060 0.085080
vt 0.824392 0.108696
vt 0.805411 0.108696
vt 0.657284 0.158578
vt 0.820379 0.103161
vt 0.577992 0.670504
vt 0.799406 0.351254
vt 0.773921 0.362183
vt 0.777196 0.351292
vt 0.790513 0.322173
vt 0.772519 0.305803
vt 0.790513 0.295605
vt 0.336031 0.508314
vt 0.340893 0.499446
vt 0.340495 0.517803
vt 0.817875 0.644069
vt 0.803191 0.654639
vt 0.947820 0.700699
vt 0.986569 0.351055
vt 0.656973 0.579123
vt 0.011674 0.557717
vt 0.337380 0.489771
vt 0.330238 0.088141
vt 0.333145 0.092831
vt 0.330238 0.101637
vt 0.771724 0.535946
vt 0.029611 0.995042
vt 0.742518 0.183188
vt 0.769139 0.276814
vt 0.796160 0.284516
vt 0.769139 0.304912
vt 0.274199 0.953588
vt 0.772310 0.645820
vt 0.361886 0.279050
vt 0.356050 0.297663
vt 0.363506 0.228044
vt 0.331007 0.926802
vt 0.335183 0.925324
vt 0.330268 0.938786
vt 0.167027 0.277794
vt 0.204993 0.078209
vt 0.500933 0.937573
vt 0.575389 0.990287
vt 0.885244 0.351834
vt 0.905127 0.351693
vt 0.165362 0.496465
vt 0.509865 0.958172
vt 0.305854 0.257951
vt 0.321969 0.271594
vt 0.884870 0.828130
vt 0.864623 0.351644
vt 0.099896 0.556978
vt 0.005422 0.011797
vt 0.008470 0.014091
vt 0.005422 0.025409
vt 0.924240 0.351511
vt 0.671582 0.472122
vt 0.692739 0.469712
vt 0.276076 0.794185
vt 0.712901 0.714691
vt 0.702740 0.697310
vt 0.806450 0.591935
vt 0.368784 0.585676
vt 0.093607 0.428757
vt 0.096381 0.237670
vt 0.328572 0.075297
vt 0.308597 0.077192
vt 0.296644 0.069908
vt 0.242564 0.432405
vt 0.515129 0.784727
vt 0.108492 0.325867
vt 0.849013 0.720653
vt 0.240512 0.198161
vt 0.579091 0.345436
vt 0.660982 0.337380
vt 0.677583 0.333239
vt 0.120135 0.555234
vt 0.692705 0.718396
vt 0.676602 0.720942
vt 0.682228 0.700991
vt 0.664574 0.232977
vt 0.004235 0.639469
vt 0.691256 0.310352
vt 0.219054 0.925465
vt 0.742517 0.292218
vt 0.742517 0.328910
vt 0.721935 0.301714
vt 0.546999 0.397284
vt 0.737963 0.309422
vt 0.728774 0.318946
vt 0.825002 0.305414
vt 0.830039 0.327498
vt 0.808963 0.327498
vt 0.648681 0.816540
vt 0.657146 0.827655
vt 0.645697 0.838508
vt 0.507497 0.979452
vt 0.825464 0.025270
vt 0.299611 0.301727
vt 0.303286 0.312390
vt 0.781394 0.256483
vt 0.804629 0.240833
vt 0.804629 0.266798
vt 0.466385 0.799230
vt 0.457665 0.779304
vt 0.974136 0.754991
vt 0.417847 0.988912
vt 0.416845 0.975544
vt 0.421364 0.997061
vt 0.325373 0.232919
vt 0.325373 0.221612
vt 0.327498 0.223805
vt 0.815809 0.165161
vt 0.805767 0.146738
vt 0.623277 0.520881
vt 0.217156 0.671380
vt 0.335968 0.372045
vt 0.331045 0.389610
vt 0.331045 0.361414
vt 0.742518 0.211412
vt 0.720469 0.213156
vt 0.072544 0.921549
vt 0.341155 0.474557
vt 0.335923 0.460516
vt 0.929562 0.589679
vt 0.938337 0.589976
vt 0.520816 0.663037
vt 0.005481 0.286327
vt 0.009881 0.275271
vt 0.009881 0.289384
vt 0.849801 0.299826
vt 0.837086 0.304912
vt 0.837086 0.286975
vt 0.569114 0.216646
vt 0.659706 0.597036
vt 0.640158 0.596175
vt 0.030349 0.567584
vt 0.008970 0.575624
vt 0.326746 0.513178
vt 0.341727 0.535035
vt 0.205686 0.731618
vt 0.198239 0.711626
vt 0.956701 0.591262
vt 0.983300 0.588142
vt 0.364301 0.355114
vt 0.604972 0.213302
vt 0.297690 0.084272
vt 0.377609 0.022197
vt 0.397340 0.022256
vt 0.379072 0.039844
vt 0.703151 0.952233
vt 0.721819 0.961109
vt 0.705807 0.971202
vt 0.343635 0.324675
vt 0.333435 0.308112
vt 0.347261 0.302397
vt 0.501799 0.662598
vt 0.685613 0.966723
vt 0.653763 0.354899
vt 0.649671 0.360812
vt 0.653067 0.347348
vt 0.665535 0.360886
vt 0.913314 0.879539
vt 0.665077 0.950553
vt 0.654197 0.666791
vt 0.663466 0.684447
vt 0.648047 0.687621
vt 0.483050 0.662115
vt 0.464077 0.662149
vt 0.178266 0.513658
vt 0.157795 0.516539
vt 0.786786 0.590311
vt 0.792080 0.588455
vt 0.781324 0.579544
vt 0.762160 0.585861
vt 0.340320 0.039832
vt 0.359469 0.027820
vt 0.952213 0.329170
vt 0.072676 0.884995
vt 0.079728 0.866111
vt 0.766299 0.462044
vt 0.091587 0.576010
vt 0.084426 0.381683
vt 0.707934 0.327112
vt 0.307735 0.319028
vt 0.621244 0.111501
vt 0.657324 0.104459
vt 0.739828 0.946630
vt 0.760149 0.953274
vt 0.741363 0.967283
vt 0.757849 0.970999
vt 0.337375 0.267831
vt 0.347261 0.283280
vt 0.330782 0.286850
vt 0.331220 0.631286
vt 0.337428 0.653193
vt 0.078626 0.828249
vt 0.333542 0.084922
vt 0.331867 0.086606
vt 0.899581 0.582650
vt 0.493099 0.790370
vt 0.337380 0.087350
vt 0.320791 0.086247
vt 0.322889 0.116909
vt 0.324675 0.119971
vt 0.322889 0.128458
vt 0.398387 0.045320
vt 0.414572 0.030821
vt 0.433261 0.040799
vt 0.429644 0.022266
vt 0.724624 0.330685
vt 0.832255 0.187718
vt 0.832255 0.171515
vt 0.838232 0.181749
vt 0.316359 0.704621
vt 0.842847 0.172478
vt 0.846978 0.190570
vt 0.266587 0.990167
vt 0.268438 0.978009
vt 0.009688 0.145438
vt 0.046155 0.147204
vt 0.257782 0.097019
vt 0.933285 0.331060
vt 0.710683 0.461576
vt 0.650534 0.008415
vt 0.666289 0.001417
vt 0.666289 0.031056
vt 0.785512 0.882224
vt 0.465838 0.794443
vt 0.456689 0.806041
vt 0.456689 0.783406
vt 0.970248 0.329458
vt 0.985398 0.331431
vt 0.009987 0.994005
vt 0.021745 0.975419
vt 0.360709 0.538957
vt 0.960488 0.527633
vt 0.492937 0.971657
vt 0.914699 0.331350
vt 0.062120 0.019479
vt 0.043071 0.006982
vt 0.058839 0.001347
vt 0.622174 0.001880
vt 0.619477 0.018176
vt 0.606076 0.005168
vt 0.895574 0.331725
vt 0.079503 0.703888
vt 0.028630 0.022416
vt 0.026471 0.001985
vt 0.616155 0.663674
vt 0.597605 0.663069
vt 0.624487 0.647244
vt 0.659745 0.467806
vt 0.008737 0.446446
vt 0.411219 0.410125
vt 0.547910 0.534094
vt 0.527888 0.536592
vt 0.408705 0.897634
vt 0.559140 0.921946
vt 0.647938 0.954822
vt 0.643050 0.971665
vt 0.629643 0.953015
vt 0.638849 0.004493
vt 0.636588 0.019334
vt 0.081390 0.026824
vt 0.075271 0.004686
vt 0.791294 0.527615
vt 0.015283 0.237518
vt 0.716808 0.874405
vt 0.734400 0.881213
vt 0.600301 0.021174
vt 0.589527 0.003667
vt 0.856678 0.331685
vt 0.876188 0.331781
vt 0.701249 0.400857
vt 0.720712 0.397902
vt 0.134992 0.779977
vt 0.493972 0.467774
vt 0.473123 0.474289
vt 0.956718 0.825963
vt 0.643173 0.935820
vt 0.627943 0.916130
vt 0.405026 0.597120
vt 0.968820 0.644751
vt 0.820450 0.136050
vt 0.831450 0.150052
vt 0.819462 0.158103
vt 0.071264 0.671411
vt 0.663107 0.394915
vt 0.120215 0.451509
vt 0.100178 0.448909
vt 0.684837 0.589951
vt 0.666401 0.602643
vt 0.686246 0.165294
vt 0.701580 0.157904
vt 0.700932 0.182100
vt 0.110542 0.276416
vt 0.869560 0.816036
vt 0.196150 0.970106
vt 0.003929 0.137013
vt 0.002021 0.146199
vt 0.136478 0.094781
vt 0.657318 0.040863
vt 0.642208 0.025206
vt 0.660012 0.024207
vt 0.763287 0.331871
vt 0.782597 0.331553
vt 0.208952 0.984261
vt 0.258153 0.389161
vt 0.666016 0.167449
vt 0.664095 0.158267
vt 0.987033 0.969453
vt 0.963135 0.965652
vt 0.987585 0.951774
vt 0.656408 0.018802
vt 0.657633 0.648905
vt 0.637584 0.661977
vt 0.111973 0.573655
vt 0.663168 0.520831
vt 0.647766 0.991319
vt 0.630107 0.991988
vt 0.359635 0.843243
vt 0.254912 0.153733
vt 0.237586 0.097763
vt 0.219947 0.091013
vt 0.010528 0.019643
vt 0.007809 0.003000
vt 0.819462 0.135738
vt 0.006110 0.777726
vt 0.006590 0.759534
vt 0.251379 0.449898
vt 0.230376 0.451063
vt 0.563750 0.672253
vt 0.621252 0.358715
vt 0.030465 0.510486
vt 0.199411 0.928057
vt 0.766520 0.324675
vt 0.789638 0.311059
vt 0.642853 0.400222
vt 0.527196 0.022393
vt 0.545942 0.027286
vt 0.532314 0.045974
vt 0.853367 0.950614
vt 0.869541 0.963475
vt 0.855412 0.970626
vt 0.690975 0.048688
vt 0.701542 0.063054
vt 0.686182 0.067714
vt 0.290908 0.639051
vt 0.271645 0.641987
vt 0.813099 0.299999
vt 0.813099 0.319028
vt 0.795164 0.316279
vt 0.670190 0.456097
vt 0.801806 0.293619
vt 0.792011 0.267328
vt 0.801806 0.267257
vt 0.665192 0.464511
vt 0.750060 0.521680
vt 0.718315 0.534980
vt 0.888008 0.949382
vt 0.887295 0.969506
vt 0.701132 0.081006
vt 0.254163 0.642433
vt 0.235986 0.641990
vt 0.566788 0.473870
vt 0.619783 0.408087
vt 0.611130 0.412743
vt 0.072068 0.766692
vt 0.926165 0.643496
vt 0.837097 0.103959
vt 0.827218 0.118652
vt 0.747765 0.330321
vt 0.747765 0.306603
vt 0.761636 0.320400
vt 0.039045 0.231100
vt 0.762280 0.328449
vt 0.742518 0.053642
vt 0.738998 0.050250
vt 0.742518 0.035946
vt 0.756634 0.035291
vt 0.742652 0.018637
vt 0.139769 0.870997
vt 0.588087 0.474663
vt 0.711296 0.021466
vt 0.729761 0.021798
vt 0.714833 0.001664
vt 0.374734 0.118741
vt 0.411805 0.114189
vt 0.510215 0.029238
vt 0.492656 0.045778
vt 0.747340 0.268376
vt 0.733326 0.275173
vt 0.747778 0.270152
vt 0.686177 0.089117
vt 0.701564 0.100070
vt 0.686173 0.108757
vt 0.006273 0.855069
vt 0.005876 0.836306
vt 0.021812 0.824009
vt 0.567049 0.028444
vt 0.586423 0.028441
vt 0.575577 0.048865
vt 0.218055 0.385672
vt 0.085532 0.087788
vt 0.906069 0.964710
vt 0.568709 0.532074
vt 0.204499 0.807340
vt 0.204226 0.769269
vt 0.265042 0.772238
vt 0.266519 0.812404
vt 0.216778 0.642407
vt 0.197167 0.642417
vt 0.132945 0.956905
vt 0.678391 0.312673
vt 0.947603 0.876142
vt 0.553981 0.047870
vt 0.341615 0.325530
vt 0.331262 0.344438
vt 0.331262 0.313124
vt 0.009881 0.469797
vt 0.000965 0.476845
vt 0.009123 0.457119
vt 0.784229 0.775899
vt 0.006298 0.010165
vt 0.067282 0.231411
vt 0.889988 0.463037
vt 0.036702 0.265387
vt 0.022270 0.253547
vt 0.036702 0.246721
vt 0.333145 0.169301
vt 0.557067 0.887313
vt 0.559350 0.853589
vt 0.471759 0.046678
vt 0.452593 0.043946
vt 0.461515 0.022311
vt 0.479137 0.027366
vt 0.784551 0.953249
vt 0.804145 0.964462
vt 0.789722 0.970881
vt 0.005631 0.816112
vt 0.006322 0.797586
vt 0.390688 0.472103
vt 0.139267 0.690874
vt 0.820340 0.951281
vt 0.822552 0.970761
vt 0.025258 0.233405
vt 0.539953 0.663349
vt 0.004235 0.424644
vt 0.004235 0.437065
vt 0.001131 0.434888
vt 0.132470 0.678076
vt 0.792143 0.279912
vt 0.140847 0.673024
vt 0.149661 0.670692
vt 0.123867 0.156394
vt 0.639421 0.531694
vt 0.317691 0.132693
vt 0.317691 0.122947
vt 0.320440 0.125042
vt 0.319235 0.119388
vt 0.606229 0.532261
vt 0.432660 0.118769
vt 0.445609 0.022280
vt 0.773817 0.970939
vt 0.080095 0.974442
vt 0.445229 0.033973
vt 0.192906 0.091638
vt 0.445014 0.663222
vt 0.963979 0.401433
vt 0.708638 0.021224
vt 0.702130 0.027525
vt 0.700257 0.018600
vt 0.684553 0.033224
vt 0.694149 0.007545
vt 0.708638 0.047995
vt 0.938135 0.701712
vt 0.821024 0.203275
vt 0.821024 0.181399
vt 0.835685 0.198693
vt 0.317976 0.891326
vt 0.319438 0.876651
vt 0.494338 0.022333
vt 0.839062 0.964943
vt 0.762280 0.227273
vt 0.747859 0.215268
vt 0.762280 0.208913
vt 0.578315 0.663756
vt 0.559075 0.663533
vt 0.402966 0.536858
vt 0.006294 0.964195
vt 0.045978 0.229928
vt 0.897306 0.814928
vt 0.557979 0.834724
vt 0.750115 0.195330
vt 0.006348 0.948918
vt 0.022575 0.940822
vt 0.991243 0.742931
vt 0.792202 0.294014
vt 0.067282 0.231411
vt 0.203719 0.880626
vt 0.802876 0.025409
vt 0.824392 0.022264
vt 0.667167 0.809939
vt 0.682494 0.827716
vt 0.777808 0.089449
vt 0.777808 0.107284
vt 0.775615 0.105017
vt 0.734634 0.252700
vt 0.830039 0.184924
vt 0.808317 0.170920
vt 0.830039 0.163191
vt 0.773573 0.084141
vt 0.773573 0.105872
vt 0.768067 0.096487
vt 0.807453 0.181479
vt 0.175377 0.090599
vt 0.644210 0.740180
vt 0.623932 0.749591
vt 0.623105 0.733222
vt 0.669113 0.797946
vt 0.657118 0.821569
vt 0.645881 0.797946
vt 0.321398 0.932226
vt 0.299266 0.094694
vt 0.294926 0.099420
vt 0.298097 0.087470
vt 0.644225 0.757097
vt 0.811955 0.158894
vt 0.719505 0.819922
vt 0.250154 0.020221
vt 0.234671 0.006136
vt 0.250540 0.001217
vt 0.428261 0.002529
vt 0.419449 0.017867
vt 0.412095 0.003144
vt 0.085898 0.626557
vt 0.337294 0.174655
vt 0.346405 0.162592
vt 0.268853 0.026102
vt 0.266631 0.004744
vt 0.284758 0.015893
vt 0.402331 0.017755
vt 0.395891 0.002307
vt 0.106162 0.626169
vt 0.352315 0.168927
vt 0.324071 0.568083
vt 0.302349 0.569865
vt 0.324016 0.556701
vt 0.198994 0.511126
vt 0.289018 0.447943
vt 0.024609 0.922485
vt 0.385714 0.595689
vt 0.270679 0.447803
vt 0.330872 0.899472
vt 0.367369 0.727394
vt 0.723963 0.586800
vt 0.692857 0.248864
vt 0.691216 0.243871
vt 0.698309 0.242982
vt 0.004211 0.195671
vt 0.235886 0.154789
vt 0.810276 0.057241
vt 0.806739 0.060577
vt 0.809633 0.048476
vt 0.285799 0.185169
vt 0.287973 0.194288
vt 0.285799 0.197628
vt 0.624141 0.783918
vt 0.624015 0.766581
vt 0.644471 0.773358
vt 0.644096 0.790670
vt 0.435900 0.017978
vt 0.444176 0.003022
vt 0.453424 0.018109
vt 0.065184 0.628303
vt 0.667288 0.887561
vt 0.204688 0.905637
vt 0.389319 0.945925
vt 0.686618 0.885867
vt 0.219087 0.021568
vt 0.202440 0.003034
vt 0.218848 0.001686
vt 0.460810 0.002854
vt 0.464394 0.530202
vt 0.214069 0.441403
vt 0.026476 0.320374
vt 0.664936 0.746306
vt 0.666296 0.730933
vt 0.689240 0.734383
vt 0.373226 0.169529
vt 0.389610 0.159076
vt 0.389610 0.179089
vt 0.386006 0.655853
vt 0.173913 0.569732
vt 0.584830 0.408819
vt 0.062518 0.444320
vt 0.044837 0.442269
vt 0.381260 0.194805
vt 0.020150 0.256917
vt 0.022586 0.237424
vt 0.004327 0.315110
vt 0.005647 0.319887
vt 0.004327 0.328910
vt 0.018043 0.095460
vt 0.021174 0.111691
vt 0.014112 0.108504
vt 0.367868 0.299266
vt 0.367868 0.275159
vt 0.369847 0.285514
vt 0.005198 0.248278
vt 0.315271 0.002909
vt 0.327416 0.018141
vt 0.305435 0.019078
vt 0.298759 0.001723
vt 0.363315 0.002388
vt 0.350374 0.017007
vt 0.024089 0.882260
vt 0.279826 0.509837
vt 0.259744 0.506782
vt 0.709827 0.099518
vt 0.813099 0.668297
vt 0.809892 0.681817
vt 0.809892 0.663973
vt 0.353592 0.108435
vt 0.340399 0.107245
vt 0.361377 0.688876
vt 0.349706 0.673514
vt 0.361377 0.665972
vt 0.646541 0.688866
vt 0.643736 0.706601
vt 0.630118 0.685818
vt 0.368361 0.017534
vt 0.365429 0.673209
vt 0.666899 0.689171
vt 0.694773 0.251775
vt 0.717108 0.246460
vt 0.688709 0.272445
vt 0.437806 0.466081
vt 0.514653 0.108891
vt 0.644848 0.669149
vt 0.626696 0.669618
vt 0.664731 0.968715
vt 0.663466 0.706786
vt 0.649559 0.708638
vt 0.326241 0.041028
vt 0.330321 0.040284
vt 0.330321 0.046584
vt 0.329648 0.035735
vt 0.613704 0.197251
vt 0.337393 0.024248
vt 0.330317 0.002566
vt 0.804629 0.047118
vt 0.282242 0.000628
vt 0.386042 0.017647
vt 0.379992 0.004314
vt 0.367375 0.706531
vt 0.660631 0.616338
vt 0.702259 0.639041
vt 0.723720 0.641438
vt 0.411954 0.948113
vt 0.314882 0.182128
vt 0.317617 0.191234
vt 0.314882 0.193393
vt 0.623189 0.717001
vt 0.643188 0.724067
vt 0.023249 0.902588
vt 0.662919 0.473344
vt 0.830305 0.688624
vt 0.835052 0.700273
vt 0.808977 0.687082
vt 0.033164 0.624972
vt 0.178756 0.157599
vt 0.624872 0.701101
vt 0.977000 0.530531
vt 0.311631 0.673083
vt 0.425082 0.663185
vt 0.405485 0.661165
vt 0.132523 0.572189
vt 0.134122 0.923909
vt 0.081100 0.446907
vt 0.545925 0.018646
vt 0.554336 0.003465
vt 0.564932 0.018798
vt 0.339665 0.224757
vt 0.339563 0.416435
vt 0.572520 0.003547
vt 0.743603 0.331878
vt 0.283738 0.188018
vt 0.283738 0.197628
vt 0.281472 0.194567
vt 0.627197 0.893561
vt 0.626951 0.875031
vt 0.645762 0.882109
vt 0.645632 0.900890
vt 0.645281 0.863107
vt 0.625956 0.855289
vt 0.337380 0.386357
vt 0.334046 0.399491
vt 0.334046 0.384585
vt 0.155482 0.091593
vt 0.288269 0.227946
vt 0.288994 0.238513
vt 0.526705 0.018560
vt 0.535385 0.003403
vt 0.006256 0.739634
vt 0.006090 0.720798
vt 0.818746 0.178979
vt 0.818746 0.203275
vt 0.797399 0.186505
vt 0.128739 0.002926
vt 0.139771 0.020585
vt 0.120355 0.022153
vt 0.110029 0.003737
vt 0.100912 0.023798
vt 0.092084 0.004952
vt 0.646978 0.918697
vt 0.582932 0.018617
vt 0.837247 0.331644
vt 0.412395 0.473527
vt 0.987228 0.878462
vt 0.064970 0.090502
vt 0.046039 0.097229
vt 0.818583 0.331121
vt 0.659474 0.515245
vt 0.659474 0.499033
vt 0.674759 0.505126
vt 0.322762 0.244255
vt 0.707209 0.001438
vt 0.965605 0.691671
vt 0.984499 0.696963
vt 0.661461 0.503988
vt 0.556814 0.992129
vt 0.556163 0.973745
vt 0.800763 0.330847
vt 0.986646 0.516540
vt 0.002789 0.339570
vt 0.311254 0.203378
vt 0.328347 0.202997
vt 0.347279 0.594474
vt 0.331056 0.511642
vt 0.433887 0.408328
vt 0.727226 0.060622
vt 0.748164 0.056056
vt 0.728033 0.085929
vt 0.729298 0.081789
vt 0.440063 0.175398
vt 0.426167 0.176086
vt 0.860459 0.873901
vt 0.370520 0.963314
vt 0.624386 0.819859
vt 0.624314 0.801647
vt 0.644344 0.808241
vt 0.644004 0.826297
vt 0.471200 0.018228
vt 0.478583 0.003019
vt 0.489476 0.018359
vt 0.293966 0.508306
vt 0.184870 0.002736
vt 0.198050 0.021841
vt 0.180032 0.021735
vt 0.167045 0.002267
vt 0.496609 0.003235
vt 0.194373 0.692578
vt 0.197131 0.670619
vt 0.823361 0.585839
vt 0.153151 0.570898
vt 0.829141 0.243753
vt 0.820614 0.231225
vt 0.837097 0.232135
vt 0.837097 0.252682
vt 0.011119 0.627472
vt 0.644326 0.844165
vt 0.622638 0.837686
vt 0.507552 0.018471
vt 0.515914 0.003357
vt 0.046849 0.640594
vt 0.375442 0.249248
vt 0.827215 0.001632
vt 0.827215 0.023998
vt 0.814033 0.002388
vt 0.820066 0.005326
vt 0.310733 0.443159
vt 0.329057 0.426028
vt 0.842743 0.227272
vt 0.558002 0.216604
vt 0.147969 0.002359
vt 0.159675 0.019632
vt 0.296112 0.439176
vt 0.010617 0.083217
vt 0.521496 0.404641
vt 0.497346 0.410588
vt 0.666002 0.834622
vt 0.607557 0.597287
vt 0.134449 0.704377
vt 0.818746 0.067501
vt 0.818746 0.091756
vt 0.800076 0.075958
vt 0.158940 0.384987
vt 0.152495 0.646590
vt 0.161474 0.662007
vt 0.142207 0.662007
vt 0.171382 0.646620
vt 0.132821 0.646592
vt 0.003559 0.211704
vt 0.342685 0.123568
vt 0.330278 0.115187
vt 0.330455 0.109076
vt 0.783514 0.018262
vt 0.782688 0.024373
vt 0.788030 0.026021
vt 0.122819 0.662007
vt 0.113068 0.646596
vt 0.332710 0.600189
vt 0.331249 0.591095
vt 0.010088 0.035985
vt 0.014112 0.118577
vt 0.207829 0.646586
vt 0.199687 0.662015
vt 0.189419 0.646586
vt 0.218972 0.662034
vt 0.795987 0.098078
vt 0.785350 0.076079
vt 0.227389 0.646587
vt 0.239159 0.662038
vt 0.329514 0.960263
vt 0.327066 0.964250
vt 0.325938 0.956307
vt 0.698812 0.204161
vt 0.717108 0.208703
vt 0.703660 0.227272
vt 0.083961 0.661991
vt 0.064438 0.661980
vt 0.074064 0.646593
vt 0.055239 0.646594
vt 0.731224 0.005855
vt 0.320521 0.973632
vt 0.965605 0.691671
vt 0.362970 0.962418
vt 0.369950 0.971780
vt 0.045639 0.661984
vt 0.036030 0.646604
vt 0.103450 0.661991
vt 0.093437 0.646594
vt 0.401661 0.286561
vt 0.414321 0.272094
vt 0.415019 0.286561
vt 0.247321 0.646588
vt 0.330641 0.152915
vt 0.717587 0.761214
vt 0.753128 0.279503
vt 0.737478 0.279146
vt 0.267775 0.517214
vt 0.629390 0.125338
vt 0.410194 0.726978
vt 0.412321 0.722555
vt 0.422077 0.719682
vt 0.416996 0.732886
vt 0.618761 0.215302
vt 0.616525 0.213557
vt 0.001267 0.282326
vt 0.001267 0.245439
vt 0.011293 0.270559
vt 0.504884 0.681249
vt 0.069539 0.150303
vt 0.669354 0.039962
vt 0.280100 0.646527
vt 0.684614 0.047796
vt 0.670682 0.050883
vt 0.402053 0.911166
vt 0.732337 0.141392
vt 0.790369 0.056465
vt 0.787224 0.030704
vt 0.807452 0.030704
vt 0.259046 0.662030
vt 0.266512 0.646595
vt 0.666290 0.273040
vt 0.666290 0.297854
vt 0.658057 0.288256
vt 0.761827 0.282138
vt 0.763736 0.291956
vt 0.746064 0.281779
vt 0.808665 0.197635
vt 0.669394 0.285597
vt 0.684521 0.292732
vt 0.663466 0.831450
vt 0.660457 0.828959
vt 0.663466 0.812575
vt 0.789102 0.073379
vt 0.784850 0.073424
vt 0.948905 0.944864
vt 0.669381 0.303501
vt 0.713386 0.048757
vt 0.721219 0.072712
vt 0.704976 0.062302
vt 0.665928 0.856553
vt 0.678619 0.869131
vt 0.661442 0.875477
vt 0.551632 0.666491
vt 0.782040 0.135309
vt 0.807453 0.110582
vt 0.807453 0.138340
vt 0.331733 0.253729
vt 0.329551 0.259740
vt 0.329551 0.247713
vt 0.259431 0.937241
vt 0.658156 0.449068
vt 0.248097 0.946372
vt 0.330321 0.203837
vt 0.322533 0.224240
vt 0.312245 0.208188
vt 0.688664 0.226526
vt 0.749580 0.054193
vt 0.327227 0.452719
vt 0.784866 0.276680
vt 0.755746 0.273607
vt 0.314942 0.519879
vt 0.326087 0.533699
vt 0.314942 0.544889
vt 0.764658 0.574269
vt 0.799815 0.579934
vt 0.004235 0.375730
vt 0.001938 0.394775
vt 0.001002 0.389308
vt 0.664878 0.838508
vt 0.485904 0.985557
vt 0.442114 0.675233
vt 0.023970 0.661969
vt 0.017776 0.646585
vt 0.706145 0.730792
vt 0.723508 0.174339
vt 0.001471 0.661136
vt 0.768407 0.056598
vt 0.787690 0.062112
vt 0.748164 0.093168
vt 0.666290 0.392433
vt 0.656423 0.376944
vt 0.666290 0.364656
vt 0.666408 0.635354
vt 0.646715 0.796160
vt 0.650941 0.769099
vt 0.667701 0.796160
vt 0.463114 0.664553
vt 0.306220 0.687717
vt 0.180473 0.662003
vt 0.340925 0.436465
vt 0.327402 0.414634
vt 0.283331 0.648128
vt 0.304138 0.646731
vt 0.295783 0.662055
vt 0.316955 0.660445
vt 0.004135 0.448899
vt 0.713219 0.266497
vt 0.716554 0.167155
vt 0.706721 0.177865
vt 0.637402 0.045312
vt 0.657782 0.057207
vt 0.359660 0.945447
vt 0.967951 0.947503
vt 0.925734 0.948331
vt 0.755410 0.160926
vt 0.772179 0.142373
vt 0.317202 0.518191
vt 0.314824 0.517478
vt 0.764534 0.164286
vt 0.182945 0.667239
vt 0.422077 0.736871
vt 0.750937 0.131282
vt 0.687462 0.330592
vt 0.668740 0.338211
vt 0.309733 0.643449
vt 0.330458 0.033555
vt 0.337299 0.055253
vt 0.326832 0.644536
vt 0.767927 0.313382
vt 0.746064 0.304271
vt 0.195038 0.993997
vt 0.597186 0.231175
vt 0.337228 0.099888
vt 0.810276 0.067758
vt 0.798983 0.028233
vt 0.369167 0.663405
vt 0.348207 0.666290
vt 0.391934 0.305522
vt 0.137921 0.643259
vt 0.118519 0.643507
vt 0.837097 0.309686
vt 0.837097 0.321016
vt 0.828850 0.315106
vt 0.836933 0.328910
vt 0.099357 0.643670
vt 0.278875 0.661980
vt 0.157485 0.642934
vt 0.326044 0.900152
vt 0.299266 0.101637
vt 0.943196 0.965370
vt 0.924462 0.968636
vt 0.701575 0.137697
vt 0.686177 0.128455
vt 0.701414 0.118685
vt 0.177340 0.642861
vt 0.605853 0.028629
vt 0.624120 0.026873
vt 0.686198 0.146966
vt 0.006300 0.874079
vt 0.006318 0.930795
vt 0.762280 0.164201
vt 0.006336 0.912743
vt 0.070674 0.329955
vt 0.006127 0.893462
vt 0.318771 0.232312
vt 0.330321 0.245624
vt 0.307705 0.230708
vt 0.329084 0.289667
vt 0.332438 0.438669
vt 0.824710 0.276563
vt 0.844155 0.269899
vt 0.844155 0.289384
vt 0.005010 0.980326
vt 0.063536 0.644701
vt 0.441768 0.881041
vt 0.081049 0.643793
vt 0.704327 0.089131
vt 0.728401 0.094579
vt 0.717893 0.075600
vt 0.029073 0.642961
vt 0.009059 0.644863
vt 0.659717 0.666290
vt 0.335857 0.578289
vt 0.337303 0.569203
vt 0.656408 0.760413
vt 0.649246 0.767927
vt 0.646197 0.754255
vt 0.323263 0.646461
vt 0.656408 0.743088
vt 0.652118 0.738393
vt 0.009881 0.488424
vt 0.835685 0.285912
vt 0.835685 0.307735
vt 0.816818 0.291281
vt 0.823456 0.303459
vt 0.657416 0.121010
vt 0.479789 0.683229
vt 0.701654 0.051792
vt 0.010549 0.099763
vt 0.719446 0.217118
vt 0.728401 0.053104
vt 0.004235 0.403726
vt 0.663466 0.251726
vt 0.005561 0.631063
vt 0.007058 0.626733
vt 0.007058 0.642292
vt 0.296175 0.684654
vt 0.299266 0.685682
vt 0.296175 0.701580
vt 0.001910 0.711462
vt 0.001910 0.663876
vt 0.039526 0.671709
vt 0.008470 0.611236
vt 0.001100 0.605810
vt 0.008470 0.595754
vt 0.006739 0.064935
vt 0.006739 0.028244
vt 0.011293 0.045447
vt 0.751034 0.103049
vt 0.338791 0.567475
vt 0.328284 0.556716
vt 0.338791 0.536410
vt 0.666289 0.116702
vt 0.321852 0.298990
vt 0.309690 0.321852
vt 0.309690 0.285160
vt 0.319409 0.141163
vt 0.325203 0.264321
vt 0.327498 0.246501
vt 0.327498 0.278091
vt 0.785531 0.065767
vt 0.309914 0.191323
vt 0.313382 0.183845
vt 0.313382 0.193393
vt 0.019763 0.349419
vt 0.019763 0.364201
vt 0.017126 0.353196
vt 0.001318 0.124223
vt 0.001318 0.036475
vt 0.011293 0.116035
vt 0.347799 0.311234
vt 0.350084 0.293398
vt 0.350084 0.317617
vt 0.704625 0.154102
vt 0.004235 0.039526
vt 0.001346 0.024068
vt 0.004235 0.002433
vt 0.347261 0.671229
vt 0.694522 0.637374
vt 0.681257 0.649738
vt 0.660511 0.637374
vt 0.661119 0.656408
vt 0.347261 0.211725
vt 0.337681 0.221626
vt 0.337681 0.200422
vt 0.790528 0.245651
vt 0.727977 0.161145
vt 0.765337 0.100794
vt 0.005647 0.174704
vt 0.001693 0.194805
vt 0.001693 0.159348
vt 0.324675 0.254093
vt 0.322024 0.247529
vt 0.324675 0.244823
vt 0.803683 0.657829
vt 0.808864 0.665897
vt 0.803683 0.680406
vt 0.724166 0.268210
s 1
usemtl Material
f 2384/1 2169/2 1684/3
f 1047/4 1048/5 2116/6
f 2387/7 2386/8 1789/9
f 1789/10 1915/11 2387/12
f 2386/8 1790/13 1789/9
f 1430/14 2292/15 151/16
f 1430/14 151/16 150/17
f 2385/18 2013/19 1324/20
f 1324/20 1826/21 2385/18
f 1324/20 1827/22 1826/21
f 2116/6 2301/23 1047/4
f 1684/3 2133/24 2384/1
f 1698/25 2285/26 2383/27
f 2383/27 1696/28 1698/25
f 2382/29 2305/30 1745/31
f 1745/31 1824/32 2382/29
f 1601/33 2381/34 214/35
f 214/35 2132/36 1601/33
f 1601/33 1876/37 2381/34
f 2380/38 2144/39 1291/40
f 1750/41 1749/42 2390/43
f 2392/44 1756/45 1713/46
f 1733/47 2248/48 301/49
f 301/49 2092/50 1733/47
f 2391/51 2070/52 1609/53
f 1609/53 1893/54 2391/51
f 1266/55 1585/56 613/57
f 613/57 1267/58 1266/55
f 1553/59 2015/60 930/61
f 930/61 1815/62 1553/59
f 1291/40 2003/63 2380/38
f 2390/43 1862/64 1750/41
f 384/65 2297/66 1700/67
f 1700/67 2238/68 384/65
f 1696/28 2383/27 2389/69
f 2389/69 1713/46 1696/28
f 2276/70 2129/71 1849/72
f 1599/73 2342/74 2388/75
f 2388/75 2145/76 1599/73
f 2372/77 2315/78 1736/79
f 1272/80 1766/81 746/82
f 1263/83 2205/84 2374/85
f 459/86 2205/87 1263/88
f 2374/85 1751/89 1263/83
f 1263/88 1288/90 459/86
f 1702/91 2308/92 2373/93
f 2373/93 1796/94 1702/91
f 1813/95 2251/96 314/97
f 314/97 2224/98 1813/95
f 746/82 1752/99 1272/80
f 1736/100 2371/101 2372/102
f 1736/100 1493/103 2371/101
f 2370/104 2235/105 1650/106
f 1650/106 1793/107 2370/104
f 2369/108 2290/109 1739/110
f 1739/110 1848/111 2369/108
f 2368/112 1925/113 1647/114
f 1647/114 1916/115 2368/112
f 1940/116 2367/117 1939/118
f 1603/119 2235/105 2378/120
f 797/121 1766/81 692/122
f 692/122 1922/123 395/124
f 692/122 395/124 797/121
f 1288/90 2327/125 459/86
f 2379/126 2133/24 1676/127
f 1676/127 2130/128 2379/126
f 377/129 2371/101 1493/103
f 1493/103 1885/130 377/129
f 2378/120 2377/131 1603/119
f 1713/46 2389/69 2392/44
f 2377/131 1740/132 1603/119
f 371/133 2376/134 1478/135
f 1478/135 2132/36 371/133
f 2376/134 2016/136 1478/135
f 2375/137 1893/54 1502/138
f 1502/138 1753/139 2375/137
f 562/140 2320/141 1274/142
f 1274/142 1665/143 562/140
f 1782/144 1717/145 1264/146
f 1869/147 69/148 68/149
f 2405/150 2282/151 1693/152
f 1693/152 1678/153 2405/150
f 1175/154 1996/155 2404/156
f 399/157 1854/158 1175/154
f 2404/156 399/157 1175/154
f 1587/159 2021/160 525/161
f 525/161 1820/162 1587/159
f 1264/146 2179/163 1782/144
f 1869/147 1856/164 69/148
f 83/165 2134/166 1685/167
f 1685/167 2052/168 83/165
f 2402/169 2403/170 1886/171
f 2403/170 1887/172 1886/171
f 1886/171 1897/173 2402/169
f 109/174 2147/175 1755/176
f 1755/176 2129/71 109/174
f 527/177 2100/178 1420/179
f 1420/179 1832/180 527/177
f 2012/181 2013/19 2408/182
f 251/183 1852/184 2479/185
f 1191/186 2409/187 289/188
f 288/189 2410/190 1191/186
f 321/191 2410/190 1191/186
f 322/192 1786/193 1191/194
f 1191/194 321/195 322/192
f 1191/186 289/188 288/189
f 1450/196 1863/197 193/198
f 193/198 192/199 1450/196
f 2401/200 2021/160 1576/201
f 2408/182 2252/202 2012/181
f 2407/203 2402/169 1897/173
f 1897/173 1903/204 2407/203
f 1756/45 2392/44 2406/205
f 2406/205 1835/206 1756/45
f 1769/207 2202/208 176/209
f 176/209 2060/210 1769/207
f 68/149 1883/211 1869/147
f 1812/212 2167/213 2182/214
f 856/215 2398/216 1470/217
f 1470/217 644/218 856/215
f 1759/219 2396/220 2397/221
f 2397/221 2131/222 1759/219
f 1759/219 1758/223 2396/220
f 1977/224 2264/225 2395/226
f 2395/226 2063/227 1977/224
f 1636/228 1934/229 46/230
f 46/230 1984/231 1636/228
f 2398/216 2477/232 1470/217
f 1876/233 2180/234 2381/235
f 1197/236 2394/237 1023/238
f 1023/238 2084/239 1197/236
f 1197/236 1386/240 2394/237
f 128/241 1536/242 2393/243
f 2393/243 158/244 128/241
f 220/245 2238/68 1738/246
f 1738/246 2105/247 220/245
f 2315/78 2223/248 1651/249
f 1576/201 1339/250 2401/200
f 1730/251 1267/58 1864/252
f 1729/253 1267/58 1730/251
f 1068/254 1570/255 1207/256
f 59/257 1068/254 1207/256
f 1207/256 55/258 59/257
f 1758/223 2225/259 2396/220
f 2400/260 2247/261 1771/262
f 1771/262 1872/263 2400/260
f 1940/116 1950/264 2367/117
f 1740/132 2377/131 2399/265
f 2399/265 1870/266 1740/132
f 1629/267 2165/268 132/269
f 493/270 1821/271 869/272
f 869/272 1230/273 494/274
f 869/272 494/274 493/270
f 516/275 2083/276 965/277
f 965/277 1557/278 516/275
f 1457/279 1814/280 2331/281
f 2237/282 1918/283 1591/284
f 1590/285 1994/286 2094/287
f 1666/288 2139/289 38/290
f 38/290 2191/291 1666/288
f 1589/292 1875/293 2332/294
f 2332/294 1833/295 1589/292
f 2097/296 1523/297 1074/298
f 1533/299 1643/300 1534/301
f 2331/281 2074/302 1457/279
f 1779/303 2029/304 2333/305
f 2330/306 2194/307 1607/308
f 1607/308 2088/309 2330/306
f 1652/310 1653/311 1836/312
f 1754/313 2101/314 2329/315
f 2329/315 2037/316 1754/313
f 2328/317 1951/318 1231/319
f 1231/319 2127/320 2328/317
f 440/321 2310/322 1326/323
f 1326/323 1538/324 440/321
f 2335/325 1861/326 1413/327
f 2340/328 1843/329 1714/330
f 2339/331 2306/332 1668/333
f 1668/333 1613/334 2339/331
f 1667/335 2102/336 2338/337
f 2338/337 1994/286 1667/335
f 1774/338 2156/339 2337/340
f 2337/340 2146/341 1774/338
f 1081/342 2336/343 1312/344
f 1312/344 1311/345 1081/342
f 2024/346 1310/347 2025/348
f 1413/327 1417/349 2335/325
f 490/350 2206/351 290/352
f 290/352 229/353 490/350
f 547/354 2014/355 1544/356
f 1544/356 1686/357 547/354
f 2334/358 2240/359 1616/360
f 1616/360 1806/361 2334/358
f 2333/305 2158/362 1779/303
f 2479/185 1852/184 1251/363
f 2321/364 2163/365 1276/366
f 2163/365 1677/367 1276/366
f 1276/366 1274/142 2320/141
f 1499/368 2090/369 163/370
f 233/371 1689/372 1499/368
f 1689/372 1691/373 1499/368
f 163/370 233/371 1499/368
f 1251/374 2319/375 2479/376
f 1251/374 2318/377 2319/375
f 1276/366 2320/141 2321/364
f 1251/374 1255/378 2318/377
f 2317/379 1957/380 1411/381
f 1411/381 1888/382 2317/379
f 2316/383 2149/384 1660/385
f 1660/385 2018/386 2316/383
f 1637/387 1727/388 1737/389
f 2315/78 1651/249 1734/390
f 1734/390 1736/79 2315/78
f 1675/391 2181/392 2314/393
f 1747/394 1566/395 1777/396
f 150/17 2327/125 1412/397
f 1412/397 1430/14 150/17
f 2327/125 1288/90 1412/397
f 1522/398 1957/380 2326/399
f 2326/399 1898/400 1522/398
f 2246/401 2088/309 1858/402
f 1747/403 1567/404 2325/405
f 1836/406 1567/407 1747/408
f 2325/409 1566/395 1747/394
f 1714/330 2307/410 2340/328
f 1747/411 1652/310 1836/312
f 2324/412 1911/413 1565/414
f 1565/414 1564/415 2324/412
f 1695/416 2314/393 2244/417
f 1549/418 2092/50 2323/419
f 2323/419 2101/314 1549/418
f 2322/420 2045/421 1315/422
f 1315/422 2212/423 2322/420
f 994/424 996/425 1271/426
f 1552/427 2184/428 145/429
f 145/429 2130/128 1552/427
f 1517/430 2060/210 2361/431
f 2361/431 1998/432 1517/430
f 1724/433 2118/434 2360/435
f 2360/435 2166/436 1724/433
f 2359/437 2212/438 1907/439
f 1907/439 1909/440 2359/437
f 1907/439 1908/441 1909/440
f 1608/442 1485/443 2362/444
f 2358/445 960/446 994/424
f 1271/426 2358/445 994/424
f 1142/447 2357/448 1530/449
f 1142/447 2078/450 2357/448
f 1530/451 1069/452 1142/453
f 1149/454 709/455 1142/456
f 709/457 56/458 1142/447
f 2356/459 2215/460 1583/461
f 303/462 2049/463 1635/464
f 206/465 1941/466 1940/467
f 2025/468 1310/469 1308/470
f 1618/471 2366/472 1122/473
f 1618/474 2365/475 2366/476
f 1122/473 1573/477 1618/471
f 2298/478 2362/444 1485/443
f 2364/479 2291/480 1670/481
f 1670/481 1920/482 2364/479
f 1583/461 1608/442 2356/459
f 1635/464 2022/483 303/462
f 2363/484 2254/485 1841/486
f 1841/486 1962/487 2363/484
f 1214/488 2108/489 718/490
f 718/490 1721/491 1214/488
f 197/492 2226/493 127/494
f 127/494 126/495 197/492
f 2362/444 2356/459 1608/442
f 1791/496 2201/497 2343/498
f 388/499 2034/500 1987/501
f 2347/502 1988/503 1987/504
f 2064/505 2054/506 1936/507
f 2346/508 2106/509 1632/510
f 1632/510 1995/511 2346/508
f 2345/512 2105/247 1741/513
f 1741/513 2113/514 2345/512
f 2344/515 2339/331 1613/334
f 1613/334 1612/516 2344/515
f 388/499 2347/517 1987/501
f 2343/498 2071/518 1791/496
f 1711/519 1855/520 2342/74
f 2342/74 1599/73 1711/519
f 2336/521 2261/522 1327/523
f 2261/522 2260/524 1327/523
f 1000/525 1721/491 595/526
f 1509/527 2341/528 2095/529
f 1509/527 1898/530 2341/528
f 331/531 2352/532 1923/533
f 1566/534 1778/535 1777/536
f 2325/409 1567/537 1566/395
f 2355/538 2344/515 1612/516
f 1612/516 1984/231 2355/538
f 2354/539 2119/540 1725/541
f 1725/541 1998/432 2354/539
f 1802/542 2166/436 2353/543
f 2353/543 2156/339 1802/542
f 2005/544 2091/545 1658/546
f 251/183 2479/185 2000/547
f 2352/532 2351/548 1923/533
f 1923/533 1722/549 2350/550
f 2351/548 1882/551 1923/533
f 1923/533 2350/550 331/531
f 396/552 2349/553 519/554
f 519/554 2172/555 2348/556
f 2349/553 1922/557 519/554
f 2348/556 396/552 519/554
f 618/558 2211/559 1558/560
f 277/561 2278/562 1879/563
f 1879/563 2177/564 277/561
f 1770/565 2050/566 141/567
f 74/568 2039/569 1770/565
f 141/567 74/568 1770/565
f 450/570 2202/571 1857/572
f 1857/572 2147/175 450/570
f 2221/573 2437/574 2046/575
f 2437/574 2048/576 2046/575
f 1844/577 2030/578 436/579
f 1558/560 2099/580 618/558
f 2386/581 1993/582 1790/583
f 1993/582 1992/584 1790/583
f 717/585 1076/586 675/587
f 675/588 1325/589 2436/590
f 1325/589 2435/591 675/588
f 2440/592 2034/593 1663/594
f 1663/594 1664/595 1673/596
f 1341/597 1788/598 741/599
f 1211/600 1210/601 1046/602
f 1751/89 2374/85 822/603
f 822/603 1860/604 1751/89
f 706/605 2178/606 1859/607
f 1859/607 2170/608 706/605
f 1887/172 2403/170 2438/609
f 451/610 2141/611 1850/612
f 1850/612 2148/613 451/610
f 2007/614 2010/615 2009/616
f 1663/594 1673/596 2440/592
f 741/599 710/617 2441/618
f 741/599 2442/619 1341/597
f 741/599 2441/618 2442/619
f 1556/620 1574/621 670/622
f 1556/623 669/624 673/625
f 1556/620 670/622 669/626
f 1556/623 671/627 673/625
f 436/579 2209/628 1844/577
f 2433/629 2333/305 2029/304
f 199/630 1070/631 1534/301
f 995/632 200/633 1534/301
f 200/633 227/634 1534/301
f 227/634 199/630 1534/301
f 1655/635 2159/636 2434/637
f 2434/637 224/638 1655/635
f 587/639 2232/640 1780/641
f 1780/641 2095/529 587/639
f 1534/301 1642/642 995/632
f 2029/304 2431/643 2433/629
f 1896/644 2255/645 41/646
f 2016/136 2376/134 339/647
f 339/647 2017/648 2016/136
f 1833/295 2332/294 210/649
f 210/649 2220/650 1833/295
f 1547/651 2068/652 873/653
f 1640/654 2233/655 590/656
f 590/656 2432/657 1640/654
f 2047/658 2048/576 2437/574
f 1898/400 2326/399 2439/659
f 2439/660 2341/528 1898/530
f 2438/609 2400/260 1872/263
f 1872/263 1887/172 2438/609
f 1871/661 2424/662 114/663
f 114/663 1902/664 1871/661
f 137/665 2208/666 1926/667
f 1926/667 2157/668 137/665
f 2295/669 2437/670 2047/671
f 1046/602 1634/672 1211/600
f 2386/581 1993/582 1914/673
f 2478/673 1790/583 1992/584
f 1075/674 2097/675 1523/676
f 1523/677 675/678 2435/679
f 2436/680 1076/681 1523/682
f 1076/683 1075/684 1523/685
f 1523/686 2435/591 1325/589
f 260/687 1981/688 1847/689
f 232/690 2447/691 1689/372
f 2447/691 1959/692 1689/372
f 1689/372 233/371 232/690
f 1838/693 2297/66 186/694
f 186/694 1927/695 1838/693
f 2037/696 2446/697 2445/698
f 2329/315 2446/699 2037/316
f 2445/698 2038/700 2037/696
f 1847/689 2289/701 260/687
f 1971/702 1970/703 1972/704
f 751/705 2444/706 1512/707
f 2444/706 1513/708 1512/707
f 31/709 751/705 1512/707
f 1512/707 28/710 31/709
f 1538/324 2218/711 441/712
f 1538/324 2217/713 2218/711
f 1538/714 2216/715 2217/716
f 441/712 440/321 1538/324
f 997/717 1382/718 1378/719
f 1486/720 996/425 2449/721
f 40/722 2448/723 1955/724
f 2268/725 2368/112 1916/115
f 1313/726 2301/727 1048/728
f 1048/728 2042/729 2301/727
f 1048/728 2042/729 1313/726
f 1195/730 2401/200 1339/250
f 1339/250 2002/731 1195/730
f 1486/720 2026/732 691/733
f 2449/721 1487/734 1486/720
f 1382/718 1381/735 1378/719
f 691/733 996/425 1486/720
f 930/61 2020/736 1815/62
f 9/737 8/738 1946/739
f 2103/740 2230/741 475/742
f 474/743 2104/744 2103/740
f 475/742 474/743 2103/740
f 2448/723 2426/745 1877/746
f 1877/746 1955/724 2448/723
f 2010/615 2007/614 2213/747
f 959/748 958/749 1070/631
f 199/630 198/750 1070/631
f 1686/357 1913/751 548/752
f 548/752 547/354 1686/357
f 503/753 2251/96 1804/754
f 1804/754 2158/362 503/753
f 1013/755 2008/756 2010/757
f 2010/615 2213/747 1013/758
f 1070/631 200/633 959/748
f 1681/759 2058/760 236/761
f 236/761 1678/153 1681/759
f 1311/345 2162/762 1177/763
f 1311/345 1436/764 2162/762
f 1177/763 1082/765 1311/345
f 1082/765 1081/342 1311/345
f 648/766 1720/767 1125/768
f 1125/768 649/769 648/766
f 1840/770 2145/76 368/771
f 1381/735 1380/772 1378/719
f 1378/719 1594/773 997/717
f 196/774 2159/636 1633/775
f 1633/775 192/199 196/774
f 2443/776 2334/358 1806/361
f 1806/361 2106/777 2443/776
f 8/738 2416/778 1935/779
f 1935/779 1946/739 8/738
f 2006/780 2242/781 2430/782
f 2432/657 1881/783 1640/654
f 368/771 2241/784 1840/770
f 422/785 2219/786 1501/787
f 1501/787 2302/788 423/789
f 423/789 422/785 1501/787
f 162/790 2090/791 1510/792
f 1510/792 1930/793 162/790
f 1575/794 2210/795 1151/796
f 1151/796 1788/598 1575/794
f 1920/482 1935/779 2416/778
f 391/797 1594/773 551/798
f 551/798 392/799 391/797
f 1434/800 686/801 2418/802
f 1434/800 2418/802 154/803
f 154/803 153/804 1434/800
f 1796/94 2373/93 2417/805
f 2417/805 2346/508 1796/94
f 2346/508 1995/511 1796/94
f 2416/778 2364/479 1920/482
f 551/798 2227/806 392/799
f 1823/807 2254/485 471/808
f 471/808 2118/434 1823/807
f 1773/809 2253/810 34/811
f 34/811 1931/812 1773/809
f 1960/813 2415/814 444/815
f 444/815 2068/652 1960/813
f 1960/813 1941/466 2415/814
f 945/816 2161/817 1176/818
f 1176/818 2154/819 945/816
f 1683/820 2183/821 2420/822
f 844/823 2280/824 1657/825
f 1657/825 1839/826 844/823
f 249/827 154/803 686/801
f 154/803 2418/802 686/801
f 686/801 250/828 249/827
f 1945/829 2421/830 9/737
f 1945/829 2011/831 2421/830
f 9/737 1946/739 1945/829
f 1173/832 1586/833 651/834
f 2420/822 1963/835 1683/820
f 2419/836 2369/108 1848/111
f 1848/111 1900/837 2419/836
f 63/838 2375/137 1753/139
f 1753/139 1942/839 63/838
f 1230/273 2312/840 494/274
f 1417/349 2190/841 560/842
f 560/842 2335/325 1417/349
f 180/843 1933/844 1795/845
f 1459/846 2477/847 2398/848
f 855/849 2153/850 1459/846
f 1459/851 2398/216 856/215
f 856/852 855/849 1459/846
f 2413/853 2279/854 2151/855
f 2151/855 2152/856 2413/853
f 1903/204 2412/857 2407/203
f 1903/204 1912/858 2412/857
f 1795/845 2073/859 180/843
f 857/860 1471/861 1171/862
f 1793/107 1794/863 1792/864
f 1953/865 2411/866 264/867
f 264/867 2207/868 1953/865
f 1953/865 1883/211 2411/866
f 1954/869 1883/211 1953/865
f 1882/551 2351/548 2173/870
f 963/871 1980/872 1899/873
f 963/871 1980/872 24/874
f 1726/875 2104/744 2414/876
f 651/834 650/877 1173/832
f 928/878 1905/879 553/880
f 1593/881 1828/882 1829/883
f 687/884 1828/885 1593/886
f 1593/886 387/887 687/884
f 1862/64 2390/43 53/888
f 53/888 1947/889 1862/64
f 185/890 2412/857 1912/858
f 1912/858 1927/695 185/890
f 375/891 1944/892 1870/266
f 2414/876 1564/893 1726/875
f 1811/894 2283/895 171/896
f 171/896 1997/897 1811/894
f 1561/898 1952/899 602/900
f 297/901 1560/902 1561/903
f 602/904 297/901 1561/903
f 1171/862 2366/472 857/860
f 2366/476 2365/475 857/905
f 1884/906 2119/540 428/907
f 1172/908 1171/862 1471/861
f 189/909 2390/43 1749/42
f 1749/42 2209/628 2429/910
f 1749/42 2429/910 189/909
f 2428/911 2264/912 1851/913
f 1851/913 2149/384 2428/911
f 1878/914 2263/915 218/916
f 218/916 2148/917 1878/914
f 428/907 2186/918 1884/906
f 1471/861 2107/919 1172/908
f 68/149 2411/866 1883/211
f 1579/920 2220/650 568/921
f 568/921 2117/922 1579/920
f 1743/923 2057/924 776/925
f 1810/926 2098/927 889/928
f 1967/929 1966/930 1810/931
f 888/932 1966/930 1810/931
f 1617/933 1797/934 738/935
f 543/936 2170/608 1742/937
f 1900/837 2006/780 2430/782
f 483/938 2317/379 1888/382
f 1888/382 2134/166 483/938
f 2188/939 2204/940 2431/643
f 2431/643 2029/304 2188/939
f 40/722 1955/724 1895/941
f 1895/941 1896/644 41/646
f 41/646 40/722 1895/941
f 1900/837 2430/782 2419/836
f 1742/937 2074/302 543/936
f 296/942 1868/943 1560/902
f 297/901 296/942 1560/902
f 947/944 2057/924 1105/945
f 1105/945 1821/271 824/946
f 1105/945 824/946 947/944
f 906/947 2274/948 1623/949
f 1623/949 1625/950 906/947
f 2309/951 2318/377 1255/378
f 1548/952 1547/651 873/653
f 1843/329 2340/328 81/953
f 81/953 2018/386 1843/329
f 1835/206 2406/205 2424/662
f 2424/662 1871/661 1835/206
f 1834/954 2186/918 409/955
f 409/955 2102/336 1834/954
f 1856/164 2294/956 70/957
f 70/957 69/148 1856/164
f 872/958 1665/143 1548/952
f 1814/280 2019/959 352/960
f 1548/952 873/653 872/958
f 2423/961 2152/962 1543/963
f 1543/963 2252/964 2423/961
f 2422/965 2142/966 1956/967
f 1956/967 2169/2 2422/965
f 73/968 2256/969 1842/970
f 1842/970 2039/569 73/968
f 1870/266 2399/265 375/891
f 867/971 2185/972 1853/973
f 2427/974 2272/975 1985/976
f 1985/976 2023/977 2427/974
f 1776/978 2141/611 242/979
f 242/979 2050/566 1776/978
f 2426/745 2382/29 1824/32
f 1824/32 1877/746 2426/745
f 658/980 2425/981 1932/982
f 2425/981 2221/573 1932/982
f 1932/982 1943/983 658/980
f 2314/393 1695/416 1675/391
f 1853/973 2143/984 868/985
f 868/985 867/971 1853/973
f 2001/986 1621/987 1620/988
f 713/989 712/990 793/991
f 87/992 2357/448 2079/993
f 2357/448 2080/994 2079/993
f 88/995 87/996 2079/997
f 352/960 2331/281 1814/280
f 1286/998 1543/999 2152/856
f 1422/1000 1802/542 2156/339
f 2156/339 1774/338 1422/1000
f 1156/1001 2069/1002 2155/1003
f 2155/1003 1452/1004 1156/1001
f 2154/819 2143/984 652/1005
f 652/1005 945/816 2154/819
f 793/991 2067/1006 794/1007
f 1067/1008 2153/850 2096/1009
f 1067/1008 1459/846 2153/850
f 1348/1010 1504/1011 2157/668
f 2152/856 2151/855 1286/998
f 2151/1012 2150/1013 1286/1014
f 2149/384 1851/913 955/1015
f 955/1015 1660/385 2149/384
f 2148/613 1850/612 1200/1016
f 1200/1017 1878/914 2148/917
f 2147/175 1857/572 1091/1018
f 1091/1018 1755/176 2147/175
f 774/1019 773/1020 2161/817
f 2166/436 1802/542 1233/1021
f 1083/1022 2036/1023 2165/268
f 2165/268 1629/267 1083/1022
f 1083/1022 1629/267 2164/1024
f 2164/1024 1627/1025 1083/1022
f 2163/365 2162/762 558/1026
f 558/1026 1677/367 2163/365
f 2162/762 1436/764 558/1026
f 2161/817 945/816 774/1019
f 1390/1027 1774/338 2146/341
f 1309/1028 1382/718 521/1029
f 1309/1028 1379/1030 1382/718
f 2160/1031 1306/1032 1309/1033
f 707/1034 1633/775 2159/636
f 2159/636 1655/635 707/1034
f 2158/362 1804/754 417/1035
f 417/1035 1779/303 2158/362
f 2157/668 1926/667 1348/1010
f 2133/24 1684/3 1300/1036
f 2139/289 1666/288 970/1037
f 890/1038 1548/952 1665/143
f 2138/1039 1949/1040 291/1041
f 291/1041 1384/1042 2138/1039
f 957/1043 2135/1044 2137/1045
f 2137/1045 1958/1046 957/1043
f 957/1043 1400/1047 2135/1044
f 2134/166 1888/382 1044/1048
f 1044/1048 1685/167 2134/166
f 970/1049 1971/702 2139/1050
f 1300/1036 1676/127 2133/24
f 1366/1051 1221/1052 1395/1053
f 1161/1054 1976/1055 2072/1056
f 1181/1057 1601/33 2132/36
f 2132/36 1478/135 1181/1057
f 1102/1058 1720/1059 323/1060
f 324/1061 672/1062 1102/1063
f 1102/1064 325/1065 324/1066
f 545/1067 1450/196 192/199
f 2146/341 1682/1068 1390/1027
f 2145/76 1840/770 1600/1069
f 1600/1069 1599/73 2145/76
f 2144/39 1767/1070 26/1071
f 26/1071 1291/40 2144/39
f 2143/984 1853/973 653/1072
f 653/1072 652/1005 2143/984
f 192/199 1633/775 545/1067
f 1451/1073 1450/196 545/1067
f 1233/1021 1724/433 2166/436
f 1543/1074 1661/1075 1542/1076
f 1661/1077 1880/1078 1542/1079
f 2142/966 1965/1080 1428/1081
f 1428/1081 1956/967 2142/966
f 1183/1082 1850/612 2141/611
f 2141/611 1776/978 1183/1082
f 1403/1083 2109/1084 2140/1085
f 2140/1085 1491/1086 1403/1083
f 317/1087 2064/1088 905/1089
f 1393/1090 2168/1091 2187/1092
f 2187/1092 1405/1093 1393/1090
f 1295/1094 1884/906 2186/918
f 2186/918 1834/954 1295/1094
f 1597/1095 1923/533 1882/551
f 744/1096 1853/973 2185/972
f 2185/972 716/1097 744/1096
f 744/1096 716/1097 745/1098
f 1310/347 2024/346 1305/1099
f 1222/1100 1395/1053 1221/1052
f 905/1089 1662/1101 317/1087
f 2064/1102 1246/1103 905/1104
f 1936/1105 1246/1103 905/1104
f 1631/1106 1632/1107 2106/1108
f 2184/428 1552/427 1551/1109
f 1551/1109 1615/1110 2184/428
f 1144/1111 1825/1112 2183/821
f 2183/821 1683/820 1144/1111
f 2182/214 2181/392 1160/1113
f 1416/1114 2027/1115 2190/841
f 2194/307 2040/1116 1116/1117
f 1116/1117 1607/308 2194/307
f 1395/1053 1222/1100 1441/1118
f 1405/1093 2187/1092 2193/1119
f 2193/1119 1424/1120 1405/1093
f 2192/1121 1917/1122 1199/1123
f 1199/1123 1901/1124 2192/1121
f 2191/291 1894/1125 1359/1126
f 1359/1126 1666/288 2191/291
f 1160/1113 1812/212 2182/214
f 2190/841 1417/349 1416/1114
f 958/749 2107/919 645/1127
f 645/1127 1070/631 958/749
f 2064/1128 1936/1129 1246/1130
f 2115/1131 1429/1132 1715/1133
f 2189/1134 2029/304 1529/1135
f 1529/1135 2188/939 2189/1134
f 1529/1135 1568/1136 2188/939
f 2170/608 1859/607 1139/1137
f 363/1138 2173/870 2174/1139
f 2174/1139 2003/63 363/1138
f 363/1138 1882/551 2173/870
f 2171/1140 2172/555 522/1141
f 2172/555 519/554 522/1141
f 522/1141 1002/1142 2171/1140
f 1306/1032 2160/1031 2026/1143
f 2026/1143 1308/1144 1306/1032
f 2067/1006 793/991 712/990
f 2155/1003 1906/1145 1452/1004
f 1139/1137 1742/937 2170/608
f 2169/2 1956/967 1356/1146
f 1356/1146 1684/3 2169/2
f 1540/1147 1747/1148 1777/1149
f 1349/1150 2110/1151 2168/1091
f 2168/1091 1393/1090 1349/1150
f 1055/1152 2087/1153 2167/213
f 2167/213 1812/212 1055/1152
f 1121/1154 1781/1155 1782/144
f 2181/392 1675/391 1160/1113
f 2180/234 1876/233 1503/1156
f 1503/1156 1648/1157 2180/234
f 126/495 1831/1158 1375/1159
f 1375/1159 197/492 126/495
f 1375/1159 1374/1160 197/492
f 1121/1154 1782/144 2179/163
f 2179/1161 1142/1162 1121/1163
f 1142/1164 2126/1165 1121/1154
f 1190/1166 1783/1167 1787/1168
f 2178/606 2052/168 922/1169
f 922/1169 1859/607 2178/606
f 2177/564 1879/563 1164/1170
f 1164/1170 1630/1171 2177/564
f 2176/1172 2022/483 1278/1173
f 1278/1173 1611/1174 2176/1172
f 1294/1175 2128/1176 2175/1177
f 2175/1177 1524/1178 1294/1175
f 1043/1179 1858/1180 2088/1181
f 1051/1182 1658/546 2091/545
f 97/1183 1510/1184 2090/1185
f 97/1183 1499/1186 2090/1185
f 1808/1187 1891/1188 1809/1189
f 1248/1190 1764/1191 488/1192
f 488/1192 1249/1193 1248/1190
f 1029/1194 1947/889 2089/1195
f 2089/1195 1398/1196 1029/1194
f 2088/309 1607/308 1043/1197
f 2091/545 1855/520 1051/1182
f 1054/1198 1775/1199 2087/1153
f 2087/1153 1055/1152 1054/1198
f 1131/1200 1712/1201 2086/1202
f 2086/1202 1462/1203 1131/1200
f 1801/1204 2085/1205 425/1206
f 2085/1205 1514/1207 425/1206
f 2084/239 1832/180 1198/1208
f 1198/1208 1197/236 2084/239
f 518/1209 944/1210 2083/276
f 942/1211 1509/527 2095/529
f 2098/927 1810/926 617/1212
f 860/1213 2097/296 1076/1214
f 1076/1214 861/1215 860/1213
f 860/1213 1074/298 2097/296
f 592/1216 1705/1217 515/1218
f 515/1218 593/1219 592/1216
f 2096/1009 1874/1220 818/1221
f 818/1221 1067/1008 2096/1009
f 2095/529 1780/641 942/1211
f 2083/276 516/275 518/1209
f 1946/739 1935/779 1323/1222
f 1353/1223 1331/1224 700/1225
f 700/1225 984/1226 1353/1223
f 980/1227 2094/287 2093/1228
f 980/1227 1590/285 2094/287
f 2093/1228 1581/1229 980/1227
f 909/1230 1733/47 2092/50
f 2092/50 1549/418 909/1230
f 2064/505 2054/506 1245/1231
f 2068/652 1547/651 463/1232
f 463/1232 1960/813 2068/652
f 158/244 1890/1233 129/1234
f 129/1234 128/241 158/244
f 40/722 41/646 42/1235
f 510/1236 2067/1006 712/990
f 510/1236 712/990 711/1237
f 2065/1238 2066/1239 1245/1240
f 1245/1240 2066/1239 122/1241
f 2069/1002 1156/1001 967/1242
f 122/1243 2054/1244 1245/1245
f 1100/1246 1101/1247 2031/1248
f 2063/227 2051/1249 1444/1250
f 1444/1250 1466/1251 2063/227
f 1737/389 1727/388 1136/1252
f 1463/1253 2061/1254 2062/1255
f 2062/1255 1479/1256 1463/1253
f 1463/1253 1282/1257 2061/1254
f 901/1258 1457/279 2074/302
f 1227/1259 1799/1260 2082/1261
f 2081/1262 194/1263 1227/1259
f 2080/994 2078/450 1019/1264
f 1019/1264 2079/993 2080/994
f 1019/1264 2076/1265 2079/993
f 1019/1266 1142/1267 2077/1268
f 1019/1264 2075/1269 2076/1265
f 1019/1264 1845/1270 2075/1269
f 2074/302 1742/937 901/1258
f 617/1212 1710/1271 2098/927
f 1466/1251 1977/224 2063/227
f 983/1272 2072/1056 2073/859
f 2073/859 1795/845 983/1272
f 983/1272 1161/1054 2072/1056
f 891/1273 1791/496 2071/518
f 2071/518 1712/1201 891/1273
f 2070/52 2069/1002 967/1242
f 967/1242 1609/53 2070/52
f 2119/540 1884/906 1330/1274
f 1186/1275 1370/1276 2125/1277
f 1061/1278 2123/1279 2124/1280
f 2124/1280 2122/1281 1061/1278
f 1061/1278 1541/1282 2123/1279
f 2122/1283 1569/1284 1061/1285
f 1221/1052 1366/1051 987/1286
f 1281/1287 2121/1288 2120/1289
f 1281/1287 1440/1290 2121/1288
f 2120/1289 1282/1257 1281/1287
f 2125/1277 1986/1291 1186/1275
f 1330/1274 1725/541 2119/540
f 1277/1292 1823/807 2118/434
f 2118/434 1724/433 1277/1292
f 2117/1293 1744/1294 1008/1295
f 1008/1296 1579/920 2117/922
f 799/1297 1511/1298 1513/708
f 228/1299 1672/1300 1674/1301
f 1674/1301 491/1302 228/1299
f 2114/1303 2115/1304 979/1305
f 1182/1306 1849/72 2129/71
f 2079/997 2076/1307 1845/1308
f 2076/1309 2075/1310 1845/1311
f 1845/1308 2126/1165 2079/997
f 1301/1312 1759/219 2131/222
f 2131/222 1336/1313 1301/1312
f 2130/128 1676/127 1243/1314
f 1243/1314 1552/427 2130/128
f 2120/1289 2061/1254 1282/1257
f 2129/71 1755/176 1182/1306
f 2115/1304 1999/1315 979/1305
f 1293/1316 2017/648 2128/1176
f 2128/1176 1294/1175 1293/1316
f 946/1317 1961/1318 2127/320
f 2127/320 1231/319 946/1317
f 491/1302 490/350 229/353
f 229/353 228/1299 491/1302
f 1119/1319 1121/1154 2126/1165
f 2126/1165 1845/1308 1119/1319
f 916/1320 1320/1321 2103/740
f 2106/777 1806/361 1148/1322
f 2106/1108 1631/1106 1148/1323
f 2105/247 1738/246 900/1324
f 900/1324 1741/513 2105/247
f 984/1226 1351/1325 1353/1223
f 987/1286 1351/1325 984/1226
f 916/1320 2103/740 2104/744
f 2104/744 1726/875 916/1320
f 644/1326 1470/1327 1469/1328
f 916/1320 1505/1329 1320/1321
f 1026/1330 1834/954 2102/336
f 2102/336 1667/335 1026/1330
f 2101/314 1754/313 937/1331
f 937/1331 1549/418 2101/314
f 2100/178 2099/580 523/1332
f 523/1332 1420/179 2100/178
f 2099/580 1021/1333 523/1332
f 2109/1084 1403/1083 1318/1334
f 979/1305 1445/1335 2114/1303
f 2113/514 1741/513 977/1336
f 977/1336 1757/1337 2113/514
f 1351/1325 987/1286 1366/1051
f 2112/1338 2110/1151 1218/1339
f 1218/1339 2111/1340 2112/1338
f 1218/1339 1220/1341 2111/1340
f 2110/1151 1349/1150 1218/1339
f 1318/1334 2028/1342 2109/1084
f 1337/1343 1336/1313 2195/1344
f 2037/1345 1754/1346 802/1347
f 1511/1298 799/1297 798/1348
f 390/1349 1820/162 2108/489
f 2108/489 1214/488 390/1349
f 1523/677 1074/1350 674/1351
f 2107/919 1471/861 642/1352
f 642/1352 645/1127 2107/919
f 1469/1328 1570/255 644/1326
f 1445/1335 1449/1353 2273/1354
f 1453/1355 1997/897 170/1356
f 1968/1357 1942/839 1401/1358
f 2275/1359 1950/1360 1128/1361
f 1128/1361 1216/1362 2275/1359
f 2274/948 2138/1039 1384/1042
f 1384/1042 1623/949 2274/948
f 615/1363 1536/242 935/1364
f 935/1365 2266/1366 615/1367
f 2273/1354 2114/1303 1445/1335
f 170/1356 2269/1368 1453/1355
f 2272/1369 2113/514 1757/1337
f 1757/1370 1985/976 2272/975
f 1361/1371 2271/1372 2270/1373
f 1361/1371 2008/756 2271/1372
f 2270/1373 1775/1199 1361/1371
f 2269/1368 1943/983 1694/1374
f 1694/1374 1453/1355 2269/1368
f 1490/1375 1744/1294 2268/725
f 2268/725 1916/115 1490/1375
f 2031/1248 2151/855 2279/854
f 1417/349 1413/327 1418/1376
f 649/769 1125/768 1126/1377
f 1126/1377 1174/1378 650/877
f 1126/1377 650/877 649/769
f 927/1379 2054/1244 386/1380
f 387/887 1593/886 927/1379
f 386/1380 385/1381 927/1379
f 2279/854 2032/1382 2031/1248
f 1559/1383 1386/240 1385/1384
f 2278/562 2123/1279 1541/1282
f 1541/1282 1879/563 2278/562
f 1727/388 1637/387 1297/1385
f 2277/1386 2112/1338 1220/1341
f 2112/1338 2111/1340 1220/1341
f 1220/1341 1910/1387 2277/1386
f 1392/1388 2243/1389 2276/70
f 2276/70 1849/72 1392/1388
f 2257/1390 2023/977 1964/1391
f 1004/1392 1312/1393 2260/1394
f 717/1395 675/678 672/1062
f 672/1062 324/1061 717/1395
f 2259/1396 1929/1397 993/1398
f 993/1398 1655/635 224/638
f 993/1398 224/638 2259/1396
f 2258/1399 2019/959 1429/1400
f 1429/1132 1999/1401 2258/1402
f 1429/1132 1999/1401 2115/1131
f 1004/1403 2260/1404 2261/1405
f 1964/1391 1965/1080 2257/1390
f 1669/1406 1614/1407 1506/1408
f 1506/1408 1507/1409 1669/1406
f 2256/969 1825/1112 1258/1410
f 1258/1410 1842/970 2256/969
f 1423/1411 1917/1122 2255/645
f 2255/645 1896/644 1423/1411
f 2254/485 1823/807 1822/1412
f 1822/1412 1841/486 2254/485
f 2264/1413 1977/1414 1748/1415
f 1385/1416 1743/923 776/925
f 2267/1417 778/1418 1385/1419
f 778/1420 1559/1383 1385/1384
f 934/1421 1948/1422 2266/1423
f 2266/1423 935/1364 934/1421
f 2033/1424 1987/504 2265/1425
f 1101/1426 2150/1013 2151/1012
f 2151/855 2031/1248 1101/1247
f 2264/1413 1851/1427 1748/1415
f 1216/1362 1657/825 2280/824
f 1699/1428 1669/1406 1507/1409
f 1507/1409 1296/1429 1699/1428
f 1479/1256 2062/1255 2263/915
f 2263/915 1878/914 1479/1256
f 1346/1430 2038/700 2262/1431
f 2262/1431 1962/487 1346/1430
f 2164/1024 1629/267 1627/1025
f 2261/1405 1723/1432 1004/1403
f 1213/1433 2300/1434 203/1435
f 2305/30 2176/1172 1611/1174
f 1611/1174 1745/31 2305/30
f 2304/1436 2303/1437 1682/1068
f 1682/1068 2146/341 2304/1436
f 2303/1437 1982/1438 1682/1068
f 748/1439 2301/1440 2302/788
f 2302/788 1501/787 748/1439
f 748/1439 1047/1441 2301/1440
f 1659/1442 1668/333 2306/332
f 1213/1433 1212/1443 2300/1434
f 203/1435 1254/1444 1213/1433
f 1187/1445 2020/736 2299/1446
f 2299/1446 1718/1447 1187/1445
f 1484/1448 2239/1449 2298/478
f 2298/478 1485/443 1484/1448
f 2297/66 1838/693 1701/1450
f 1701/1450 1700/67 2297/66
f 2296/1451 2250/1452 1605/1453
f 2309/951 1255/378 1254/1444
f 1712/1201 2071/518 2313/1454
f 2313/1454 2086/1202 1712/1201
f 2199/1455 2005/544 1626/1456
f 1154/1457 1854/158 2312/840
f 2312/840 1230/273 1154/1457
f 1488/1458 2310/1459 2311/1460
f 2310/1459 1326/1461 1488/1458
f 203/1435 2309/951 1254/1444
f 1605/1453 1659/1442 2296/1451
f 2126/1165 2179/163 88/995
f 88/995 2079/997 2126/1165
f 2126/1165 1142/1164 2179/163
f 1398/1196 2089/1195 2308/92
f 2308/92 1702/91 1398/1196
f 1654/1462 2231/1463 2307/410
f 2307/410 1714/330 1654/1462
f 2306/332 2296/1451 1659/1442
f 2285/26 1698/25 1520/1464
f 1150/1465 1817/1466 549/1467
f 549/1467 1460/1468 1150/1465
f 738/935 2136/1469 1400/1047
f 1400/1047 1617/933 738/935
f 2287/1470 2273/1354 1449/1353
f 1449/1353 1467/1471 2287/1470
f 2286/1472 2184/428 1615/1110
f 1615/1110 2040/1116 2286/1472
f 1520/1464 2222/1473 2285/26
f 1174/1378 1173/832 650/877
f 1504/1011 2249/1474 2284/1475
f 2284/1475 2157/668 1504/1011
f 1524/1178 2175/1177 2283/895
f 2283/895 1811/894 1524/1178
f 1692/1476 2282/151 2281/1477
f 1692/1476 1693/152 2282/151
f 2281/1477 1257/1478 1692/1476
f 1216/1362 2280/824 2275/1359
f 1467/1471 2196/1479 2287/1470
f 2093/1228 1983/1480 1581/1229
f 1610/1481 2295/1482 2294/956
f 1610/1481 2047/1483 2295/1482
f 2294/956 1856/164 1610/1481
f 1257/1478 2281/1477 2293/1484
f 2293/1484 2036/1023 1257/1478
f 151/16 2292/15 1169/1485
f 1169/1485 1921/1486 151/16
f 2292/15 1430/14 1169/1485
f 1437/1487 1981/688 2253/810
f 2291/480 2177/564 1630/1171
f 1630/1171 1670/481 2291/480
f 2290/109 2180/234 1648/1157
f 1648/1157 1739/110 2290/109
f 1514/1207 2085/1205 2289/701
f 2289/701 1847/689 1514/1207
f 2288/1488 2198/1489 1435/1490
f 1435/1490 1991/1491 2288/1488
f 1407/1492 1454/1493 1408/1494
f 2218/711 2217/713 716/1097
f 2217/716 2216/715 716/1495
f 716/1495 1538/714 2216/715
f 1538/714 1537/1496 716/1495
f 1557/278 1545/1497 1546/1498
f 487/1499 2055/1500 149/1501
f 149/1501 1249/1193 487/1499
f 2215/460 2125/1277 1370/1276
f 1370/1276 1583/461 2215/460
f 2185/972 2218/711 716/1097
f 1237/1502 1983/1480 2214/1503
f 2214/1503 2213/747 1237/1502
f 2213/747 2007/614 1237/1502
f 1344/1504 1907/439 2212/438
f 2212/423 1315/422 1344/1505
f 2211/559 1578/1506 720/1507
f 720/1507 1558/560 2211/559
f 2210/795 1732/1508 1152/1509
f 1152/1509 1151/796 2210/795
f 1519/1510 2223/248 2222/1473
f 932/1511 2226/493 194/1263
f 194/1263 2082/1261 932/1511
f 2081/1262 2082/1261 194/1263
f 2226/493 197/492 194/1263
f 1226/1512 1873/1513 2225/259
f 2225/259 1758/223 1226/1512
f 1639/1514 1813/95 2224/98
f 2224/98 1638/1515 1639/1514
f 1454/1493 1407/1492 1592/1516
f 671/627 1979/1517 740/1518
f 1519/1510 1651/249 2223/248
f 2222/1473 1520/1464 1519/1510
f 2221/573 2046/575 1217/1519
f 1217/1519 1932/982 2221/573
f 1387/1520 1833/295 2220/650
f 2220/650 1579/920 1387/1520
f 2219/786 1996/155 328/1521
f 328/1521 1501/787 2219/786
f 2200/1522 2199/1455 1129/1523
f 2204/940 2188/939 1568/1136
f 2122/1283 1569/1284 1568/1524
f 1408/1494 1441/1118 1222/1100
f 1424/1120 2193/1119 2203/1525
f 2203/1525 1440/1290 1424/1120
f 1525/1526 1857/572 2202/571
f 2202/208 1769/207 1525/1527
f 1402/1528 1894/1125 2201/497
f 2201/497 1791/496 1402/1528
f 1568/1136 2122/1529 2204/940
f 1129/1523 1768/1530 2200/1522
f 2199/1455 1626/1456 1129/1523
f 2198/1489 1980/1531 1194/1532
f 1194/1532 1435/1490 2198/1489
f 2197/1533 686/801 689/1534
f 689/1534 250/828 2197/1533
f 1337/1343 2195/1344 2196/1479
f 2196/1479 1467/1471 1337/1343
f 1516/1535 1953/865 2207/868
f 740/1518 1556/623 671/627
f 1762/1536 1904/1537 739/1538
f 739/1538 1797/1539 1762/1536
f 1206/1540 1844/577 2209/628
f 2209/628 1749/42 1206/1540
f 1441/1118 1408/1494 1454/1493
f 2203/1525 2121/1288 1440/1290
f 2208/1541 1901/1124 1439/1542
f 1439/1543 1926/667 2208/666
f 2227/806 551/798 554/1544
f 2207/868 1515/1545 1516/1535
f 131/1546 1768/1547 1628/1548
f 1628/1548 1629/267 132/269
f 1628/1548 132/269 131/1546
f 2099/580 1558/560 1021/1333
f 489/1549 1545/1497 2206/351
f 2206/351 490/350 489/1549
f 1336/1313 2131/222 2195/1344
f 2241/784 1875/293 1421/1550
f 2246/1551 1858/1552 1582/1553
f 1464/1554 1480/1555 1606/1556
f 2245/1557 2236/1558 1364/1559
f 1364/1559 1528/1560 2245/1557
f 1391/1561 2244/417 2243/1389
f 1391/1561 1695/416 2244/417
f 2243/1389 1392/1388 1391/1561
f 1438/1562 2234/1563 2242/781
f 2242/781 2006/780 1438/1562
f 1582/1553 1771/262 2247/261
f 1421/1550 1840/770 2241/784
f 366/1564 1839/826 907/1565
f 907/1565 1767/1070 366/1564
f 595/526 2171/1140 1002/1142
f 1002/1142 1000/525 595/526
f 1002/1142 1001/1566 1000/525
f 1357/1567 1764/1191 593/1219
f 593/1219 514/1568 1357/1567
f 593/1219 515/1218 514/1568
f 1480/1555 1506/1408 1614/1407
f 2253/810 1773/809 1437/1487
f 749/1569 748/1439 1501/787
f 1210/601 1784/1570 319/1571
f 319/1571 1046/602 1210/601
f 1661/1572 1543/1573 2252/1574
f 1661/1575 2012/1576 2252/1577
f 1803/1578 1804/754 2251/96
f 2251/96 1813/95 1803/1578
f 1614/1407 1606/1556 1480/1555
f 1495/1579 2240/359 2239/1449
f 2250/1452 2245/1557 1528/1560
f 1528/1560 1605/1453 2250/1452
f 1491/1086 2140/1085 2249/1474
f 2249/1474 1504/1011 1491/1086
f 1462/1203 2086/1202 2248/48
f 2248/48 1733/47 1462/1203
f 1829/1580 1703/1581 886/1582
f 2247/261 2246/1551 1582/1553
f 1562/1583 1975/1584 2229/1585
f 2233/655 1640/654 851/1586
f 2232/640 1873/1513 1244/1587
f 1244/1587 1780/641 2232/640
f 1638/1515 2224/98 2231/1463
f 2231/1463 1654/1462 1638/1515
f 1464/1554 1592/1516 1407/1492
f 1320/1321 1963/835 2230/741
f 2230/741 2103/740 1320/1321
f 2229/1588 1793/107 1562/1589
f 851/1586 1703/1581 2233/655
f 1793/107 1792/864 1562/1589
f 1562/1583 1974/1590 1975/1584
f 1515/1545 2207/868 2228/1591
f 2228/1591 1580/1592 1515/1545
f 597/1593 1578/1506 28/710
f 28/710 1512/707 597/1593
f 392/799 2227/806 554/1544
f 554/1544 1732/1508 392/799
f 1602/1594 1650/106 2235/105
f 1495/1579 1616/360 2240/359
f 2239/1449 1484/1448 1495/1579
f 1728/1595 1738/246 2238/68
f 2238/68 1700/67 1728/1595
f 1592/1516 1464/1554 1606/1556
f 1365/1596 2236/1558 2237/282
f 2237/282 1591/284 1365/1596
f 1365/1596 1364/1559 2236/1558
f 2235/105 1603/119 1602/1594
f 2011/831 2051/1249 2450/1597
f 1580/1592 2228/1591 2234/1563
f 2234/1563 1438/1562 1580/1592
f 326/1598 2161/817 773/1020
f 773/1020 1752/99 326/1598
f 771/1599 1586/833 961/1600
f 961/1600 960/446 771/1599
f 857/1601 1618/1602 858/1603
f 1618/471 859/1604 858/1605
f 2347/517 388/499 12/1606
f 2167/213 536/1607 1219/1608
f 2303/1437 981/1609 627/1610
f 627/1610 626/1611 2303/1437
f 2368/112 2268/725 623/1612
f 623/1612 622/1613 2368/112
f 446/1614 873/653 2068/652
f 2068/652 444/815 446/1614
f 2108/489 524/1615 719/1616
f 719/1616 718/490 2108/489
f 1219/1608 2182/214 2167/213
f 1863/197 821/1617 1227/1259
f 1227/1259 193/198 1863/197
f 1863/197 822/603 821/1617
f 708/1618 84/1619 2178/606
f 2178/606 706/605 708/1618
f 458/1620 480/1621 2330/306
f 2330/306 454/1622 458/1620
f 2425/981 658/980 661/1623
f 2199/1455 2200/1522 801/1624
f 1989/1625 14/1626 13/1627
f 1096/1628 1058/1629 2296/1451
f 2182/214 1219/1608 1350/1630
f 2332/294 335/1631 211/1632
f 211/1632 210/649 2332/294
f 530/1633 619/1634 2100/178
f 2100/178 527/177 530/1633
f 2161/817 330/1635 329/1636
f 329/1636 1176/818 2161/817
f 2161/817 326/1598 330/1635
f 2199/1455 801/1624 780/1637
f 2432/657 590/656 594/1638
f 853/1639 2396/220 2225/259
f 2225/259 887/1640 854/1641
f 854/1641 853/1639 2225/259
f 2364/479 2416/778 1185/1642
f 1185/1642 766/1643 2364/479
f 2237/282 1040/1644 762/1645
f 762/1645 632/1646 2237/282
f 2258/1647 638/1648 639/1649
f 964/1650 1624/1651 1557/278
f 1557/278 965/277 964/1650
f 2034/593 1673/596 389/1652
f 2440/592 1673/596 2034/593
f 389/1652 388/1653 2034/593
f 2066/1239 2065/1238 122/1241
f 2258/1647 640/1654 668/1655
f 640/1654 639/1649 2258/1647
f 668/1656 353/1657 2258/1399
f 1215/1658 1127/1659 2138/1039
f 2340/328 791/1660 82/1661
f 82/1661 81/953 2340/328
f 2324/1662 2454/1663 343/1664
f 728/1665 2277/1386 2324/412
f 347/1666 728/1665 2324/412
f 2324/412 343/1667 347/1666
f 2192/1121 662/1668 631/1669
f 631/1669 630/1670 2192/1121
f 2214/1503 914/1671 918/1672
f 2084/239 1023/238 528/1673
f 2154/819 1176/818 1155/1674
f 1155/1674 1153/1675 2154/819
f 673/1676 1073/1677 1979/1678
f 1170/1679 1287/1680 2287/1470
f 542/1681 732/1682 2257/1390
f 2257/1390 539/1683 542/1681
f 728/1665 727/1684 2277/1386
f 918/1672 1013/758 2214/1503
f 2296/1451 2306/332 1096/1628
f 2221/573 2425/981 661/1623
f 661/1623 1109/1685 2221/573
f 910/1686 130/1687 2165/268
f 2165/268 911/1688 910/1686
f 130/1687 132/269 2165/268
f 2261/1405 2336/343 1106/1689
f 2138/1039 2274/948 2474/1690
f 2138/1039 2474/1690 1215/1658
f 1431/1691 1433/1692 1828/885
f 2244/417 1406/1693 1425/1694
f 2200/1522 168/1695 801/1624
f 2002/731 1080/1696 1196/1697
f 1196/1697 1195/730 2002/731
f 1764/1191 513/1698 1546/1498
f 1546/1498 1143/1699 1764/1191
f 1764/1191 1357/1567 513/1698
f 1143/1699 488/1192 1764/1191
f 1433/1692 1829/1580 1828/885
f 1425/1694 2243/1389 2244/417
f 1828/885 1432/1700 1431/1691
f 1828/885 687/884 1432/1700
f 2356/459 2362/444 1458/1701
f 1458/1701 1066/1702 2356/459
f 2395/226 610/1703 419/1704
f 419/1704 418/1705 2395/226
f 2339/331 2344/515 1259/1706
f 1259/1706 1239/1707 2339/331
f 1406/1693 2244/417 2314/393
f 2065/1238 2473/1708 1190/1709
f 846/1710 2275/1359 2280/824
f 2280/824 844/823 846/1710
f 870/1711 1104/1712 2185/972
f 2185/972 867/971 870/1711
f 1002/1142 522/1141 1382/718
f 1382/718 997/717 1002/1142
f 522/1141 521/1029 1382/718
f 1905/879 1731/1713 554/1544
f 554/1544 553/880 1905/879
f 2314/393 1394/1714 1406/1693
f 1190/1709 123/1715 2065/1238
f 2065/1238 123/1715 125/1716
f 125/1716 122/1241 2065/1238
f 2362/444 2298/478 1468/1717
f 2362/444 1468/1717 1458/1701
f 2433/629 1063/1718 990/1719
f 2344/515 2355/538 952/1720
f 952/1720 1259/1706 2344/515
f 1799/1721 94/1722 95/1723
f 2253/810 259/1724 35/1725
f 35/1725 34/811 2253/810
f 2174/1726 1081/1727 1050/1728
f 1050/1729 1049/1730 2174/1139
f 2386/8 2387/7 1475/1731
f 1475/1731 1474/1732 2386/8
f 1708/1733 2082/1261 1799/1260
f 1799/1260 95/1734 1708/1733
f 215/1735 214/35 2381/34
f 2015/60 550/1736 931/1737
f 931/1737 930/61 2015/60
f 1188/1738 2373/93 2308/92
f 2308/92 736/1739 1188/1738
f 1302/1740 2407/203 2412/857
f 2412/857 188/1741 1302/1740
f 2412/857 185/890 188/1741
f 852/1742 2397/221 2396/220
f 722/1743 2388/75 2342/74
f 2342/74 466/1744 722/1743
f 333/1745 1106/1689 2336/343
f 2336/343 1081/342 333/1745
f 1340/1746 1575/794 1788/598
f 1788/598 1341/597 1340/1746
f 1584/1747 2299/1446 2020/736
f 2020/736 929/1748 1584/1747
f 2020/736 930/61 929/1748
f 2145/76 2388/75 369/1749
f 2396/220 853/1639 852/1742
f 586/1750 221/1751 2345/512
f 2345/512 583/1752 586/1750
f 2306/332 2339/331 1239/1707
f 1239/1707 1096/1628 2306/332
f 2305/30 2382/29 1363/1753
f 1363/1753 1362/1754 2305/30
f 2381/235 803/1755 215/1756
f 1292/1757 2289/701 2085/1205
f 766/1643 278/1758 2291/480
f 1040/1644 2237/282 2236/1558
f 2236/1558 2245/1557 1036/1759
f 2236/1558 1036/1759 1040/1644
f 2129/71 2276/70 1279/1760
f 2129/71 1279/1760 110/1761
f 110/1761 109/174 2129/71
f 2376/134 371/133 340/1762
f 340/1762 339/647 2376/134
f 2291/480 2364/479 766/1643
f 2085/1205 1801/1204 1158/1763
f 1158/1763 1292/1757 2085/1205
f 2057/924 947/944 777/1764
f 777/1764 776/925 2057/924
f 2473/1708 2065/1238 2064/1765
f 2064/1088 320/1766 1190/1767
f 2064/1088 317/1087 320/1766
f 2279/854 2413/853 956/1768
f 1801/1204 2453/1769 1159/1770
f 2196/1479 839/1771 1170/1679
f 2297/66 384/65 350/1772
f 350/1772 186/694 2297/66
f 412/1773 2420/822 2183/821
f 2183/821 413/1774 412/1773
f 111/1775 450/570 2147/175
f 2147/175 109/174 111/1775
f 2262/1431 783/1776 757/1777
f 757/1777 756/1778 2262/1431
f 956/1768 684/1779 2279/854
f 1157/1780 1158/1763 1801/1204
f 27/1781 906/947 1899/1782
f 1899/1782 24/1783 27/1781
f 19/1784 17/1785 2000/547
f 17/1786 15/1787 2000/1788
f 13/1789 1799/1790 1798/1791
f 2273/1354 2287/1470 1287/1680
f 1287/1680 1262/1792 2273/1354
f 1415/1793 1809/1189 1891/1188
f 1518/1794 2378/120 2235/105
f 2235/105 2370/104 1518/1794
f 2248/48 572/1795 302/1796
f 302/1796 301/49 2248/48
f 2070/52 2391/51 1009/1797
f 1009/1797 754/1798 2070/52
f 1007/1799 2367/1800 1950/1360
f 1950/1360 2275/1359 1388/1801
f 1950/1360 1388/1801 1007/1799
f 1332/1802 2472/1803 2222/1473
f 157/1804 1415/1793 1891/1188
f 226/1805 1045/1806 1929/1397
f 1929/1397 224/638 226/1805
f 2259/1396 224/638 1929/1397
f 1208/1807 2298/478 2239/1449
f 2239/1449 1209/1808 1208/1807
f 791/1660 2340/328 2307/410
f 2307/410 705/1809 791/1660
f 1132/1810 2293/1484 2281/1477
f 684/1779 2463/1811 2279/854
f 280/1812 120/1813 2278/562
f 2278/562 277/561 280/1812
f 2112/1338 2277/1386 727/1684
f 2112/1338 727/1684 726/1814
f 2186/918 428/907 410/1815
f 410/1815 409/955 2186/918
f 2254/485 2363/484 472/1816
f 472/1816 471/808 2254/485
f 1170/1679 2287/1470 2196/1479
f 2281/1477 1133/1817 1132/1810
f 2090/791 162/790 163/1818
f 1809/1189 1415/1793 1414/1819
f 2346/508 2417/805 768/1820
f 223/1821 384/65 2238/68
f 2238/68 220/245 223/1821
f 2472/1803 2285/26 2222/1473
f 2222/1473 578/1822 1332/1802
f 1545/1497 1557/278 1624/1651
f 2294/956 2471/1823 829/1824
f 2241/784 368/771 336/1825
f 336/1825 335/1631 2241/784
f 621/1826 968/1827 2211/559
f 2211/559 618/558 621/1826
f 2218/711 2185/972 1104/1712
f 1104/1712 1103/1828 2218/711
f 1103/1828 441/712 2218/711
f 1383/1829 2206/351 1545/1497
f 531/1830 70/957 2294/956
f 1545/1497 1624/1651 1383/1829
f 485/1831 904/1832 2317/379
f 2317/379 483/938 485/1831
f 2333/305 2433/629 990/1719
f 990/1719 504/1833 2333/305
f 2141/611 451/610 308/1834
f 308/1834 242/979 2141/611
f 2176/1172 2305/30 1362/1754
f 2176/1172 1362/1754 895/1835
f 2286/1472 479/1836 482/1837
f 369/1749 368/771 2145/76
f 694/1838 423/789 2302/788
f 1536/242 615/1363 159/1839
f 159/1839 158/244 1536/242
f 925/1840 2439/659 2326/399
f 925/1841 903/1842 2326/1843
f 2326/399 904/1832 903/1844
f 482/1837 146/1845 2286/1472
f 895/1835 304/1846 2176/1172
f 680/1847 2372/102 2371/101
f 380/1848 680/1847 2371/101
f 2371/101 377/129 380/1848
f 1394/1714 2314/393 2181/392
f 2181/392 2182/214 1350/1630
f 2181/392 1350/1630 1394/1714
f 2294/956 1111/1849 531/1830
f 2294/956 829/1824 1111/1849
f 2290/109 2369/108 804/1850
f 1152/1509 1731/1713 1817/1466
f 1817/1466 1150/1465 1152/1509
f 546/1851 706/605 2170/608
f 2170/608 543/936 546/1851
f 2316/383 80/1852 637/1853
f 2245/1557 2250/1452 1037/1854
f 1037/1854 1036/1759 2245/1557
f 2202/571 450/570 177/1855
f 177/1856 176/209 2202/208
f 60/1857 62/1858 2288/1488
f 804/1850 803/1755 2290/109
f 2045/421 2322/420 1179/1859
f 1180/1860 2453/1769 2045/421
f 2045/421 1179/1859 1180/1860
f 2198/1489 2288/1488 62/1858
f 2198/1489 62/1858 61/1861
f 99/1862 2041/1863 2035/1864
f 2055/1500 487/1499 491/1302
f 1066/1702 817/1865 2215/460
f 1319/1866 2430/782 2242/781
f 2242/781 1035/1867 1319/1866
f 209/1868 568/921 2220/650
f 2220/650 210/649 209/1868
f 1720/767 648/766 743/1869
f 743/1869 323/1870 1720/767
f 129/1234 1889/1871 1831/1158
f 1831/1158 126/495 129/1234
f 2215/460 2356/459 1066/1702
f 2375/137 63/838 66/1872
f 2250/1452 2296/1451 1058/1629
f 1058/1629 1037/1854 2250/1452
f 2093/1228 574/1873 915/1874
f 915/1874 914/1671 2093/1228
f 173/1875 659/1876 2269/1368
f 2269/1368 170/1356 173/1875
f 2099/580 2100/178 619/1634
f 619/1634 618/558 2099/580
f 1087/1877 657/1878 2328/317
f 820/1879 822/603 2374/85
f 2428/911 637/1853 611/1880
f 611/1880 610/1881 2428/911
f 2355/538 45/1882 952/1720
f 2354/539 1094/1883 1056/1884
f 1056/1884 429/1885 2354/539
f 1404/1886 2419/836 2430/782
f 2430/782 1319/1866 1404/1886
f 2328/317 828/1887 1087/1877
f 1987/504 820/1879 2374/85
f 2044/1888 752/1889 1345/1890
f 1345/1890 1328/1891 2044/1888
f 1328/1892 2043/1893 2044/1894
f 2044/1888 753/1895 752/1889
f 1577/1896 1588/1897 2210/795
f 2210/795 1575/794 1577/1896
f 1987/504 2374/85 2205/84
f 2265/1425 1987/504 2205/84
f 2205/84 2033/1424 2265/1425
f 2361/431 175/1898 1095/1899
f 486/1900 460/1901 2327/125
f 2327/125 150/17 486/1900
f 460/1901 459/86 2327/125
f 2397/221 852/1742 843/1902
f 843/1902 841/1903 2397/221
f 2400/260 2438/609 1446/1904
f 2400/260 1446/1904 978/1905
f 978/1905 667/1906 2400/260
f 680/1907 679/1908 2372/77
f 2205/87 461/1909 2033/1910
f 1095/1899 1094/1883 2361/431
f 2419/836 1404/1886 1492/1911
f 1007/1799 205/1912 2367/1800
f 205/1912 207/1913 2367/1800
f 2367/1800 207/1913 1939/1914
f 599/1915 397/1916 2171/1140
f 2171/1140 595/526 599/1915
f 397/1916 396/552 2171/1140
f 421/1917 1483/1918 2452/1919
f 2366/472 1171/862 1174/1378
f 1126/1377 1122/473 2366/472
f 90/1920 1641/1921 2357/448
f 2357/448 1641/1921 1530/449
f 2357/1922 87/1923 90/1924
f 2334/358 2443/776 1671/1925
f 2334/358 1671/1925 1140/1926
f 1140/1926 1209/1808 2334/358
f 2334/358 1209/1808 2464/1927
f 1174/1378 1126/1377 2366/472
f 2452/1919 418/1705 421/1917
f 1396/1928 2392/44 2389/69
f 2389/69 1367/1929 1396/1928
f 1697/1930 2399/265 2377/131
f 2377/131 2378/120 1521/1931
f 1521/1931 1697/1930 2377/131
f 894/1932 448/1933 2283/895
f 2283/895 893/1934 894/1932
f 448/1933 171/896 2283/895
f 2360/435 470/1935 1028/1936
f 2205/87 459/86 461/1909
f 1141/1937 1671/1925 2443/776
f 2443/776 1020/1938 1141/1937
f 734/1939 584/1940 2427/974
f 2427/974 732/1682 734/1939
f 1442/1941 2406/205 2392/44
f 2392/44 1396/1928 1442/1941
f 2338/337 408/1942 576/1943
f 576/1943 575/1944 2338/337
f 1784/1570 1210/601 1213/1433
f 1028/1936 1027/1945 2360/435
f 1952/1946 655/1947 654/1948
f 751/705 750/1949 2444/706
f 1275/1950 561/1951 2190/841
f 2190/841 1273/1952 1275/1950
f 561/1951 560/842 2190/841
f 1383/1829 290/352 2206/351
f 2406/205 1442/1941 1455/1953
f 592/1216 591/1954 2233/655
f 591/1954 590/656 2233/655
f 1761/1955 286/1956 2385/1957
f 2159/636 224/638 2434/637
f 2385/18 506/1958 509/1959
f 286/1960 283/1961 2385/18
f 2379/126 148/1962 924/1963
f 924/1963 923/1964 2379/126
f 1455/1953 2424/662 2406/205
f 2233/655 1687/1965 1688/1966
f 2426/745 2448/723 1604/1967
f 1604/1967 1527/1968 2426/745
f 2445/698 1526/1969 784/1970
f 784/1970 783/1776 2445/698
f 2388/75 722/1743 1232/1971
f 1232/1971 369/1749 2388/75
f 2321/364 565/1972 1256/1973
f 2321/364 562/140 565/1972
f 2321/364 2475/1974 562/140
f 2380/38 1049/1730 1053/1975
f 51/1976 52/1977 53/888
f 2385/1978 509/1979 1762/1980
f 1/1981 2/1982 3/1983
f 2424/662 1455/1953 115/1984
f 115/1984 114/663 2424/662
f 43/1985 1604/1967 2448/723
f 2448/723 40/722 43/1985
f 2380/38 1053/1975 1052/1986
f 1052/1986 1598/1987 2380/38
f 1198/1208 1419/1988 2401/200
f 2274/948 908/1989 1656/1990
f 1656/1990 1215/1658 2274/948
f 1215/1658 2474/1690 2274/948
f 2274/948 906/947 908/1989
f 1305/1991 1307/1992 1865/1993
f 1865/1994 995/1995 2461/1996
f 1865/1997 2467/1998 1304/1999
f 2233/655 1688/1966 592/1216
f 2378/120 1518/1794 1521/1931
f 2475/1974 2321/364 2320/141
f 562/140 2475/1974 2320/141
f 1818/2000 1819/2001 1192/2002
f 1250/2003 2409/2004 1785/2005
f 1447/2006 1446/1904 2438/609
f 344/2007 341/2008 2414/2009
f 341/2010 342/2011 2414/2012
f 2414/876 474/743 344/2013
f 2405/150 235/2014 892/2015
f 2323/419 300/2016 1090/2017
f 1090/2017 1089/2018 2323/419
f 2312/840 601/2019 495/2020
f 495/2020 494/274 2312/840
f 1250/2003 1785/2005 1784/1570
f 1253/2021 1252/2022 1784/1570
f 1252/2022 1250/2003 1784/1570
f 1399/2023 956/1768 2413/853
f 1419/1988 526/2024 2401/200
f 2401/200 1195/730 1198/1208
f 2409/2004 1250/2003 287/2025
f 287/2026 289/188 2409/187
f 1375/1159 225/2027 2159/636
f 2159/636 196/774 1375/1159
f 225/2027 224/638 2159/636
f 2462/2028 2461/1996 1865/1994
f 2413/853 1372/2029 1399/2023
f 950/2030 1179/1859 2322/420
f 2413/853 1373/2031 1372/2029
f 2420/822 412/1773 986/2032
f 986/2032 985/2033 2420/822
f 2399/265 1697/1930 376/2034
f 376/2034 375/891 2399/265
f 1092/2035 1526/2036 2329/315
f 2329/315 1089/2018 1092/2035
f 892/2015 1133/1817 2405/150
f 2067/1006 510/1236 2137/1045
f 879/2037 534/2038 2270/1373
f 759/2039 472/1816 2363/484
f 2363/484 756/1778 759/2039
f 2172/555 2171/1140 396/552
f 2172/555 396/552 2348/556
f 1937/2040 1489/2041 1342/2042
f 1342/2042 1341/597 1937/2040
f 2137/2043 794/2044 2067/2045
f 2137/2043 794/2044 795/2046
f 2270/1373 1013/755 879/2037
f 2137/2043 738/2047 795/2046
f 510/1236 512/2048 2137/1045
f 589/2049 887/1640 2232/640
f 2232/640 587/639 589/2049
f 1302/1740 1335/2050 2407/203
f 2315/78 2372/77 679/1908
f 2315/78 679/1908 580/2051
f 580/2051 579/2052 2315/78
f 2284/1475 973/2053 982/2054
f 1024/2055 1023/238 2394/237
f 2256/969 73/968 76/2056
f 1280/2057 1279/1760 2276/70
f 2369/108 2419/836 1492/1911
f 2369/108 1492/1911 1347/2058
f 1347/2058 804/1850 2369/108
f 2268/725 971/2059 1360/2060
f 1360/2060 623/1612 2268/725
f 2268/725 969/2061 971/2059
f 2394/237 1559/1383 1024/2055
f 982/2054 138/2062 2284/1475
f 288/2063 321/195 2410/2064
f 1498/2065 2417/805 2373/93
f 1188/1738 1498/2065 2373/93
f 11/2066 1185/1642 2416/778
f 2416/778 8/738 11/2066
f 1352/2067 2383/27 2285/26
f 2285/26 1332/1802 1352/2067
f 2285/26 2472/1803 1332/1802
f 2403/170 1338/2068 1448/2069
f 677/2070 676/2071 2343/498
f 2289/701 1292/1757 261/2072
f 261/2072 260/687 2289/701
f 2144/39 2380/38 1598/1987
f 1598/1987 367/2073 2144/39
f 559/2074 102/2075 2335/325
f 2335/325 560/842 559/2074
f 1448/2069 2438/609 2403/170
f 2403/170 2402/169 1338/2068
f 2343/498 136/2076 677/2070
f 2263/915 939/2077 216/2078
f 216/2078 218/916 2263/915
f 1280/2057 2276/70 2243/1389
f 2243/1389 1425/1694 1280/2057
f 2353/543 1027/1945 878/2079
f 878/2079 877/2080 2353/543
f 2375/137 66/1872 106/2081
f 106/2081 105/2082 2375/137
f 1864/252 1228/2083 1269/2084
f 2313/1454 678/2085 571/2086
f 2313/1454 676/2071 678/2085
f 571/2086 572/1795 2313/1454
f 406/2087 948/2088 2359/437
f 2359/437 402/2089 406/2087
f 2163/365 2321/364 1256/1973
f 1256/1973 1177/763 2163/365
f 1076/683 1075/684 2097/2090
f 1269/2084 1866/2091 1864/252
f 414/2092 413/1774 2256/969
f 1208/1807 1468/1717 2298/478
f 2402/169 2407/203 1335/2050
f 2402/169 1335/2050 1338/2068
f 2454/2093 2414/2012 342/2011
f 342/2094 343/2095 2454/2096
f 629/2097 72/2098 2255/645
f 2255/645 630/1670 629/2097
f 72/2098 41/646 2255/645
f 2422/965 813/2099 816/2100
f 2310/322 440/321 443/2101
f 2082/1261 1708/1733 933/2102
f 933/2102 932/1511 2082/1261
f 1584/1747 1265/2103 2299/1446
f 439/2104 190/2105 2209/628
f 2209/628 436/579 439/2104
f 190/2105 189/909 2209/628
f 189/909 2429/910 2209/628
f 816/2100 540/2106 2422/965
f 443/2107 1078/2108 2310/2109
f 2230/741 985/2033 699/2110
f 699/2110 475/742 2230/741
f 2382/29 2426/745 1527/1968
f 1527/1968 1363/1753 2382/29
f 876/2111 981/1609 2337/340
f 2337/340 877/2080 876/2111
f 2293/1484 1132/1810 912/2112
f 912/2112 911/1688 2293/1484
f 2275/1359 846/1710 1389/2113
f 1367/1929 2389/69 2383/27
f 2322/420 948/2114 950/2030
f 1690/2115 616/2116 1948/1422
f 616/2116 2266/1423 1948/1422
f 935/1364 127/494 2226/493
f 2226/493 932/1511 935/1364
f 2390/43 189/909 54/2117
f 54/2117 53/888 2390/43
f 2450/1597 2452/1919 1483/1918
f 1483/1918 1482/2118 2450/1597
f 1389/2113 1388/1801 2275/1359
f 2383/27 1352/2067 1367/1929
f 473/2119 1518/1794 2370/104
f 2370/104 267/2120 473/2119
f 2411/866 108/2121 265/2122
f 265/2122 264/867 2411/866
f 2411/866 68/149 108/2121
f 1180/1860 1157/1780 2453/1769
f 1157/1780 1159/1770 2453/1769
f 2096/1009 855/849 859/1604
f 2391/51 105/2082 107/2123
f 257/2124 444/815 2415/814
f 2083/276 1193/2125 966/2126
f 966/2126 965/277 2083/276
f 1304/2127 2467/2128 1866/2129
f 2096/1009 859/1604 1618/471
f 1618/471 1572/2130 2096/1009
f 107/2123 1009/1797 2391/51
f 2417/805 1497/2131 1117/2132
f 2417/805 1498/2065 1497/2131
f 1117/2132 770/2133 2417/805
f 769/2134 768/1820 2417/805
f 2384/1 923/1964 814/2135
f 814/2135 813/2099 2384/1
f 76/2056 414/2092 2256/969
f 860/2136 713/2137 1978/2138
f 2387/7 1006/2139 1645/2140
f 1645/2140 1475/1731 2387/7
f 2387/12 1003/2141 1006/2142
f 1990/2143 1435/1490 1622/2144
f 1622/2144 21/2145 1990/2143
f 1622/2144 23/2146 21/2145
f 1435/1490 1192/2002 1622/2144
f 1192/2002 1819/2001 1622/2144
f 1622/2144 15/2147 23/2146
f 2223/248 2315/78 579/2052
f 1433/1692 1688/1966 1829/1580
f 355/2148 544/2149 2331/281
f 2331/281 352/960 355/2148
f 2421/830 2450/1597 1482/2118
f 2421/830 1482/2118 50/2150
f 50/2150 9/737 2421/830
f 1526/1969 2445/698 2446/697
f 2446/699 2329/315 1526/2036
f 1621/987 2001/986 1622/2144
f 2123/1279 2278/562 120/1813
f 120/1813 119/2151 2123/1279
f 74/568 73/968 2039/569
f 1973/2152 2049/463 270/2153
f 676/2071 2313/1454 2071/518
f 2071/518 2343/498 676/2071
f 402/2089 2359/437 1909/440
f 1930/793 1949/1040 165/2154
f 165/2154 162/790 1930/793
f 2460/2155 2195/1344 2131/222
f 552/2156 1585/56 1846/2157
f 1846/2157 553/880 552/2156
f 1717/145 2299/1446 1265/2103
f 1265/2103 1264/146 1717/145
f 1986/1291 2125/1277 507/2158
f 507/2158 506/1958 1986/1291
f 247/2159 2204/940 2122/1529
f 2124/1280 2123/1279 2122/1281
f 2122/1281 2123/1279 119/2151
f 2149/384 2316/383 637/1853
f 1931/812 34/811 33/2160
f 2318/377 2309/951 2479/376
f 2479/376 2319/375 2318/377
f 1642/2161 1865/1994 2462/2028
f 2462/2028 2461/1996 1642/2161
f 2461/2162 995/632 1642/642
f 904/1832 2326/399 1957/380
f 1957/380 2317/379 904/1832
f 637/1853 2428/911 2149/384
f 118/2163 247/2164 2122/1281
f 242/979 141/567 2050/566
f 914/1671 2214/1503 1983/1480
f 1983/1480 2093/1228 914/1671
f 168/1695 2200/1522 1768/1530
f 1768/1547 131/1546 168/2165
f 2078/450 2080/994 2357/448
f 2131/222 2397/221 841/1903
f 841/1903 2460/2155 2131/222
f 29/2166 28/710 1578/1506
f 353/1657 352/960 2019/959
f 583/1752 2345/512 2113/514
f 2113/514 2272/1369 583/1752
f 1894/1125 2191/291 1011/2167
f 133/2168 2201/497 1894/1125
f 1894/1125 1011/2167 134/2169
f 134/2169 133/2168 1894/1125
f 1578/1506 2211/559 968/1827
f 1578/1506 968/1827 29/2166
f 2019/959 2258/1399 353/1657
f 944/1210 1818/2000 1192/2002
f 1193/2125 2083/276 944/1210
f 1192/2002 1193/2125 944/1210
f 2299/1446 1717/145 1718/1447
f 1372/2170 2152/962 2252/964
f 2459/2171 2152/962 2252/964
f 2252/202 2408/182 2458/2172
f 2252/2173 1399/2174 284/2175
f 403/2176 402/2089 1906/1145
f 2122/1281 119/2151 118/2163
f 1885/130 1918/283 378/2177
f 1885/130 1919/2178 1918/283
f 378/2177 377/129 1885/130
f 267/2120 2370/104 1793/107
f 1793/107 2229/1588 267/2120
f 171/896 170/1356 1997/897
f 1906/1145 2155/1003 403/2176
f 402/2089 1909/440 1906/1145
f 33/2160 1961/1318 1931/812
f 1049/1730 2380/38 2003/63
f 2003/63 2174/1139 1049/1730
f 1766/81 797/121 747/2179
f 747/2179 746/82 1766/81
f 203/1435 2300/1434 1212/1443
f 1212/1443 1809/1189 1414/1819
f 1212/1443 1414/1819 204/2180
f 204/2180 203/1435 1212/1443
f 2432/657 1921/1486 1881/783
f 2180/234 2290/109 803/1755
f 825/2181 2127/320 1961/1318
f 33/2160 825/2181 1961/1318
f 1980/1531 2198/1489 61/1861
f 1980/1531 61/1861 25/2182
f 25/2182 24/1783 1980/1531
f 15/2147 1622/2144 2001/986
f 1830/2183 1831/1158 1889/1871
f 1889/1871 1634/672 1830/2183
f 803/1755 2381/235 2180/234
f 148/1962 2379/126 2130/128
f 2130/128 145/429 148/1962
f 45/1882 2355/538 1984/231
f 1984/231 46/230 45/1882
f 499/2184 2109/1084 2028/1342
f 2028/1342 374/2185 499/2184
f 1089/2018 2329/315 2101/314
f 2101/314 2323/419 1089/2018
f 2162/762 2163/365 1177/763
f 1570/255 1068/254 1072/2186
f 259/1724 2253/810 1981/688
f 1981/688 260/687 259/1724
f 694/1838 2302/788 2301/1440
f 1313/2187 695/2188 2301/1440
f 695/2188 694/1838 2301/1440
f 1705/2189 1706/2190 943/2191
f 1705/1217 943/2192 517/2193
f 517/2193 515/1218 1705/1217
f 1570/255 1072/2186 646/2194
f 1273/1952 2190/841 2027/1115
f 646/2194 644/1326 1570/255
f 2240/359 2334/358 2464/1927
f 1209/1808 2239/1449 2240/359
f 2464/1927 1209/1808 2240/359
f 2133/24 2379/126 923/1964
f 923/1964 2384/1 2133/24
f 1934/229 179/2195 47/2196
f 47/2196 46/230 1934/229
f 2143/984 2154/819 1153/1675
f 1874/1220 2096/1009 1572/2130
f 1572/2130 1571/2197 1874/1220
f 2105/247 2345/512 221/1751
f 221/1751 220/245 2105/247
f 263/2198 2228/1591 2207/868
f 2207/868 264/867 263/2198
f 1925/113 2368/112 622/1613
f 622/1613 2058/760 1925/113
f 1821/271 493/270 824/946
f 1820/162 525/161 524/1615
f 2143/984 1153/1675 868/985
f 2013/19 2385/18 283/1961
f 2458/2172 2408/182 2013/19
f 283/1961 2458/2172 2013/19
f 181/2199 2073/859 2072/1056
f 2072/1056 273/2200 181/2199
f 2022/483 2176/1172 304/1846
f 304/1846 303/462 2022/483
f 1963/835 2420/822 985/2033
f 2027/1115 1966/2201 1273/1952
f 14/1626 1989/1625 1988/503
f 1988/503 2347/502 12/2202
f 12/2202 14/1626 1988/503
f 2032/1382 2279/854 2463/1811
f 684/1779 437/2203 2032/1382
f 2032/1382 2463/1811 684/1779
f 2177/564 2291/480 278/1758
f 278/1758 277/561 2177/564
f 1399/2023 1372/2029 2252/2204
f 985/2033 2230/741 1963/835
f 1994/286 2338/337 575/1944
f 575/1944 2094/287 1994/286
f 724/2205 2175/1177 2128/1176
f 2128/1176 338/2206 724/2205
f 1942/839 1968/1357 64/2207
f 64/2207 63/838 1942/839
f 524/1615 2108/489 1820/162
f 2086/1202 2313/1454 572/1795
f 1763/2208 1760/2209 1555/2210
f 1555/2210 1554/2211 1763/2208
f 479/1836 2286/1472 2040/1116
f 2040/1116 2194/307 479/1836
f 273/2200 2072/1056 1976/1055
f 1976/1055 113/2212 273/2200
f 1775/1199 2270/1373 534/2038
f 533/2213 2087/1153 1775/1199
f 534/2038 533/2213 1775/1199
f 1554/2211 1904/1537 1763/2208
f 572/1795 2248/48 2086/1202
f 1625/950 1899/1782 906/947
f 1594/773 391/797 998/2214
f 998/2214 997/717 1594/773
f 318/2215 317/1087 1662/1101
f 1873/1513 2232/640 887/1640
f 887/1640 2225/259 1873/1513
f 539/1683 2257/1390 1965/1080
f 1965/1080 2142/966 539/1683
f 104/2216 1003/2141 1289/2217
f 822/603 1863/197 1860/604
f 186/694 185/890 1927/695
f 338/2206 2128/1176 2017/648
f 2017/648 339/647 338/2206
f 969/2061 2268/725 1744/1294
f 1744/1294 2117/1293 567/2218
f 567/2218 969/2061 1744/1294
f 1003/2141 1915/11 1289/2217
f 1289/2217 1861/326 101/2219
f 113/2212 1976/1055 1902/664
f 1289/2217 101/2219 104/2216
f 960/446 1461/2220 772/2221
f 960/2222 1270/2223 1461/2224
f 960/2225 2358/2226 1271/2227
f 772/2221 771/1599 960/446
f 1731/1713 1905/879 1816/2228
f 1816/2228 1817/1466 1731/1713
f 335/1631 2332/294 1875/293
f 1875/293 2241/784 335/1631
f 1328/2229 1313/2187 2042/2230
f 1328/1892 2043/1893 2042/2231
f 462/2232 2098/927 1710/1271
f 1710/1271 1959/692 255/2233
f 255/2233 462/2232 1710/1271
f 710/617 1937/2040 1341/597
f 2451/2234 1971/2235 1970/2236
f 1460/1468 1807/2237 742/2238
f 742/2238 1150/1465 1460/1468
f 1928/2239 1929/1397 1045/1806
f 318/2215 1662/1101 1928/2239
f 1045/1806 318/2215 1928/2239
f 506/1958 2385/18 1826/21
f 1826/21 1986/1291 506/1958
f 2450/1597 2421/830 2011/831
f 1947/889 53/888 52/1977
f 1902/664 114/663 113/2212
f 2213/747 2214/1503 1013/758
f 1982/1438 2303/1437 626/1611
f 626/1611 2059/2240 1982/1438
f 1800/2241 2045/421 2453/1769
f 2453/1769 1801/1204 1800/2241
f 1559/1383 2394/237 1386/240
f 488/1192 487/1499 1249/1193
f 52/1977 2089/1195 1947/889
f 1267/2242 1229/2243 1228/2244
f 2452/1919 2450/1597 2051/1249
f 2051/1249 2063/227 2452/1919
f 1825/1112 2256/969 413/1774
f 413/1774 2183/821 1825/1112
f 662/1668 2192/1121 1901/1124
f 1901/1124 2208/1541 662/1668
f 238/2245 2451/2246 1970/2247
f 1970/2247 2059/2240 238/2245
f 269/2248 268/2249 1975/2250
f 1688/1966 1687/1965 1703/1581
f 2052/168 2178/606 84/1619
f 84/1619 83/165 2052/168
f 80/1852 2316/383 2018/386
f 2018/386 81/953 80/1852
f 268/2251 2229/1585 1975/1584
f 1975/2252 1973/2152 270/2153
f 270/2253 785/2254 1975/2255
f 1703/1581 1829/1580 1688/1966
f 238/2256 2139/289 1971/2257
f 2455/2258 238/2259 1971/2260
f 105/2082 2391/51 1893/54
f 1893/54 2375/137 105/2082
f 1861/326 2335/325 102/2075
f 102/2075 101/2219 1861/326
f 1672/1300 228/1299 100/2261
f 100/2261 99/2262 1672/1300
f 1760/2209 1874/1220 1571/2197
f 1855/520 2091/545 467/2263
f 2252/202 283/1961 282/2264
f 2252/2265 2423/2266 2459/2267
f 2252/202 2458/2172 283/1961
f 732/1682 2427/974 2023/977
f 2023/977 2257/1390 732/1682
f 474/743 2414/876 2104/744
f 2457/2268 2271/1372 2008/756
f 2008/756 1013/755 2457/2268
f 466/1744 2342/74 1855/520
f 1760/2209 1571/2197 1555/2210
f 1855/520 467/2263 466/1744
f 775/2269 651/834 1586/833
f 1586/833 771/1599 775/2269
f 1123/2270 1574/621 1573/477
f 1124/2271 1719/2272 1573/477
f 1719/2272 1123/2270 1573/477
f 1573/477 1122/473 1124/2271
f 1687/1965 2233/655 1703/1581
f 332/2273 331/531 1722/549
f 2454/1663 2324/1662 1564/2274
f 374/2185 2028/1342 1944/892
f 1944/892 375/891 374/2185
f 756/1778 2363/484 1962/487
f 1962/487 2262/1431 756/1778
f 1868/943 1968/1357 1969/2275
f 295/2276 1968/1357 1868/943
f 1868/943 296/942 295/2276
f 1722/549 1723/2277 332/2273
f 1564/2274 2454/1663 2414/2278
f 331/531 2350/550 1722/549
f 1922/557 2349/553 396/552
f 1922/557 396/552 395/2279
f 690/2280 1271/426 996/425
f 996/425 691/733 690/2280
f 612/2281 1864/2282 1267/2283
f 613/57 1229/2284 1267/58
f 783/1776 2262/1431 2038/700
f 2030/578 2032/1382 437/2203
f 437/2203 436/579 2030/578
f 454/1622 2330/306 2088/309
f 2088/309 2246/401 454/1622
f 179/2195 1934/229 1933/2285
f 1933/844 180/843 179/2286
f 630/1670 2255/645 1917/1122
f 1917/1122 2192/1121 630/1670
f 2038/700 2445/698 783/1776
f 981/1609 2303/1437 2146/341
f 235/2014 2405/150 1678/153
f 1678/153 236/761 235/2014
f 521/2287 2026/2288 2160/2289
f 2160/2289 521/2287 520/2290
f 1958/1046 2137/1045 512/2048
f 512/2048 1913/751 1958/1046
f 418/1705 2452/1919 2063/227
f 2063/227 2395/226 418/1705
f 693/2291 691/733 2026/732
f 2193/1119 807/2292 835/2293
f 2059/2240 626/1611 239/2294
f 239/2294 238/2245 2059/2240
f 753/1895 2044/1888 1513/708
f 1513/708 2444/706 750/1949
f 1513/708 750/1949 753/1895
f 1473/2295 1991/1491 1993/2296
f 1993/2296 1474/1732 1473/2295
f 2026/2297 520/2298 693/2299
f 835/2293 2203/1525 2193/1119
f 1634/672 1889/1871 1808/1187
f 1808/1187 1211/600 1634/672
f 2054/1244 123/2300 688/2301
f 688/2302 387/2303 2054/2304
f 2469/2305 386/2306 2054/2307
f 2054/1244 122/1243 123/2300
f 2115/1304 2114/1303 639/2308
f 313/2309 2231/1463 2224/98
f 2479/2310 864/2311 556/2312
f 2191/291 38/290 37/2313
f 1951/318 2328/317 657/1878
f 1951/2314 1952/1946 655/1947
f 657/1878 655/2315 1951/318
f 1723/1432 2261/1405 1106/1689
f 1723/2316 332/2317 1108/2318
f 1723/2316 1106/2319 1108/2318
f 19/1784 2000/547 2479/185
f 556/2320 555/2321 2479/185
f 2224/98 314/97 313/2309
f 2479/376 862/2322 864/2323
f 555/2321 19/1784 2479/185
f 962/2324 1172/908 2107/919
f 2107/919 958/749 962/2324
f 737/2325 739/2326 1797/2327
f 2114/1303 2273/1354 1262/1792
f 1262/1792 639/2308 2114/1303
f 455/2328 454/1622 2246/401
f 2179/163 1264/146 1268/2329
f 90/2330 88/995 2179/163
f 1020/1938 2443/776 2106/777
f 2106/509 2346/508 768/1820
f 770/2331 1017/2332 2106/2333
f 2106/777 1016/2334 1020/1938
f 2106/2333 1016/2335 1017/2332
f 2106/509 768/1820 770/2133
f 2246/1551 2247/261 455/2336
f 2179/163 1268/2329 1730/251
f 808/2337 2187/1092 2168/1091
f 2168/1091 2468/2338 787/2339
f 787/2339 808/2337 2168/1091
f 2157/668 2284/1475 138/2062
f 138/2062 137/665 2157/668
f 470/1935 2360/435 2118/434
f 2118/434 471/808 470/1935
f 2005/544 2199/1455 780/1637
f 780/2340 468/2341 2005/2342
f 2212/438 2359/437 948/2088
f 807/2292 2193/1119 2187/1092
f 2187/1092 808/2337 807/2292
f 175/1898 2361/431 2060/210
f 2060/210 176/209 175/1898
f 2437/574 2221/573 1109/1685
f 831/2343 2295/2344 2437/574
f 1109/1685 829/2345 2437/574
f 829/2345 831/2343 2437/574
f 948/2114 2322/420 2212/423
f 37/2313 1011/2167 2191/291
f 936/2346 1273/1952 1966/2201
f 1966/2201 888/2347 936/2346
f 862/2322 2479/376 2309/951
f 202/2348 862/2322 2309/951
f 2309/951 203/1435 202/2348
f 1574/621 1123/2270 1102/1063
f 1102/1063 670/622 1574/621
f 1730/251 90/2330 2179/163
f 2173/870 2352/532 331/531
f 2148/917 218/916 217/2349
f 140/2350 662/1668 2208/1541
f 2208/666 137/665 140/2351
f 2471/1823 2294/956 2295/1482
f 2295/1482 830/2352 829/1824
f 830/2353 831/2354 2295/2355
f 829/1824 2471/1823 2295/1482
f 2058/760 622/1613 237/2356
f 237/2356 236/761 2058/760
f 217/2357 451/610 2148/613
f 1081/1727 2174/1726 2173/2358
f 2173/2359 333/2360 1050/2361
f 2173/870 331/531 333/2362
f 464/2363 889/928 2098/927
f 2098/927 462/2232 464/2363
f 616/2364 615/1367 2470/2365
f 2470/2365 2266/1366 616/2364
f 2470/2365 2266/1366 615/1367
f 1904/1537 1554/2211 740/2366
f 359/2367 358/2368 1991/1491
f 578/1822 2222/1473 2223/248
f 2223/248 579/2052 578/1822
f 2282/151 2405/150 1133/1817
f 1133/1817 2281/1477 2282/151
f 257/2124 2415/814 1941/466
f 1941/466 206/465 257/2124
f 60/1857 2288/1488 1991/1491
f 1595/2369 359/2367 1991/1491
f 1991/1491 1473/2295 1595/2369
f 740/2366 739/1538 1904/1537
f 358/2368 60/1857 1991/1491
f 1732/1508 2210/795 1588/1897
f 1732/1508 1588/1897 393/2370
f 393/2370 392/799 1732/1508
f 2135/1044 2136/1469 738/935
f 738/935 2137/1045 2135/1044
f 2251/96 503/753 315/2371
f 315/2371 314/97 2251/96
f 528/1673 527/177 1832/180
f 588/2372 587/639 2095/529
f 2272/975 2427/974 584/1940
f 584/2373 583/1752 2272/1369
f 2120/1289 882/2374 897/2375
f 408/1942 2338/337 2102/336
f 2102/336 409/955 408/1942
f 1035/1867 2242/781 2234/1563
f 2234/1563 697/2376 1035/1867
f 1832/180 2084/239 528/1673
f 2095/529 903/2377 588/2372
f 1489/2041 1937/2040 861/2378
f 861/2378 1076/2379 1489/2041
f 86/2380 483/938 2134/166
f 2134/166 83/165 86/2380
f 705/1809 2307/410 2231/1463
f 2231/1463 313/2309 705/1809
f 2203/1525 835/2293 848/2381
f 2229/1588 268/2249 267/2120
f 2249/1474 761/2382 973/2053
f 1373/2031 2413/853 2152/856
f 1371/2383 1373/2384 2152/2385
f 2152/962 2423/961 2459/2171
f 2247/261 2400/260 667/1906
f 667/1906 455/2336 2247/261
f 939/2077 2263/915 2062/1255
f 2062/1255 920/2386 939/2077
f 973/2053 2284/1475 2249/1474
f 2352/532 2173/870 2351/548
f 241/2387 39/2388 2139/289
f 2139/289 238/2256 241/2387
f 39/2388 38/290 2139/289
f 365/2389 844/823 1839/826
f 1839/826 366/1564 365/2389
f 1690/2115 1948/1422 1707/2390
f 1707/2390 1500/2391 1690/2115
f 1807/2237 711/1237 742/2238
f 1665/143 872/958 563/2392
f 544/2149 543/936 2074/302
f 920/2386 2062/1255 2061/1254
f 2061/1254 2120/1289 897/2375
f 2061/1254 897/2375 920/2386
f 307/2393 270/2153 2049/463
f 2049/463 303/462 307/2393
f 2166/436 2360/435 1027/1945
f 1027/1945 2353/543 2166/436
f 496/2394 403/2176 2155/1003
f 2074/302 2331/281 544/2149
f 563/2392 562/140 1665/143
f 1959/692 232/690 255/2233
f 1585/56 552/2156 1377/2395
f 1377/2395 613/57 1585/56
f 1063/1718 2433/629 2204/940
f 2433/629 2431/643 2204/940
f 2204/940 246/2396 1065/2397
f 1065/2397 1064/2398 2204/940
f 427/2399 64/2207 1968/1357
f 2195/1344 840/2400 839/1771
f 2195/1344 841/1903 840/2400
f 2194/307 2330/306 480/1621
f 480/1621 479/1836 2194/307
f 181/2199 180/843 2073/859
f 536/1607 2167/213 2087/1153
f 2087/1153 533/2213 536/1607
f 893/1934 2283/895 2175/1177
f 724/2205 893/1934 2175/1177
f 2204/940 1064/2398 1063/1718
f 1968/1357 295/2276 427/2399
f 1721/491 718/490 596/2401
f 596/2401 595/526 1721/491
f 1890/1233 1891/1188 1892/2402
f 157/1804 1891/1188 1890/1233
f 1890/1233 158/244 157/1804
f 511/2403 548/752 1913/751
f 1913/751 512/2048 511/2403
f 327/2404 326/1598 1752/99
f 632/1646 378/2177 1918/283
f 1998/432 2361/431 1094/1883
f 1094/1883 2354/539 1998/432
f 877/2080 2337/340 2156/339
f 2156/339 2353/543 877/2080
f 2069/1002 2070/52 754/1798
f 496/2394 2155/1003 2069/1002
f 754/1798 496/2394 2069/1002
f 1752/99 746/82 327/2404
f 1918/283 2237/282 632/1646
f 155/2405 943/2191 1706/2190
f 1706/2190 153/2406 155/2405
f 813/2099 2422/965 2169/2
f 2169/2 2384/1 813/2099
f 606/2407 2140/1085 2109/1084
f 2109/1084 499/2184 606/2407
f 2146/341 2337/340 981/1609
f 2146/341 2303/1437 2304/1436
f 911/1688 2165/268 2036/1023
f 2204/940 247/2159 246/2396
f 882/2374 2120/1289 2121/1288
f 2121/1288 2203/1525 848/2381
f 2121/1288 848/2381 882/2374
f 1013/755 2270/1373 2271/1372
f 2457/2268 1013/755 2271/1372
f 136/2076 2343/498 2201/497
f 2201/497 133/2168 136/2076
f 2036/1023 2293/1484 911/1688
f 839/1771 2196/1479 2195/1344
f 1003/2141 2387/12 1915/11
f 1709/2408 2041/1863 2465/2409
f 1500/2391 1707/2390 1709/2408
f 1709/2408 98/2410 1500/2391
f 1709/2408 99/1862 98/2410
f 2465/2409 99/1862 1709/2408
f 2142/966 2422/965 540/2106
f 540/2106 539/1683 2142/966
f 1943/983 2269/1368 659/1876
f 2467/1998 1865/1997 1867/2411
f 1867/2412 1866/2129 2467/2128
f 1772/232 643/2413 856/215
f 1772/232 644/218 856/215
f 1772/232 644/218 643/2413
f 2264/912 2428/911 610/1881
f 610/1703 2395/226 2264/225
f 2119/540 2354/539 429/1885
f 429/1885 428/907 2119/540
f 468/2414 467/2263 2091/545
f 659/1876 658/980 1943/983
f 828/1887 2328/317 2127/320
f 2127/320 825/2181 828/1887
f 1996/155 2219/786 422/785
f 398/2415 399/2416 1996/2417
f 1996/155 422/785 398/2418
f 1996/2417 400/2419 2404/2420
f 1996/2417 400/2419 399/2416
f 1949/1040 2138/1039 1127/1659
f 2110/1151 2112/1338 726/1814
f 2021/160 2401/200 526/2024
f 526/2024 525/161 2021/160
f 1664/2421 2055/2422 491/2423
f 1664/2424 2056/2425 1674/2426
f 1674/1301 1673/596 1664/595
f 2341/528 2439/660 925/2427
f 903/2377 2095/529 2341/528
f 925/1841 903/1842 2341/2428
f 1127/1659 165/2154 1949/1040
f 2468/2338 2168/1091 2110/1151
f 787/2339 2468/2338 2110/1151
f 2110/1151 726/1814 787/2339
f 761/2382 2249/1474 2140/1085
f 2140/1085 606/2407 761/2382
f 697/2376 2234/1563 2228/1591
f 2228/1591 263/2198 697/2376
f 2091/545 2005/544 468/2414
f 574/1873 2093/1228 2094/287
f 1080/1696 2002/731 1938/2429
f 1938/2429 1079/2430 1080/1696
f 855/849 2096/1009 2153/850
f 2125/1277 2215/460 817/1865
f 817/1865 507/2158 2125/1277
f 2158/362 2333/305 504/1833
f 504/1833 503/753 2158/362
f 1911/413 2324/412 2277/1386
f 2277/1386 1910/1387 1911/413
f 1938/2431 2310/2432 1078/2433
f 2094/287 575/1944 574/1873
f 300/2016 2323/419 2092/50
f 2092/50 301/49 300/2016
f 601/2019 2312/840 1854/158
f 1854/158 399/157 601/2019
f 1921/1486 2432/657 1247/2434
f 152/2435 151/16 1921/1486
f 2195/1344 2460/2155 841/1903
f 2089/1195 52/1977 736/1739
f 1786/2436 1785/2005 2409/2004
f 1786/193 1765/2437 252/2438
f 1786/193 356/2439 1765/2437
f 1786/2440 322/2441 2466/2442
f 356/2443 288/189 1786/2444
f 252/2438 250/828 1786/193
f 550/1736 2015/60 2014/355
f 2014/355 547/354 550/1736
f 736/1739 2308/92 2089/1195
f 711/1237 1807/2237 510/1236
f 2184/428 2286/1472 146/1845
f 146/1845 145/429 2184/428
f 213/2445 371/133 2132/36
f 2132/36 214/35 213/2445
f 2117/922 568/921 567/2446
f 1767/1070 2144/39 367/2073
f 367/2073 366/1564 1767/1070
f 2311/2447 2310/2448 1938/2449
f 1081/1727 333/2450 1084/2451
f 1094/1883 1095/1899 1093/2452
f 1093/2452 1056/1884 1094/1883
f 1091/1018 1092/2035 1089/2018
f 1089/2018 1090/2017 1091/1018
f 1088/2453 656/2454 657/1878
f 657/1878 1087/1877 1088/2453
f 1081/342 1083/1022 1086/2455
f 1086/2455 1085/2456 1081/342
f 1084/2451 1050/1728 1081/1727
f 1058/1629 1096/1628 1097/2457
f 1081/342 1082/765 1083/1022
f 1079/2430 1078/2108 1080/1696
f 1077/2458 1078/2459 1079/2460
f 1073/1677 674/1351 1074/1350
f 1074/2461 860/2462 1073/2463
f 1073/1677 673/1676 674/1351
f 1070/631 645/1127 1068/254
f 1068/254 645/1127 1071/2464
f 1071/2464 1072/2186 1068/254
f 441/712 1103/1828 1104/1712
f 1112/2465 663/2466 140/2350
f 140/2351 139/2467 1112/2468
f 1110/2469 1111/1849 829/1824
f 829/2345 1109/1685 1110/2470
f 209/1868 208/2471 569/2472
f 1107/2473 1108/2474 1106/1689
f 1106/1689 333/1745 1107/2473
f 1105/945 442/2475 441/712
f 441/712 1104/1712 1105/945
f 1068/254 1069/2476 1070/631
f 670/622 1102/1063 672/1062
f 1101/1247 1100/1246 1063/1718
f 1063/1718 1062/2477 1101/1247
f 1100/1246 990/1719 1063/1718
f 1041/2478 1099/2479 1060/2480
f 1042/2481 1098/2482 1041/2483
f 1041/2484 1098/2485 1099/2486
f 1097/2457 1059/2487 1058/1629
f 1042/2481 1041/2483 4/2488
f 797/121 799/2489 1048/2490
f 796/2491 800/2492 797/121
f 1047/1441 747/2179 797/121
f 1046/602 319/1571 318/2215
f 318/2215 1045/1806 1046/602
f 1044/1048 541/2493 540/2106
f 540/2106 816/2100 1044/1048
f 4/2488 7/2494 1043/1197
f 1043/1197 1042/2481 4/2488
f 1048/2490 1047/1441 797/121
f 1041/2495 49/2496 4/2497
f 1038/2498 1039/2499 1036/1759
f 1039/2499 1040/1644 1036/1759
f 1036/1759 1037/1854 1038/2498
f 697/2376 698/2500 1034/2501
f 1034/2501 1035/1867 697/2376
f 872/958 1033/2502 1031/2503
f 872/958 1032/2504 1033/2502
f 872/958 871/2505 1032/2504
f 1037/1854 1058/1629 1059/2487
f 1068/254 59/257 1069/2476
f 1067/1008 818/1221 817/1865
f 817/1865 1066/1702 1067/1008
f 1064/2398 1065/2397 1062/2477
f 1062/2477 1063/1718 1064/2398
f 1061/1278 48/2506 49/2507
f 49/2507 1060/2480 1061/1278
f 49/2507 1041/2478 1060/2480
f 1059/2487 1038/2498 1037/1854
f 1113/2508 216/2078 939/2077
f 1057/2509 430/2510 429/1885
f 429/1885 1056/1884 1057/2509
f 134/2169 1054/1198 1055/1152
f 1055/1152 135/2511 134/2169
f 134/2169 37/2313 1054/1198
f 1051/1182 1052/1986 1049/1730
f 1052/1986 1053/1975 1049/1730
f 1049/1730 1050/1729 1051/1182
f 1150/1465 742/2238 1151/796
f 973/2053 972/2512 1161/1054
f 1161/1054 982/2054 973/2053
f 136/2076 135/2511 1160/1113
f 1160/1113 677/2070 136/2076
f 29/2166 967/1242 1156/1001
f 1156/1001 30/2513 29/2166
f 1153/1675 1155/1674 1154/1457
f 1154/1457 868/985 1153/1675
f 1151/796 1152/1509 1150/1465
f 728/1665 347/1666 1162/2514
f 709/455 1149/454 1069/2515
f 1148/1322 420/2516 419/1704
f 419/1704 609/2517 1148/1322
f 1115/2518 1147/2519 1114/2520
f 1147/2519 1146/2521 1114/2520
f 1146/2522 1137/2523 1114/2524
f 1145/2525 580/2051 680/1907
f 680/1847 380/1848 1145/2526
f 408/1942 407/2527 1144/1111
f 246/2396 1168/2528 1167/2529
f 1181/1057 1180/1860 1179/1859
f 1082/765 1178/2530 1083/1022
f 1082/765 1177/763 1178/2530
f 1176/818 329/1636 1175/154
f 1175/154 1155/1674 1176/818
f 1173/832 1174/1378 1171/862
f 1171/862 1172/908 1173/832
f 839/1771 842/2531 1169/1485
f 1169/1485 1170/1679 839/1771
f 1144/1111 576/1943 408/1942
f 246/2396 1166/2532 1168/2528
f 1167/2529 1165/2533 246/2396
f 246/2534 434/2535 1166/2536
f 1165/2533 1065/2397 246/2396
f 1164/1170 1138/2537 1137/2538
f 1137/2538 1163/2539 1164/1170
f 1137/2538 1146/2540 1163/2539
f 1162/2514 729/2541 728/1665
f 770/2542 1118/2543 1120/2544
f 1129/1523 333/2362 332/2273
f 1128/1361 166/2545 165/2154
f 165/2154 1127/1659 1128/1361
f 1122/473 1126/1377 1125/768
f 1125/768 1123/2270 1122/473
f 1122/473 1123/2270 1124/2271
f 59/257 709/457 1069/2476
f 1121/2546 1119/2547 770/2542
f 1121/2546 1120/2544 770/2542
f 332/2273 1108/2548 1130/2549
f 1119/1319 1030/2550 770/2133
f 770/2133 1117/2132 1118/2551
f 1100/1246 991/2552 990/1719
f 1116/1117 1115/2518 1098/2482
f 1098/2482 1042/2481 1116/1117
f 1115/2518 1114/2520 1098/2482
f 1114/2524 1099/2486 1098/2485
f 939/2077 938/2553 1113/2508
f 1099/2486 1114/2524 1137/2523
f 37/2313 36/2554 1054/1198
f 488/1192 1143/1699 489/1549
f 1020/2555 1019/2556 1142/2557
f 1142/447 1140/1926 1020/1938
f 1140/1926 1141/1937 1020/1938
f 1139/1137 924/1963 148/1962
f 148/1962 147/2558 1139/1137
f 1138/2537 1060/2480 1099/2479
f 1099/2479 1137/2538 1138/2537
f 1031/2559 563/2560 872/2561
f 217/2349 1135/2562 1136/2563
f 1136/2564 452/2565 217/2357
f 217/2349 216/2078 1135/2562
f 1134/2566 1110/2470 1109/1685
f 1109/1685 661/1623 1134/2566
f 1133/1817 892/2015 1131/1200
f 1131/1200 1132/1810 1133/1817
f 332/2273 1130/2549 1129/1523
f 927/1379 588/2372 903/2377
f 938/2553 939/2077 920/2386
f 937/1331 169/2567 130/1687
f 130/1687 910/1686 937/1331
f 890/1038 936/2346 888/2347
f 932/1511 934/1421 935/1364
f 932/1511 933/2102 934/1421
f 930/61 931/1737 928/878
f 928/878 929/1748 930/61
f 903/2377 926/2568 927/1379
f 920/2386 919/2569 938/2553
f 923/1964 924/1963 922/1169
f 922/1169 814/2135 923/1964
f 884/2570 921/2571 883/2572
f 921/2573 898/2574 883/2575
f 897/2375 896/2576 919/2569
f 919/2569 920/2386 897/2375
f 916/1320 917/2577 914/1671
f 917/2577 918/1672 914/1671
f 914/1671 915/1874 916/1320
f 651/834 775/2269 945/816
f 954/2578 940/2579 921/2571
f 953/2580 951/2581 45/1882
f 45/1882 44/2582 953/2580
f 951/2581 952/1720 45/1882
f 949/2583 950/2030 948/2114
f 948/2088 406/2087 949/2584
f 824/946 823/2585 946/1317
f 946/1317 947/944 824/946
f 945/816 652/1005 651/834
f 723/2586 913/2587 724/2205
f 944/1210 518/1209 943/2192
f 518/1209 517/2193 943/2192
f 943/2192 155/2588 944/1210
f 942/1211 222/2589 221/1751
f 221/1751 586/1750 942/1211
f 898/2590 941/2591 899/2592
f 940/2593 941/2594 898/2574
f 898/2574 921/2573 940/2593
f 837/2595 884/2570 836/2596
f 235/2014 234/2597 891/1273
f 891/1273 892/2015 235/2014
f 889/928 464/2363 890/1038
f 890/1038 888/2347 889/928
f 94/1722 93/2598 95/1723
f 887/1640 589/2049 886/1582
f 886/1582 854/1641 887/1640
f 885/2599 481/2600 480/1621
f 480/1621 458/1620 885/2599
f 893/1934 724/2205 894/1932
f 884/2570 883/2572 836/2596
f 883/2575 849/2601 836/2602
f 848/2381 847/2603 881/2604
f 881/2604 882/2374 848/2381
f 880/2605 535/2606 534/2038
f 534/2038 879/2037 880/2605
f 877/2080 878/2079 875/2607
f 875/2607 876/2111 877/2080
f 259/1724 258/2608 874/2609
f 901/1258 147/2558 146/1845
f 913/2587 894/1932 724/2205
f 911/1688 912/2112 909/1230
f 909/1230 910/1686 911/1688
f 751/705 31/709 752/1889
f 907/1565 908/1989 906/947
f 906/947 27/1781 907/1565
f 905/1089 902/2610 904/1832
f 904/1832 485/1831 905/1089
f 902/2610 903/1844 904/1832
f 921/2571 884/2570 955/1015
f 146/1845 482/1837 901/1258
f 849/2611 899/2592 900/1324
f 900/1324 812/2612 849/2611
f 849/2611 898/2590 899/2592
f 849/2601 883/2575 898/2574
f 882/2374 881/2604 896/2576
f 896/2576 897/2375 882/2374
f 304/1846 895/1835 305/2613
f 1005/2614 1006/2142 1003/2141
f 1014/2615 988/2616 975/2617
f 1013/758 918/1672 1012/2618
f 1012/2619 879/2037 1013/755
f 37/2313 134/2169 1011/2167
f 1010/2620 755/2621 754/1798
f 754/1798 1009/1797 1010/2620
f 1008/1295 256/2622 205/2623
f 205/1912 1007/1799 1008/1296
f 1004/1403 1005/2614 1003/2141
f 1014/2624 1015/2625 975/2626
f 1003/2141 104/2216 1004/1403
f 1000/525 1001/1566 997/717
f 1001/1566 1002/1142 997/717
f 997/717 999/2627 1000/525
f 997/717 998/2214 999/2627
f 996/425 994/424 200/633
f 200/633 995/632 996/425
f 994/424 959/748 200/633
f 993/1398 85/2628 84/1619
f 1025/2629 780/1637 801/1624
f 1017/2630 1030/2550 1018/2631
f 1017/2630 770/2133 1030/2550
f 791/1660 790/2632 1029/1194
f 1029/1194 82/1661 791/1660
f 989/2633 1014/2634 988/2635
f 787/2339 786/2636 809/2637
f 1027/1945 1028/1936 1026/1330
f 1026/1330 878/2079 1027/1945
f 801/1624 167/2638 1025/2629
f 84/1619 708/1618 993/1398
f 1023/238 1024/2055 1022/2639
f 1022/2639 528/1673 1023/238
f 524/1615 523/1332 1021/1333
f 1021/1333 719/1616 524/1615
f 1016/2334 1018/2640 1019/1264
f 1019/1264 1020/1938 1016/2334
f 1016/2334 1017/2641 1018/2640
f 975/2642 1015/2643 976/2644
f 967/1242 29/2166 968/1827
f 941/2594 940/2593 975/2645
f 47/2196 500/2646 974/2647
f 974/2647 44/2582 47/2196
f 761/2382 760/2648 972/2512
f 972/2512 973/2053 761/2382
f 969/2061 566/2649 970/1037
f 970/1037 971/2059 969/2061
f 969/2061 567/2218 566/2649
f 968/1827 621/1826 967/1242
f 941/2591 975/2650 976/2651
f 965/277 966/2126 963/2652
f 963/2652 964/1650 965/277
f 960/446 961/1600 958/749
f 961/1600 962/2324 958/749
f 958/749 959/748 960/446
f 957/1043 685/2653 684/1779
f 684/1779 956/1768 957/1043
f 955/1015 954/2578 921/2571
f 983/1272 139/2467 138/2062
f 504/1833 991/2552 992/2654
f 992/2654 505/2655 504/1833
f 504/1833 990/1719 991/2552
f 954/2578 989/2656 940/2579
f 989/2656 988/2657 940/2579
f 988/2616 975/2617 940/2658
f 987/2659 984/2660 985/2033
f 985/2033 986/2032 987/2659
f 984/2660 699/2110 985/2033
f 1179/1859 950/2030 1181/1057
f 138/2062 982/2054 983/1272
f 981/1609 876/2111 980/1227
f 980/1227 627/1610 981/1609
f 427/2399 426/2661 447/2662
f 979/1305 456/2663 667/1906
f 667/1906 978/1905 979/1305
f 941/2591 976/2651 977/1336
f 977/1336 899/2592 941/2591
f 1343/2664 748/1439 747/2179
f 1349/1150 1350/1630 1219/1608
f 1348/1010 805/2665 804/1850
f 804/1850 1347/2058 1348/1010
f 780/1637 1025/2629 1346/1430
f 1346/1430 781/2666 780/1637
f 781/2667 779/2668 780/2340
f 1328/1891 1345/1890 1344/1504
f 1344/1505 1314/2669 1328/2229
f 747/2179 1047/1441 1343/2664
f 1219/1608 1218/1339 1349/1150
f 1341/597 1342/2042 1339/250
f 1339/250 1340/1746 1341/597
f 1336/1313 1337/1343 1335/2050
f 1337/1343 1338/2068 1335/2050
f 1335/2050 1302/1740 1336/1313
f 1298/2670 1334/2671 1322/2672
f 1299/2673 1333/2674 1298/2675
f 1298/2676 1333/2677 1334/2678
f 578/1822 577/2679 1331/2680
f 1247/2681 594/2682 1248/2683
f 39/2388 1235/2684 1361/1371
f 39/2685 1234/2686 1235/2687
f 1361/1371 36/2554 39/2388
f 39/2388 241/2387 1234/2688
f 1359/1126 624/2689 623/1612
f 623/1612 1360/2060 1358/2690
f 623/1612 971/2059 1359/1126
f 1358/2690 971/2059 623/1612
f 513/1698 1357/1567 514/1568
f 1331/2680 1332/1802 578/1822
f 1302/1740 1301/1312 1336/1313
f 1356/1146 1355/2691 1333/2674
f 1333/2674 1299/2673 1356/1146
f 1355/2691 1354/2692 1333/2674
f 1354/2693 1334/2678 1333/2677
f 1332/1802 1331/2680 1353/2694
f 1353/2694 1351/2695 1332/1802
f 1351/2695 1352/2067 1332/1802
f 1311/345 1312/344 102/2075
f 1320/1321 915/1874 574/1873
f 1035/1867 1034/2501 1318/1334
f 1318/1334 1319/1866 1035/1867
f 1158/1763 1317/2696 1293/1316
f 1158/1763 1157/1780 1317/2696
f 1315/422 1316/2697 695/2188
f 1316/2697 696/2698 695/2188
f 695/2188 1314/2669 1315/422
f 695/2188 1313/2187 1314/2669
f 574/1873 573/2699 1320/1321
f 1312/344 103/2700 102/2075
f 102/2075 559/2074 1311/345
f 519/554 693/2299 520/2298
f 1269/2701 1308/470 1310/469
f 1310/469 1305/2702 1269/2701
f 1269/2703 1309/2704 1306/2705
f 1269/2084 1303/2706 1309/1028
f 1306/2705 1307/2707 1269/2703
f 1305/2708 1304/2709 1269/2710
f 1326/2711 1076/586 2476/2712
f 1330/1274 469/2713 472/1816
f 472/1816 759/2039 1330/1274
f 1329/2714 1317/2696 1157/1780
f 1157/1780 1180/1860 1329/2714
f 1313/2187 1328/2229 1314/2669
f 104/2715 1312/1393 1327/2716
f 1312/1393 1004/1392 104/2715
f 104/2715 103/2717 1327/2716
f 2476/2712 717/585 1326/2711
f 1362/1754 1363/1753 1364/1559
f 717/585 1076/586 2476/2712
f 1324/20 683/2718 280/1812
f 280/1812 279/2719 1324/20
f 1285/2720 1322/2672 1323/1222
f 1323/1222 1261/2721 1285/2720
f 1285/2720 1298/2670 1322/2672
f 346/2722 1321/2723 341/2008
f 341/2008 345/2724 1321/2723
f 1402/1528 234/2597 237/2356
f 1368/2725 1397/2726 1409/2727
f 1407/2728 1408/2729 414/2092
f 1408/2729 411/2730 414/2092
f 414/2092 76/2056 1407/2728
f 1394/1714 1393/1090 1405/1093
f 1405/1093 1406/1693 1394/1714
f 1319/1866 1318/1334 1403/1083
f 1403/1083 1404/1886 1319/1866
f 237/2356 624/2689 1402/1528
f 1368/2731 1409/2732 1410/2733
f 528/1673 1022/2639 1401/1358
f 1401/1358 529/2734 528/1673
f 653/1072 743/1869 648/766
f 1400/1047 957/1043 956/1768
f 956/1768 1399/2023 1400/1047
f 82/1661 1029/1194 1398/1196
f 1398/1196 79/2735 82/1661
f 1355/2691 1397/2736 1354/2692
f 1397/2726 1368/2725 1354/2693
f 1415/1793 1416/1114 1417/349
f 1423/1411 337/2737 340/1762
f 336/1825 370/2738 1422/1000
f 1422/1000 334/2739 336/1825
f 1421/1550 845/2740 365/2389
f 365/2389 364/2741 1421/1550
f 1420/179 523/1332 526/2024
f 526/2024 1419/1988 1420/179
f 1417/349 1418/1376 1415/1793
f 1415/1793 1418/1376 1413/327
f 1367/1929 1366/2742 1395/2743
f 1415/1793 157/1804 1416/1114
f 782/2744 1769/207 2060/210
f 642/2745 856/215 643/2413
f 1287/1680 1412/397 1288/90
f 1287/1680 1170/1679 1412/397
f 1411/381 733/2746 542/1681
f 542/1681 541/2493 1411/381
f 1410/2733 1369/2747 1368/2731
f 1370/1276 1186/1275 1185/1642
f 1379/2748 1309/2749 613/2750
f 613/57 1377/2395 1378/719
f 1376/2751 614/2752 613/2753
f 197/492 1374/1160 196/774
f 196/774 195/2754 197/492
f 1374/1160 1375/1159 196/774
f 1371/2383 1372/2755 1373/2384
f 613/2756 1380/772 1381/735
f 1185/1642 11/2066 1370/1276
f 1369/2747 1322/2672 1334/2671
f 1334/2671 1368/2731 1369/2747
f 1334/2678 1354/2693 1368/2725
f 1352/2067 1351/2695 1366/2742
f 1366/2742 1367/1929 1352/2067
f 1364/1559 1365/1596 1362/1754
f 1365/1596 895/1835 1362/1754
f 1387/1520 1007/1799 1388/1801
f 1395/2743 1396/1928 1367/1929
f 1350/1630 1349/1150 1393/1090
f 1393/1090 1394/1714 1350/1630
f 302/1796 1391/1561 1392/1388
f 1392/1388 299/2757 302/1796
f 302/1796 571/2086 1391/1561
f 211/1632 334/2739 1390/1027
f 1390/1027 208/2471 211/1632
f 1388/1801 1389/2113 1387/1520
f 1078/2108 1385/1384 1386/240
f 1386/240 1196/1697 1078/2108
f 1078/2108 443/2107 1385/1384
f 1196/1697 1080/1696 1078/2108
f 1384/1042 291/1041 290/352
f 290/352 1383/1829 1384/1042
f 613/2756 1381/735 1382/718
f 1382/718 1379/1030 613/2756
f 1203/2758 1223/2759 1224/2760
f 1230/273 869/272 868/985
f 868/985 1154/1457 1230/273
f 613/2761 1228/2244 1229/2243
f 193/198 1227/1259 194/1263
f 350/1772 383/2762 1226/1512
f 1226/1512 351/2763 350/1772
f 1225/2764 1204/2765 1203/2766
f 1203/2766 1224/2767 1225/2764
f 1202/2768 1223/2769 1203/2770
f 1231/319 777/1764 947/944
f 1222/2771 1221/2772 412/1773
f 412/1773 411/2730 1222/2771
f 1221/2772 986/2032 412/1773
f 1220/1341 1218/1339 536/1607
f 536/1607 535/2606 1220/1341
f 1218/1339 1219/1608 536/1607
f 828/1887 827/2773 1217/1519
f 1217/1519 1087/1877 828/1887
f 1216/1362 1128/1361 1127/1659
f 239/2294 1238/2774 1237/1502
f 1244/1587 383/2762 223/1821
f 223/1821 222/2589 1244/1587
f 1243/1314 1242/2775 1223/2769
f 1223/2769 1202/2768 1243/1314
f 1242/2775 1241/2776 1223/2769
f 1241/2777 1224/2760 1223/2759
f 1240/2778 1097/2457 1096/1628
f 1096/1628 1239/1707 1240/2778
f 1127/1659 1215/1658 1216/1362
f 239/2779 1236/2780 1238/2781
f 1237/1502 1235/2782 239/2294
f 239/2783 1234/2686 1235/2687
f 1234/2784 240/2785 239/2294
f 1233/1021 370/2738 369/1749
f 369/1749 1232/1971 1233/1021
f 947/944 946/1317 1231/319
f 736/1739 735/2786 1187/1445
f 213/2445 212/2787 1199/1123
f 1197/236 1198/1208 1195/730
f 1195/730 1196/1697 1197/236
f 1194/1532 966/2126 1193/2125
f 1193/2125 1192/2002 1194/1532
f 1191/194 688/2301 123/2300
f 123/2788 1189/2789 125/2790
f 1189/2789 124/2791 123/2788
f 1199/1123 372/2792 213/2445
f 1187/1445 1188/1738 736/1739
f 1186/1275 767/2793 766/1643
f 766/1643 1185/1642 1186/1275
f 1146/2540 1184/2794 1163/2539
f 1147/2519 1184/2795 1146/2521
f 175/1898 174/2796 1183/1082
f 1183/1082 1095/1899 175/1898
f 300/2016 299/2757 1182/1306
f 1182/1306 1090/2017 300/2016
f 1184/2794 1204/2765 1205/2797
f 391/797 390/1349 1214/488
f 1214/488 999/2627 391/797
f 999/2627 998/2214 391/797
f 1212/1443 1213/1433 1210/601
f 1210/601 1211/600 1212/1443
f 1209/1808 1140/1926 1207/256
f 1207/256 1208/1807 1209/1808
f 1206/1540 316/2798 315/2371
f 315/2371 505/2655 1206/1540
f 1245/1245 926/2568 925/2427
f 1205/2797 1163/2539 1184/2794
f 1147/2519 1202/2768 1184/2795
f 1184/2794 1203/2766 1204/2765
f 1202/2768 1203/2770 1184/2795
f 1040/1644 1039/2499 1201/2799
f 1201/2799 762/1645 1040/1644
f 177/1855 449/2800 1200/1017
f 1200/1016 174/2796 177/1856
f 1062/2477 1165/2533 1286/998
f 202/2801 863/2802 866/2803
f 1289/2804 865/2805 202/2801
f 866/2803 865/2805 202/2801
f 202/2801 204/2806 1289/2804
f 201/2807 204/2180 202/2348
f 125/2790 1189/2789 124/2791
f 1288/90 1263/88 1262/1792
f 1262/1792 1287/1680 1288/90
f 1062/2808 1286/2809 1101/2810
f 25/2182 293/2811 1290/2812
f 1241/2813 1285/2720 1261/2721
f 1242/2775 1284/2814 1241/2776
f 1241/2815 1284/2816 1285/2817
f 1283/2818 1260/2819 1259/1706
f 1259/1706 952/1720 1283/2818
f 1279/1760 1281/1287 1282/1257
f 1282/1257 110/1761 1279/1760
f 1279/1760 1280/2057 1281/1287
f 1278/1173 660/2820 659/1876
f 308/1834 452/2565 1297/2821
f 1269/2084 614/2822 1303/2706
f 86/2380 85/2628 484/2823
f 188/1741 187/2824 1301/1312
f 1301/1312 1302/1740 188/1741
f 1300/1036 1299/2673 1284/2814
f 1284/2814 1242/2775 1300/1036
f 1299/2673 1298/2675 1284/2814
f 1298/2825 1285/2817 1284/2816
f 1297/2821 1296/2826 308/1834
f 659/1876 173/1875 1278/1173
f 1296/2826 309/2827 308/1834
f 470/1935 469/2713 1295/1094
f 1295/1094 1028/1936 470/1935
f 1292/1757 1293/1316 1294/1175
f 1294/1175 261/2072 1292/1757
f 1292/1757 1158/1763 1293/1316
f 25/2182 1290/2812 1291/40
f 1291/40 26/1071 25/2182
f 1250/2003 1213/1433 1254/1444
f 1224/2767 1241/2813 1261/2721
f 1260/2819 1240/2778 1239/1707
f 1239/1707 1259/1706 1260/2819
f 410/1815 430/2510 1258/1410
f 1258/1410 407/2527 410/1815
f 1257/1478 1178/2530 1177/763
f 1177/763 1256/1973 1257/1478
f 1255/378 1251/374 1250/2003
f 1250/2003 1254/1444 1255/378
f 1261/2721 1225/2764 1224/2767
f 1250/2003 1253/2021 1213/1433
f 1250/2003 1252/2022 1253/2021
f 1251/374 356/2828 1250/2003
f 1249/1193 149/1501 152/2435
f 152/2435 1248/1190 1249/1193
f 152/2829 1247/2681 1248/2683
f 152/2829 1247/2681 594/2682
f 1228/2083 613/2830 614/2822
f 722/1743 721/2831 1277/1292
f 1277/1292 1232/1971 722/1743
f 1274/142 1276/366 1273/1952
f 1276/366 561/1951 1273/1952
f 1273/1952 561/1951 1275/1950
f 1273/1952 936/2346 1274/142
f 1271/426 690/2280 1272/80
f 1272/80 772/2221 1271/426
f 772/2832 1270/2223 1271/2833
f 874/2609 35/1725 259/1724
f 614/2822 1269/2084 1228/2083
f 1264/146 1266/55 1267/58
f 1267/58 1268/2329 1264/146
f 1264/146 1265/2103 1266/55
f 641/2834 668/1656 639/2835
f 668/2836 640/2837 639/2838
f 639/2308 1262/1792 1263/88
f 1165/2533 1062/2477 1065/2397
f 329/1636 330/1635 326/1598
f 343/2839 344/2007 346/2722
f 345/2840 347/2841 343/2842
f 344/2007 341/2008 343/2839
f 339/647 340/1762 337/2737
f 337/2737 338/2206 339/647
f 335/1631 336/1825 334/2739
f 334/2739 211/1632 335/1631
f 331/531 332/2273 333/2362
f 328/1521 329/1636 326/1598
f 343/2843 345/2844 348/2845
f 326/1598 327/2404 328/1521
f 323/2846 324/1066 325/1065
f 321/195 288/2063 322/192
f 319/1571 320/1766 317/1087
f 317/1087 318/2215 319/1571
f 316/2798 312/2847 314/97
f 314/97 315/2371 316/2798
f 312/2847 313/2309 314/97
f 244/2848 311/2849 245/2850
f 60/1857 358/2368 359/2367
f 368/771 369/1749 370/2738
f 366/1564 367/2073 364/2741
f 364/2741 365/2389 366/1564
f 363/2851 293/2852 60/2853
f 60/1857 361/2854 363/1138
f 60/1857 359/2367 361/2854
f 360/2855 292/2856 60/2857
f 244/2848 310/2858 311/2849
f 288/189 357/2859 356/2443
f 288/189 287/2026 357/2859
f 352/960 354/2860 355/2148
f 352/960 353/1657 354/2860
f 351/2763 187/2824 186/694
f 186/694 350/1772 351/2763
f 275/2861 349/2862 274/2863
f 349/2864 310/2865 274/2866
f 272/2867 273/2200 113/2212
f 283/1961 284/2868 281/2869
f 281/2869 282/2264 283/1961
f 279/2719 280/1812 277/561
f 277/561 278/1758 279/2719
f 276/2870 275/2861 219/2871
f 219/2871 144/2872 276/2870
f 275/2861 274/2863 219/2871
f 274/2866 244/2873 219/2874
f 113/2212 112/2875 272/2867
f 285/2876 284/2868 283/1961
f 268/2249 271/2877 266/2878
f 268/2249 270/2879 271/2877
f 268/2249 269/2248 270/2879
f 266/2878 267/2120 268/2249
f 264/867 265/2122 262/2880
f 262/2880 263/2198 264/867
f 260/687 261/2072 258/2608
f 258/2608 259/1724 260/687
f 256/2622 257/2124 206/465
f 296/942 297/901 298/2881
f 244/2873 274/2866 310/2865
f 309/2827 243/2882 242/979
f 242/979 308/1834 309/2827
f 305/2613 306/2883 303/462
f 306/2883 307/2393 303/462
f 303/462 304/1846 305/2613
f 301/49 302/1796 299/2757
f 299/2757 300/2016 301/49
f 296/942 298/2881 294/2884
f 370/2738 336/1825 368/771
f 294/2884 295/2276 296/942
f 61/1861 292/2885 293/2811
f 293/2811 25/2182 61/1861
f 61/1861 60/1857 292/2885
f 291/1041 230/2886 229/353
f 229/353 290/352 291/1041
f 287/2026 288/189 289/188
f 283/1961 286/1960 285/2876
f 445/2887 446/1614 444/815
f 444/815 257/2124 445/2887
f 442/2475 443/2101 440/321
f 440/321 441/712 442/2475
f 22/2888 18/2889 16/2890
f 16/2890 17/1786 22/2888
f 88/995 90/2330 89/2891
f 438/2892 439/2104 436/579
f 436/579 437/2203 438/2892
f 64/2207 427/2399 447/2662
f 435/2893 434/2894 118/2895
f 118/2896 246/2897 434/2898
f 433/2899 382/2900 381/2901
f 381/2901 432/2902 433/2899
f 381/2903 415/2904 432/2905
f 273/2200 272/2867 431/2906
f 431/2906 181/2199 273/2200
f 430/2510 410/1815 428/907
f 428/907 429/1885 430/2510
f 454/1622 455/2328 456/2907
f 469/2713 470/1935 471/808
f 467/2263 468/2414 465/2908
f 465/2908 466/1744 467/2263
f 463/1232 464/2363 462/2232
f 462/2232 255/2233 463/1232
f 17/1785 19/1784 22/2909
f 459/86 460/1901 461/1909
f 454/1622 456/2907 457/2910
f 457/2910 458/1620 454/1622
f 295/2276 294/2884 426/2661
f 416/2911 453/2912 415/2913
f 453/2914 432/2905 415/2904
f 452/2565 308/1834 451/610
f 451/610 217/2357 452/2565
f 450/570 111/1775 449/2800
f 449/2800 177/1855 450/570
f 448/1933 172/2915 171/896
f 447/2662 65/2916 64/2207
f 382/2900 311/2849 310/2858
f 396/552 397/1916 394/2917
f 394/2917 395/2279 396/552
f 392/799 393/2370 390/1349
f 390/1349 391/797 392/799
f 388/2918 389/2919 92/2920
f 92/2920 12/2202 388/2918
f 385/1381 386/1380 387/887
f 384/65 223/1821 383/2762
f 383/2762 350/1772 384/65
f 401/2921 399/2922 400/2923
f 310/2858 381/2901 382/2900
f 310/2865 349/2864 381/2903
f 379/2924 380/1848 377/129
f 377/129 378/2177 379/2924
f 375/891 376/2034 373/2925
f 373/2925 374/2185 375/891
f 372/2792 340/1762 371/133
f 371/133 213/2445 372/2792
f 415/2904 381/2903 349/2864
f 426/2661 427/2399 295/2276
f 422/785 424/2926 425/1206
f 425/1206 398/2418 422/785
f 422/785 423/789 424/2926
f 420/2516 421/1917 418/1705
f 418/1705 419/1704 420/2516
f 417/1035 416/2911 349/2862
f 349/2862 275/2861 417/1035
f 416/2911 415/2913 349/2862
f 206/465 205/2623 256/2622
f 413/1774 414/2092 411/2730
f 411/2730 412/1773 413/1774
f 409/955 410/1815 407/2527
f 407/2527 408/1942 409/955
f 404/2927 405/2928 402/2089
f 405/2928 406/2087 402/2089
f 402/2089 403/2176 404/2927
f 400/2923 398/2929 401/2921
f 79/2735 80/1852 81/953
f 92/2930 95/1723 13/2931
f 13/2931 93/2598 95/1723
f 1305/2932 1304/2933 1865/2934
f 87/2935 89/2936 91/2937
f 87/2938 90/2939 91/2940
f 87/996 88/995 89/2891
f 85/2628 86/2380 83/165
f 83/165 84/1619 85/2628
f 81/953 82/1661 79/2735
f 13/2931 92/2930 96/2941
f 3/2942 48/2943 78/2944
f 78/2944 77/2945 3/2942
f 77/2946 5/2947 3/1983
f 75/2948 76/2056 73/968
f 73/968 74/568 75/2948
f 41/646 72/2098 42/1235
f 71/2949 67/2950 69/148
f 69/148 70/957 71/2949
f 67/2950 68/149 69/148
f 114/663 115/1984 112/2875
f 128/241 129/1234 126/495
f 126/495 127/494 128/241
f 125/1716 124/2951 122/1241
f 124/2952 123/2953 122/2954
f 121/2955 117/2956 119/2151
f 119/2151 120/1813 121/2955
f 117/2957 118/2958 119/2959
f 5/2960 116/2961 6/2962
f 5/2947 77/2946 116/2963
f 65/2916 66/1872 63/838
f 112/2875 113/2212 114/663
f 109/174 110/1761 111/1775
f 67/2950 108/2121 68/149
f 105/2082 106/2081 107/2123
f 103/2700 104/2216 101/2219
f 101/2219 102/2075 103/2700
f 99/2262 100/2261 97/2964
f 97/2965 98/2410 99/1862
f 18/2889 16/2890 15/1787
f 30/2513 31/709 28/710
f 28/710 29/2166 30/2513
f 26/1071 27/1781 24/1783
f 24/1783 25/2182 26/1071
f 21/2145 23/2146 15/2147
f 15/1787 22/2888 20/2966
f 15/1787 18/2889 22/2888
f 15/1787 19/2967 21/2968
f 15/1787 19/2967 20/2966
f 32/2969 33/2160 34/811
f 15/1787 16/2890 17/1786
f 12/2202 13/1627 14/1626
f 10/2970 11/2066 8/738
f 8/738 9/737 10/2970
f 1/2971 6/2962 7/2972
f 7/2494 4/2488 1/2973
f 1/2971 5/2960 6/2962
f 1/1981 3/1983 5/2947
f 4/2497 2/2974 1/2975
f 2/2974 4/2497 49/2496
f 63/838 64/2207 65/2916
f 60/1857 61/1861 62/1858
f 55/2976 58/2977 59/2978
f 57/2979 58/2977 55/2976
f 55/258 56/458 57/2980
f 53/888 54/2117 51/1976
f 93/2598 94/1722 13/2931
f 50/2150 10/2970 9/737
f 2/2981 49/2507 48/2506
f 130/1687 131/1546 132/269
f 48/2943 3/2942 2/2982
f 46/230 47/2196 44/2582
f 44/2582 45/1882 46/230
f 42/1235 43/1985 40/722
f 1307/1992 995/2983 1865/1993
f 38/290 39/2388 36/2554
f 36/2554 37/2313 38/290
f 34/811 35/1725 32/2969
f 212/2787 213/2445 214/35
f 228/1299 229/353 230/2886
f 199/630 227/634 200/633
f 224/638 225/2027 226/1805
f 222/2589 223/1821 220/245
f 220/245 221/1751 222/2589
f 144/2872 219/2871 143/2984
f 219/2874 182/2985 143/2986
f 216/2078 217/2349 218/916
f 214/35 215/1735 212/2787
f 231/2987 100/2261 228/1299
f 210/649 211/1632 208/2471
f 208/2471 209/1868 210/649
f 205/2623 206/465 207/2988
f 203/1435 204/2180 201/2807
f 201/2807 202/2348 203/1435
f 198/750 199/630 200/633
f 192/199 194/1263 197/492
f 195/2754 196/774 192/199
f 182/2985 219/2874 244/2873
f 232/690 253/2989 254/2990
f 254/2990 255/2233 232/690
f 232/690 163/370 253/2989
f 250/828 252/2438 251/183
f 251/183 248/2991 250/828
f 248/2991 249/827 250/828
f 246/2992 118/2993 247/2994
f 245/2850 183/2995 182/2996
f 182/2996 244/2848 245/2850
f 192/199 193/198 194/1263
f 141/567 243/2882 142/2997
f 141/567 242/979 243/2882
f 240/2998 241/2387 238/2256
f 238/2245 239/2294 240/2785
f 236/761 237/2356 234/2597
f 234/2597 235/2014 236/761
f 163/370 232/690 233/371
f 230/2886 231/2987 228/1299
f 78/2944 144/2872 77/2945
f 158/244 161/2999 156/3000
f 158/244 160/3001 161/2999
f 158/244 159/1839 160/3001
f 156/3000 157/1804 158/244
f 153/804 154/803 155/2588
f 151/16 152/2435 149/1501
f 149/1501 150/17 151/16
f 147/2558 148/1962 145/429
f 145/429 146/1845 147/2558
f 162/790 165/2154 166/2545
f 144/2872 143/2984 77/2945
f 143/2986 116/2963 77/2946
f 142/2997 75/2948 74/568
f 74/568 141/567 142/2997
f 139/2467 140/2351 137/665
f 137/665 138/2062 139/2467
f 135/2511 136/2076 133/2168
f 133/2168 134/2169 135/2511
f 178/3002 179/2286 180/843
f 191/3003 54/2117 189/909
f 189/909 190/2105 191/3003
f 187/2824 188/1741 185/890
f 185/890 186/694 187/2824
f 183/2995 184/3004 116/2961
f 184/3004 6/2962 116/2961
f 116/2961 182/2996 183/2995
f 116/2963 143/2986 182/2985
f 180/843 181/2199 178/3002
f 471/808 472/1816 469/2713
f 176/209 177/1856 174/2796
f 174/2796 175/1898 176/209
f 172/2915 173/1875 170/1356
f 170/1356 171/896 172/2915
f 169/2567 167/3005 131/1546
f 131/1546 130/1687 169/2567
f 167/3005 168/2165 131/1546
f 166/2545 164/3006 162/790
f 750/1949 751/705 752/1889
f 763/3007 633/3008 632/1646
f 632/1646 762/1645 763/3007
f 606/2407 605/3009 760/2648
f 760/2648 761/2382 606/2407
f 758/3010 759/2039 756/1778
f 756/1778 757/1777 758/3010
f 755/2621 497/3011 496/2394
f 496/2394 754/1798 755/2621
f 752/1889 753/1895 750/1949
f 702/3012 730/3013 764/3014
f 748/1439 749/1569 746/82
f 749/1569 327/2404 746/82
f 746/82 747/2179 748/1439
f 745/1098 716/1097 323/1870
f 323/1870 744/1096 745/1098
f 323/1870 743/1869 744/1096
f 710/617 741/599 711/1237
f 741/599 742/2238 711/1237
f 740/2366 737/3015 739/1538
f 776/925 777/1764 778/3016
f 788/3017 764/3014 730/3013
f 726/1814 725/3018 786/2636
f 786/2636 787/2339 726/1814
f 270/3019 785/3020 269/3021
f 783/1776 784/1970 782/2744
f 782/2744 757/1777 783/1776
f 781/2666 465/2908 468/2414
f 468/2341 779/2668 781/2667
f 779/2668 780/2340 468/2341
f 52/1977 51/1976 735/2786
f 773/1020 774/1019 771/1599
f 774/1019 775/2269 771/1599
f 771/1599 772/2221 773/1020
f 768/1820 769/2134 770/2133
f 767/2793 279/2719 278/1758
f 278/1758 766/1643 767/2793
f 765/3022 703/3023 702/3024
f 702/3024 764/3025 765/3022
f 665/3026 703/3023 666/3027
f 710/617 711/1237 712/990
f 709/3028 59/3029 56/3030
f 707/1034 708/1618 706/605
f 706/605 546/1851 707/1034
f 313/2309 312/2847 704/3031
f 704/3031 705/1809 313/2309
f 712/990 714/3032 715/3033
f 665/3026 702/3024 703/3023
f 665/3034 681/3035 702/3012
f 700/3036 701/3037 475/742
f 701/3038 344/3039 475/3040
f 475/742 699/2110 700/3036
f 263/2198 262/2880 698/2500
f 698/2500 697/2376 263/2198
f 696/2698 424/2926 423/789
f 338/2206 337/2737 723/2586
f 735/2786 736/1739 52/1977
f 733/2746 734/1939 732/1682
f 732/1682 542/1681 733/2746
f 681/3041 682/3042 731/3043
f 731/3043 730/3044 681/3041
f 730/3013 702/3012 681/3035
f 727/1684 729/2541 725/3018
f 727/1684 728/1665 729/2541
f 725/3018 726/1814 727/1684
f 789/3045 788/3046 730/3044
f 723/2586 724/2205 338/2206
f 465/2908 721/2831 466/1744
f 721/2831 722/1743 466/1744
f 720/1507 596/2401 718/490
f 718/490 719/1616 720/1507
f 716/1097 717/1395 324/1061
f 324/1061 323/1870 716/1097
f 712/990 715/3033 710/617
f 842/2531 839/1771 841/1903
f 811/3047 849/2611 812/2612
f 811/3048 836/2602 849/2601
f 835/2293 834/3049 847/2603
f 847/2603 848/2381 835/2293
f 33/2160 32/2969 826/3050
f 845/2740 846/1710 844/823
f 844/823 365/2389 845/2740
f 255/2233 254/2990 463/1232
f 841/1903 843/1902 842/2531
f 584/1940 734/1939 850/3051
f 839/1771 840/2400 841/1903
f 637/1853 636/3052 838/3053
f 838/3053 611/1880 637/1853
f 788/3046 789/3045 837/2595
f 837/2595 836/2596 788/3046
f 836/2602 811/3048 788/3017
f 806/3054 834/3049 807/2292
f 834/3049 835/2293 807/2292
f 270/3055 832/3056 833/3057
f 713/989 860/3058 861/2378
f 873/653 446/1614 871/2505
f 871/2505 872/958 873/653
f 869/272 870/1711 867/971
f 867/971 868/985 869/272
f 862/3059 863/2802 866/2803
f 866/2803 865/2805 862/3059
f 865/3060 556/3061 862/2322
f 556/3061 864/2323 862/2322
f 862/3059 202/2801 863/2802
f 270/3055 271/3062 833/3057
f 861/2378 715/3033 713/989
f 715/3033 714/3032 713/989
f 857/860 858/1605 855/849
f 855/849 858/1605 859/1604
f 855/849 856/852 857/860
f 853/1639 854/1641 851/1586
f 851/1586 852/1742 853/1639
f 850/3063 585/3064 584/2373
f 395/2279 394/2917 798/1348
f 808/2337 809/2637 810/3065
f 808/2337 787/2339 809/2637
f 806/3054 807/2292 808/2337
f 805/2665 215/1756 803/1755
f 803/1755 804/1850 805/2665
f 168/2165 167/3005 802/3066
f 395/2279 798/1348 799/1297
f 395/124 800/2492 796/2491
f 799/1297 800/3067 395/2279
f 810/3065 806/3054 808/2337
f 796/2491 797/121 395/124
f 793/991 794/1007 738/935
f 738/2047 794/2044 795/2046
f 738/935 792/3068 793/991
f 738/935 737/3069 792/3068
f 705/1809 704/3031 790/2632
f 790/2632 791/1660 705/1809
f 730/3044 731/3043 789/3045
f 820/1879 821/1617 822/603
f 270/2153 307/2393 832/3070
f 829/2345 830/3071 831/2343
f 826/3050 827/2773 825/2181
f 827/2773 828/1887 825/2181
f 825/2181 33/2160 826/3050
f 493/270 492/3072 823/2585
f 823/2585 824/946 493/270
f 163/3073 164/3074 253/3075
f 163/3073 164/3074 166/3076
f 423/789 695/2188 696/2698
f 507/2158 818/1221 819/3077
f 819/3077 508/3078 507/2158
f 507/2158 817/1865 818/1221
f 815/3079 816/2100 813/2099
f 813/2099 814/2135 815/3079
f 812/2612 765/3022 764/3025
f 764/3025 811/3047 812/2612
f 764/3014 788/3017 811/3048
f 541/2493 542/1681 539/1683
f 19/1784 556/2320 557/3080
f 19/1784 555/2321 556/2320
f 20/2966 22/2888 19/2967
f 553/880 554/1544 551/798
f 551/798 552/2156 553/880
f 549/1467 550/1736 547/354
f 547/354 548/752 549/1467
f 545/1067 546/1851 543/936
f 543/936 544/2149 545/1067
f 557/3080 21/2145 19/1784
f 539/1683 540/2106 541/2493
f 538/3081 478/3082 477/3083
f 477/3083 537/3084 538/3081
f 477/3085 501/3086 537/3087
f 535/2606 536/1607 533/2213
f 533/2213 534/2038 535/2606
f 532/3088 71/2949 70/957
f 70/957 531/1830 532/3088
f 529/2734 530/1633 527/177
f 571/2086 302/1796 572/1795
f 585/3064 586/1750 583/1752
f 583/1752 584/2373 585/3064
f 501/3089 502/3090 582/3091
f 582/3091 581/3092 501/3089
f 581/3093 537/3087 501/3086
f 579/2052 580/2051 577/2679
f 577/2679 578/1822 579/2052
f 575/1944 576/1943 573/2699
f 573/2699 574/1873 575/1944
f 527/177 528/1673 529/2734
f 568/921 569/2472 570/3094
f 570/3094 566/3095 568/921
f 568/921 209/1868 569/2472
f 566/3095 567/2446 568/921
f 564/3096 565/1972 562/140
f 562/140 563/2392 564/3096
f 560/842 561/1951 558/1026
f 558/1026 559/2074 560/842
f 484/2823 485/1831 483/938
f 498/3097 499/2184 374/2185
f 497/3011 404/2927 403/2176
f 403/2176 496/2394 497/3011
f 494/274 495/2020 492/3072
f 492/3072 493/270 494/274
f 487/1499 489/1549 490/350
f 490/350 491/1302 487/1499
f 487/1499 488/1192 489/1549
f 149/1501 486/1900 150/17
f 374/2185 373/2925 498/3097
f 483/938 86/2380 484/2823
f 481/2600 482/1837 479/1836
f 479/1836 480/1621 481/2600
f 478/3082 433/2899 432/2902
f 432/2902 477/3083 478/3082
f 432/2905 453/2914 477/3085
f 476/3098 344/3099 474/3100
f 474/3100 475/3101 476/3098
f 266/2878 473/2119 267/2120
f 508/3078 509/1959 506/1958
f 525/161 526/2024 523/1332
f 523/1332 524/1615 525/161
f 521/1029 522/1141 519/554
f 519/554 520/2298 521/1029
f 515/1218 518/1209 516/275
f 515/1218 517/2193 518/1209
f 516/275 513/1698 515/1218
f 513/1698 514/1568 515/1218
f 510/1236 511/2403 512/2048
f 587/639 588/2372 589/2049
f 506/1958 507/2158 508/3078
f 505/2655 315/2371 503/753
f 503/753 504/1833 505/2655
f 453/2912 416/2911 502/3090
f 502/3090 501/3089 453/2912
f 501/3086 477/3085 453/2914
f 179/2286 178/3002 500/3102
f 500/2646 47/2196 179/2195
f 660/2820 661/1623 658/980
f 353/1657 668/1656 354/2860
f 455/2336 667/1906 456/2663
f 607/3103 666/3027 608/3104
f 607/3103 665/3026 666/3027
f 607/3105 634/3106 665/3034
f 181/2199 431/2906 664/3107
f 664/3107 178/3002 181/2199
f 663/2466 631/1669 662/1668
f 662/1668 140/2350 663/2466
f 669/626 670/622 671/3108
f 658/980 659/1876 660/2820
f 656/3109 603/3110 655/3111
f 656/3109 657/3112 655/3111
f 603/3113 602/904 655/3114
f 602/3115 654/1948 655/1947
f 652/1005 653/1072 650/877
f 653/1072 648/766 650/877
f 650/877 651/834 652/1005
f 648/766 649/769 650/877
f 120/1813 280/1812 683/2718
f 423/789 694/1838 695/2188
f 691/733 693/2291 692/122
f 692/122 690/2280 691/733
f 387/887 689/1534 686/801
f 387/887 688/2301 689/1534
f 686/801 687/884 387/887
f 685/2653 438/2892 437/2203
f 437/2203 684/1779 685/2653
f 683/2718 121/2955 120/1813
f 644/1326 647/3116 645/1127
f 634/3117 635/3118 682/3042
f 682/3042 681/3041 634/3117
f 681/3035 665/3034 634/3106
f 679/1908 680/1907 580/2051
f 676/2071 677/2070 678/2085
f 671/3108 672/1062 675/678
f 675/678 673/1676 671/3108
f 671/3108 670/622 672/1062
f 297/901 603/3113 604/3119
f 615/1363 616/2116 617/1212
f 610/1881 611/1880 609/3120
f 609/2517 419/1704 610/1703
f 608/3104 538/3081 537/3084
f 537/3084 607/3103 608/3104
f 537/3087 581/3093 607/3105
f 499/2184 498/3097 605/3009
f 605/3009 606/2407 499/2184
f 604/3119 298/2881 297/901
f 617/1212 159/1839 615/1363
f 297/901 602/904 603/3113
f 399/157 401/3121 600/3122
f 600/3122 601/2019 399/157
f 597/1593 599/1915 595/526
f 595/526 596/2401 597/1593
f 590/656 592/1216 593/1219
f 593/1219 594/1638 590/656
f 590/656 591/1954 592/1216
f 378/2177 632/1646 633/3008
f 644/1326 646/2194 647/3116
f 645/1127 642/1352 644/1326
f 641/2834 639/2835 638/3123
f 80/1852 79/2735 636/3052
f 636/3052 637/1853 80/1852
f 582/3091 635/3118 581/3092
f 635/3118 634/3117 581/3092
f 634/3106 607/3105 581/3093
f 633/3008 379/2924 378/2177
f 1413/327 1414/1819 1415/1793
f 630/1670 631/1669 628/3124
f 628/3124 629/2097 630/1670
f 626/1611 627/1610 625/3125
f 625/3126 239/3127 626/3128
f 624/2689 237/2356 622/1613
f 622/1613 623/1612 624/2689
f 620/3129 621/1826 618/558
f 618/558 619/1634 620/3129
f 1871/661 760/2648 605/3009
f 819/3077 818/1221 508/3078
f 383/2762 1244/1587 1873/1513
f 1873/1513 1226/1512 383/2762
f 1872/263 1771/262 183/2995
f 183/2995 245/2850 1872/263
f 834/3130 1059/3131 1097/3132
f 834/3130 806/3133 1059/3131
f 1097/3132 847/3134 834/3130
f 605/3009 1835/206 1871/661
f 508/3078 818/1221 1874/1220
f 262/2880 1740/132 1870/266
f 1870/266 698/2500 262/2880
f 1856/164 1869/147 294/2884
f 1869/147 426/2661 294/2884
f 1024/2055 1560/902 1868/943
f 1868/943 1022/2639 1024/2055
f 90/2330 1864/252 1866/2091
f 90/1920 1867/2411 1865/1997
f 1866/2091 1867/3135 90/2330
f 449/2800 1479/1256 1878/914
f 1881/783 842/2531 843/1902
f 1661/3136 1880/3137 1166/3138
f 1880/3139 1542/1076 1166/3140
f 1542/1076 1167/3141 1166/3140
f 1167/2529 1168/2528 1166/2532
f 1879/563 1541/1282 1138/2537
f 1138/2537 1164/1170 1879/563
f 847/3134 1097/3132 1240/3142
f 1240/3142 881/3143 847/3134
f 1865/1997 1642/642 90/1920
f 1878/914 1200/1017 449/2800
f 1877/746 1824/32 894/1932
f 894/1932 913/2587 1877/746
f 1876/37 1601/33 949/2583
f 949/2584 1503/1156 1876/233
f 1875/293 1589/292 845/2740
f 845/2740 1421/1550 1875/293
f 1874/1220 1760/2209 508/3078
f 1854/158 1154/1457 1155/1674
f 1736/100 1735/3144 832/3070
f 1735/3144 833/3145 832/3070
f 1857/572 1525/1526 1092/2035
f 1092/2035 1091/1018 1857/572
f 298/2881 1610/1481 1856/164
f 1856/164 294/2884 298/2881
f 1855/520 1711/519 1052/1986
f 1052/1986 1051/1182 1855/520
f 1155/1674 1175/154 1854/158
f 1493/103 1736/100 832/3070
f 1853/973 744/1096 743/1869
f 743/1869 653/1072 1853/973
f 1852/184 251/183 1765/2437
f 1765/2437 1251/363 1852/184
f 251/183 252/2438 1765/2437
f 1584/1747 1846/2157 1585/56
f 316/2798 1206/1540 1749/42
f 1851/913 1748/3146 954/2578
f 954/2578 955/1015 1851/913
f 204/2180 1413/327 1861/326
f 90/2330 1730/251 1864/252
f 91/2937 89/2936 90/3147
f 355/2148 1860/604 1863/197
f 1863/197 1450/196 355/2148
f 704/3031 1750/41 1862/64
f 1862/64 790/2632 704/3031
f 809/3148 1039/3149 810/3150
f 1201/3151 1039/3149 809/3148
f 1861/326 1289/2217 204/2180
f 843/1902 1640/654 1881/783
f 354/2860 1751/89 1860/604
f 1860/604 355/2148 354/2860
f 1859/607 922/1169 924/1963
f 924/1963 1139/1137 1859/607
f 1858/1180 1582/3152 7/3153
f 1858/1180 1043/1179 7/3153
f 786/3154 763/3155 1201/3151
f 1201/3151 809/3148 786/3154
f 433/2899 478/3082 1903/204
f 1907/439 1344/1504 1345/1890
f 1345/1890 1452/1004 1906/1145
f 1477/3156 1476/3157 1472/3158
f 931/1737 1816/2228 1905/879
f 1905/879 928/878 931/1737
f 1761/3159 1763/3160 1904/3161
f 1904/3161 1762/1980 1761/3159
f 1763/3160 1762/1980 1761/3159
f 1903/204 1897/173 433/2899
f 1908/441 1907/439 1345/1890
f 1283/3162 951/3163 919/3164
f 951/3163 938/3165 919/3164
f 760/2648 1871/661 1902/664
f 1902/664 972/2512 760/2648
f 212/2787 1439/1542 1901/1124
f 1901/1124 1199/1123 212/2787
f 1900/837 1848/111 755/2621
f 755/2621 1010/2620 1900/837
f 103/2717 1312/3166 1327/2716
f 478/3082 538/3081 1912/858
f 1476/3157 1646/3167 1597/1095
f 865/3168 1289/2217 1915/11
f 1790/13 2478/3169 865/3170
f 1915/11 1789/10 865/3168
f 2478/3169 557/3080 865/3170
f 1913/751 1686/357 438/2892
f 438/2892 685/2653 1913/751
f 850/3051 1522/398 1898/400
f 1912/858 1903/204 478/3082
f 1899/1782 1625/950 964/1650
f 953/3171 1113/3172 938/3165
f 938/3165 951/3163 953/3171
f 535/2606 1911/413 1910/1387
f 535/2606 1565/414 1911/413
f 1910/1387 1220/1341 535/2606
f 535/2606 880/2605 1565/414
f 1345/1890 1906/1145 1909/440
f 306/2883 305/2613 1885/130
f 1889/1871 129/1234 1890/1233
f 1888/382 1411/381 541/2493
f 541/2493 1044/1048 1888/382
f 311/2849 1886/171 1887/172
f 1887/172 245/2850 311/2849
f 311/2849 382/2900 1886/171
f 881/3143 1240/3142 1260/3173
f 1260/3173 896/3174 881/3143
f 1885/130 1493/103 306/2883
f 1891/1188 1808/1187 1889/1871
f 1884/906 1295/1094 469/2713
f 469/2713 1330/1274 1884/906
f 426/2661 1869/147 1883/211
f 1883/211 447/2662 426/2661
f 1678/153 1693/152 564/3096
f 361/3175 1597/3176 1882/3177
f 1882/551 363/1138 361/2854
f 337/2737 1423/1411 1896/644
f 964/1650 963/2652 1899/1782
f 1762/1536 285/2876 286/1960
f 1898/530 1509/527 585/3064
f 585/3064 850/3063 1898/530
f 1897/173 1886/171 382/2900
f 382/2900 433/2899 1897/173
f 896/3174 1260/3173 1283/3162
f 1283/3162 919/3164 896/3174
f 1896/644 1895/941 337/2737
f 763/3155 786/3154 725/3178
f 1895/941 723/2586 337/2737
f 1894/1125 1402/1528 624/2689
f 624/2689 1359/1126 1894/1125
f 1893/54 1609/53 620/3129
f 620/3129 1502/138 1893/54
f 1339/250 1576/201 1340/1746
f 1892/2402 1891/1188 1889/1871
f 1889/1871 1890/1233 1892/2402
f 1797/934 1617/933 284/3179
f 370/2738 1233/1021 1802/542
f 1802/542 1422/1000 370/2738
f 424/2926 1800/2241 1801/1204
f 1801/1204 425/1206 424/2926
f 424/2926 696/2698 1800/2241
f 1386/240 1197/236 1196/1697
f 821/1617 1798/3180 1799/1260
f 1799/1260 1227/1259 821/1617
f 821/1617 820/1879 1798/3180
f 266/2878 1734/390 1651/249
f 284/2868 1762/1536 1797/1539
f 284/2868 285/2876 1762/1536
f 636/3052 1702/91 1796/94
f 1796/94 838/3053 636/3052
f 139/2467 983/1272 1795/845
f 1795/845 1112/2468 139/2467
f 71/2949 1792/864 1794/863
f 1793/107 1650/106 71/2949
f 1211/600 1808/1187 1809/1189
f 1747/3181 1746/3182 346/2722
f 1521/1931 1520/1464 1698/25
f 1812/212 1160/1113 135/2511
f 135/2511 1055/1152 1812/212
f 258/2608 1524/1178 1811/894
f 1811/894 874/2609 258/2608
f 159/1839 617/1212 1810/926
f 1810/926 160/3001 159/1839
f 1809/1189 1212/1443 1211/600
f 1650/106 1649/3183 71/2949
f 1807/2237 1460/1468 511/2403
f 511/2403 510/1236 1807/2237
f 420/2516 1805/3184 1806/361
f 1806/361 1616/360 420/2516
f 420/2516 1148/1322 1805/3184
f 1804/754 1803/1578 416/2911
f 416/2911 417/1035 1804/754
f 1803/1578 502/3090 416/2911
f 1774/338 1390/1027 334/2739
f 275/2861 276/2870 1779/303
f 1777/3185 1778/3186 1145/3187
f 1145/3187 1566/3188 1778/3186
f 340/1762 372/2792 1423/1411
f 1095/1899 1183/1082 1776/978
f 1776/978 1093/2452 1095/1899
f 36/2554 1361/1371 1775/1199
f 1775/1199 1054/1198 36/2554
f 334/2739 1422/1000 1774/338
f 1779/303 417/1035 275/2861
f 495/2020 1437/1487 1773/809
f 1773/809 492/3072 495/2020
f 1532/3189 1531/3190 1530/449
f 2477/847 1459/846 1458/1701
f 1458/1701 1470/1327 2477/847
f 351/2763 1226/1512 1758/223
f 1771/262 1582/1553 184/3004
f 184/3004 183/2995 1771/262
f 688/2301 1786/193 250/828
f 71/2949 1562/1589 1792/864
f 71/2949 532/3088 1562/1589
f 234/2597 1402/1528 1791/496
f 1791/496 891/1273 234/2597
f 556/2320 1789/9 1790/13
f 556/3061 865/3168 1789/10
f 1788/598 1151/796 742/2238
f 742/2238 741/599 1788/598
f 688/3191 1784/3192 1785/3193
f 1652/310 1747/411 346/3194
f 688/2301 1191/194 1786/193
f 250/828 689/1534 688/2301
f 1717/145 1782/144 1496/3195
f 1782/144 1781/1155 1496/3195
f 1121/1154 1118/2551 1496/3195
f 1780/641 1244/1587 222/2589
f 222/2589 942/1211 1780/641
f 577/3196 1567/407 1836/406
f 1841/486 1822/1412 465/2908
f 465/2908 781/2666 1841/486
f 1840/770 1421/1550 364/2741
f 364/2741 1600/1069 1840/770
f 1839/826 1657/825 908/1989
f 908/1989 907/1565 1839/826
f 226/1805 1830/2183 1634/672
f 666/3027 1701/1450 1838/693
f 1838/693 608/3104 666/3027
f 430/2510 1057/2509 1842/970
f 1837/3197 1331/2680 577/2679
f 577/3196 701/3198 1837/3199
f 1836/406 701/3198 577/3196
f 498/3097 1756/45 1835/206
f 1835/206 605/3009 498/3097
f 1028/1936 1295/1094 1834/954
f 1834/954 1026/1330 1028/1936
f 1389/2113 1589/292 1833/295
f 1833/295 1387/1520 1389/2113
f 929/1748 928/878 553/880
f 174/2796 1200/1016 1850/612
f 1850/612 1183/1082 174/2796
f 299/2757 1392/1388 1849/72
f 1849/72 1182/1306 299/2757
f 1848/111 1739/110 497/3011
f 497/3011 755/2621 1848/111
f 401/3121 1514/1207 1847/689
f 1847/689 600/3122 401/3121
f 553/880 1846/2157 929/1748
f 1832/180 1420/179 1419/1988
f 1846/2157 1584/1747 929/1748
f 1030/2550 1119/1319 1845/1308
f 1845/1308 1018/2631 1030/2550
f 1844/577 1206/1540 505/2655
f 505/2655 992/2654 1844/577
f 789/3045 1714/330 1843/329
f 1843/329 837/2595 789/3045
f 1842/970 1258/1410 430/2510
f 1817/1466 1816/2228 550/1736
f 721/2831 465/2908 1822/1412
f 1821/271 1105/945 1104/1712
f 1104/1712 870/1711 1821/271
f 393/2370 1587/159 1820/162
f 1820/162 390/1349 393/2370
f 1819/2001 1818/2000 155/2588
f 155/2588 1622/2144 1819/2001
f 155/2588 1619/3200 1622/2144
f 1818/2000 944/1210 155/2588
f 1823/807 1277/1292 721/2831
f 550/1736 549/1467 1817/1466
f 1816/2228 931/1737 550/1736
f 51/1976 1553/59 1815/62
f 1815/62 735/2786 51/1976
f 1814/280 1457/279 481/2600
f 481/2600 885/2599 1814/280
f 502/3090 1803/1578 1813/95
f 1813/95 582/3091 502/3090
f 279/2719 767/2793 1826/21
f 1419/1988 1198/1208 1832/180
f 775/2269 774/1019 945/816
f 1831/1158 1830/2183 225/2027
f 225/2027 1375/1159 1831/1158
f 1830/2183 226/1805 225/2027
f 589/3201 1593/881 1829/883
f 1828/3202 886/3203 589/3204
f 1827/22 1324/20 279/2719
f 1597/1095 1472/3158 1476/3157
f 1813/95 1639/1514 582/3091
f 763/3155 725/3178 633/3205
f 725/3178 729/3206 633/3205
f 407/2527 1258/1410 1825/1112
f 1825/1112 1144/1111 407/2527
f 1824/32 1745/31 448/1933
f 448/1933 894/1932 1824/32
f 721/2831 1822/1412 1823/807
f 1784/3207 1783/3208 320/3209
f 885/2599 1429/1400 2019/959
f 837/2595 1843/329 2018/386
f 2018/386 1660/385 837/2595
f 1564/3210 1726/3211 1012/3212
f 1317/2696 2016/136 2017/648
f 2017/648 1293/1316 1317/2696
f 1317/2696 1329/2714 2016/136
f 1085/2456 1083/1022 1627/1025
f 1086/2455 1083/1022 1085/2456
f 2019/959 1814/280 885/2599
f 320/1766 319/1571 1784/1570
f 1787/1168 1190/1166 320/3213
f 191/3003 2014/355 2015/60
f 2015/60 1553/59 191/3003
f 191/3003 1544/356 2014/355
f 2013/19 2012/181 683/2718
f 683/2718 1324/20 2013/19
f 2012/181 1661/3136 683/2718
f 2011/831 1945/829 1369/2747
f 664/3214 1296/1429 1297/3215
f 1307/3216 1308/3217 2026/3218
f 1307/1992 2024/3219 2025/3220
f 1307/1992 1305/1991 2024/3219
f 484/2823 1928/2239 1662/1101
f 2023/977 1985/976 1481/3221
f 1481/3221 1964/1391 2023/977
f 664/3214 1297/3215 1637/3222
f 1699/1428 1296/1429 664/3214
f 1369/2747 1410/2733 2011/831
f 2022/483 1635/464 660/2820
f 660/2820 1278/1173 2022/483
f 1329/2714 1478/135 2016/136
f 1627/3223 1628/3224 1107/3225
f 2021/160 1587/159 1577/1896
f 1577/1896 1576/201 2021/160
f 735/2786 1815/62 2020/736
f 2020/736 1187/1445 735/2786
f 874/2609 1811/894 1997/897
f 248/2991 251/183 2000/547
f 1071/2464 645/1127 1072/2186
f 645/1127 647/3116 1072/2186
f 647/3116 646/2194 1072/2186
f 1999/3226 1715/3227 1716/3228
f 1716/3229 979/1305 1999/1315
f 608/3104 1838/693 1927/695
f 758/3010 1517/430 1998/432
f 1998/432 1725/541 758/3010
f 2001/986 1620/988 248/2991
f 1997/897 1453/1355 874/2609
f 30/2513 1156/1001 1452/1004
f 1996/155 1175/154 329/1636
f 329/1636 328/1521 1996/155
f 153/3230 1705/3231 1433/3232
f 1433/1692 1434/800 153/804
f 1845/3233 1019/3234 1018/3235
f 2005/544 1658/546 1084/3236
f 1112/2468 1795/845 1933/844
f 1235/2684 2010/757 2008/756
f 2007/614 2009/616 1235/2782
f 1235/2684 2009/3237 2010/757
f 2008/756 1361/1371 1235/2684
f 1235/2782 1237/1502 2007/614
f 2006/780 1900/837 1010/2620
f 1010/2620 1438/1562 2006/780
f 1084/3236 2004/3238 2005/544
f 2026/3239 1486/3240 1307/3241
f 1084/3236 1626/1456 2004/3238
f 2003/63 1291/40 293/2811
f 1291/40 1290/2812 293/2811
f 293/2811 363/1138 2003/63
f 1342/2042 1938/2429 2002/731
f 2002/731 1339/250 1342/2042
f 248/3242 2000/1788 15/1787
f 15/2147 2001/986 248/2991
f 2051/1249 2011/831 1410/2733
f 1410/2733 1444/1250 2051/1249
f 1135/3243 1136/1252 1737/389
f 2050/566 1770/565 1093/2452
f 1093/2452 1776/978 2050/566
f 2049/463 1973/2152 1134/2566
f 1134/2566 1635/464 2049/463
f 1088/2453 2046/575 2048/576
f 815/3079 922/1169 2052/168
f 2047/1483 1610/1481 1088/3244
f 1088/2453 1217/1519 2046/575
f 2045/421 1800/2241 696/2698
f 696/2698 1315/422 2045/421
f 696/2698 1316/2697 1315/422
f 800/3245 2044/1894 2043/1893
f 800/3245 1513/3246 2044/1894
f 2043/3247 2042/3248 800/3249
f 800/3067 799/1297 1513/708
f 442/2475 1105/945 2057/924
f 2060/210 1517/430 782/2744
f 570/3094 1982/1438 2059/2240
f 2059/2240 1970/2247 570/3094
f 1032/2504 1925/113 2058/760
f 1924/3250 1925/113 1032/2504
f 2058/760 1681/759 1032/2504
f 1681/759 1680/3251 1032/2504
f 1032/3252 1679/3253 1031/3254
f 1031/2503 1033/2502 1032/2504
f 92/2920 2035/1864 2041/1863
f 2057/924 1743/923 442/2475
f 491/3255 1674/2426 2056/2425
f 2055/1500 1664/595 486/1900
f 486/1900 149/1501 2055/1500
f 926/2568 2053/3256 2054/1244
f 2054/1244 927/1379 926/2568
f 926/2568 1245/1245 2053/3256
f 2052/168 1685/167 815/3079
f 2030/578 992/2654 991/2552
f 461/1909 1663/594 2034/593
f 2034/593 1987/3257 461/1909
f 1987/3257 2033/1910 461/1909
f 55/258 1207/256 1140/1926
f 1140/1926 1142/447 56/458
f 56/458 55/258 1140/1926
f 2032/1382 2030/578 991/2552
f 991/2552 2031/1248 2032/1382
f 991/2552 1100/1246 2031/1248
f 2035/1864 92/2920 389/2919
f 2029/304 1779/303 276/2870
f 276/2870 1529/1135 2029/304
f 953/3171 974/3258 1113/3172
f 1113/3172 974/3258 1135/3259
f 1034/2501 1944/892 2028/1342
f 2028/1342 1318/1334 1034/2501
f 1966/2201 2027/1115 161/2999
f 2027/1115 1416/1114 161/2999
f 1057/2509 1770/565 2039/569
f 2041/1863 1709/2408 92/2920
f 1709/2408 96/3260 92/2920
f 792/3261 1978/2138 713/2137
f 713/989 793/991 792/3068
f 1121/2546 1120/2544 1118/2543
f 2030/578 1844/577 992/2654
f 2040/1116 1615/1110 1115/2518
f 1115/2518 1116/1117 2040/1116
f 1737/3262 1135/3259 974/3258
f 838/3053 1796/94 1995/511
f 2039/569 1842/970 1057/2509
f 1025/3263 2037/1345 2038/3264
f 2038/700 1346/1430 1025/2629
f 1025/3263 802/1347 2037/1345
f 1178/2530 1257/1478 2036/1023
f 2036/1023 1083/1022 1178/2530
f 99/1862 2035/1864 389/2919
f 389/1652 1672/1300 99/2262
f 1941/3265 253/3075 164/3074
f 1946/739 1323/1222 1322/2672
f 1322/2672 1369/2747 1945/829
f 698/2500 1870/266 1944/892
f 1944/892 1034/2501 698/2500
f 1943/983 1932/982 826/3050
f 826/3050 1694/1374 1943/983
f 1942/839 1753/139 529/2734
f 529/2734 1401/1358 1942/839
f 206/3266 1940/3267 164/3268
f 1322/2672 1945/829 1946/739
f 164/3269 207/2988 206/465
f 1939/1914 207/1913 164/3006
f 1489/3270 1488/3271 1938/3272
f 1938/2429 1342/2042 1489/2041
f 715/3033 861/2378 1937/2040
f 1937/2040 710/617 715/3033
f 1935/779 1920/482 1261/2721
f 1261/2721 1323/1222 1935/779
f 1836/312 1653/311 701/3273
f 1950/1360 1940/3274 166/2545
f 1039/3149 1038/3275 810/3150
f 1955/724 1877/746 913/2587
f 913/2587 723/2586 1955/724
f 447/2662 1883/211 1954/869
f 1954/869 1953/865 447/2662
f 1953/865 1516/1535 447/2662
f 778/3016 1951/318 1952/3276
f 1952/3277 1561/903 778/1420
f 778/3016 1231/319 1951/318
f 701/3198 1331/1224 1837/3199
f 166/2545 1128/1361 1950/1360
f 1949/1040 1930/793 230/2886
f 230/2886 291/1041 1949/1040
f 1708/1733 1707/2390 1948/1422
f 1948/1422 934/1421 1708/1733
f 934/1421 933/2102 1708/1733
f 790/2632 1862/64 1947/889
f 1947/889 1029/1194 790/2632
f 1920/482 1670/481 1225/2764
f 871/2505 1925/113 1924/3250
f 871/2505 1647/114 1925/113
f 1924/3250 1032/2504 871/2505
f 1722/549 1923/533 1646/3167
f 1923/533 1597/1095 1646/3167
f 1922/123 692/122 693/2291
f 693/2299 519/554 1922/557
f 842/2531 1881/783 1921/1486
f 1921/1486 1169/1485 842/2531
f 805/2665 1348/1010 1926/667
f 1225/2764 1261/2721 1920/482
f 1918/283 1919/2178 305/2613
f 1919/2178 1885/130 305/2613
f 305/2613 1591/284 1918/283
f 1917/1122 1423/1411 372/2792
f 372/2792 1199/1123 1917/1122
f 1916/115 1647/114 445/2887
f 445/2887 1490/1375 1916/115
f 231/2987 230/2886 1930/793
f 701/3198 700/1225 1331/1224
f 663/2466 1933/2285 1934/229
f 1934/229 1636/228 663/2466
f 663/2466 1112/2465 1933/2285
f 1932/982 1217/1519 827/2773
f 827/2773 826/3050 1932/982
f 492/3072 1773/809 1931/812
f 1931/812 823/2585 492/3072
f 1930/793 1510/792 231/2987
f 1956/967 1428/1081 1355/2691
f 1929/1397 1928/2239 85/2628
f 85/2628 993/1398 1929/1397
f 1928/2239 484/2823 85/2628
f 1927/695 1912/858 538/3081
f 538/3081 608/3104 1927/695
f 1162/3278 1550/3279 1539/3280
f 1539/3280 1550/3279 1540/3281
f 1926/667 1439/1543 805/2665
f 870/1711 869/272 1821/271
f 1984/231 1612/516 628/3124
f 625/3125 1581/1229 1983/1480
f 1983/1480 1237/1502 625/3125
f 1237/1502 1238/2774 625/3125
f 1238/2781 1236/2780 625/3282
f 569/2472 1682/1068 1982/1438
f 1982/1438 570/3094 569/2472
f 600/3122 1847/689 1981/688
f 1981/688 1437/1487 600/3122
f 628/3124 1636/228 1984/231
f 966/3283 1980/872 1899/873
f 966/2126 1194/1532 1980/1531
f 1594/773 1378/719 1377/2395
f 1978/2138 1979/3284 737/3285
f 737/3015 740/2366 1979/1678
f 1978/2138 792/3261 737/3285
f 1494/3286 1748/3287 1977/224
f 1977/224 1466/1251 1494/3286
f 972/2512 1902/664 1976/1055
f 21/2145 557/3080 2478/3169
f 1995/511 1632/510 838/3053
f 1887/172 1872/263 245/2850
f 875/2607 1667/335 1994/286
f 1994/286 1590/285 875/2607
f 21/2145 1993/2296 1991/1491
f 21/2145 1992/3288 1993/2296
f 21/2145 2478/3169 1992/3288
f 1991/1491 1435/1490 21/2145
f 21/2145 1435/1490 1990/2143
f 1976/1055 1161/1054 972/2512
f 13/1627 1798/3180 820/1879
f 820/1879 1988/503 1989/1625
f 820/1879 1987/504 1988/503
f 1986/1291 1826/21 767/2793
f 767/2793 1186/1275 1986/1291
f 1985/976 1757/1370 1508/3289
f 1508/3289 1481/3221 1985/976
f 1941/466 1960/813 253/2989
f 1038/3275 806/3133 810/3150
f 1059/3131 806/3133 1038/3275
f 573/2699 1683/820 1963/835
f 1963/835 1320/1321 573/2699
f 723/2586 1895/941 1955/724
f 1962/487 1841/486 781/2666
f 781/2666 1346/1430 1962/487
f 823/2585 1931/812 1961/1318
f 1961/1318 946/1317 823/2585
f 1964/1391 1481/3221 1427/3290
f 1960/813 254/2990 253/2989
f 1959/692 1710/1271 1690/2115
f 1690/2115 1689/372 1959/692
f 685/2653 1958/1046 1913/751
f 685/2653 957/1043 1958/1046
f 1957/380 1522/398 733/2746
f 733/2746 1411/381 1957/380
f 1355/2691 1356/1146 1956/967
f 1022/2639 1868/943 1969/2275
f 1110/3291 1975/1584 1973/3292
f 1975/1584 1974/1590 1110/3291
f 1974/3293 1563/3294 1110/2469
f 1110/2470 1134/2566 1973/2152
f 566/3295 1972/704 1971/702
f 1970/2247 1972/3296 566/3095
f 1971/702 970/1049 566/3295
f 566/3095 570/3094 1970/2247
f 1969/2275 1968/1357 1022/2639
f 1145/3187 1540/3297 1777/3185
f 1968/1357 1401/1358 1022/2639
f 1960/813 463/1232 254/2990
f 1967/929 1966/930 160/3298
f 160/3298 1810/931 1967/929
f 1966/2201 161/2999 160/3001
f 1965/1080 1964/1391 1427/3290
f 1427/3290 1428/1081 1965/1080
f 1553/59 51/1976 54/2117
f 1559/1383 778/1420 1561/903
f 1560/902 1024/2055 1559/1383
f 1558/560 720/1507 719/1616
f 719/1616 1021/1333 1558/560
f 513/1698 516/275 1557/278
f 1557/278 1546/1498 513/1698
f 1556/620 740/2366 1554/2211
f 1554/2211 1555/2210 1556/620
f 54/2117 191/3003 1553/59
f 1559/1383 1561/903 1560/902
f 1445/1335 979/1305 978/1905
f 1202/2768 1551/1109 1552/427
f 1552/427 1243/1314 1202/2768
f 1202/2768 1147/2519 1551/1109
f 347/1666 1550/3299 1162/2514
f 347/1666 345/3300 1550/3299
f 1549/418 937/1331 910/1686
f 910/1686 909/1230 1549/418
f 1547/651 1548/952 464/2363
f 1567/3301 577/2679 580/2051
f 1574/621 1555/2210 1571/2197
f 1571/2197 1572/2130 1573/477
f 1208/1807 1207/256 1570/255
f 1570/255 1469/1328 1208/1807
f 1467/1471 1449/1353 1448/2069
f 1569/3302 1568/1136 48/2943
f 48/2506 1061/1278 1569/3303
f 1568/1136 78/2944 48/2943
f 580/2051 1566/3304 1567/3301
f 1548/952 890/1038 464/2363
f 580/2051 1145/2525 1566/3304
f 1564/3210 1565/3305 879/3306
f 1565/414 880/2605 879/2037
f 879/3306 1012/3212 1564/3210
f 1563/3294 1562/1589 531/1830
f 531/1830 1110/2469 1563/3294
f 1562/1589 532/3088 531/1830
f 802/3307 1025/2629 167/2638
f 144/2872 78/2944 1529/1135
f 1535/3308 1070/631 1069/2476
f 1069/2476 1534/301 1535/3308
f 1069/2476 1533/299 1534/301
f 1069/2476 1532/3189 1533/299
f 1069/2476 1531/3190 1532/3189
f 1069/2476 1530/449 1531/3190
f 434/3309 117/2956 1166/3138
f 434/2894 435/2893 117/3310
f 1529/1135 276/2870 144/2872
f 127/494 935/1364 1536/242
f 1528/1560 1364/1559 1363/1753
f 1363/1753 1527/1968 1528/1560
f 1526/2036 1092/2035 1525/1526
f 1525/1527 784/1970 1526/1969
f 261/2072 1294/1175 1524/1178
f 1524/1178 258/2608 261/2072
f 675/678 1523/677 673/1676
f 1523/677 674/1351 673/1676
f 1060/2480 1138/2537 1541/1282
f 464/2363 463/1232 1547/651
f 1143/1699 1546/1498 1545/1497
f 1545/1497 489/1549 1143/1699
f 1544/356 191/3003 190/2105
f 190/2105 439/2104 1544/356
f 1543/999 1286/998 1165/2533
f 1165/3311 1542/1076 1543/1074
f 1165/3311 1167/3141 1542/1076
f 1541/1282 1061/1278 1060/2480
f 1571/2197 1573/477 1574/621
f 380/1848 1539/3312 1540/3313
f 1540/3313 1145/2526 380/1848
f 380/1848 379/2924 1539/3312
f 1161/1054 983/1272 982/2054
f 717/1395 1537/3314 1538/324
f 1538/324 1326/323 717/1395
f 717/1395 716/1097 1537/3314
f 1536/242 128/241 127/494
f 1599/73 1600/1069 367/2073
f 115/1984 1592/3315 1606/3316
f 1606/3316 112/2875 115/1984
f 1605/1453 1528/1560 1527/1968
f 1527/1968 1604/1967 1605/1453
f 108/2121 1602/1594 1603/119
f 1603/119 265/2122 108/2121
f 108/2121 67/2950 1602/1594
f 1601/33 1181/1057 950/2030
f 950/2030 949/2583 1601/33
f 1042/2481 1043/1197 1607/308
f 1600/1069 364/2741 367/2073
f 367/2073 1598/1987 1599/73
f 1597/3317 1596/3318 1473/3319
f 1473/2295 1472/3158 1597/1095
f 1596/3318 361/3320 1473/3319
f 361/2854 1595/2369 1473/2295
f 157/1804 161/2999 1416/1114
f 156/3000 161/2999 157/1804
f 552/2156 551/798 1594/773
f 1610/1481 298/2881 603/3113
f 1147/2519 1115/2518 1615/1110
f 112/2875 1606/3316 1614/3321
f 1614/3321 272/2867 112/2875
f 1612/516 1613/334 72/2098
f 1613/334 42/1235 72/2098
f 72/2098 629/2097 1612/516
f 1611/1174 1278/1173 173/1875
f 173/1875 172/2915 1611/1174
f 603/3113 1088/3244 1610/1481
f 1594/773 1377/2395 552/2156
f 603/3113 298/2881 604/3119
f 1162/3278 1539/3280 379/3322
f 1609/53 967/1242 621/1826
f 621/1826 620/3129 1609/53
f 281/2869 284/2868 282/2264
f 1608/442 1583/461 10/2970
f 10/2970 50/2150 1608/442
f 1607/308 1116/1117 1042/2481
f 1581/1229 625/3125 627/1610
f 1172/908 962/2324 961/1600
f 1585/56 1266/55 1265/2103
f 1265/2103 1584/1747 1585/56
f 1583/461 1370/1276 11/2066
f 11/2066 10/2970 1583/461
f 1582/1553 7/2972 6/2962
f 6/2962 184/3004 1582/1553
f 984/2660 700/3036 699/2110
f 627/1610 980/1227 1581/1229
f 1172/908 961/1600 1586/833
f 106/2081 1515/1545 1580/1592
f 1580/1592 107/2123 106/2081
f 1007/1799 1387/1520 1579/920
f 1579/920 1008/1296 1007/1799
f 1578/1506 597/1593 596/2401
f 596/2401 720/1507 1578/1506
f 1576/201 1577/1896 1575/794
f 1575/794 1340/1746 1576/201
f 876/2111 875/2607 1590/285
f 588/2372 927/1379 1593/886
f 1593/886 589/2049 588/2372
f 922/1169 815/3079 814/2135
f 1568/1136 1529/1135 78/2944
f 1455/1953 1454/3323 1592/3315
f 1592/3315 115/1984 1455/1953
f 895/1835 1365/1596 1591/284
f 1591/284 305/2613 895/1835
f 1590/285 980/1227 876/2111
f 734/1939 733/2746 1522/398
f 107/2123 1580/1592 1438/1562
f 846/1710 845/2740 1589/292
f 1589/292 1389/2113 846/1710
f 362/3324 293/2811 292/2885
f 292/2856 360/2855 362/3325
f 1588/1897 1577/1896 1587/159
f 1587/159 393/2370 1588/1897
f 1586/833 1173/832 1172/908
f 1454/3323 1455/1953 1442/1941
f 1460/1468 549/1467 548/752
f 548/752 511/2403 1460/1468
f 1459/846 1067/1008 1066/1702
f 1066/1702 1458/1701 1459/846
f 1457/279 901/1258 482/1837
f 482/1837 481/2600 1457/279
f 1427/3290 1456/3326 1426/3327
f 1456/3328 1443/3329 1426/3330
f 1442/1941 1441/3331 1454/3323
f 772/2832 1461/2224 1270/2223
f 1440/1290 1281/1287 1280/2057
f 1110/2469 531/1830 1111/1849
f 35/1725 874/2609 1453/1355
f 1453/1355 32/2969 35/1725
f 31/709 30/2513 1452/1004
f 1452/1004 1345/1890 31/709
f 1345/1890 752/1889 31/709
f 1413/327 204/2180 1414/1819
f 544/2149 1450/196 1451/1073
f 1466/1251 1444/1250 1443/3332
f 1474/1732 1475/1731 1476/3157
f 1472/3158 1473/2295 1474/1732
f 1471/861 857/860 856/852
f 856/852 642/1352 1471/861
f 1468/1717 1469/1328 1470/1327
f 1470/1327 1458/1701 1468/1717
f 1468/1717 1208/1807 1469/1328
f 1338/2068 1337/1343 1467/1471
f 1467/1471 1448/2069 1338/2068
f 1451/1073 545/1067 544/2149
f 1443/3332 1465/3333 1466/1251
f 1443/3329 1456/3328 1465/3334
f 1464/3335 1407/2728 76/2056
f 76/2056 75/2948 1464/3335
f 1282/1257 1463/1253 110/1761
f 1463/1253 111/1775 110/1761
f 1132/1810 1131/1200 1462/1203
f 1462/1203 912/2112 1132/1810
f 1429/1400 885/2599 458/1620
f 559/2074 558/1026 1436/764
f 1435/1490 1194/1532 1192/2002
f 959/748 994/424 960/446
f 686/801 1434/800 687/884
f 1434/800 1433/1692 687/884
f 1431/1691 1432/1700 687/884
f 1430/14 1412/397 1170/1679
f 1170/1679 1169/1485 1430/14
f 1436/764 1311/345 559/2074
f 458/1620 457/2910 1429/1400
f 1428/1081 1427/3290 1397/2736
f 1397/2736 1355/2691 1428/1081
f 1427/3290 1426/3327 1397/2736
f 1426/3330 1409/2727 1397/2726
f 1201/2799 763/3007 762/1645
f 1406/1693 1405/1093 1424/1120
f 1424/1120 1425/1694 1406/1693
f 1441/3331 1442/1941 1396/1928
f 544/2149 355/2148 1450/196
f 1449/1353 1445/1335 1446/1904
f 1446/1904 1448/2069 1449/1353
f 1447/2006 1448/2069 1446/1904
f 1445/1335 978/1905 1446/1904
f 1444/1250 1410/2733 1409/2732
f 1409/2732 1443/3332 1444/1250
f 1409/2727 1426/3330 1443/3329
f 1396/1928 1395/2743 1441/3331
f 1476/3157 1477/3156 1474/1732
f 1425/1694 1424/1120 1440/1290
f 1440/1290 1280/2057 1425/1694
f 215/1756 805/2665 1439/1543
f 1439/1542 212/2787 215/1735
f 1438/1562 1010/2620 1009/1797
f 1009/1797 107/2123 1438/1562
f 601/2019 600/3122 1437/1487
f 1437/1487 495/2020 601/2019
f 243/2882 309/2827 1507/3336
f 798/1348 394/2917 397/1916
f 1510/1184 97/1183 100/3337
f 100/2261 231/2987 1510/792
f 1496/3195 1117/2132 1497/2131
f 1509/527 942/1211 586/1750
f 586/1750 585/3064 1509/527
f 1481/3221 1508/3289 1015/2643
f 1508/3289 976/2644 1015/2643
f 1507/3336 1506/3338 243/2882
f 397/1916 599/1915 598/3339
f 1506/3338 142/2997 243/2882
f 1320/1321 1505/1329 915/1874
f 1505/1329 916/1320 915/1874
f 1492/1911 1491/1086 1504/1011
f 1504/1011 1347/2058 1492/1911
f 1503/1156 949/2584 406/2087
f 406/2087 405/2928 1503/1156
f 1502/138 620/3129 619/1634
f 619/1634 530/1633 1502/138
f 66/1872 65/2916 1516/1535
f 1522/398 850/3051 734/1939
f 1014/2634 989/2633 1494/3286
f 216/2078 1113/2508 1135/2562
f 1518/1794 1519/1510 1520/1464
f 1520/1464 1521/1931 1518/1794
f 1518/1794 473/2119 1519/1510
f 757/1777 782/2744 1517/430
f 1517/430 758/3010 757/1777
f 66/1872 1516/1535 1515/1545
f 327/2404 749/1569 1501/787
f 1515/1545 106/2081 66/1872
f 398/2418 425/1206 1514/1207
f 1514/1207 401/3121 398/2418
f 397/1916 1512/707 1513/708
f 1513/708 1511/1298 397/1916
f 397/1916 597/1593 1512/707
f 1511/1298 798/1348 397/1916
f 397/1916 598/3339 597/1593
f 1480/3340 1464/3335 75/2948
f 1487/3341 996/3342 995/3343
f 995/3343 1486/3240 1487/3341
f 995/3343 1307/3241 1486/3240
f 1482/2118 1484/1448 1485/443
f 1485/443 50/2150 1482/2118
f 1482/2118 1483/1918 1484/1448
f 1456/3326 1427/3290 1481/3221
f 1481/3221 1015/2643 1456/3326
f 1015/2625 1465/3334 1456/3328
f 1488/3344 1489/2041 1076/2379
f 75/2948 142/2997 1480/3340
f 111/1775 1463/1253 1479/1256
f 1479/1256 449/2800 111/1775
f 241/2387 240/2998 1234/2688
f 1180/1860 1181/1057 1478/135
f 1478/135 1329/2714 1180/1860
f 1231/319 778/3016 777/1764
f 1474/1732 1477/3156 1472/3158
f 1465/3334 1015/2625 1014/2624
f 1501/787 328/1521 327/2404
f 98/2410 97/2965 1499/368
f 1499/368 1500/2391 98/2410
f 1498/2065 1188/1738 1496/3195
f 1496/3195 1497/2131 1498/2065
f 1483/1918 1495/1579 1484/1448
f 1483/1918 421/1917 1495/1579
f 1465/3333 1494/3286 1466/1251
f 1465/3333 1014/2634 1494/3286
f 603/3113 656/3345 1088/3244
f 952/1720 951/2581 1283/2818
f 307/2393 306/2883 1493/103
f 1493/103 832/3070 307/2393
f 1404/1886 1403/1083 1491/1086
f 1491/1086 1492/1911 1404/1886
f 1490/1375 445/2887 257/2124
f 257/2124 256/2622 1490/1375
f 1326/3346 1488/3347 1076/3348
f 1717/145 1496/3195 1188/1738
f 1722/549 1646/3167 1006/2139
f 1646/3167 1645/2140 1006/2139
f 999/2627 1214/488 1721/491
f 1721/491 1000/525 999/2627
f 1123/2270 1125/768 1720/767
f 1720/767 1102/1063 1123/2270
f 1123/2270 1719/2272 1124/2271
f 1188/1738 1718/1447 1717/145
f 1188/1738 1187/1445 1718/1447
f 1006/2142 1005/2614 1004/1403
f 456/2907 1716/3228 1715/3227
f 979/1305 1716/3229 456/2663
f 1715/3227 457/2910 456/2907
f 731/3043 1654/1462 1714/330
f 1714/330 789/3045 731/3043
f 1296/2826 1507/3336 309/2827
f 376/2034 1696/28 1713/46
f 1713/46 373/2925 376/2034
f 1695/416 1391/1561 571/2086
f 918/1672 917/2577 916/1320
f 1268/2329 1267/58 1729/253
f 1729/253 1730/251 1268/2329
f 1117/2132 1496/3195 1118/2551
f 457/2910 1715/3227 1429/1400
f 765/3022 1728/1595 1700/67
f 765/3022 812/2612 1728/1595
f 1727/3349 1297/2821 452/2565
f 452/2565 1136/2564 1727/3349
f 918/1672 916/1320 1726/875
f 1712/1201 1131/1200 892/2015
f 1726/875 1012/2618 918/1672
f 1725/541 1330/1274 759/2039
f 759/2039 758/3010 1725/541
f 1724/433 1233/1021 1232/1971
f 1232/1971 1277/1292 1724/433
f 1256/1973 1692/1476 1257/1478
f 1723/2277 1722/549 1006/2139
f 1006/2142 1004/1403 1723/1432
f 1692/1476 1256/1973 565/1972
f 1697/1930 1698/25 1696/28
f 1697/1930 1521/1931 1698/25
f 1696/28 376/2034 1697/1930
f 678/2085 1675/391 1695/416
f 1695/416 571/2086 678/2085
f 1453/1355 1694/1374 32/2969
f 1694/1374 826/3050 32/2969
f 1693/152 1692/1476 565/1972
f 565/1972 564/3096 1693/152
f 1699/3350 664/3107 431/2906
f 359/2367 1595/2369 361/2854
f 1500/2391 1691/373 1689/372
f 1500/2391 1499/368 1691/373
f 1689/372 1690/2115 1500/2391
f 1686/357 1544/356 439/2104
f 439/2104 438/2892 1686/357
f 1685/167 1044/1048 816/2100
f 816/2100 815/3079 1685/167
f 1684/3 1356/1146 1299/2673
f 1688/1966 1433/1692 1704/3351
f 892/2015 891/1273 1712/1201
f 1598/1987 1711/519 1599/73
f 1598/1987 1052/1986 1711/519
f 1710/1271 617/1212 616/2116
f 616/2116 1690/2115 1710/1271
f 95/1734 1709/2408 1707/2390
f 1707/2390 1708/1733 95/1734
f 1704/3351 1705/1217 1688/1966
f 1705/1217 592/1216 1688/1966
f 1731/1713 1152/1509 1732/1508
f 854/1641 886/1582 1703/1581
f 1703/1581 851/1586 854/1641
f 79/2735 1398/1196 1702/91
f 1702/91 636/3052 79/2735
f 1700/67 1701/1450 703/3023
f 1701/1450 666/3027 703/3023
f 703/3023 765/3022 1700/67
f 431/2906 1669/3352 1699/3350
f 1755/176 1091/1018 1090/2017
f 509/1959 508/3078 1760/2209
f 1758/223 1759/219 187/2824
f 1759/219 1301/1312 187/2824
f 187/2824 351/2763 1758/223
f 1757/1337 977/1336 976/2651
f 976/2644 1508/3289 1757/1370
f 1321/2723 346/2722 1746/3182
f 373/2925 1713/46 1756/45
f 1756/45 498/3097 373/2925
f 1763/3160 1762/1980 509/1979
f 1090/2017 1182/1306 1755/176
f 1754/313 802/3066 169/2567
f 169/2567 937/1331 1754/313
f 1753/139 1502/138 530/1633
f 530/1633 529/2734 1753/139
f 772/2221 1272/80 1752/99
f 1752/99 773/1020 772/2221
f 668/1656 641/2834 1751/89
f 1751/89 354/2860 668/1656
f 1108/3353 1107/3225 1628/3224
f 379/3322 729/3206 1162/3278
f 379/3322 633/3205 729/3206
f 1056/1884 1093/2452 1770/565
f 1770/565 1057/2509 1056/1884
f 784/1970 1525/1527 1769/207
f 1769/207 782/2744 784/1970
f 1108/3353 1628/3224 1768/3354
f 1108/3353 1129/3355 1768/3354
f 1129/1523 1130/2549 1108/2548
f 1749/42 1750/41 312/2847
f 1767/1070 907/1565 27/1781
f 27/1781 26/1071 1767/1070
f 690/2280 692/122 1766/81
f 1766/81 1272/80 690/2280
f 1251/363 1765/2437 356/2439
f 594/1638 593/1219 1764/1191
f 1764/1191 1248/1190 594/1638
f 1760/2209 1763/2208 509/1959
f 500/3102 1637/3356 1737/3357
f 899/2592 977/1336 1741/513
f 1741/513 900/1324 899/2592
f 265/2122 1603/119 1740/132
f 1740/132 262/2880 265/2122
f 1739/110 1648/1157 404/2927
f 404/2927 497/3011 1739/110
f 121/2955 683/2718 1661/3136
f 1738/246 1728/1595 812/2612
f 812/2612 900/1324 1738/246
f 147/2558 901/1258 1742/937
f 1737/3358 974/2647 500/2646
f 271/2877 1735/3359 1736/79
f 1736/79 1734/390 271/2877
f 271/2877 833/3360 1735/3359
f 1734/390 266/2878 271/2877
f 912/2112 1462/1203 1733/47
f 1733/47 909/1230 912/2112
f 1732/1508 554/1544 1731/1713
f 172/2915 448/1933 1745/31
f 1750/41 704/3031 312/2847
f 312/2847 316/2798 1749/42
f 1748/3287 1494/3286 989/2633
f 989/2656 954/2578 1748/3146
f 1747/3361 1540/3362 345/3363
f 1540/3281 1550/3279 345/3364
f 345/3363 1746/3365 1747/3361
f 345/3363 1321/3366 1746/3365
f 1745/31 1611/1174 172/2915
f 421/1917 420/2516 1616/360
f 1744/1294 1490/1375 256/2622
f 256/2622 1008/1295 1744/1294
f 1743/923 1385/1416 443/2101
f 443/2101 442/2475 1743/923
f 1623/949 1384/1042 1383/1829
f 1376/2751 1309/3367 614/2752
f 1309/1028 1303/2706 614/2822
f 1742/937 1139/1137 147/2558
f 1640/654 843/1902 852/1742
f 356/2443 357/2859 287/2026
f 1642/3368 1534/3369 1641/3370
f 1534/3369 1643/3371 1641/3370
f 1533/299 1532/3189 1641/1921
f 1641/1921 90/1920 1642/642
f 1532/3189 1530/449 1641/1921
f 852/1742 851/1586 1640/654
f 1475/1731 1645/2140 1646/3167
f 1631/3372 1148/1322 609/2517
f 635/3118 1639/1514 1638/1515
f 635/3118 582/3091 1639/1514
f 1638/1515 682/3042 635/3118
f 178/3002 664/3107 1637/3356
f 1637/3356 500/3102 178/3002
f 1636/228 628/3124 631/1669
f 631/1669 663/2466 1636/228
f 473/2119 266/2878 1651/249
f 1655/635 993/1398 708/1618
f 708/1618 707/1034 1655/635
f 682/3042 1638/1515 1654/1462
f 1654/1462 731/3043 682/3042
f 1653/311 1652/310 344/3373
f 344/3373 701/3273 1653/311
f 1652/310 346/3194 344/3373
f 1651/249 1519/1510 473/2119
f 1635/464 1134/2566 661/1623
f 67/2950 1649/3183 1650/106
f 1650/106 1602/1594 67/2950
f 67/2950 71/2949 1649/3183
f 1648/1157 1503/1156 405/2928
f 405/2928 404/2927 1648/1157
f 1647/114 871/2505 446/1614
f 446/1614 445/2887 1647/114
f 1646/3167 1476/3157 1475/1731
f 154/803 1620/988 1621/987
f 333/2362 1129/1523 1626/1456
f 1627/3223 1107/3225 333/3374
f 1626/1456 1084/3236 333/2362
f 1625/950 1623/949 1624/1651
f 1624/1651 964/1650 1625/950
f 1623/949 1383/1829 1624/1651
f 1622/2144 1619/3200 154/803
f 1627/3223 1628/3224 333/3374
f 154/803 248/2991 1620/988
f 1619/3200 155/2588 154/803
f 154/803 249/827 248/2991
f 1572/2130 1618/471 1573/477
f 1617/933 1400/1047 1399/2023
f 1399/2023 284/3179 1617/933
f 1616/360 1495/1579 421/1917
f 1615/1110 1551/1109 1147/2519
f 1631/3375 609/3120 611/1880
f 661/1623 660/2820 1635/464
f 65/2916 447/2662 1516/1535
f 1634/672 1046/602 1045/1806
f 1045/1806 226/1805 1634/672
f 1633/775 707/1034 546/1851
f 546/1851 545/1067 1633/775
f 1632/1107 1631/1106 611/3376
f 611/1880 838/3053 1632/510
f 1408/2729 1222/2771 411/2730
f 1630/1171 1164/1170 1163/2539
f 1163/2539 1204/2765 1630/1171
f 1205/2797 1204/2765 1163/2539
f 1506/3338 1480/3340 142/2997
f 629/2097 628/3124 1612/516
f 1504/1011 1348/1010 1347/2058
f 1217/1519 1088/2453 1087/1877
f 1629/3377 1628/3224 333/3374
f 1656/1990 908/1989 1215/1658
f 1675/391 678/2085 677/2070
f 1314/2669 1344/1505 1315/422
f 1673/596 1674/1301 1672/1300
f 1672/1300 389/1652 1673/596
f 1574/621 1556/620 1555/2210
f 1671/1925 1141/1937 1140/1926
f 1670/481 1630/1171 1204/2765
f 1204/2765 1225/2764 1670/481
f 272/2867 1614/3321 1669/3352
f 677/2070 1160/1113 1675/391
f 1668/333 1659/1442 43/1985
f 43/1985 42/1235 1668/333
f 878/2079 1026/1330 1667/335
f 1667/335 875/2607 878/2079
f 1666/288 1359/1126 971/2059
f 971/2059 970/1037 1666/288
f 1358/2690 1360/2060 971/2059
f 1665/143 1274/142 936/2346
f 1679/3253 1032/3252 563/3378
f 1299/2673 1300/1036 1684/3
f 576/1943 1144/1111 1683/820
f 1683/820 573/2699 576/1943
f 208/2471 1390/1027 1682/1068
f 1682/1068 569/2472 208/2471
f 563/2392 1681/759 1678/153
f 563/2392 1680/3251 1681/759
f 563/2392 1032/2504 1680/3251
f 1669/3352 431/2906 272/2867
f 1678/153 564/3096 563/2392
f 561/1951 1276/366 1677/367
f 1677/367 558/1026 561/1951
f 1485/443 1608/442 50/2150
f 1676/127 1300/1036 1242/2775
f 1242/2775 1243/1314 1676/127
f 44/2582 974/2647 953/2580
f 1613/334 1668/333 42/1235
f 1221/2772 987/2659 986/2032
f 1215/1658 908/1989 1657/825
f 1657/825 1216/1362 1215/1658
f 1050/1729 1084/3236 1658/546
f 1658/546 1051/1182 1050/1729
f 1604/1967 43/1985 1659/1442
f 1659/1442 1605/1453 1604/1967
f 936/2346 890/1038 1665/143
f 884/2570 837/2595 1660/385
f 1660/385 955/1015 884/2570
f 117/2956 121/2955 1661/3136
f 1661/3136 1166/3138 117/2956
f 485/1831 484/2823 1662/1101
f 1662/1101 905/1089 485/1831
f 1664/595 1663/594 460/1901
f 1663/594 461/1909 460/1901
f 460/1901 486/1900 1664/595
f 2064/505 2065/3379 1245/1231
f 322/3380 288/3381 1786/3382
f 269/3383 785/3384 1975/3385
f 269/3386 2456/3387 1975/3388
f 1971/3389 2451/3390 238/3391
f 399/3392 398/3393 400/3394
f 399/2416 2404/2420 400/2419
f 1474/3395 1993/582 1914/673
f 1474/3396 2386/3397 1914/3398
f 1762/3399 286/1956 1761/1955
f 1761/3400 2385/3401 1762/3402
f 1312/3403 2336/521 1327/523
f 1385/1416 776/925 778/3016
f 2115/1131 1715/1133 1999/1401
f 2115/3404 2258/3405 1999/3406
f 1307/1992 2025/3220 1308/3407
f 1307/3408 1306/3409 1308/3410
f 1308/3411 1269/3412 1307/3413
f 1308/3414 1309/3415 1307/3416
f 2136/1469 2135/1044 1400/1047
f 2082/1261 2081/1262 1227/1259
f 1019/1264 2078/450 1142/447
f 2005/544 2004/3238 1626/1456
f 1073/3417 860/3418 1978/3419
f 1073/3420 1979/3284 1978/2138
f 673/625 669/624 671/627
f 673/625 1979/1517 671/627
f 1562/1589 1563/3294 1974/3293
f 164/3421 1940/3422 1941/3423
f 1940/116 1939/118 164/3424
f 966/3425 963/3426 24/3427
f 966/3425 1899/3428 24/3427
f 612/3429 1267/3430 1228/3431
f 1228/3432 1864/2282 612/2281
f 589/3201 1829/883 886/3433
f 1810/931 889/3434 888/932
f 1148/1322 1806/361 1805/3184
f 1801/1204 1159/1770 1157/1780
f 865/3170 557/3080 556/2320
f 556/2320 1790/13 865/3170
f 1706/3435 1705/3436 153/3437
f 1643/300 1533/299 1641/1921
f 1643/3438 1644/3439 1641/3440
f 642/2745 643/2413 644/218
f 597/1593 598/3339 599/1915
f 343/3441 341/3442 345/3443
f 343/2839 346/2722 341/2008
f 343/2095 342/2094 341/3444
