# Blender 4.5.0
# www.blender.org
mtllib mesh.mtl
o Mesh_001
v -0.500123 0.013105 -0.123291
v -0.500204 0.009746 -0.087542
v -0.499106 0.052121 -0.124997
v -0.499715 0.058333 -0.124230
v -0.469607 0.025033 -0.120554
v -0.498101 1.560868 0.063066
v -0.499867 1.553845 0.014004
v -0.497885 1.522171 0.065123
v -0.445150 1.532686 0.054288
v -0.458678 1.494431 0.059801
v -0.458837 1.682542 0.000058
v -0.459997 1.702654 -0.039129
v -0.449813 1.722984 0.007635
v -0.420788 1.680812 0.004163
v -0.285783 1.660009 0.003231
v -0.316541 1.626220 0.003239
v -0.330991 1.672001 0.003252
v -0.301368 1.707000 0.003264
v -0.145813 0.408999 0.003168
v -0.173720 0.376842 0.003159
v -0.203344 0.410945 0.003187
v -0.168718 0.445163 0.003180
v -0.059969 1.219284 0.036283
v -0.097461 1.257441 0.036237
v -0.107972 1.213080 0.036442
v -0.077395 1.193308 0.070249
v 0.062054 0.891395 0.003115
v 0.024638 0.855121 0.003085
v 0.016557 0.900609 0.003089
v 0.044951 0.938448 0.003132
v 0.182099 0.302415 0.003158
v 0.136532 0.269839 0.003137
v 0.133716 0.313234 0.003136
v 0.164934 0.347348 0.003150
v 0.245650 1.527058 0.055014
v 0.265982 1.481187 0.055006
v 0.292483 1.516145 0.055000
v 0.278868 1.560079 0.055003
v 0.411066 1.581294 0.054407
v 0.363745 1.615851 0.054771
v 0.362955 1.576224 0.054788
v 0.398310 1.537300 0.054516
v 0.504800 0.556127 0.063794
v 0.463783 0.583097 0.059283
v 0.464079 0.533697 0.059985
v 0.507309 0.514760 0.057134
v 0.509958 0.683590 -0.123889
v 0.510734 0.730580 -0.123913
v 0.506226 0.705072 -0.076730
v 0.506193 0.658748 -0.076435
v -0.502321 0.021601 -0.052101
v -0.504805 0.059534 -0.087141
v -0.498784 0.059344 -0.071908
v -0.500275 1.536837 -0.029944
v -0.500277 1.580360 -0.030055
v -0.460558 1.721536 -0.079550
v -0.460403 1.744369 -0.037594
v -0.331126 1.771364 0.054616
v -0.309183 1.729923 0.054896
v -0.283246 1.769209 0.054757
v -0.306946 1.810857 0.052565
v -0.209523 0.544712 0.055201
v -0.200503 0.503278 0.055227
v -0.161767 0.542676 0.055279
v -0.189337 0.584507 0.055243
v -0.044596 1.265941 0.036226
v -0.073698 1.301151 0.036196
v 0.057213 1.113324 0.055189
v 0.032986 1.152713 0.055192
v 0.012699 1.108854 0.055209
v 0.042073 1.067009 0.055207
v 0.180554 0.443443 0.055268
v 0.144762 0.471863 0.055299
v 0.135927 0.431493 0.055304
v 0.161829 0.394487 0.055267
v 0.274793 1.813471 0.052480
v 0.246198 1.852080 0.054289
v 0.238057 1.803984 0.053452
v 0.280817 1.768966 0.054800
v 0.412587 1.626691 0.054486
v 0.374251 1.657243 0.054742
v 0.503785 0.603624 0.064274
v 0.509981 0.778256 -0.123432
v 0.506328 0.752141 -0.076742
v -0.502277 0.021695 -0.016520
v -0.504160 0.065108 -0.047307
v -0.498469 0.061083 -0.027935
v -0.500104 1.595185 0.014435
v -0.460657 1.764738 -0.077264
v -0.328612 1.852928 0.054631
v -0.282777 1.852130 0.054415
v -0.307969 1.895552 0.061676
v -0.207144 0.717062 0.003260
v -0.199576 0.762718 0.003256
v -0.162582 0.733893 0.003237
v -0.168680 0.687947 0.003241
v -0.113223 1.344576 0.024801
v -0.112859 1.391609 0.024878
v -0.070718 1.365715 0.026072
v -0.072330 1.316945 0.025973
v 0.018961 1.663900 0.003174
v 0.034912 1.704537 0.003265
v 0.066738 1.664554 0.003206
v 0.053165 1.624195 0.003214
v 0.134688 0.595885 0.003225
v 0.149454 0.643102 0.003241
v 0.179783 0.607677 0.003250
v 0.166068 0.560221 0.003228
v 0.246136 0.703628 0.003268
v 0.261114 0.744459 0.003289
v 0.294191 0.707023 0.003302
v 0.282464 0.666975 0.003289
v 0.400563 1.813509 0.051819
v 0.371428 1.853708 0.054975
v 0.355514 1.811127 0.052654
v 0.378065 1.772426 0.054525
v 0.507159 0.684473 0.059729
v 0.468403 0.716567 0.064067
v 0.462424 0.672733 0.056314
v 0.505100 0.644487 0.063713
v 0.506489 0.799231 -0.077296
v -0.502506 0.021373 0.019114
v -0.504166 0.065416 -0.009192
v -0.498906 0.063233 0.015223
v -0.498618 1.604070 0.062176
v -0.458684 1.579886 0.059927
v -0.457672 1.764040 0.003052
v -0.415418 1.762307 0.003815
v -0.397346 1.720751 0.003529
v -0.286274 1.853742 -0.036073
v -0.326038 1.848801 0.006686
v -0.332972 1.853759 -0.037449
v -0.309199 1.853760 -0.077276
v -0.206816 0.927972 0.055118
v -0.187166 0.883391 0.055149
v -0.161040 0.918965 0.055148
v -0.180749 0.964610 0.055118
v -0.111107 1.438436 0.024820
v -0.070070 1.414498 0.025958
v 0.052894 1.896263 0.012104
v 0.029261 1.896180 -0.032035
v 0.010773 1.896791 0.012301
v 0.032555 1.896255 0.060649
v 0.130510 0.715430 0.055276
v 0.151252 0.673393 0.055281
v 0.177393 0.710633 0.055239
v 0.159481 0.753341 0.055231
v 0.293370 0.867774 0.003319
v 0.265864 0.827848 0.003303
v 0.247965 0.871716 0.003273
v 0.275922 0.911250 0.003247
v 0.411143 1.896158 -0.012327
v 0.362859 1.896131 -0.033042
v 0.361176 1.896201 0.011743
v 0.385867 1.895016 0.062925
v 0.407725 1.896542 0.025189
v 0.459275 0.705049 -0.044869
v 0.459750 0.659196 -0.039653
v 0.460342 0.696737 -0.002419
v 0.507484 0.878831 0.057586
v 0.506762 0.847005 0.011442
v 0.506812 0.892968 0.010655
v -0.499545 0.017289 0.056667
v -0.504779 0.060569 0.030325
v -0.499150 0.063649 0.057502
v -0.500679 1.624054 -0.031448
v -0.460817 1.790500 -0.036720
v -0.289730 1.896226 -0.076045
v -0.311846 1.896573 -0.123024
v -0.332708 1.896283 -0.075518
v -0.311098 1.896045 -0.031506
v -0.165917 1.305635 0.003354
v -0.186150 1.266297 0.003225
v -0.208864 1.306823 0.003220
v -0.172591 1.348455 0.003285
v -0.111157 1.481383 0.024905
v -0.065457 1.464422 0.026039
v 0.067157 0.212360 0.003146
v 0.027753 0.184285 0.003155
v 0.020229 0.228157 0.003140
v 0.057122 0.257199 0.003134
v 0.136784 0.794371 0.055219
v 0.188935 0.788535 0.055188
v 0.168451 0.828614 0.055189
v 0.292660 1.078815 0.003185
v 0.264450 1.038066 0.003164
v 0.246763 1.079849 0.003160
v 0.276094 1.119209 0.003196
v 0.366262 0.091621 0.003340
v 0.366745 0.135793 0.003345
v 0.409441 0.126710 0.003650
v 0.414361 0.085210 0.003800
v 0.392171 0.048496 0.003531
v 0.458888 0.877690 -0.036190
v 0.458692 0.836289 -0.044941
v 0.460123 0.845628 -0.001095
v 0.507975 0.973176 -0.118800
v 0.507414 1.021510 -0.118637
v 0.506765 0.977780 -0.071232
v 0.506897 0.936063 -0.077564
v -0.494347 0.057979 0.065411
v -0.464471 0.018037 0.054226
v -0.464357 0.055013 0.043670
v -0.499872 1.636530 0.011052
v -0.449512 1.804232 0.008091
v -0.279941 0.313441 0.003227
v -0.304138 0.278216 0.003267
v -0.325079 0.323888 0.003309
v -0.293768 0.360084 0.003247
v -0.166360 1.432522 0.003296
v -0.202436 1.398197 0.003164
v -0.206675 1.449690 0.003142
v -0.168488 1.477465 0.003262
v -0.111417 1.522974 0.025263
v -0.066451 1.511600 0.026180
v 0.019887 0.324401 0.055367
v 0.044921 0.281431 0.055358
v 0.064914 0.322544 0.055338
v 0.045929 0.366963 0.055355
v 0.182008 1.041485 0.055080
v 0.135393 1.078473 0.055127
v 0.135439 1.037517 0.055125
v 0.148807 0.997052 0.055108
v 0.248215 1.585156 0.003149
v 0.247292 1.631369 0.003154
v 0.288225 1.606836 0.003184
v 0.289898 1.561052 0.003186
v 0.251906 1.538359 0.003144
v 0.411143 0.093554 0.054214
v 0.378849 0.137775 0.054645
v 0.364811 0.095210 0.054750
v 0.399356 0.050954 0.054395
v 0.458819 0.914501 -0.051897
v 0.460095 0.919342 -0.006002
v 0.458854 0.957864 -0.042825
v 0.506070 1.067372 -0.119019
v 0.505909 1.059654 -0.072019
v 0.506445 1.018292 -0.071511
v -0.500033 0.089520 -0.123102
v -0.469120 0.074066 -0.119047
v -0.499344 1.645097 0.059487
v -0.458919 1.633136 0.061057
v -0.461014 1.809038 -0.079744
v -0.325520 0.782743 0.054869
v -0.296048 0.737653 0.055000
v -0.278385 0.776363 0.055014
v -0.293151 0.820161 0.054966
v -0.151960 1.607819 0.057517
v -0.186576 1.631973 0.055010
v -0.206919 1.593050 0.055025
v -0.164192 1.569068 0.055026
v -0.108480 1.563392 0.030356
v -0.069316 1.563674 0.026112
v 0.072002 1.520225 0.026195
v 0.035336 1.485798 0.026153
v 0.020041 1.524417 0.026184
v 0.047720 1.566401 0.025756
v 0.183417 1.087230 0.055081
v 0.151465 1.117595 0.055116
v 0.248650 1.678827 0.003233
v 0.288215 1.652032 0.003191
v 0.366776 0.343773 0.003453
v 0.366499 0.390814 0.003452
v 0.406905 0.361940 0.003630
v 0.407865 0.318402 0.003642
v 0.370580 0.297424 0.003447
v 0.464519 1.171594 0.061026
v 0.477161 1.128012 0.065511
v 0.506768 1.165980 0.061181
v 0.501313 1.210164 0.065595
v 0.505820 1.101395 -0.084218
v -0.504391 0.098302 -0.077235
v -0.500820 0.123800 -0.118684
v -0.469842 0.124375 -0.120703
v -0.501191 1.669738 -0.031463
v -0.460738 1.835558 -0.040568
v -0.325772 0.910433 0.064657
v -0.308532 0.866228 0.054969
v -0.280601 0.901724 0.055119
v -0.298728 0.945427 0.054918
v -0.204344 0.175735 0.055167
v -0.190441 0.131158 0.055193
v -0.159027 0.166144 0.055238
v -0.166572 0.208804 0.055232
v -0.086911 1.586117 -0.010339
v -0.073842 1.532708 0.036219
v -0.074362 1.578092 0.044837
v 0.054879 1.852330 0.054756
v 0.017252 1.852392 0.055004
v 0.017595 1.808146 0.053357
v 0.047020 1.773295 0.054907
v 0.069371 1.811697 0.052923
v 0.179212 1.128879 0.003186
v 0.151249 1.092994 0.003160
v 0.134176 1.138825 0.003244
v 0.168186 1.177143 0.002796
v 0.251238 1.725855 0.003316
v 0.290191 1.697727 0.003275
v 0.368325 0.437479 0.003446
v 0.407465 0.404493 0.003645
v 0.458828 1.252487 -0.060431
v 0.459414 1.224723 -0.032599
v 0.460006 1.270874 -0.007308
v 0.458917 1.295970 -0.045541
v 0.507221 1.126676 0.039876
v 0.506668 1.179713 0.016704
v -0.504194 0.135908 -0.074897
v -0.500447 0.158753 -0.120821
v -0.500638 1.676702 0.017167
v -0.449687 1.853087 -0.080482
v -0.279007 1.152499 0.003246
v -0.293437 1.113585 0.003249
v -0.326253 1.148459 0.003295
v -0.295012 1.192966 0.003257
v -0.163201 0.333920 0.003158
v -0.163005 0.287543 0.003159
v -0.201786 0.316668 0.003169
v -0.054114 1.896151 -0.031870
v -0.082263 1.895930 -0.075969
v -0.097364 1.895849 -0.031689
v -0.073352 1.896307 0.011610
v 0.066033 0.014360 0.004587
v 0.026959 0.003620 0.010084
v 0.025112 0.053564 0.003327
v 0.056991 0.098002 0.003245
v 0.070204 0.059995 0.003302
v 0.134530 1.761468 0.003298
v 0.131356 1.805467 0.003792
v 0.176884 1.790883 0.003553
v 0.172129 1.737854 0.003260
v 0.244847 1.857017 -0.124925
v 0.265517 1.896528 -0.124501
v 0.282670 1.853973 -0.110626
v 0.398159 0.483507 0.003560
v 0.415203 0.445140 0.003812
v 0.501093 1.507246 0.054887
v 0.477320 1.536354 0.065525
v 0.461849 1.494357 0.055486
v 0.493260 1.466720 0.065646
v 0.506988 1.274008 0.009496
v 0.506347 1.298238 0.050271
v 0.506512 1.255012 0.061049
v 0.506821 1.227718 0.019732
v -0.504047 0.175555 -0.075519
v -0.499757 0.195969 -0.122848
v -0.468711 0.169384 -0.117290
v -0.499756 1.684941 0.059202
v -0.458823 1.680103 0.060746
v -0.452566 1.847508 0.002114
v -0.408323 1.850385 0.006171
v -0.396804 1.803240 0.004553
v -0.282581 1.395565 0.003203
v -0.313400 1.361002 0.003244
v -0.324496 1.409486 0.003247
v -0.286364 1.440841 0.003209
v -0.202933 0.383278 0.055197
v -0.195279 0.338494 0.055209
v -0.158308 0.373224 0.055256
v -0.169157 0.417640 0.055255
v -0.036043 0.117742 0.003227
v -0.068984 0.090649 0.003258
v -0.088539 0.132477 0.003207
v -0.052506 0.161572 0.003176
v 0.021765 0.156576 0.055347
v 0.039442 0.109895 0.055331
v 0.065081 0.149539 0.055319
v 0.051043 0.197580 0.055327
v 0.158798 1.842395 0.007255
v 0.293526 0.002197 0.046795
v 0.258405 0.028077 0.054862
v 0.249795 0.000121 0.023637
v 0.279432 0.013164 0.004915
v 0.367008 0.520982 0.003441
v 0.378726 0.563833 0.003486
v 0.413769 0.525350 0.003766
v 0.463413 1.896460 -0.125369
v 0.468741 1.896714 -0.078532
v 0.503725 1.895911 -0.121049
v 0.505399 1.856161 -0.129009
v 0.507112 1.286806 -0.121377
v 0.507657 1.330615 -0.121159
v 0.505265 1.311289 -0.071443
v 0.506751 1.264926 -0.082327
v -0.499316 0.237745 -0.122449
v -0.469125 0.215587 -0.118221
v -0.504152 0.213797 -0.084530
v -0.423863 1.853809 -0.040549
v -0.290026 1.855290 -0.121366
v -0.331287 1.855182 -0.121755
v -0.157861 0.670016 0.055256
v -0.196207 0.710635 0.055178
v -0.201494 0.662722 0.055189
v -0.169192 0.626849 0.055260
v -0.087694 0.382409 0.055323
v -0.071865 0.340123 0.055332
v -0.042820 0.375894 0.055356
v -0.068351 0.417769 0.055341
v 0.066518 0.433155 0.003118
v 0.037796 0.398588 0.003111
v 0.023731 0.446689 0.003099
v 0.055475 0.486879 0.003125
v 0.185362 0.132030 0.003206
v 0.161482 0.095217 0.003245
v 0.134888 0.135157 0.003195
v 0.160672 0.173362 0.003166
v 0.248429 0.127712 0.055093
v 0.267476 0.075768 0.055052
v 0.289683 0.116046 0.055015
v 0.280137 0.160044 0.055041
v 0.363230 0.642780 0.003443
v 0.375033 0.687481 0.003483
v 0.407237 0.651943 0.003612
v 0.400368 0.608624 0.003565
v 0.509093 1.880108 -0.079901
v 0.501770 1.896425 -0.043759
v 0.505063 1.360336 -0.077366
v -0.499557 0.280500 -0.121601
v -0.469293 0.260185 -0.118403
v -0.504131 0.258561 -0.084401
v -0.288525 1.896134 0.012712
v -0.330708 1.896210 0.012932
v -0.204205 1.220095 0.055101
v -0.190105 1.173612 0.055087
v -0.159000 1.207790 0.054826
v -0.170651 1.251480 0.055038
v -0.089732 0.674483 0.003175
v -0.077114 0.714733 0.003163
v -0.033625 0.691532 0.003145
v -0.057142 0.652046 0.003155
v 0.062538 0.835321 0.003117
v 0.028828 0.805285 0.003102
v 0.139563 0.175752 0.055254
v 0.158267 0.132440 0.055236
v 0.184183 0.174355 0.055199
v 0.164310 0.217891 0.055231
v 0.251621 0.408959 0.055154
v 0.270911 0.361277 0.055109
v 0.295618 0.400478 0.055065
v 0.274465 0.448450 0.055109
v 0.404573 0.747411 0.054360
v 0.372534 0.786371 0.054680
v 0.363190 0.741529 0.054756
v 0.384513 0.698933 0.054614
v 0.468706 0.018418 0.054335
v 0.466620 0.048278 0.008602
v 0.474677 0.055899 0.059829
v 0.501623 0.020679 0.049447
v 0.495800 0.056923 0.059863
v 0.501467 1.559735 0.048563
v 0.501692 1.519323 0.013208
v 0.501924 1.567546 0.000423
v 0.501866 1.605271 0.024848
v -0.499615 0.321263 -0.120512
v -0.469410 0.303292 -0.117927
v -0.503961 0.300213 -0.078210
v -0.399049 1.853849 -0.078866
v -0.414298 1.854836 -0.122136
v -0.279617 0.009408 0.006121
v -0.304894 0.001851 0.044438
v -0.323345 0.009322 0.006162
v -0.295425 0.053867 0.003333
v -0.204722 1.804390 0.003969
v -0.210684 1.850941 0.005869
v -0.168649 1.851755 0.005097
v -0.159762 1.809444 0.004004
v -0.175699 1.768179 0.003326
v -0.089041 0.862078 0.055273
v -0.079942 0.811864 0.055280
v -0.043758 0.839078 0.055306
v -0.040407 0.885351 0.055294
v -0.075358 0.906799 0.055259
v 0.024884 1.738260 0.055104
v 0.042249 1.697026 0.055103
v 0.072226 1.730601 0.055088
v 0.172572 0.254603 0.003152
v 0.141695 0.218706 0.003154
v 0.252731 0.731208 0.055119
v 0.267742 0.682065 0.055105
v 0.296616 0.713341 0.055040
v 0.283257 0.763430 0.055063
v 0.414251 1.245795 0.054307
v 0.380195 1.281131 0.054693
v 0.366188 1.231795 0.054769
v 0.397577 1.204621 0.054542
v 0.501116 0.133284 0.054380
v 0.498545 0.175821 0.058968
v 0.466013 0.136917 0.062983
v 0.501074 0.094046 0.054825
v 0.505021 1.618983 -0.120868
v 0.506022 1.670629 -0.119008
v 0.504594 1.652075 -0.080060
v 0.503360 1.616000 -0.064513
v 0.504290 1.581620 -0.095688
v -0.506673 0.361070 -0.123074
v -0.464138 0.345665 -0.121441
v -0.503945 0.340759 -0.075910
v -0.428355 1.701091 0.050411
v -0.418820 1.655156 0.053556
v -0.383996 1.691937 0.054550
v -0.400948 1.735276 0.054343
v -0.324388 0.166925 0.003287
v -0.312323 0.204177 0.003265
v -0.271439 0.180552 0.003232
v -0.292272 0.135893 0.003281
v -0.194662 1.853729 -0.038808
v -0.089954 0.950483 0.055226
v -0.043228 0.939550 0.055258
v -0.063742 0.987699 0.055230
v 0.142077 0.390617 0.003159
v 0.161644 0.431007 0.003173
v 0.189277 0.388175 0.003178
v 0.250382 0.944397 0.055051
v 0.260293 0.900029 0.055035
v 0.293553 0.933101 0.054984
v 0.293483 0.974686 0.055001
v 0.363656 1.332207 0.054800
v 0.404113 1.321124 0.054456
v 0.400418 1.366721 0.054509
v 0.460366 0.242666 0.054997
v 0.500424 0.223268 0.056934
v 0.505535 0.270882 0.063052
v 0.502292 1.678602 0.056111
v 0.503421 1.650210 0.012214
v 0.504117 1.694404 0.011035
v -0.506705 0.400389 -0.122587
v -0.465619 0.385528 -0.124713
v -0.504001 0.382753 -0.075029
v -0.498042 0.171929 -0.044488
v -0.498115 0.167269 -0.002174
v -0.498234 0.132991 -0.027675
v -0.388601 0.009819 0.052321
v -0.416470 0.055228 0.053491
v -0.431018 0.006545 0.047669
v -0.408915 0.004258 0.009472
v -0.271689 0.613481 0.055068
v -0.298527 0.651873 0.054998
v -0.321213 0.609321 0.054924
v -0.290308 0.572803 0.055021
v -0.207316 1.855738 -0.122509
v -0.187937 1.896520 -0.123314
v -0.166066 1.855585 -0.121802
v -0.179401 1.853728 -0.078619
v -0.044690 1.026715 0.003124
v -0.073000 0.988213 0.003135
v -0.091943 1.030953 0.003134
v -0.062921 1.068606 0.003128
v 0.059088 1.896482 -0.123566
v 0.039341 1.855553 -0.120585
v 0.018157 1.896527 -0.123390
v 0.041370 1.896290 -0.076620
v 0.178213 0.837830 0.003239
v 0.152355 0.799081 0.003231
v 0.136332 0.848094 0.003199
v 0.158488 0.886201 0.003232
v 0.252906 1.281526 0.055065
v 0.266949 1.236332 0.055054
v 0.297820 1.267943 0.055010
v 0.286120 1.313111 0.055024
v 0.365401 1.851414 0.005638
v 0.382448 1.853639 -0.040311
v 0.407252 1.853584 -0.000273
v 0.400869 1.812906 0.005721
v 0.468282 0.362763 0.064002
v 0.494057 0.314538 0.059406
v 0.507356 0.349844 0.052365
v 0.506628 0.389883 0.061685
v 0.507041 1.712461 -0.119450
v 0.508658 1.751389 -0.122180
v 0.505545 1.742119 -0.070420
v 0.504899 1.696031 -0.072734
v -0.506284 0.437166 -0.125693
v -0.464339 0.424692 -0.121975
v -0.504068 0.425579 -0.075575
v -0.497331 0.208003 -0.021235
v -0.395837 0.690391 0.054499
v -0.429965 0.708747 0.049363
v -0.428460 0.663009 0.051698
v -0.421855 0.620912 0.053483
v -0.385181 0.648214 0.054587
v -0.319963 0.798337 0.003266
v -0.316380 0.847096 0.003148
v -0.277067 0.819080 0.003263
v -0.283021 0.772547 0.003315
v -0.200280 0.049878 0.055120
v -0.174961 0.005801 0.050435
v -0.153424 0.046661 0.055153
v -0.173519 0.087746 0.055207
v -0.089568 1.755920 0.003319
v -0.086524 1.803519 0.003697
v -0.044058 1.763477 0.003307
v -0.054032 1.720165 0.003275
v 0.063106 0.003015 0.047855
v 0.029113 0.025135 0.054901
v 0.130785 1.286943 0.053825
v 0.143204 1.245561 0.070362
v 0.171131 1.272047 0.055065
v 0.159283 1.310852 0.066617
v 0.250435 1.396413 0.003215
v 0.258463 1.443103 0.003180
v 0.290536 1.410914 0.003219
v 0.269723 1.359852 0.003243
v 0.413492 0.006619 0.007533
v 0.383062 0.006028 0.050812
v 0.366837 0.006856 0.007336
v 0.466975 0.793771 0.063344
v 0.496126 0.758268 0.059104
v 0.507528 0.794904 0.054212
v 0.506228 0.834101 0.062476
v 0.506320 1.786858 -0.088285
v -0.506736 0.470854 -0.118757
v -0.464626 0.467386 -0.122635
v -0.504095 0.467790 -0.072184
v -0.385764 0.734358 0.054620
v -0.425078 0.751302 0.052559
v -0.275428 0.865026 0.003158
v -0.320519 0.894386 -0.001824
v -0.303001 0.932216 0.003257
v -0.267515 0.905639 0.003132
v -0.186188 0.459983 0.055252
v -0.157381 0.498675 0.055280
v -0.079275 1.850861 0.006051
v -0.042452 1.805528 0.003586
v 0.071565 0.171103 0.003161
v 0.040778 0.139744 0.003195
v 0.164378 1.350854 0.002279
v 0.147263 1.312301 -0.013041
v 0.131172 1.343019 0.014987
v 0.138468 1.379685 -0.010737
v 0.291990 1.513690 0.003193
v 0.259093 1.488963 0.003173
v 0.393923 0.167083 0.003488
v 0.467145 0.979364 0.063418
v 0.507115 0.961261 0.060731
v 0.507163 1.005728 0.060584
v 0.506546 1.840040 0.016536
v 0.508478 1.890323 0.036898
v 0.505756 1.853172 0.062323
v -0.504943 0.503411 -0.128349
v -0.504331 0.511363 -0.076626
v -0.466448 0.216159 -0.009240
v -0.491689 0.217863 0.023011
v -0.466210 0.219274 -0.046275
v -0.428383 0.876599 0.051373
v -0.419098 0.834192 0.053656
v -0.391440 0.878665 0.063987
v -0.420512 0.915726 0.054184
v -0.319796 0.988738 0.054841
v -0.272446 0.981530 0.054990
v -0.291259 1.025045 0.054946
v -0.192863 0.807500 0.003245
v -0.152613 0.779840 0.003225
v -0.096747 1.853745 -0.077368
v -0.084082 1.856619 -0.122411
v -0.057917 1.853792 -0.081102
v -0.058410 1.853733 -0.039230
v 0.024451 0.411770 0.055375
v 0.070868 0.408268 0.055345
v 0.046296 0.452055 0.055370
v 0.184849 1.887372 0.059072
v 0.150485 1.896545 0.052081
v 0.134173 1.868875 0.059794
v 0.163829 1.845520 0.054409
v 0.297410 1.684225 0.054982
v 0.264121 1.725757 0.054991
v 0.253654 1.684990 0.055022
v 0.274130 1.642716 0.055029
v 0.418195 0.276217 0.004005
v 0.375092 0.254429 0.003436
v 0.501002 1.379429 0.057533
v 0.498385 1.427916 0.062928
v 0.464513 1.405765 0.061087
v -0.506789 0.539042 -0.124570
v -0.463275 0.511953 -0.118314
v -0.468175 0.188459 0.019345
v -0.386998 1.045045 0.054538
v -0.425380 1.090123 0.052426
v -0.428310 1.046170 0.050962
v -0.419070 1.003450 0.053691
v -0.286739 1.845063 0.007216
v -0.304301 1.802277 0.004202
v -0.201788 0.804144 0.055118
v -0.193972 0.754768 0.055163
v -0.158998 0.795732 0.055177
v -0.170784 0.839716 0.055166
v -0.092065 0.053087 0.003337
v -0.049332 0.049112 0.003358
v -0.062482 0.007628 0.006832
v 0.028682 0.526167 0.003110
v 0.040283 0.577385 0.003137
v 0.071672 0.537341 0.003145
v 0.180493 0.032773 0.055024
v 0.142464 0.052978 0.055197
v 0.141837 0.005171 0.050288
v 0.147377 0.012914 0.004956
v 0.179446 0.000000 0.026611
v 0.259927 1.772263 0.003448
v 0.295429 1.743869 0.003345
v 0.369683 0.603917 0.054723
v 0.390974 0.559189 0.054564
v 0.420499 0.596433 0.053872
v 0.402645 0.633204 0.054405
v 0.503328 1.762486 0.059996
v 0.504098 1.811552 0.064762
v 0.465880 1.782517 0.063038
v -0.506551 0.577378 -0.125148
v -0.463908 0.555627 -0.120509
v -0.504399 0.555692 -0.075969
v -0.466223 0.174163 -0.026548
v -0.466321 0.228106 -0.081692
v -0.466059 0.179052 -0.071296
v -0.384651 1.213837 0.054561
v -0.427075 1.234385 0.054112
v -0.428289 1.188331 0.051048
v -0.421613 1.136783 0.053274
v -0.392549 1.169824 0.054471
v -0.317350 0.094696 0.003309
v -0.268638 0.095657 0.003284
v -0.200579 1.010270 0.055104
v -0.155414 1.002025 0.055125
v -0.176525 1.047886 0.055118
v -0.083838 0.221509 0.055318
v -0.073253 0.171723 0.055315
v -0.041129 0.206156 0.055340
v -0.050050 0.254325 0.055365
v 0.064527 0.616681 0.003160
v 0.026061 0.629561 0.003136
v 0.063533 0.663144 0.003162
v 0.178501 0.084852 0.055196
v 0.288303 1.855042 0.054499
v 0.259888 1.895815 0.060758
v 0.367705 1.038682 0.054747
v 0.378079 0.994440 0.054681
v 0.416109 1.027894 0.054222
v 0.405673 1.070069 0.054417
v 0.507493 0.723263 0.053410
v 0.506712 0.018790 0.002683
v 0.500718 0.054671 0.024239
v 0.506158 0.061513 0.009347
v -0.506649 0.615462 -0.125035
v -0.464400 0.601845 -0.121951
v -0.504448 0.598308 -0.076082
v -0.470564 1.894900 -0.127943
v -0.461535 1.896618 -0.079212
v -0.431671 1.896545 -0.122619
v -0.453307 1.854897 -0.123105
v -0.388332 1.257433 0.054526
v -0.426642 1.281320 0.052204
v -0.270384 0.517553 0.003242
v -0.302784 0.483559 0.003271
v -0.316927 0.528533 0.003289
v -0.283359 0.562408 0.003259
v -0.201567 1.092327 0.003144
v -0.199173 1.137805 0.003168
v -0.164958 1.115994 0.003165
v -0.154070 1.075810 0.003150
v -0.187130 1.046476 0.003144
v -0.089873 1.732426 0.055071
v -0.073359 1.695224 0.055078
v -0.039883 1.727982 0.055097
v -0.056718 1.769372 0.054929
v 0.072999 0.788655 0.003139
v 0.038163 0.757504 0.003132
v 0.186285 0.047140 0.003369
v 0.142929 0.058705 0.003319
v 0.370419 1.105878 0.003372
v 0.372712 1.145477 0.003385
v 0.414666 1.128537 0.003580
v 0.415129 1.084581 0.003605
v 0.377401 1.064860 0.003397
v 0.468152 0.860438 0.064033
v 0.505962 0.107160 0.009451
v 0.505970 0.151611 0.015873
v -0.507243 0.649704 -0.119645
v -0.464810 0.648105 -0.122802
v -0.504419 0.640888 -0.073365
v -0.465726 0.102379 0.013370
v -0.464348 0.097013 0.054255
v -0.464623 0.141741 0.054518
v -0.466128 0.149194 0.014505
v -0.387187 1.306207 0.054535
v -0.424489 1.329826 0.052708
v -0.198778 1.093346 0.055101
v -0.152136 1.084549 0.055105
v -0.173498 1.128647 0.055103
v -0.085103 0.004154 0.048991
v -0.041211 0.002605 0.046841
v -0.059549 0.043942 0.055185
v 0.071431 0.978324 0.003141
v 0.025401 0.983218 0.003122
v 0.051580 1.022672 0.003124
v 0.185715 0.212295 0.003173
v 0.288865 1.896026 -0.076816
v 0.247665 1.895995 -0.076615
v 0.279933 1.896206 -0.031769
v 0.379333 1.187186 0.003447
v 0.416399 1.172582 0.003563
v 0.471292 1.295166 0.064996
v 0.495954 1.339117 0.067513
v 0.506495 0.303783 0.024757
v 0.505908 0.354964 0.006506
v -0.505255 0.682169 -0.128204
v -0.504560 0.685374 -0.077240
v -0.425643 1.426202 0.057297
v -0.424075 1.376463 0.052907
v -0.384321 1.400983 0.054550
v -0.385927 1.446424 0.054536
v -0.422508 1.480156 0.053187
v -0.272624 1.194075 0.055009
v -0.311781 1.197499 0.054910
v -0.314257 1.151297 0.054889
v -0.289753 1.109247 0.054961
v -0.266790 1.149076 0.055023
v -0.200427 1.182473 0.003267
v -0.151439 1.157140 0.003258
v -0.034086 0.286796 0.003126
v -0.070464 0.249784 0.003150
v -0.081276 0.289712 0.003136
v -0.070468 0.328402 0.003137
v 0.026580 0.983562 0.055243
v 0.038361 0.932863 0.055257
v 0.068431 0.970478 0.055219
v 0.055469 1.019526 0.055215
v 0.143428 0.350259 0.055284
v 0.145651 0.297898 0.055274
v 0.185385 0.314110 0.055229
v 0.189687 0.356789 0.055239
v 0.305018 0.046198 0.054948
v 0.398073 1.896534 -0.052527
v 0.371310 1.896455 -0.083123
v 0.500551 1.088896 0.064982
v 0.506079 0.707935 0.009105
v 0.506462 0.755297 0.013214
v -0.507632 0.717433 -0.123609
v -0.463803 0.693294 -0.120028
v -0.467748 0.184380 -0.111760
v -0.388579 1.610893 0.054496
v -0.429370 1.610835 0.049596
v -0.419720 1.567845 0.053419
v -0.273184 1.613534 0.003216
v -0.301469 1.578321 0.003260
v -0.180874 1.226871 0.003239
v -0.156851 1.196281 0.001941
v -0.041704 0.371305 0.003124
v -0.087429 0.366185 0.003137
v -0.054820 0.410974 0.003124
v 0.022363 1.853738 -0.076048
v 0.066280 1.853684 -0.077613
v 0.043275 1.853687 -0.036590
v 0.140045 0.469815 0.003189
v 0.153745 0.512787 0.003204
v 0.188506 0.474365 0.003193
v 0.258393 0.202352 0.055086
v 0.308783 0.189711 0.054991
v 0.285477 0.236049 0.055045
v 0.421233 0.236309 0.004230
v 0.377968 0.209076 0.003420
v 0.459797 1.800241 -0.080162
v 0.459454 1.776467 -0.040841
v 0.459583 1.824600 -0.041004
v 0.507184 1.178150 -0.072314
v 0.502199 1.141798 -0.100601
v 0.506661 1.189241 -0.118609
v 0.506412 1.221375 -0.070830
v -0.507851 0.755468 -0.122726
v -0.464418 0.734997 -0.121832
v -0.504518 0.730011 -0.074925
v -0.418974 1.896563 -0.074591
v -0.392019 1.896515 -0.122777
v -0.319388 1.646452 0.054881
v -0.296238 1.599894 0.054936
v -0.274875 1.644905 0.054996
v -0.290893 1.687343 0.054954
v -0.162082 1.389519 0.003538
v -0.074481 0.758659 0.055303
v -0.040705 0.786947 0.055315
v 0.190668 0.491075 0.055263
v 0.144771 0.513648 0.055301
v 0.302020 0.950952 0.003252
v 0.256037 0.955201 0.003195
v 0.282565 0.994424 0.003184
v 0.370848 0.431083 0.054755
v 0.387463 0.386799 0.054623
v 0.417765 0.425645 0.054025
v 0.391375 0.472854 0.054573
v 0.459046 0.295168 -0.047696
v 0.459907 0.267660 -0.085480
v 0.459291 0.240141 -0.058344
v 0.460292 0.214180 -0.092216
v 0.460137 0.192391 -0.057405
v -0.508030 0.794224 -0.122528
v -0.465842 0.773722 -0.124876
v -0.504648 0.774569 -0.074683
v -0.460608 0.382410 -0.081621
v -0.387467 0.518159 0.054533
v -0.425169 0.538965 0.052403
v -0.422716 0.492025 0.052973
v -0.418722 0.448018 0.053603
v -0.377407 0.476256 0.054626
v -0.267182 1.732633 0.003281
v -0.318773 1.754642 0.003376
v -0.274271 1.771816 0.003488
v -0.155683 1.654038 0.003203
v -0.196598 1.633902 0.003166
v -0.198746 1.679984 0.003247
v -0.181974 1.725656 0.003284
v -0.147659 1.696485 0.003248
v -0.084467 1.032596 0.055206
v -0.038403 1.030478 0.055228
v -0.058498 1.072112 0.055207
v 0.059419 0.058482 0.055259
v 0.177540 0.540889 0.055274
v 0.251411 1.159460 0.003268
v 0.261592 1.200059 0.003296
v 0.295088 1.160957 0.003250
v 0.418493 0.513704 0.053982
v 0.370423 0.518203 0.054734
v 0.459919 0.310164 -0.087712
v 0.465902 0.297359 -0.124940
v 0.465654 0.254068 -0.124499
v 0.506127 1.832857 -0.071100
v 0.508144 1.823900 -0.118233
v -0.464890 0.811429 -0.122893
v -0.507809 0.831968 -0.123713
v -0.504748 0.819350 -0.075512
v -0.460380 0.770551 -0.080904
v -0.379992 0.561414 0.054611
v -0.421426 0.580827 0.053232
v -0.313809 0.107909 0.054890
v -0.287960 0.074844 0.054963
v -0.261582 0.104489 0.055034
v -0.282922 0.144917 0.054980
v -0.164912 1.895921 -0.076227
v -0.206219 1.896227 -0.076329
v -0.183590 1.895791 -0.031827
v -0.073939 1.629513 0.003196
v -0.047993 1.597850 -0.012930
v 0.077719 1.062460 0.003128
v 0.030799 1.065174 0.003117
v 0.058354 1.105932 0.003135
v 0.143627 0.872530 0.055185
v 0.188608 0.867086 0.055166
v 0.171990 0.911265 0.055146
v 0.254864 1.401720 0.055028
v 0.271524 1.357991 0.055026
v 0.302419 1.389820 0.054994
v 0.283839 1.434094 0.055013
v 0.419201 0.766583 0.003874
v 0.395810 0.728765 0.003537
v 0.372492 0.766139 0.003499
v 0.401590 0.804574 0.003566
v 0.459326 0.341721 -0.066747
v 0.459050 0.338080 -0.028476
v -0.502043 0.867387 -0.126652
v -0.463683 0.852708 -0.119484
v -0.504839 0.865742 -0.077086
v -0.467852 1.102931 -0.127323
v -0.464725 1.146956 -0.122391
v -0.460662 1.110480 -0.082541
v -0.462197 1.061940 -0.111563
v -0.371101 0.605084 0.054674
v -0.258725 0.391400 0.003217
v -0.312544 0.403450 0.003276
v -0.285412 0.437917 0.003243
v -0.203438 1.896333 0.012300
v -0.192385 1.895554 0.061820
v -0.160170 1.896114 0.011717
v -0.064461 1.896748 -0.122742
v -0.042204 1.857794 -0.123240
v 0.026995 1.208697 0.023938
v 0.044821 1.248165 0.024707
v 0.073762 1.209755 0.024315
v 0.050946 1.187603 -0.012802
v 0.184563 0.923624 0.003241
v 0.138889 0.931190 0.003206
v 0.164535 0.968665 0.003221
v 0.260077 0.086025 0.003248
v 0.279043 0.124760 0.003236
v 0.314271 0.088638 0.003251
v 0.293508 0.052076 0.003325
v 0.421934 0.788986 0.053833
v 0.400610 0.828828 0.054399
v 0.464140 0.343437 -0.120572
v 0.506517 0.801755 0.008882
v -0.506942 0.900218 -0.115330
v -0.465808 0.899302 -0.124798
v -0.464684 1.562909 -0.122890
v -0.464700 1.607040 -0.123114
v -0.460513 1.589214 -0.080555
v -0.460635 1.544023 -0.080575
v -0.464327 1.517787 -0.121930
v -0.372208 0.778233 0.055287
v -0.419177 0.791759 0.053591
v -0.318439 0.694877 0.054927
v -0.276075 0.695187 0.055058
v -0.196601 0.132611 0.003227
v -0.178191 0.170240 0.003188
v -0.140147 0.142592 0.003201
v -0.165704 0.099539 0.003252
v -0.078913 0.083309 0.055287
v -0.032868 0.083726 0.055320
v -0.052826 0.126482 0.055329
v 0.079388 1.472010 0.026100
v 0.047368 1.436740 0.026030
v 0.186148 1.184049 0.055135
v 0.148735 1.202059 0.070697
v 0.142620 1.162782 0.055313
v 0.187072 1.139550 0.055111
v 0.255719 0.171272 0.003227
v 0.266154 0.216351 0.003242
v 0.304002 0.201874 0.003288
v 0.300327 0.161632 0.003260
v 0.373612 0.919852 0.003473
v 0.397669 0.956143 0.003532
v 0.421510 0.919828 0.003997
v 0.401923 0.883098 0.003576
v 0.458836 0.384173 -0.040717
v -0.506582 0.936633 -0.119809
v -0.504732 0.914608 -0.072077
v -0.464544 1.650725 -0.123025
v -0.460450 1.634153 -0.080816
v -0.385202 0.829625 0.000653
v -0.418428 0.795912 0.004732
v -0.424848 0.844517 0.006500
v -0.394605 0.877572 0.002012
v -0.268274 1.349895 0.003185
v -0.302785 1.317698 0.003243
v -0.192506 0.295898 0.055219
v -0.152499 0.325378 0.055259
v -0.032025 0.680427 0.055372
v -0.072435 0.706760 0.055322
v -0.074490 0.659794 0.055347
v -0.067519 0.618155 0.055354
v -0.025571 0.635885 0.055385
v 0.045017 1.747542 0.003291
v 0.082867 1.700918 0.003262
v 0.169202 1.643414 0.003196
v 0.166454 1.588796 0.002014
v 0.138669 1.619795 0.002900
v 0.296467 0.249831 0.003301
v 0.253634 0.261475 0.003231
v 0.282902 0.297600 0.003285
v 0.373336 1.505675 0.003407
v 0.370936 1.553130 0.003384
v 0.409934 1.536407 0.003545
v 0.419811 1.493909 0.003705
v 0.396064 1.461874 0.003494
v 0.459746 0.374436 -0.085498
v -0.503285 0.975425 -0.123095
v -0.464173 0.945091 -0.120936
v -0.504850 0.961435 -0.071044
v -0.460776 0.061018 -0.081214
v -0.461383 0.006829 -0.089350
v -0.466339 0.060161 -0.095433
v -0.427339 0.959418 0.051750
v -0.388083 0.959496 0.054593
v -0.283820 0.232151 0.003235
v -0.199724 0.558018 0.003225
v -0.184977 0.597300 0.003236
v -0.147707 0.567838 0.003222
v -0.168169 0.527609 0.003208
v -0.077867 0.758981 0.003150
v -0.037303 0.739962 0.003144
v 0.079270 0.238401 0.055330
v 0.032260 0.240713 0.055367
v 0.179964 1.677541 0.055031
v 0.165588 1.722577 0.055010
v 0.137411 1.687295 0.055013
v 0.293712 0.340316 0.003303
v 0.253636 0.346258 0.003229
v 0.283718 0.384088 0.003289
v 0.371653 1.596816 0.003364
v 0.414592 1.580088 0.003554
v 0.459525 0.414359 -0.081517
v 0.459106 0.430350 -0.040615
v -0.464452 0.989229 -0.121753
v -0.505355 1.002236 -0.093351
v -0.487296 1.024355 -0.130255
v -0.421938 1.034468 0.005118
v -0.421218 1.074165 0.004891
v -0.377491 1.075651 0.003387
v -0.377737 1.029976 0.003387
v -0.416016 0.992217 0.004123
v -0.291035 1.239193 0.054956
v -0.153055 0.712910 0.055230
v -0.035593 1.108532 0.003141
v -0.080250 1.110921 0.003171
v -0.056384 1.151626 0.003196
v 0.070958 0.757344 0.055314
v 0.037189 0.786721 0.055317
v 0.034981 0.737325 0.055343
v 0.041164 0.694724 0.055356
v 0.083150 0.712851 0.055324
v 0.188897 1.759624 0.054964
v 0.158941 1.800948 0.053880
v 0.140523 1.764103 0.054945
v 0.257727 0.581648 0.003266
v 0.270879 0.624745 0.003285
v 0.305203 0.591919 0.003310
v 0.290252 0.549340 0.003294
v 0.371755 1.639630 0.003319
v 0.417628 1.618689 0.002365
v 0.466465 0.388652 -0.125560
v -0.507646 1.177929 -0.125441
v -0.507557 1.216398 -0.128159
v -0.464327 1.193123 -0.121209
v -0.505141 1.208168 -0.078411
v -0.504936 1.138882 -0.118752
v -0.504862 1.165026 -0.074336
v -0.464104 0.165059 0.064736
v -0.456676 0.124575 0.055452
v -0.422520 0.152253 0.052579
v -0.445690 0.197760 0.054266
v -0.385736 1.098993 0.054536
v -0.267669 1.233126 0.003204
v -0.312905 1.237751 0.003255
v -0.283866 1.275287 0.003205
v -0.149802 0.754334 0.055213
v -0.080386 1.114819 0.055177
v -0.033869 1.110702 0.055202
v -0.056472 1.153686 0.055172
v 0.084518 0.800917 0.055284
v 0.037619 0.832094 0.055310
v 0.142264 1.853626 -0.057338
v 0.159692 1.854175 -0.112534
v 0.188234 1.853605 -0.074705
v 0.173888 1.853652 -0.031966
v 0.266775 0.850243 0.055049
v 0.299673 0.883191 0.054981
v 0.372271 1.682752 0.003297
v 0.417744 1.657501 0.002750
v 0.459442 0.457437 -0.079616
v 0.465544 0.432370 -0.124134
v 0.504254 1.332022 0.016775
v -0.506467 1.252998 -0.126361
v -0.464426 1.239732 -0.121517
v -0.505000 1.253586 -0.076371
v -0.466618 0.138500 -0.102158
v -0.379780 1.353747 0.054594
v -0.256774 0.264981 0.003210
v -0.187852 0.851800 0.003273
v -0.146401 0.823414 0.003212
v -0.031452 1.629720 0.055102
v -0.076233 1.652375 0.055083
v -0.076091 1.609034 0.065841
v -0.035596 1.589708 0.069913
v 0.075238 0.846517 0.055281
v 0.045516 0.884377 0.055284
v 0.135535 1.895829 0.009250
v 0.179606 1.895968 0.012453
v 0.153213 1.895841 -0.033096
v 0.301566 1.460357 0.003219
v 0.420462 1.668374 0.066754
v 0.389696 1.698177 0.054674
v 0.459405 0.479168 -0.037488
v 0.506423 1.852902 -0.030894
v -0.506706 1.287509 -0.118874
v -0.465606 1.287237 -0.124443
v -0.460656 0.242497 -0.080367
v -0.460680 0.196026 -0.080796
v -0.306831 0.439587 0.054967
v -0.295323 0.394131 0.055002
v -0.263643 0.433724 0.055087
v -0.280504 0.478881 0.055056
v -0.155200 1.608329 0.001872
v -0.195059 1.589048 0.003219
v -0.034787 1.676067 0.055103
v 0.077864 1.154555 0.055170
v 0.055642 1.191028 0.070596
v 0.375946 1.726336 0.003319
v 0.415974 1.695404 0.003343
v 0.459439 0.501143 -0.081214
v 0.465371 0.475935 -0.123778
v 0.501245 0.058401 -0.105420
v 0.507111 0.015730 -0.082646
v 0.500189 0.062142 -0.062335
v 0.500125 0.097742 -0.078481
v -0.505364 1.323148 -0.123719
v -0.504530 1.297680 -0.073113
v -0.460608 0.287925 -0.078876
v -0.378318 1.775327 0.054319
v -0.409569 1.813486 0.055711
v -0.424210 1.772454 0.052513
v -0.263893 0.857356 0.055030
v -0.198244 1.676531 0.055024
v -0.152735 1.660343 0.055011
v -0.167291 1.708529 0.054998
v -0.035668 1.851921 0.005239
v 0.073276 1.250821 0.036237
v 0.038696 1.272397 0.036286
v 0.033383 1.217630 0.036324
v 0.078700 1.208006 0.038121
v 0.181912 0.260566 0.055229
v 0.272369 1.816533 0.004896
v 0.307433 1.790965 0.003893
v 0.370152 1.854769 -0.120928
v 0.386958 1.895769 -0.126782
v 0.413864 1.854418 -0.120204
v 0.401994 1.853707 -0.079059
v 0.459509 0.524414 -0.042447
v 0.500869 0.132012 -0.103139
v 0.499900 0.133030 -0.055017
v 0.499886 0.167740 -0.073123
v -0.504554 1.231926 0.058185
v -0.499050 1.277029 0.065138
v -0.505679 1.273148 0.025952
v -0.501560 1.320181 0.058051
v -0.504147 1.240158 0.005507
v -0.504178 1.274019 -0.028775
v -0.503157 1.305801 0.007524
v -0.460589 0.333113 -0.078753
v -0.428064 1.896671 0.054854
v -0.419841 1.856243 0.059737
v -0.390056 1.895967 0.061039
v -0.418063 1.896402 0.008662
v -0.301228 0.976063 0.003281
v -0.259772 0.950331 0.003218
v -0.151187 0.008951 0.006174
v -0.193614 0.006418 0.007694
v -0.175222 0.055696 0.003325
v -0.046268 1.896106 0.060598
v -0.084861 1.894481 0.058715
v -0.060099 1.852454 0.053503
v 0.076095 1.589639 -0.012130
v 0.033153 1.587250 -0.011167
v 0.142670 0.630523 0.055302
v 0.154683 0.588425 0.055297
v 0.189551 0.622526 0.055254
v 0.191077 0.665480 0.055245
v 0.283325 0.783766 0.003328
v 0.305795 0.744456 0.003353
v 0.415810 1.854469 0.056129
v 0.459538 0.546960 -0.082962
v 0.465538 0.521123 -0.123991
v 0.499864 0.204036 -0.005202
v 0.500298 0.166706 0.017517
v 0.501030 0.208966 0.039605
v -0.461059 1.255540 0.063441
v -0.459990 1.304117 0.062264
v -0.423250 0.043890 0.007733
v -0.416375 0.087744 0.004932
v -0.383148 0.049007 0.003538
v -0.309129 1.068383 0.054908
v -0.265522 1.063649 0.055026
v -0.144101 0.195029 0.003179
v -0.193167 0.214193 0.003184
v -0.157610 0.241015 0.003172
v -0.040999 1.896551 -0.076059
v 0.038197 1.625945 0.055082
v 0.059214 1.594856 0.070759
v 0.089154 1.630256 0.055097
v 0.057275 1.660774 0.055090
v 0.190582 1.005941 0.003193
v 0.143531 1.012034 0.003183
v 0.170748 1.049341 0.003163
v 0.283484 1.240810 0.003295
v 0.309048 1.204885 0.003311
v 0.421134 1.896495 -0.088740
v 0.459674 0.569033 -0.041165
v 0.505883 1.135933 -0.051949
v -0.506272 1.361381 -0.124563
v -0.464230 1.334138 -0.121201
v -0.503685 1.342270 -0.076372
v -0.460492 0.431461 -0.080021
v -0.409415 0.103809 0.054033
v -0.378018 0.144438 0.054562
v -0.395014 0.189286 0.054380
v -0.261336 1.283452 0.055039
v -0.297087 1.318880 0.054919
v -0.309484 1.276622 0.054911
v -0.178352 0.252697 0.055236
v -0.143402 0.282585 0.055279
v -0.025396 0.162793 0.055345
v 0.070368 1.895823 -0.032603
v 0.182262 1.896245 -0.126009
v 0.142539 1.896864 -0.124620
v 0.165224 1.895965 -0.077178
v 0.257624 1.277706 0.003272
v 0.274278 1.316450 0.003267
v 0.302049 1.283166 0.003305
v 0.423311 0.195576 0.001384
v 0.459460 0.591986 -0.082297
v 0.465794 0.567837 -0.124560
v 0.506446 0.026815 -0.042952
v 0.506011 0.068594 -0.077619
v -0.463821 1.379474 -0.120054
v -0.503241 1.385886 -0.075959
v -0.504604 1.399172 -0.123246
v -0.460386 0.480471 -0.079498
v -0.375553 0.330297 0.054620
v -0.418163 0.356217 0.053570
v -0.417421 0.310718 0.053636
v -0.416846 0.267496 0.053680
v -0.373470 0.282495 0.054641
v -0.262020 1.726450 0.054989
v -0.162612 1.563615 0.003334
v -0.025372 0.240778 0.003141
v -0.063431 0.205845 0.003158
v 0.081712 0.104572 0.055301
v 0.159009 0.692700 0.003234
v 0.192588 0.655647 0.003250
v 0.310373 1.728192 0.054927
v 0.379031 0.217532 0.054680
v 0.406232 0.178332 0.054341
v 0.423014 0.213874 0.072358
v 0.402689 0.254212 0.054404
v 0.459829 0.613808 -0.039916
v 0.500177 0.062588 -0.017985
v 0.505648 0.083489 -0.034220
v -0.502156 1.434938 -0.126411
v -0.506631 1.467422 -0.116372
v -0.464747 1.471270 -0.122818
v -0.502787 1.429842 -0.076976
v -0.463279 1.424301 -0.118231
v -0.375341 0.374549 0.054624
v -0.420088 0.400583 0.053365
v -0.259974 1.808450 0.052905
v -0.149811 1.853993 0.054417
v -0.195258 1.851182 0.054477
v -0.171859 1.810366 0.052892
v -0.056482 0.297219 0.055352
v -0.025122 0.330602 0.055360
v 0.090130 0.132793 0.003192
v 0.159626 0.954686 0.055118
v 0.194758 0.996915 0.055083
v 0.261351 1.853788 -0.006321
v 0.269926 1.853583 -0.053533
v 0.296456 1.853709 -0.009851
v 0.421358 0.694963 0.004052
v 0.459390 0.637522 -0.081533
v 0.465622 0.614846 -0.124255
v -0.506736 1.502267 -0.123797
v -0.502167 1.473896 -0.071899
v -0.382049 0.422364 0.054572
v -0.266133 1.853775 -0.077947
v -0.150049 1.853728 -0.036354
v -0.030144 0.497414 0.055377
v -0.072531 0.527741 0.055341
v -0.074241 0.485956 0.055338
v -0.044758 0.454051 0.055369
v 0.084801 0.386353 0.003124
v 0.048401 0.352668 0.003121
v 0.182336 1.227665 0.055120
v 0.321055 0.088251 0.054941
v 0.371354 0.917203 0.054731
v 0.385511 0.872964 0.054611
v 0.417216 0.912374 0.054141
v 0.396674 0.953794 0.054526
v -0.506611 1.541878 -0.122447
v -0.502041 1.516411 -0.074879
v -0.461171 0.556049 0.063645
v -0.460553 0.597975 0.063253
v -0.460312 0.511517 0.063041
v -0.270747 1.896450 -0.123356
v -0.144795 0.123395 0.055245
v -0.026697 0.541162 0.055383
v -0.067328 0.570558 0.055357
v 0.089555 0.581140 0.003175
v 0.151430 1.605241 0.067516
v 0.148069 1.559568 0.070682
v 0.189263 1.584619 0.055064
v 0.182029 1.633028 0.055038
v 0.263777 0.280974 0.055102
v 0.310013 0.272787 0.055007
v 0.286809 0.317819 0.055067
v 0.420212 0.993124 0.003841
v 0.375358 0.993752 0.003427
v 0.407622 1.035372 0.003562
v 0.459361 0.683143 -0.083261
v 0.465783 0.661698 -0.124634
v 0.500322 0.096516 0.011942
v -0.506225 1.583129 -0.121245
v -0.501705 1.558971 -0.073521
v -0.460415 0.580429 -0.081075
v -0.460281 0.530464 -0.075001
v -0.268032 1.895897 -0.032160
v -0.144947 0.588427 0.055294
v -0.036557 0.733418 0.055344
v 0.082186 0.744722 0.003159
v 0.045669 0.710487 0.003150
v 0.197566 0.523695 0.003210
v 0.278679 0.636286 0.055088
v 0.314372 0.663209 0.055004
v 0.427664 0.985830 0.053811
v 0.499954 0.099286 -0.033869
v -0.501803 1.602789 -0.074212
v -0.504906 1.625701 -0.120203
v -0.379668 0.683394 0.003415
v -0.418499 0.653100 0.004806
v -0.418901 0.703140 0.004864
v -0.417122 0.750693 0.004527
v -0.376128 0.733123 0.003432
v -0.261230 0.006587 0.050817
v -0.295984 0.037465 0.054892
v -0.173222 0.642122 0.003237
v -0.137383 0.609705 0.003221
v 0.080614 0.923423 0.055236
v 0.200607 0.578030 0.055245
v 0.309413 0.818394 0.003369
v 0.377056 1.256924 0.003468
v 0.386028 1.302300 0.003498
v 0.421721 1.274099 0.003711
v 0.406851 1.222589 0.003506
v 0.459380 0.729882 -0.084679
v 0.466626 0.708208 -0.125856
v -0.506075 1.709340 -0.123533
v -0.505275 1.750552 -0.125268
v -0.464032 1.736262 -0.121711
v -0.504326 1.735357 -0.082399
v -0.464438 1.693691 -0.122684
v -0.504878 1.667876 -0.121908
v -0.503008 1.689128 -0.077030
v -0.460402 0.628554 -0.081095
v -0.372325 0.809631 0.074699
v -0.255661 0.475952 0.003229
v -0.183036 0.898741 0.003277
v -0.145580 0.869878 0.003235
v -0.047760 0.787884 0.003130
v 0.036821 1.147506 0.003156
v 0.086248 1.146829 0.003223
v 0.194349 0.789172 0.003255
v 0.167643 0.746552 0.003237
v 0.272941 0.807307 0.055062
v 0.310543 0.836685 0.054978
v 0.431431 1.285967 0.052748
v 0.459108 0.747544 -0.041708
v -0.501409 1.788991 -0.128065
v -0.463444 1.778623 -0.119482
v -0.505098 1.780306 -0.087351
v -0.461523 0.639761 0.063721
v -0.374603 0.844081 0.074972
v -0.301547 0.643124 0.003277
v -0.295314 0.684221 0.003291
v -0.256993 0.647534 0.003277
v -0.286257 0.604851 0.003272
v -0.138744 0.872474 0.055180
v -0.028476 0.908055 0.003109
v -0.063935 0.872093 0.003125
v -0.071944 0.915555 0.003143
v -0.049145 0.951129 0.003138
v 0.085195 1.295620 0.036192
v 0.043272 1.319027 0.036251
v 0.198499 1.085887 0.003144
v 0.309213 1.034833 0.003213
v 0.378521 1.411666 0.054712
v 0.425669 1.407699 0.053978
v 0.401682 1.449913 0.054505
v 0.459377 0.775240 -0.084035
v 0.467182 0.755155 -0.126446
v 0.500052 0.132069 -0.005234
v -0.506174 1.822237 -0.113683
v -0.465720 1.821541 -0.124810
v -0.460341 0.675094 -0.079398
v -0.373388 0.916245 0.056399
v -0.298811 1.023186 0.003250
v -0.259139 0.993542 0.003186
v -0.141078 1.032890 0.003147
v -0.174009 0.998214 0.003159
v -0.077723 1.190329 -0.012663
v -0.061902 1.212409 0.024647
v -0.034488 1.190170 -0.012688
v 0.084686 1.256161 0.024726
v 0.041754 1.289663 0.025487
v 0.047138 1.335709 0.026031
v 0.082411 1.299942 0.025865
v 0.303751 1.129756 0.054974
v 0.265642 1.147736 0.055057
v 0.265783 1.101545 0.055048
v 0.272498 1.058618 0.055043
v 0.312353 1.089865 0.054946
v 0.381883 1.769716 0.003574
v 0.419263 1.737911 0.003698
v 0.458859 0.793336 -0.043121
v -0.505988 1.852886 -0.081940
v -0.499856 1.858282 -0.129623
v -0.504389 1.813393 -0.062817
v -0.463246 0.683454 0.064359
v -0.369547 0.999439 0.054686
v -0.253878 1.310513 0.003174
v -0.146838 1.164138 0.055255
v -0.034215 1.191597 0.070470
v 0.071474 1.895975 0.060983
v 0.312536 1.171487 0.054955
v 0.271856 1.192092 0.055041
v 0.425825 1.776482 0.053709
v 0.407632 1.737536 0.054497
v 0.459483 0.823789 -0.084986
v 0.466494 0.802236 -0.125607
v -0.506262 1.894112 -0.108044
v -0.463549 0.727596 0.064436
v -0.414124 1.116334 0.003883
v -0.257978 1.563246 0.003208
v -0.294474 1.531665 0.003247
v -0.187284 1.758117 0.054959
v -0.134709 1.733244 0.055017
v -0.148325 1.774074 0.054843
v -0.075357 1.266432 0.024743
v -0.033839 1.293622 0.025769
v -0.036953 1.250049 0.024745
v 0.093645 0.281220 0.055324
v 0.201146 0.130901 0.055178
v 0.314589 1.219469 0.054963
v 0.425062 0.134877 0.053418
v 0.499810 0.167050 -0.027788
v -0.505388 1.849213 -0.036502
v -0.504325 1.895499 -0.061442
v -0.460947 0.769887 0.063346
v -0.365523 1.138982 0.054688
v -0.252203 1.688301 0.003254
v -0.140133 0.456251 0.055288
v -0.033601 1.464613 0.036305
v -0.073057 1.487393 0.036269
v -0.072652 1.441990 0.036267
v -0.071418 1.395822 0.036240
v -0.032685 1.417718 0.036276
v 0.065644 0.662308 0.055356
v 0.311600 1.329545 0.003312
v 0.315128 1.373860 0.003305
v 0.379365 0.301212 0.054713
v 0.423490 0.293394 0.054093
v 0.405650 0.339395 0.054392
v 0.459518 0.874981 -0.081938
v 0.465771 0.851179 -0.124415
v -0.505571 1.851560 0.006182
v -0.500804 1.896393 -0.021253
v -0.504165 1.803231 -0.017980
v -0.460320 0.722343 -0.078813
v -0.381243 1.205942 0.003399
v -0.414860 1.160835 0.003866
v -0.422654 1.206122 0.005031
v -0.404478 1.248765 0.003524
v -0.250475 1.806734 0.004201
v -0.182939 0.488151 0.003186
v -0.140369 0.488583 0.003186
v -0.034840 1.512441 0.036307
v 0.097434 0.882004 0.055247
v 0.200549 0.703225 0.003242
v 0.309717 1.467334 0.054994
v 0.419191 0.569165 0.003981
v -0.505934 1.893731 0.018327
v -0.503882 1.847765 0.061544
v -0.504464 1.817273 0.023209
v -0.460382 0.819390 -0.080532
v -0.375689 1.488270 0.054610
v -0.398665 1.524767 0.054372
v -0.267439 1.895437 0.061710
v -0.182055 0.946382 0.003230
v -0.140959 0.918878 0.003221
v -0.037475 1.562003 0.036193
v 0.089780 1.049294 0.055186
v 0.090705 1.089995 0.055185
v 0.202848 0.877501 0.003256
v 0.314905 1.600393 0.054965
v 0.268806 1.600975 0.055024
v 0.422346 0.844203 0.004119
v 0.379321 0.844603 0.003513
v 0.459925 0.930058 -0.088341
v 0.465607 0.900286 -0.124119
v 0.499688 0.205349 -0.047485
v 0.500007 0.205677 -0.087879
v -0.461289 0.852019 0.063500
v -0.459022 0.810998 0.060624
v -0.461654 0.895884 0.063595
v -0.380064 1.560182 0.003386
v -0.418912 1.537300 0.003937
v -0.422072 1.583960 0.004448
v -0.413400 1.635330 0.003739
v -0.385321 1.603278 0.003455
v -0.246734 0.053862 0.055054
v -0.140210 1.235409 -0.012954
v -0.139111 1.276469 -0.013032
v 0.155501 1.217692 -0.011606
v 0.144301 1.260328 -0.012690
v 0.189170 1.240622 0.003225
v 0.210877 1.200754 0.003283
v 0.308248 1.853580 -0.070197
v -0.449980 1.896501 -0.032944
v -0.460334 0.918400 -0.082175
v -0.460344 0.870539 -0.079754
v -0.367944 1.651617 0.054690
v -0.254345 0.226709 0.055067
v -0.293773 0.232723 0.054963
v -0.299354 0.187143 0.054934
v -0.251643 0.183499 0.055067
v -0.030577 1.808426 0.053293
v -0.077650 1.811290 0.052863
v 0.080960 1.344888 0.036260
v 0.043513 1.370188 0.036282
v 0.300234 1.896118 0.059617
v 0.266800 1.896084 0.012317
v -0.460576 1.896714 0.015299
v -0.458927 0.971721 -0.077655
v -0.379016 1.853768 -0.038042
v -0.256673 0.546367 0.055106
v -0.298675 0.524834 0.054997
v -0.247122 0.508460 0.055135
v -0.157371 1.896204 0.059098
v -0.017202 0.072130 0.003271
v 0.081608 1.394444 0.036274
v 0.044909 1.420559 0.036291
v 0.173142 1.283945 0.003291
v 0.304439 1.895578 -0.127210
v 0.378504 1.419577 0.003462
v 0.420400 1.426792 0.003697
v 0.412032 1.383436 0.003572
v 0.459745 0.978392 -0.084717
v 0.467985 0.952434 -0.127140
v -0.504357 1.893448 0.060770
v -0.460704 1.020020 -0.089908
v -0.375446 1.851911 0.054664
v -0.291487 0.728604 0.003312
v -0.251941 0.697277 0.003284
v -0.146779 1.896532 -0.123417
v -0.028051 0.330480 0.003120
v 0.084083 1.444337 0.036305
v 0.044676 1.468497 0.036324
v 0.194302 1.322686 0.003209
v 0.379316 1.493805 0.054697
v 0.421585 1.490502 0.054150
v 0.458951 1.005767 -0.044906
v -0.462347 1.886525 0.065964
v -0.463268 1.026093 0.064312
v -0.460915 1.073147 0.062991
v -0.458980 0.982359 0.060520
v -0.394600 0.127675 0.003624
v -0.367101 0.090246 0.003426
v -0.252575 0.937055 0.055043
v -0.131091 0.239651 0.055285
v -0.019932 0.415391 0.055374
v 0.082429 1.491893 0.036310
v 0.041656 1.516942 0.036324
v 0.192729 1.338632 0.055065
v 0.148297 1.348809 0.070470
v 0.206792 1.296719 0.055075
v 0.318790 0.508168 0.003329
v 0.279231 0.472301 0.003278
v 0.273326 0.511543 0.003272
v 0.423358 1.778353 0.004062
v 0.459705 1.027700 -0.085747
v 0.467422 1.001518 -0.126648
v 0.505607 1.093491 -0.034007
v -0.504300 0.100196 0.017304
v -0.496422 0.096301 0.059528
v -0.460614 1.163637 -0.081170
v -0.418772 0.167121 0.005382
v -0.403098 0.207854 0.003770
v -0.372373 0.167750 0.003452
v -0.287482 1.070770 0.003216
v -0.259577 1.036239 0.003176
v -0.144169 0.963237 0.003191
v -0.025432 0.449884 0.003101
v -0.074267 0.450291 0.003136
v -0.048369 0.488925 0.003121
v 0.078875 1.535897 0.036261
v 0.039235 1.571024 0.036350
v 0.177715 1.382014 0.055052
v 0.140564 1.389851 0.069315
v 0.308538 0.564866 0.055031
v 0.279720 0.593267 0.055088
v 0.272484 0.537362 0.055107
v 0.279342 0.497108 0.055099
v 0.322908 0.520382 0.054980
v 0.428891 0.006340 0.051030
v 0.459023 1.050455 -0.044206
v 0.506399 1.081554 0.013689
v 0.506094 1.132642 -0.004131
v -0.460616 1.214299 -0.080662
v -0.378525 0.251114 0.003482
v -0.421358 0.247803 0.006105
v -0.404198 0.294254 0.003798
v -0.255886 1.433108 0.055012
v -0.296424 1.456576 0.054904
v -0.298783 1.411767 0.054899
v -0.293556 1.366546 0.054908
v -0.255518 1.386417 0.055023
v -0.135223 0.956578 0.055153
v -0.023854 0.523636 0.003105
v -0.073778 0.531409 0.003146
v -0.046429 0.565738 0.003138
v 0.081436 1.577681 0.039977
v 0.146562 1.424384 -0.013250
v 0.177988 1.394552 0.003218
v 0.317596 0.635341 0.003330
v 0.386427 1.156781 0.054638
v 0.393976 1.112549 0.054567
v 0.433036 1.136762 0.051805
v 0.425712 1.176989 0.053763
v 0.459691 1.075766 -0.088474
v 0.467238 1.051891 -0.126403
v 0.501938 1.466655 0.023099
v 0.502952 1.417269 0.022139
v 0.503390 1.432161 -0.016889
v 0.502233 1.478578 -0.016770
v -0.503926 0.108718 -0.030250
v -0.462585 1.210104 0.064092
v -0.459986 1.163086 0.062340
v -0.414865 0.226421 0.053830
v -0.372230 0.236643 0.054639
v -0.255011 1.479639 0.054999
v -0.296558 1.504961 0.054905
v -0.178767 1.339028 0.055052
v -0.175499 1.294701 0.055054
v -0.140344 1.318861 0.070747
v -0.140246 1.360892 0.070730
v -0.176186 1.384384 0.055046
v -0.026589 0.589193 0.055387
v 0.093615 1.683237 0.055064
v 0.158396 1.426617 0.067296
v 0.323785 0.792331 0.054956
v 0.431424 1.853461 -0.042177
v 0.459084 1.093557 -0.044525
v 0.503743 1.377318 0.005055
v -0.460663 1.262434 -0.082043
v -0.418322 0.600043 0.004820
v -0.379595 0.632073 0.003420
v -0.375084 0.583439 0.003420
v -0.410836 0.547972 0.003924
v -0.252770 1.523886 0.054996
v -0.295274 1.549203 0.054911
v -0.136037 1.741791 0.003279
v 0.045717 1.794010 0.003450
v 0.089152 1.778245 0.003372
v 0.090349 1.739402 0.003289
v 0.144574 1.468036 -0.013104
v 0.180456 1.443727 0.003187
v 0.281600 1.016667 0.055022
v 0.320474 1.047243 0.054923
v 0.429510 0.376709 0.052803
v 0.459710 1.119705 -0.089926
v 0.480413 1.103978 -0.130142
v 0.502894 1.496755 -0.051469
v 0.502163 1.532324 -0.029133
v 0.503559 1.447166 -0.061342
v -0.453679 0.086755 0.053850
v -0.455760 0.049077 0.054502
v -0.253097 1.566645 0.055001
v -0.140359 1.895782 -0.031833
v 0.095614 1.772656 0.054896
v 0.192242 1.454033 0.055018
v 0.149729 1.469218 0.070552
v 0.207382 1.413194 0.055037
v 0.429348 0.710676 0.052280
v 0.418709 0.668190 0.054028
v 0.459149 1.136209 -0.044701
v 0.503841 1.534646 -0.078498
v 0.504004 1.484313 -0.087785
v -0.460734 1.308254 -0.081126
v -0.372993 0.781210 -0.011349
v -0.244639 0.135121 0.003249
v -0.022597 0.987404 0.003122
v 0.080066 1.855966 -0.122076
v 0.143749 1.511428 -0.012962
v 0.180123 1.489872 0.003168
v 0.317899 1.345955 0.054977
v 0.428782 0.868464 0.053107
v 0.459541 1.164061 -0.085561
v 0.475266 1.148876 -0.129843
v -0.499121 0.134300 0.057351
v -0.504048 0.137173 0.011096
v -0.460761 1.354891 -0.078066
v -0.248751 0.344505 0.003203
v -0.118851 0.994734 0.003152
v -0.035068 1.320083 0.036241
v -0.071435 1.349004 0.036232
v 0.081487 1.853825 -0.003046
v 0.044652 1.842388 0.007218
v 0.095879 1.853621 -0.043904
v 0.178935 1.496107 0.055043
v 0.148848 1.517566 0.070604
v 0.324433 1.644666 0.054919
v 0.391223 1.348906 0.003515
v 0.423354 1.324931 0.003804
v 0.459308 1.179405 -0.040359
v 0.502571 1.573497 -0.047985
v -0.460626 1.400746 -0.075988
v -0.418570 1.406864 0.003905
v -0.410958 1.449124 0.003539
v -0.371186 1.420574 0.003304
v -0.394089 1.372422 0.003395
v -0.280241 0.350273 0.055045
v -0.250701 0.390585 0.055110
v -0.130822 1.039692 0.055150
v -0.030967 1.341157 0.026035
v 0.087059 0.331935 0.003122
v 0.051679 0.302983 0.003121
v 0.141000 1.554864 -0.012194
v 0.177690 1.537128 0.003172
v 0.324262 1.838797 0.007260
v 0.439351 1.701398 0.051044
v 0.459325 1.208225 -0.076189
v 0.465876 1.193964 -0.124692
v 0.502565 1.614499 -0.020067
v -0.503728 0.152680 -0.033507
v -0.460696 1.497642 -0.079809
v -0.460658 1.450347 -0.078875
v -0.374884 1.515934 0.003328
v -0.413917 1.493376 0.003632
v -0.252059 0.652876 0.055112
v -0.031733 1.369785 0.036271
v 0.091208 0.361739 0.055329
v 0.195080 1.538054 0.055033
v 0.313090 1.896119 0.012181
v -0.374801 1.565857 0.054611
v -0.245432 0.733909 0.055110
v -0.135041 1.276540 0.070655
v -0.029412 1.388084 0.026003
v 0.094469 0.448462 0.055343
v 0.062314 0.490934 0.055356
v 0.315800 0.354682 0.055015
v 0.433592 1.894413 0.063630
v 0.462294 1.234294 -0.111173
v -0.499500 0.173245 0.052088
v -0.503859 0.174570 0.006826
v -0.460516 1.678439 -0.080536
v -0.377640 1.677585 0.003450
v -0.245331 0.744171 0.003286
v -0.137631 1.403798 0.070768
v -0.172792 1.429730 0.055045
v 0.091642 0.537586 0.055344
v 0.057603 0.575129 0.055365
v 0.048323 0.531785 0.055365
v 0.279136 0.426629 0.003281
v 0.319417 0.457281 0.003338
v 0.325092 0.413537 0.003360
v 0.426671 1.893047 -0.129825
v 0.503531 1.663291 -0.033319
v -0.400569 1.896288 -0.032249
v -0.375775 1.896374 -0.075304
v -0.248150 1.107480 0.003172
v -0.126123 1.786902 0.003478
v -0.029776 1.435081 0.025981
v 0.086767 0.702235 0.003170
v 0.194277 1.895728 -0.032187
v 0.311681 0.475256 0.055025
v 0.324043 0.434644 0.054986
v 0.447425 0.046698 0.007850
v 0.459652 1.279726 -0.089467
v -0.503424 0.197358 -0.031825
v -0.374442 1.896312 0.012449
v -0.257034 1.335464 0.055034
v -0.137267 1.853742 -0.077663
v -0.063817 1.675134 0.003207
v -0.028773 1.640580 0.003167
v 0.090124 0.933560 0.003151
v 0.209967 0.086739 0.003256
v 0.322416 0.008218 0.006588
v 0.449328 0.160810 0.007840
v 0.459384 1.324493 -0.081672
v 0.466330 1.309190 -0.125501
v 0.471859 1.267200 -0.129317
v -0.504021 0.210125 0.020102
v -0.491909 0.210210 0.059542
v -0.375656 0.058223 0.054552
v -0.130038 0.004262 0.049033
v 0.057925 1.383829 0.026039
v 0.088678 1.342711 0.026053
v 0.209759 0.171382 0.003193
v 0.327367 0.127629 0.003261
v 0.432115 0.554968 0.051822
v 0.459373 1.342018 -0.039250
v 0.505709 0.115997 -0.075778
v -0.251698 1.517043 0.003175
v -0.290371 1.485761 0.003220
v -0.133786 0.055032 0.003330
v -0.031279 1.896956 0.012265
v 0.085609 1.421485 0.025986
v 0.204784 0.429722 0.003190
v 0.329698 0.138980 0.054925
v 0.445889 1.097371 0.053778
v 0.459468 1.368935 -0.079561
v 0.464962 1.351025 -0.123347
v 0.505444 0.132022 -0.032727
v -0.465783 0.006796 0.003432
v -0.417418 0.348298 0.004823
v -0.415443 0.402466 0.004454
v -0.382977 0.374044 0.003508
v -0.373185 0.329557 0.003458
v -0.251784 1.606507 0.055014
v -0.126096 0.084302 0.055244
v -0.017511 0.195578 0.003147
v 0.088035 1.817912 0.005338
v 0.207258 0.744748 0.055188
v 0.459463 1.387969 -0.038704
v -0.503258 0.240722 -0.010280
v -0.503284 0.234055 -0.050369
v -0.460946 0.104599 -0.088594
v -0.414978 0.447327 0.004381
v -0.365000 0.414374 0.003409
v -0.252977 0.053956 0.003332
v -0.129526 0.365367 0.003153
v -0.019970 0.864229 0.003089
v -0.061391 0.828031 0.003121
v 0.204448 0.953600 0.055100
v 0.324955 0.614324 0.054964
v 0.430180 0.469825 0.052607
v 0.459435 1.414312 -0.078845
v 0.464181 1.393829 -0.121275
v -0.504213 0.251047 0.029341
v -0.460713 0.148050 -0.077286
v -0.402069 0.498324 0.003679
v -0.375271 0.458890 0.003451
v -0.273517 0.271639 0.055046
v -0.119821 0.532227 0.003183
v -0.020411 1.487460 0.026147
v 0.082545 1.895921 -0.076809
v 0.199008 1.804312 0.053525
v 0.452658 0.732378 0.007771
v 0.459302 1.434639 -0.038000
v 0.505565 0.163480 -0.074711
v -0.365833 0.912793 -0.000711
v -0.417529 0.918379 0.004499
v -0.394099 0.950477 0.003532
v -0.242567 0.308378 0.055123
v -0.293462 0.309964 0.055002
v -0.131230 0.657281 0.003213
v -0.026163 1.531758 0.026195
v 0.094511 0.285314 0.003120
v 0.195279 1.845579 0.007221
v 0.322673 0.908126 0.003352
v 0.451539 0.942991 0.053953
v 0.459371 1.458948 -0.080937
v 0.464331 1.438178 -0.121948
v 0.505401 0.174029 -0.021136
v -0.495270 0.250753 0.065540
v -0.456437 0.241385 0.055188
v -0.372882 0.985718 0.003407
v -0.248409 0.814809 0.055048
v -0.127019 1.120293 0.055139
v -0.013538 0.820693 0.003094
v 0.097433 1.017627 0.003144
v 0.206012 1.849707 0.054423
v 0.330836 1.003894 0.054891
v 0.450647 0.954455 0.007502
v 0.459257 1.479867 -0.042425
v 0.506133 0.197798 0.021502
v -0.503142 0.275135 -0.039410
v -0.369789 1.121851 0.003376
v -0.245818 1.018266 0.055053
v -0.128021 1.238713 0.068366
v -0.020430 0.988630 0.055245
v 0.085713 1.569901 0.025946
v 0.202615 1.855098 -0.120675
v 0.324817 1.121845 0.003235
v 0.450332 1.212980 0.053944
v 0.459317 1.504469 -0.082032
v 0.465353 1.482500 -0.124179
v 0.505337 0.200677 -0.050635
v 0.505715 0.217843 -0.085815
v -0.503475 0.287440 0.006087
v -0.370233 1.163823 0.003366
v -0.233708 1.065430 0.003150
v -0.136001 1.448660 0.070656
v -0.170929 1.475590 0.055033
v -0.016665 1.066265 0.003125
v 0.092631 0.185063 0.055299
v 0.210273 0.346784 0.003180
v 0.447189 0.055234 0.053982
v 0.459211 1.527052 -0.041082
v 0.505400 0.223161 -0.012516
v -0.505071 0.288850 0.057397
v -0.375886 1.288305 0.003379
v -0.420540 1.292688 0.004332
v -0.400462 1.331287 0.003459
v -0.248888 1.191641 0.003257
v -0.135289 1.495633 0.070719
v -0.168560 1.523308 0.055034
v -0.032401 1.577223 0.023727
v 0.102282 0.236926 0.003135
v 0.205155 0.405997 0.055226
v 0.321238 1.553844 0.054983
v 0.446291 0.483501 0.007659
v 0.459441 1.548322 -0.085750
v 0.464997 1.529943 -0.123382
v 0.505307 0.247109 -0.049809
v -0.458331 0.287667 0.059500
v -0.458650 0.378156 0.060379
v -0.458519 0.423532 0.059627
v -0.457845 0.333305 0.057808
v -0.371172 1.469673 0.003295
v -0.247371 1.234387 0.055075
v -0.132963 1.499994 -0.012775
v -0.169953 1.522110 0.003243
v -0.129648 1.541010 -0.011512
v -0.017979 1.687661 0.003217
v 0.095072 0.465190 0.003153
v 0.105122 0.506395 0.003168
v 0.210320 0.571969 0.003236
v 0.313584 1.809974 0.052763
v 0.329978 1.769083 0.054728
v 0.451890 0.626896 0.007832
v 0.458471 0.591964 0.007760
v 0.458888 1.571131 -0.047255
v 0.506227 0.250040 0.023038
v -0.361712 1.637420 0.003336
v -0.247827 1.470500 0.003140
v -0.118341 0.098108 0.003249
v -0.015406 0.017085 0.004140
v 0.103031 0.588200 0.055342
v 0.056044 0.619220 0.055359
v 0.215233 0.745914 0.003257
v 0.455482 0.629146 0.053120
v 0.459457 1.588903 -0.086460
v 0.474603 1.578334 -0.129711
v 0.505834 0.269371 -0.086132
v -0.503163 0.315927 -0.031746
v -0.459343 0.467292 0.061899
v -0.368205 1.759709 0.003489
v -0.244625 1.683901 0.055015
v -0.122782 0.409691 0.055291
v -0.014250 0.042732 0.055191
v 0.099079 0.630223 0.055341
v 0.210538 0.961307 0.003212
v 0.330321 0.274786 0.003363
v 0.329377 0.318595 0.003369
v 0.446041 1.329291 0.053613
v 0.449837 1.367498 0.053911
v 0.505387 0.272273 -0.012539
v -0.503705 0.329954 0.014783
v -0.355177 1.812665 0.052284
v -0.120516 0.448835 0.003164
v -0.006166 0.284718 0.055383
v 0.100930 1.004340 0.055184
v 0.215862 1.366382 0.003222
v 0.327650 0.368086 0.003369
v 0.449174 1.448647 0.053920
v 0.458711 1.624437 -0.063875
v 0.505260 0.295267 -0.052143
v -0.501942 0.325088 0.064108
v -0.364695 0.005219 0.008752
v -0.238939 0.221173 0.003205
v -0.120060 0.636815 0.055312
v -0.009137 1.069015 0.055220
v 0.090426 1.189568 -0.012615
v 0.208574 1.659379 0.003188
v 0.166127 1.688056 0.003238
v 0.208664 1.706650 0.003268
v 0.455296 1.452885 0.006631
v 0.462927 1.616887 -0.116279
v -0.361112 0.102907 0.054688
v -0.242934 0.430727 0.003214
v -0.124538 0.704458 0.003205
v -0.014704 1.210953 0.024447
v 0.109589 1.378462 0.025594
v 0.213888 1.713593 0.055016
v 0.330204 0.679587 0.003359
v 0.448690 1.842949 0.003223
v 0.457705 1.800734 0.003237
v 0.458700 1.674940 -0.057413
v 0.459815 1.658145 -0.092857
v 0.506037 0.323399 -0.087277
v -0.503238 0.356309 -0.030595
v -0.365436 0.537010 0.003398
v -0.237649 0.583456 0.055139
v -0.123859 0.828119 0.055225
v -0.015633 1.212783 0.036448
v 0.110118 1.593947 0.070720
v 0.208692 0.213936 0.055169
v 0.324156 0.747992 0.054963
v 0.439302 1.896401 -0.049091
v 0.459500 1.708258 -0.083742
v 0.466223 1.691664 -0.125480
v 0.474143 1.650643 -0.129607
v 0.505416 0.317176 -0.014114
v -0.504100 0.363963 0.061440
v -0.503693 0.373726 0.013295
v -0.240569 0.595020 0.003261
v -0.132592 1.323618 -0.012381
v -0.131146 1.366724 -0.012089
v -0.019223 1.853787 -0.080092
v -0.009666 1.853708 -0.039801
v 0.097214 1.626260 0.003196
v 0.221254 0.823859 0.055140
v 0.328119 0.992428 0.003279
v 0.448103 0.171658 0.066844
v 0.459105 1.726615 -0.042119
v 0.505309 0.342967 -0.046918
v -0.372806 1.855031 -0.121713
v -0.238169 0.790431 0.003293
v -0.131473 1.457399 -0.012310
v -0.129571 1.413409 -0.011395
v -0.020327 1.851856 0.054663
v 0.100704 0.023188 0.054813
v 0.101100 0.066618 0.055263
v 0.206107 1.611596 0.003205
v 0.210153 1.564013 0.003170
v 0.331087 1.421975 0.054958
v 0.432249 0.258688 0.079367
v 0.459613 1.753414 -0.079635
v 0.465245 1.733372 -0.123954
v -0.357019 0.208514 0.003366
v -0.244575 1.102916 0.055055
v -0.022999 1.896625 -0.122477
v 0.109009 0.090977 0.003246
v 0.325567 1.854608 -0.118783
v 0.454784 0.807794 0.007874
v 0.505809 0.375783 -0.079978
v -0.503343 0.398858 -0.030735
v -0.353414 0.288229 0.003373
v -0.243332 1.425054 0.003136
v -0.129709 1.543418 0.069035
v -0.004825 0.150565 0.003173
v 0.105346 0.493795 0.055331
v 0.221879 1.853598 -0.039075
v 0.322065 1.896116 -0.032098
v 0.448056 0.827098 0.054025
v 0.463956 1.774467 -0.120531
v -0.503865 0.404915 0.062063
v -0.460634 0.937315 0.063174
v -0.349818 0.494829 0.003375
v -0.238690 1.646835 0.003226
v -0.116514 1.585655 0.067570
v -0.054475 0.607217 0.003150
v -0.016862 0.644011 0.003134
v -0.007430 0.599632 0.003129
v 0.105150 1.101622 0.003148
v 0.206222 1.895981 -0.076754
v 0.332339 0.226682 0.054932
v 0.450745 0.883308 0.007605
v 0.505392 0.383198 -0.033748
v -0.503746 0.416770 0.013578
v -0.357344 1.243963 0.003343
v -0.248684 1.855505 -0.121811
v -0.117545 1.686451 0.055030
v 0.110244 1.128994 0.055179
v 0.211640 0.261750 0.003184
v 0.334182 0.309569 0.054948
v 0.456412 1.059776 0.053432
v 0.479469 1.893263 0.064649
v 0.506202 0.399452 0.013851
v -0.459981 1.118573 0.062466
v -0.366695 1.848588 0.006795
v -0.247439 1.896290 -0.076330
v -0.124772 1.813798 0.052261
v -0.010680 1.148615 0.003147
v 0.104043 1.185206 0.070408
v 0.215422 0.910295 0.055112
v 0.330351 0.775330 0.003405
v 0.455790 1.195479 0.006320
v 0.449396 1.235642 0.007025
v 0.468773 0.020243 -0.112319
v 0.466544 0.024708 -0.071183
v 0.469732 0.052421 -0.118533
v 0.466092 0.058976 -0.080903
v 0.499781 0.016838 -0.122902
v 0.472587 0.058087 -0.122572
v 0.505708 0.423940 -0.074850
v -0.503408 0.441676 -0.030005
v -0.351891 1.329515 0.003312
v -0.235104 0.140382 0.055098
v -0.119985 0.197198 0.055278
v -0.011485 1.152031 0.055192
v 0.217976 1.043219 0.003159
v 0.329292 1.249038 0.003374
v 0.464336 0.019438 -0.029311
v 0.460659 0.057911 -0.038169
v 0.466090 0.057474 -0.037908
v 0.460675 0.069014 -0.080275
v 0.505482 0.423012 -0.028434
v -0.504136 0.446279 0.061291
v -0.344728 1.525960 0.054779
v -0.241276 0.551332 0.003240
v -0.119099 0.318006 0.003153
v -0.119872 0.268193 0.003157
v -0.005251 1.729913 0.003281
v 0.095875 1.853243 0.054775
v 0.209583 1.159518 0.003236
v 0.332745 1.301566 0.054933
v 0.437752 1.533505 0.049385
v 0.506240 0.445736 0.013881
v -0.503780 0.460984 0.013470
v -0.459772 1.351150 0.062019
v -0.356080 1.731789 0.054717
v -0.235412 1.268521 0.003195
v -0.008185 1.765873 0.054985
v 0.093828 1.896030 0.010601
v 0.219454 1.252692 0.055091
v 0.329362 1.627184 0.003237
v 0.329916 1.583159 0.003264
v 0.448817 1.817277 0.054164
v 0.470255 0.091210 -0.120223
v 0.501697 0.058463 -0.119827
v 0.505544 0.463136 -0.031918
v 0.505884 0.471525 -0.077151
v -0.459394 1.400101 0.061621
v -0.355007 1.896131 -0.031407
v -0.241862 1.382709 0.003152
v -0.118453 0.749296 0.003188
v 0.105097 0.000439 0.020370
v 0.213533 1.755661 0.003310
v 0.330160 1.670457 0.003233
v 0.454377 1.849827 -0.081248
v 0.460549 0.100198 -0.040463
v -0.503466 0.486051 -0.029777
v -0.351298 0.186020 0.054763
v -0.235291 1.764318 0.054881
v -0.123836 1.115075 0.003191
v -0.005546 0.119104 0.055356
v 0.104215 0.630874 0.003199
v 0.115839 0.673892 0.003203
v 0.456346 1.896625 0.021063
v 0.460505 0.115388 -0.081184
v 0.506163 0.490430 0.011354
v -0.504378 0.488706 0.060679
v -0.358125 0.693997 0.054730
v -0.249945 1.852580 0.004296
v -0.124905 1.580093 -0.008746
v -0.010139 0.240731 0.055383
v 0.094045 0.858948 0.003135
v 0.107849 0.813914 0.003164
v 0.220217 0.053495 0.055123
v 0.224233 0.093601 0.055128
v 0.338104 0.005604 0.050604
v 0.459016 0.120772 0.007643
v 0.470319 0.132340 -0.120475
v 0.502547 0.104020 -0.119025
v 0.505592 0.505036 -0.034327
v -0.503813 0.506232 0.012906
v -0.465742 0.060644 -0.001401
v -0.358592 0.866680 -0.004008
v -0.239667 1.853757 -0.039567
v -0.123578 1.843741 0.007245
v -0.007479 0.408542 0.003100
v 0.113025 0.895035 0.003161
v 0.221542 0.529928 0.055207
v 0.343693 0.051084 0.003371
v 0.447884 0.335328 0.007603
v 0.458915 0.292186 0.003815
v 0.460664 0.144430 -0.040295
v 0.506085 0.518110 -0.079725
v -0.342860 0.950989 0.003372
v -0.238305 1.850646 0.054452
v -0.109052 0.223428 0.003164
v -0.004249 0.772756 0.003117
v 0.100036 1.896610 -0.122982
v 0.222990 0.698694 0.055176
v 0.450971 0.328360 0.053907
v 0.460378 0.160171 -0.083494
v 0.506131 0.535897 0.008043
v -0.503482 0.529917 -0.032230
v -0.348727 1.716435 0.003322
v -0.246511 1.896090 0.012238
v -0.115686 0.502541 0.055306
v -0.115196 0.549344 0.055314
v -0.001474 0.945312 0.003124
v 0.106587 0.039141 0.003407
v 0.215947 1.280540 0.003250
v 0.334338 0.554193 0.003361
v 0.454497 0.374447 0.007843
v 0.470197 0.174275 -0.120404
v 0.501801 0.147279 -0.118805
v 0.505640 0.547338 -0.039807
v -0.504504 0.532019 0.060210
v -0.348593 1.799859 0.004231
v -0.237622 0.006557 0.007678
v -0.116886 0.910103 0.055207
v -0.012039 1.896418 -0.031852
v 0.110810 0.140313 0.055288
v 0.223092 1.800817 0.003896
v 0.343126 0.959272 0.054860
v 0.456932 0.412024 0.007641
v 0.506466 0.564516 -0.084488
v -0.503845 0.550069 0.012318
v -0.353287 1.853768 -0.077965
v -0.237064 0.299395 0.003193
v -0.121908 1.193999 0.069674
v 0.112967 0.182610 0.003150
v 0.217007 0.006389 0.051238
v 0.212539 0.010949 0.005486
v 0.332567 1.420236 0.003330
v 0.453935 0.661921 0.007953
v 0.505733 0.584264 -0.012171
v 0.506795 0.576920 0.026666
v -0.345300 0.129374 0.003353
v -0.236055 0.350214 0.055139
v 0.001872 0.458526 0.055392
v 0.109702 0.321899 0.055303
v 0.333863 1.501831 0.054951
v 0.451045 0.753789 0.053866
v 0.475062 0.213961 -0.123685
v 0.501882 0.189932 -0.118339
v 0.505663 0.592116 -0.051084
v -0.503550 0.573469 -0.031796
v -0.458178 1.449717 0.057972
v -0.350298 1.183231 0.054763
v -0.232388 0.467338 0.055164
v 0.004070 0.487145 0.003098
v 0.113759 0.424745 0.003149
v 0.218422 0.284781 0.055183
v 0.236453 0.244806 0.055140
v 0.331024 1.538488 0.003275
v 0.330179 1.495762 0.003284
v 0.458936 1.066685 0.005745
v 0.458968 1.027724 0.007428
v 0.506495 0.615295 -0.083857
v -0.504696 0.575274 0.059573
v -0.353941 1.375914 0.003296
v -0.233554 0.773888 0.055092
v -0.125025 1.855863 -0.121542
v -0.000352 0.558650 0.003120
v 0.232652 0.304732 0.003210
v 0.457586 1.572580 0.003171
v 0.455629 1.530501 0.007497
v 0.506422 0.621367 0.015561
v 0.505639 0.633024 -0.032058
v -0.503889 0.593323 0.012224
v -0.346282 0.522833 0.054810
v -0.233557 0.836053 0.003252
v -0.123600 1.895877 -0.076098
v -0.003795 0.812377 0.055335
v 0.000968 0.860508 0.055328
v 0.109034 0.673575 0.055326
v 0.225602 0.449472 0.055204
v 0.332861 1.714080 0.003288
v 0.440468 1.601471 0.081020
v 0.453746 1.638846 0.074601
v 0.501202 0.237558 -0.120568
v -0.355740 0.822361 0.002204
v -0.227441 0.879700 0.003282
v -0.115042 0.157394 0.055275
v -0.000565 1.296345 0.036251
v -0.000882 1.252273 0.036277
v 0.113510 0.960371 0.055180
v 0.224784 0.616943 0.003264
v 0.329520 1.853994 0.054655
v 0.459019 1.740423 0.053269
v 0.506718 0.281186 -0.126552
v -0.503676 0.617284 -0.031341
v -0.353802 0.876751 0.056523
v -0.234433 0.892226 0.055102
v -0.118720 0.355868 0.055292
v -0.010004 1.593726 -0.012854
v 0.120302 1.667243 0.003236
v 0.221062 0.831468 0.003264
v 0.346149 0.725078 0.003429
v 0.462035 1.896432 -0.018713
v 0.504337 0.322352 -0.130014
v -0.504729 0.617453 0.059652
v -0.450930 1.738969 0.053778
v -0.351884 1.275011 0.054766
v -0.340761 1.233041 0.054818
v -0.236926 1.150489 0.003228
v -0.114263 0.684365 0.055301
v 0.005639 0.198921 0.055352
v 0.119060 1.815541 0.052044
v 0.228296 1.119759 0.003175
v 0.340123 0.699781 0.054892
v 0.459575 0.095064 0.054002
v 0.507326 0.363282 -0.125763
v 0.506210 0.663661 0.011454
v -0.503894 0.636602 0.011984
v -0.457459 1.791103 0.056958
v -0.457316 1.836495 0.057388
v -0.343463 1.315111 0.054792
v -0.224078 0.175934 0.003207
v -0.113736 0.781467 0.055247
v 0.001538 0.370106 0.055378
v 0.216185 1.418365 0.003183
v 0.333021 0.852865 0.003405
v 0.462512 1.251406 0.056790
v 0.507759 0.407033 -0.123038
v 0.505597 0.679737 -0.033198
v -0.342166 1.437255 0.054792
v -0.226049 0.264090 0.055147
v -0.109250 1.071744 0.003136
v -0.002161 0.761913 0.055351
v 0.217763 1.513727 0.003147
v 0.330036 0.916512 0.054901
v 0.456814 1.359677 0.007423
v 0.458568 1.405065 0.005101
v 0.507793 0.450682 -0.123259
v -0.503676 0.662904 -0.031866
v -0.352356 1.896495 -0.123071
v -0.232861 1.599454 0.003194
v -0.120298 1.190276 -0.012285
v -0.000571 0.906447 0.055294
v 0.115402 0.395072 0.055314
v 0.221870 1.660586 0.055045
v 0.227037 1.616969 0.055056
v 0.335012 1.075326 0.003249
v 0.454337 1.573825 0.055132
v 0.507645 0.495791 -0.124793
v -0.504875 0.659637 0.059333
v -0.345482 0.012481 0.053219
v -0.224948 1.763006 0.003346
v -0.116197 1.620641 0.003417
v -0.001821 0.950341 0.055265
v 0.121174 0.548844 0.003201
v 0.339252 1.758283 0.003407
v 0.456977 1.604509 -0.016883
v 0.507362 0.541900 -0.126365
v 0.505577 0.727326 -0.032866
v -0.503847 0.679741 0.012144
v -0.340517 0.368239 0.003362
v -0.220312 0.511216 0.003216
v -0.109573 1.665627 0.003215
v 0.004163 1.025481 0.003121
v 0.112102 0.756981 0.055279
v 0.221714 1.895810 0.060890
v 0.222454 1.896033 0.012007
v 0.330266 1.896289 -0.076845
v 0.507153 0.590134 -0.126305
v -0.342902 0.649523 0.054821
v -0.218568 0.621923 0.055165
v 0.002493 1.771772 0.003298
v 0.121247 0.768524 0.003194
v 0.240420 0.045920 0.003374
v 0.338091 0.227565 0.003342
v 0.466424 0.001878 0.003651
v 0.507819 0.638028 -0.125872
v -0.499030 0.703076 0.054647
v -0.466018 0.099740 -0.077106
v -0.465954 0.138241 -0.058104
v -0.341281 0.738922 0.054808
v -0.233814 0.691894 0.055132
v -0.116977 1.896103 0.012508
v -0.001569 0.001308 0.044012
v 0.124710 1.211964 0.036725
v 0.116881 1.256988 0.036179
v 0.232706 0.128007 0.003231
v 0.460582 0.082754 0.004414
v 0.505615 0.773769 -0.032639
v -0.503544 0.706471 -0.032091
v -0.353097 1.070435 0.054746
v -0.335294 1.109162 0.054803
v -0.222481 0.924772 0.003236
v -0.106702 0.044785 0.055174
v 0.011634 0.104049 0.003234
v 0.122406 1.492400 0.024790
v 0.121631 1.530647 0.025041
v 0.236300 0.325347 0.055162
v 0.342387 0.391918 0.054921
v 0.455397 0.261476 -0.018933
v 0.459216 0.221848 -0.015216
v -0.503722 0.723877 0.011876
v -0.460153 1.061285 -0.064026
v -0.226287 0.973354 0.055076
v -0.105827 0.310626 0.055307
v 0.004428 0.364760 0.003109
v 0.112872 1.853680 -0.085849
v 0.229901 0.916131 0.003237
v 0.342678 0.873379 0.054877
v -0.341044 1.393139 0.054785
v -0.228317 1.641330 0.055035
v 0.000349 0.707649 0.055369
v 0.118620 0.835106 0.055233
v 0.225595 1.070906 0.055093
v 0.231636 1.028576 0.055083
v 0.337262 1.169441 0.003302
v 0.459201 0.449815 0.001579
v 0.508703 0.826028 -0.124889
v 0.505846 0.821342 -0.034117
v -0.499267 0.746446 0.055027
v -0.344188 1.609781 0.054780
v -0.223679 1.719513 0.003276
v -0.103066 0.797316 0.003157
v 0.003382 0.723635 0.003136
v 0.117437 0.973188 0.003175
v 0.224303 1.116684 0.055099
v 0.338757 1.259502 0.054904
v 0.460039 0.552315 0.004561
v 0.460208 0.515585 0.003255
v 0.508484 0.874742 -0.125558
v 0.506778 0.845589 -0.078411
v -0.503572 0.750875 -0.031342
v -0.344029 1.591161 0.003303
v -0.217640 0.091864 0.003268
v -0.109835 0.994902 0.055189
v -0.002423 1.706130 0.055107
v 0.125500 1.210349 0.024314
v 0.227632 1.208501 0.055105
v 0.353040 0.050308 0.054784
v 0.508388 0.922985 -0.125018
v -0.503758 0.768136 0.012218
v -0.336857 1.689663 0.054809
v -0.232570 1.184410 0.055085
v -0.219756 1.138825 0.055085
v -0.105358 1.076826 0.055182
v 0.002348 1.812791 0.003728
v 0.116164 1.726903 0.055038
v 0.224517 1.369806 0.055052
v 0.344539 0.176607 0.003323
v 0.462180 1.020290 0.056128
v 0.506005 0.867855 -0.033670
v -0.465968 0.030148 -0.055815
v -0.465868 0.060075 -0.051026
v -0.349773 1.895613 0.061722
v -0.102675 1.153618 0.003263
v -0.001047 1.856145 -0.122075
v 0.111658 1.895682 -0.033727
v 0.219725 1.466337 0.003162
v 0.459769 1.109457 0.004182
v -0.499046 0.788579 0.056183
v -0.465878 0.016146 -0.021179
v -0.460648 0.062774 -0.038428
v -0.339474 0.052691 0.003369
v -0.221703 1.226783 0.003238
v -0.115375 1.632120 0.055082
v -0.006851 1.896539 0.060800
v 0.123795 1.056093 0.003143
v 0.347627 0.952464 0.003375
v 0.459201 1.152104 0.003922
v 0.506775 0.890846 -0.078078
v -0.503698 0.795462 -0.031344
v -0.338923 0.401416 0.054830
v -0.348162 0.446481 0.054799
v -0.217638 1.348898 0.003191
v 0.015160 0.676641 0.003136
v 0.221228 1.491653 0.055015
v 0.347642 1.132377 0.054831
v 0.506073 0.913822 -0.033684
v -0.503841 0.811279 0.012121
v -0.466080 0.132084 -0.019090
v -0.334602 0.565922 0.054872
v -0.229395 1.896762 -0.123321
v -0.107279 0.008573 0.006394
v 0.016109 0.655536 0.055386
v 0.236516 1.853608 -0.082200
v 0.344234 1.292332 0.003413
v 0.456985 1.644239 -0.017996
v 0.506881 0.937059 0.013426
v -0.341066 0.662306 0.003285
v -0.336793 0.614844 0.003286
v -0.219026 0.093417 0.055128
v -0.100103 0.408194 0.003144
v 0.009545 1.027931 0.055237
v 0.125647 1.323527 0.036550
v 0.122327 1.366427 0.036258
v 0.229913 0.169162 0.055129
v 0.350936 1.377277 0.054867
v 0.453201 1.684246 -0.018518
v 0.503005 1.234712 -0.123197
v -0.498885 0.829589 0.055866
v -0.336385 0.708286 0.003289
v -0.213578 0.364896 0.003182
v -0.096728 0.576505 0.003177
v 0.003875 1.261951 0.024700
v 0.124204 1.451562 0.024704
v 0.226808 0.216271 0.003206
v 0.351986 1.459958 0.003372
v 0.458593 1.707182 0.008026
v 0.506043 0.957360 -0.028963
v -0.503826 0.839707 -0.033062
v -0.344784 0.953319 0.054793
v -0.217189 0.424597 0.055178
v -0.110463 0.731710 0.055277
v 0.005804 1.313729 0.025967
v 0.124996 1.527945 0.036315
v 0.125407 1.571696 0.030851
v 0.231864 0.491084 0.003221
v 0.240166 0.447056 0.003221
v 0.341839 1.689634 0.054860
v 0.461019 1.852526 0.059861
v 0.506764 0.983475 0.014426
v -0.504050 0.854224 0.011564
v -0.459789 0.058537 0.006315
v -0.337699 1.030440 0.054799
v -0.217019 0.848387 0.055085
v -0.104413 0.844598 0.003153
v 0.005512 1.344808 0.036287
v 0.119121 1.585904 -0.010145
v 0.239213 0.490172 0.055179
v 0.335289 1.853624 -0.034772
v 0.456055 1.854531 -0.123294
v -0.333139 1.353164 0.054806
v -0.221465 1.056075 0.055092
v -0.100119 1.710088 0.003265
v 0.004633 1.489154 0.036339
v 0.005889 1.442980 0.036322
v 0.109361 1.896567 0.056050
v 0.233123 0.652606 0.055172
v 0.235735 0.610818 0.055169
v 0.354601 0.179155 0.054835
v 0.461764 0.406680 0.054965
v 0.463466 0.447737 0.058561
v 0.506304 1.373321 -0.124836
v 0.505747 1.002568 -0.027394
v -0.504718 0.871119 0.059571
v -0.465949 0.095240 -0.032462
v -0.336900 1.545515 0.003284
v -0.219352 1.312324 0.055090
v -0.215691 1.266944 0.055101
v -0.103741 1.773386 0.054868
v 0.002994 1.534619 0.036322
v 0.131518 0.098150 0.055255
v 0.237222 0.778964 0.055127
v 0.348492 0.563505 0.054858
v 0.463992 0.492783 0.060012
v 0.503987 1.415380 -0.128509
v -0.503945 0.884145 -0.032659
v -0.331168 0.147238 0.054832
v -0.214085 1.720756 0.055008
v -0.121970 1.895058 0.062683
v -0.104043 1.853306 0.053427
v -0.000265 1.577965 0.041249
v 0.119401 0.216768 0.055279
v 0.132591 0.256177 0.055284
v 0.229413 0.867781 0.055106
v 0.351448 0.599616 0.003401
v 0.506346 1.456197 -0.121059
v 0.506538 1.031326 0.015003
v -0.504223 0.897390 0.011783
v -0.331917 0.245997 0.003303
v -0.222600 1.853753 -0.079254
v -0.106004 1.853726 -0.035546
v 0.008534 1.602858 0.069479
v 0.119554 0.356845 0.003134
v 0.227384 1.163927 0.055108
v 0.353362 1.803509 0.004461
v 0.504287 1.505776 -0.125238
v 0.505633 1.048272 -0.027039
v -0.229191 1.895641 0.061509
v 0.007612 1.658118 0.055108
v 0.353857 1.853642 -0.077710
v 0.460305 0.770423 0.000184
v 0.504953 1.548784 -0.124499
v -0.504681 0.912387 0.059860
v -0.328124 0.355059 0.054885
v -0.336623 0.310819 0.054846
v -0.225757 1.896051 -0.031756
v -0.096320 0.122403 0.055295
v 0.126866 0.723572 0.003207
v 0.236307 1.238103 0.003283
v 0.342695 1.896257 0.059380
v 0.462456 0.902083 0.056237
v -0.504082 0.929813 -0.030059
v -0.219230 0.007181 0.051279
v -0.101589 0.175624 0.003170
v 0.232377 1.569982 0.055034
v 0.356447 0.263445 0.054845
v 0.459964 1.312589 0.000925
v -0.504346 0.940664 0.014115
v -0.326511 0.484772 0.054902
v -0.205424 0.261803 0.003182
v 0.000276 1.896566 -0.076252
v 0.127387 0.917364 0.055181
v 0.232957 1.759365 0.054934
v 0.459426 1.492226 -0.001429
v 0.489054 1.598835 0.065999
v 0.499372 1.639162 0.062581
v -0.328440 0.572364 0.003290
v -0.216909 0.972851 0.003170
v -0.095039 0.267472 0.055329
v 0.015556 0.073883 0.055320
v 0.355309 0.810028 0.003466
v 0.458207 1.755043 -0.001242
v -0.504048 0.953428 0.061686
v -0.332348 0.755213 0.003314
v -0.218455 1.017786 0.003151
v 0.011480 0.273773 0.003118
v 0.011786 0.318900 0.003110
v 0.126842 1.258598 0.024546
v 0.127383 1.300339 0.024454
v 0.223708 1.896584 -0.123498
v 0.355674 0.829774 0.054805
v -0.504233 0.973848 -0.022714
v -0.460616 0.101706 -0.049353
v -0.334722 1.051394 0.003293
v -0.336783 1.003019 0.003325
v -0.106530 0.892307 0.003167
v 0.014522 0.503572 0.055386
v 0.123799 1.410368 0.036351
v 0.229430 0.369509 0.055188
v 0.354691 1.030644 0.003330
v 0.460545 0.185478 -0.014941
v 0.506037 1.177115 -0.028024
v -0.504399 0.984683 0.020615
v -0.460583 0.096702 -0.001068
v -0.337554 1.196887 0.003294
v -0.212767 1.547540 0.003164
v -0.101028 0.948059 0.003160
v 0.010708 1.106620 0.003128
v 0.126949 1.487488 0.036991
v 0.129885 1.447663 0.039231
v 0.237647 0.393786 0.003220
v 0.357126 1.083703 0.054796
v 0.459278 0.283343 0.054401
v 0.464967 1.818062 -0.123207
v 0.502200 1.789378 -0.128833
v -0.500472 0.993090 0.064883
v -0.334325 1.480723 0.054814
v -0.214291 1.804567 0.053379
v -0.101940 1.157259 0.055141
v 0.352660 1.186423 0.054818
v 0.506221 1.221709 -0.022362
v -0.504018 1.007672 -0.048298
v -0.460860 0.136475 -0.031424
v -0.442769 0.128492 0.007777
v -0.332340 1.499570 0.003256
v -0.212874 0.460441 0.003202
v -0.103853 0.594899 0.055328
v 0.008492 1.187172 -0.012703
v 0.236526 0.661238 0.003265
v 0.354578 1.216578 0.003407
v -0.503840 1.022175 -0.001319
v 0.011013 1.192265 0.070336
v 0.129186 1.714250 0.003268
v 0.236816 0.999622 0.003176
v 0.355535 1.457061 0.054858
v 0.466413 0.091840 -0.014832
v 0.467084 0.083880 0.024694
v -0.505222 1.027460 0.047614
v -0.213116 0.671852 0.003262
v -0.215961 0.628488 0.003256
v 0.011915 1.362110 0.026016
v 0.121505 1.858293 -0.126050
v 0.235589 1.324423 0.003256
v 0.358170 1.731794 0.054822
v 0.460772 0.989374 -0.002043
v 0.465941 0.095990 -0.058717
v 0.466529 0.096776 -0.101130
v 0.506088 1.264029 -0.038143
v -0.504688 1.040701 -0.082332
v -0.460757 0.164675 0.002589
v -0.460882 0.179378 -0.040147
v -0.333178 0.062654 0.054824
v 0.006480 1.395225 0.036291
v 0.123554 1.853790 -0.002815
v 0.239991 1.326325 0.055062
v 0.345315 1.895860 -0.126253
v -0.325667 0.267749 0.054887
v -0.332728 0.222383 0.054840
v -0.217964 1.361441 0.055081
v -0.105713 1.896670 -0.122972
v 0.013528 1.406643 0.025990
v 0.238507 1.446348 0.055029
v 0.469164 0.106250 0.055657
v 0.501235 0.085797 0.053595
v 0.505078 1.306332 -0.023332
v -0.503717 1.052143 -0.034403
v -0.215291 1.409803 0.055061
v -0.097906 0.451013 0.055323
v 0.351167 0.476201 0.054866
v 0.498121 0.094762 -0.124324
v -0.504111 1.067998 0.013427
v -0.453562 0.203257 0.008121
v -0.331432 0.447630 0.003328
v -0.213959 1.456042 0.055053
v -0.095280 0.490890 0.003152
v 0.007346 1.453252 0.026063
v 0.127514 1.179819 -0.011270
v 0.240909 0.539232 0.003244
v 0.361858 0.654072 0.054775
v 0.460613 1.679976 0.064188
v 0.466786 0.127180 0.011966
v -0.502100 1.062408 -0.125041
v -0.460517 0.221120 -0.040448
v -0.211024 1.502008 0.055039
v -0.095929 0.625416 0.003180
v 0.007062 1.853867 0.000678
v 0.239074 0.787444 0.003282
v 0.466158 0.130335 -0.036344
v -0.503026 1.061795 0.063000
v -0.209595 1.548112 0.055037
v -0.118423 1.254684 0.023408
v -0.109517 1.211058 0.024538
v 0.130067 1.411405 0.022800
v 0.243642 0.986480 0.055066
v 0.351486 1.337345 0.003430
v 0.465857 0.136656 -0.078532
v 0.473760 0.131328 -0.123134
v 0.504099 1.348555 -0.032880
v -0.504299 1.080351 -0.072208
v -0.460492 0.240392 0.000615
v -0.116204 1.298264 0.024461
v 0.012786 0.557534 0.055391
v 0.243451 0.567770 0.055167
v 0.359858 1.381343 0.003443
v -0.503700 1.096357 -0.027786
v -0.459795 0.266490 -0.040009
v -0.335260 0.829410 0.054852
v -0.116009 1.337690 0.036848
v -0.117248 1.296388 0.037339
v 0.014876 0.605586 0.055385
v 0.460003 0.204997 0.054672
v 0.468327 0.145553 0.051293
v 0.501355 0.129933 0.046550
v -0.505215 1.100197 -0.113903
v -0.456417 0.279166 0.006987
v -0.211552 0.219033 0.055158
v -0.114986 1.378809 0.036601
v 0.123954 1.895952 -0.077568
v 0.466396 0.159482 -0.011466
v 0.468028 0.179298 0.024305
v 0.504085 1.395362 -0.040858
v -0.504106 1.101645 0.060744
v -0.504211 1.114990 0.014212
v 0.230814 1.846039 0.007189
v 0.361288 0.347247 0.054825
v 0.465788 0.173894 -0.055406
v 0.505337 1.409296 -0.084265
v -0.459761 0.312473 -0.036357
v -0.333150 1.096483 0.003299
v 0.007389 1.571167 0.025460
v 0.236665 1.896107 -0.032092
v 0.355040 0.479517 0.003411
v 0.467290 0.168725 -0.107412
v -0.504296 1.122447 -0.070951
v -0.446020 0.313613 0.007612
v -0.330887 1.283125 0.003280
v 0.501277 0.168336 -0.120294
v -0.503841 1.141597 -0.028961
v -0.330296 1.453344 0.003243
v 0.011442 1.623178 0.003231
v 0.493818 0.173171 0.059904
v -0.459652 0.347302 0.000322
v -0.459772 0.360256 -0.042398
v 0.466339 0.196710 -0.018941
v -0.504150 1.144054 0.061214
v -0.331412 1.569174 0.054820
v 0.465764 0.200140 -0.086158
v 0.486996 0.204926 -0.124919
v -0.504422 1.159090 0.013740
v -0.210135 1.498852 0.003135
v -0.114832 1.422179 0.036580
v 0.465150 0.227799 -0.057396
v -0.457878 0.385511 0.006041
v -0.115280 1.467676 0.036649
v 0.468810 0.225126 0.020834
v 0.471157 0.208739 0.058384
v -0.459685 0.405489 -0.040465
v -0.114501 1.514142 0.036406
v 0.132952 1.644612 0.055041
v 0.467892 0.237132 -0.104689
v -0.503941 1.185803 -0.031268
v -0.213776 0.047270 0.003365
v 0.466695 0.233974 -0.018039
v -0.504189 1.187318 0.061099
v -0.459166 0.428602 0.005535
v 0.496280 0.245599 -0.071195
v 0.499337 0.248762 -0.032021
v -0.504242 1.201315 0.013286
v -0.459850 0.450590 -0.038969
v 0.499549 0.245222 0.009530
v 0.487796 0.238835 0.049303
v 0.504850 1.713468 -0.029788
v 0.501243 0.246632 -0.115437
v -0.504113 1.228638 -0.036646
v -0.453951 0.472414 0.008114
v 0.358603 1.534180 0.054827
v 0.505034 1.737940 0.018297
v -0.459994 0.492445 -0.037644
v 0.505902 1.758765 -0.020513
v -0.448485 0.512200 0.007655
v 0.499395 1.717941 0.065992
v 0.506385 1.788151 0.019267
v 0.131470 0.553502 0.055316
v 0.505976 1.787377 -0.051053
v -0.460119 0.530343 -0.029724
v 0.506148 1.811057 -0.019079
v -0.454689 0.554793 0.008107
v -0.460228 0.567855 -0.040726
v 0.357658 0.883211 0.003459
v -0.502812 1.320787 -0.033512
v -0.460521 0.592744 0.002841
v -0.460273 0.610591 -0.041170
v -0.501487 1.345530 0.012021
v -0.501860 1.364399 -0.032550
v -0.459589 0.633440 0.006785
v -0.499925 1.362520 0.059050
v -0.460241 0.653578 -0.039175
v -0.502481 1.407864 -0.032946
v -0.500836 1.386830 0.010992
v -0.460088 0.678322 0.005654
v -0.460094 0.699064 -0.039127
v 0.505275 0.921196 0.063723
v -0.500716 1.450452 -0.031393
v -0.500215 1.428015 0.011748
v -0.460408 0.724029 0.004820
v -0.459724 0.746411 -0.040068
v -0.500448 1.494280 -0.029720
v -0.460494 0.769081 0.004375
v -0.459774 0.793193 -0.041063
v -0.502083 1.646823 -0.074314
v -0.460616 0.813059 0.003225
v 0.506173 1.048546 0.062288
v -0.459740 0.840923 -0.043016
v -0.460870 0.854499 -0.002257
v 0.507914 1.892961 -0.001815
v -0.503323 1.719015 -0.044710
v -0.504026 1.767605 -0.047891
v -0.501874 1.707762 -0.007087
v -0.503382 1.752225 -0.010252
v -0.459993 0.890365 -0.038633
v -0.446548 0.888130 0.007570
v -0.502798 1.727926 0.029915
v -0.504317 1.775475 0.023502
v -0.487590 1.720549 0.066157
v -0.495686 1.761936 0.065747
v -0.460618 0.924452 -0.000456
v -0.459844 0.937065 -0.043951
v -0.499340 1.805278 0.065169
v -0.448010 0.961625 0.007554
v -0.459939 0.978071 -0.032800
v -0.459999 1.020137 -0.045200
v -0.460252 1.007112 0.004219
v -0.460779 1.051652 -0.005266
v -0.460266 1.093714 -0.038602
v -0.459815 1.093456 0.005948
v -0.499221 0.093109 -0.094637
v -0.472762 0.092540 -0.123332
v -0.498366 0.097612 -0.050056
v -0.459562 1.133214 0.006133
v -0.460256 1.139160 -0.042392
v -0.498389 0.097619 -0.002622
v -0.499615 0.107523 0.050020
v -0.459967 1.173032 0.003236
v -0.499110 0.122259 -0.124804
v -0.498474 0.133655 -0.074078
v -0.460236 1.186990 -0.042134
v -0.498487 0.132179 0.016872
v -0.460414 1.214410 -0.000256
v 0.506776 0.430313 0.061109
v -0.499519 0.155210 0.051375
v -0.460249 1.235082 -0.041311
v 0.506905 0.472391 0.060772
v -0.497946 0.158243 -0.125548
v -0.454623 1.253541 0.008018
v -0.498550 0.173217 -0.083758
v -0.460328 1.278666 -0.041199
v -0.498471 0.192068 0.025749
v -0.479650 0.188373 0.054045
v -0.460770 1.293362 0.000493
v -0.500587 0.200977 -0.115801
v -0.497646 0.212433 -0.068402
v -0.460445 1.325378 -0.039844
v -0.494199 0.235877 0.057139
v -0.456231 1.331594 0.008108
v -0.499510 0.246343 -0.104852
v -0.474487 0.224322 -0.123541
v -0.460553 1.371534 -0.035147
v -0.442030 1.365239 0.007796
v -0.460708 1.398292 -0.000214
v -0.460534 1.425621 -0.039865
v -0.467781 0.259169 -0.106468
v -0.459096 1.436433 0.006626
v -0.460472 1.475511 -0.038693
v -0.456860 1.473106 0.007518
v -0.460239 1.512469 0.005705
v -0.460468 1.523737 -0.040088
v -0.459953 1.554722 0.003919
v -0.460373 1.569747 -0.040021
v -0.499994 1.401840 0.057789
v -0.458955 1.599297 0.003637
v -0.499137 1.440424 0.060383
v -0.460108 1.614861 -0.040198
v -0.499562 1.469532 0.012778
v -0.499170 1.480681 0.060422
v -0.457623 1.640892 0.004609
v -0.459819 1.658656 -0.040746
v -0.499836 1.511959 0.014902
v -0.108480 1.563392 0.030356
v 0.125407 1.571696 0.030851
vt 0.099009 0.193104
vt 0.105351 0.175810
vt 0.117411 0.188661
vt 0.343317 0.018679
vt 0.335458 0.033892
vt 0.325167 0.018282
vt 0.750961 0.164486
vt 0.750281 0.179258
vt 0.734627 0.164869
vt 0.876996 0.621337
vt 0.860441 0.616318
vt 0.879223 0.606527
vt 0.300342 0.770540
vt 0.292942 0.786758
vt 0.283886 0.769235
vt 0.293989 0.752077
vt 0.949130 0.701156
vt 0.934253 0.688849
vt 0.948591 0.680106
vt 0.960476 0.690490
vt 0.016233 0.595715
vt 0.018757 0.578716
vt 0.031254 0.590338
vt 0.022934 0.609071
vt 0.060028 0.034438
vt 0.070105 0.017822
vt 0.076278 0.034888
vt 0.069922 0.050729
vt 0.333374 0.001725
vt 0.110767 0.205475
vt 0.525095 0.548710
vt 0.526132 0.532191
vt 0.541493 0.548147
vt 0.533785 0.562152
vt 0.582971 0.123314
vt 0.568719 0.136080
vt 0.565332 0.118436
vt 0.579927 0.105831
vt 0.792082 0.820140
vt 0.781818 0.805626
vt 0.800195 0.805984
vt 0.811095 0.820482
vt 0.670622 0.616960
vt 0.655566 0.628759
vt 0.654544 0.609927
vt 0.669121 0.598957
vt 0.719351 0.679047
vt 0.708171 0.694077
vt 0.701307 0.676891
vt 0.713187 0.663513
vt 0.053993 0.569265
vt 0.061624 0.551780
vt 0.072133 0.567887
vt 0.654787 0.746112
vt 0.652477 0.728109
vt 0.670174 0.729012
vt 0.068489 0.932736
vt 0.060902 0.951096
vt 0.051860 0.932653
vt 0.059879 0.915705
vt 0.861190 0.598788
vt 0.845237 0.607733
vt 0.886293 0.707635
vt 0.887512 0.690500
vt 0.901953 0.704491
vt 0.903986 0.693203
vt 0.903393 0.679345
vt 0.917440 0.681859
vt 0.918584 0.699765
vt 0.016316 0.402843
vt 0.018523 0.386720
vt 0.031570 0.399759
vt 0.024097 0.415787
vt 0.846350 0.626837
vt 0.065021 0.584445
vt 0.493549 0.653571
vt 0.492598 0.672054
vt 0.477620 0.661223
vt 0.477259 0.643347
vt 0.491980 0.635166
vt 0.004558 0.872449
vt 0.002135 0.855411
vt 0.018290 0.857376
vt 0.529630 0.636859
vt 0.530671 0.620991
vt 0.544925 0.635774
vt 0.584015 0.158011
vt 0.571455 0.171273
vt 0.568605 0.153535
vt 0.819472 0.806393
vt 0.830999 0.820910
vt 0.277987 0.118987
vt 0.286283 0.100278
vt 0.295375 0.113775
vt 0.538355 0.391294
vt 0.527793 0.406625
vt 0.519492 0.390381
vt 0.376034 0.302871
vt 0.393153 0.293002
vt 0.393133 0.309438
vt 0.291992 0.821601
vt 0.303224 0.803443
vt 0.308382 0.821421
vt 0.376393 0.320475
vt 0.931501 0.674283
vt 0.032777 0.047857
vt 0.019910 0.061831
vt 0.017258 0.045495
vt 0.023869 0.032045
vt 0.056841 0.220037
vt 0.061774 0.202571
vt 0.074575 0.214712
vt 0.068819 0.231914
vt 0.494748 0.369619
vt 0.484287 0.384564
vt 0.477296 0.367386
vt 0.487699 0.351815
vt 0.745689 0.151446
vt 0.729508 0.143967
vt 0.529493 0.376394
vt 0.209659 0.035510
vt 0.200978 0.051996
vt 0.190989 0.035615
vt 0.205690 0.018676
vt 0.232614 0.368004
vt 0.240322 0.350791
vt 0.250158 0.365645
vt 0.243049 0.383655
vt 0.653322 0.307527
vt 0.655628 0.290040
vt 0.670648 0.299871
vt 0.668095 0.318010
vt 0.716832 0.598627
vt 0.701814 0.610194
vt 0.701019 0.592314
vt 0.862783 0.634835
vt 0.117632 0.233800
vt 0.112722 0.250862
vt 0.099759 0.239686
vt 0.286181 0.803260
vt 0.843782 0.789034
vt 0.859541 0.795195
vt 0.843974 0.803692
vt 0.975434 0.692565
vt 0.968901 0.678325
vt 0.071301 0.844073
vt 0.085883 0.825801
vt 0.086920 0.845054
vt 0.016041 0.729186
vt 0.024382 0.714920
vt 0.031469 0.733877
vt 0.056825 0.110112
vt 0.072063 0.098947
vt 0.075753 0.116105
vt 0.073295 0.134145
vt 0.057129 0.125469
vt 0.104768 0.222325
vt 0.669973 0.746745
vt 0.145288 0.318386
vt 0.155038 0.298809
vt 0.162608 0.313924
vt 0.184876 0.898834
vt 0.194309 0.880096
vt 0.201114 0.898820
vt 0.192306 0.915870
vt 0.730422 0.804584
vt 0.746884 0.805228
vt 0.738166 0.819040
vt 0.250117 0.241611
vt 0.247392 0.256275
vt 0.235535 0.249085
vt 0.277903 0.376736
vt 0.285451 0.359150
vt 0.295637 0.373220
vt 0.288603 0.390591
vt 0.326233 0.128249
vt 0.331187 0.112513
vt 0.343048 0.129538
vt 0.331391 0.144998
vt 0.113538 0.857274
vt 0.106391 0.874533
vt 0.102271 0.857080
vt 0.714356 0.190434
vt 0.701375 0.203300
vt 0.694065 0.186212
vt 0.704882 0.172590
vt 0.861767 0.581310
vt 0.879017 0.589830
vt 0.845856 0.588724
vt 0.275272 0.821554
vt 0.269863 0.803081
vt 0.275858 0.785865
vt 0.773920 0.152322
vt 0.789168 0.164999
vt 0.771084 0.169339
vt 0.782816 0.050703
vt 0.776546 0.037946
vt 0.792356 0.036452
vt 0.798622 0.049797
vt 0.763321 0.049769
vt 0.103736 0.841707
vt 0.294874 0.585002
vt 0.289195 0.600647
vt 0.276361 0.587831
vt 0.054457 0.502284
vt 0.057493 0.482847
vt 0.071792 0.498253
vt 0.062666 0.517946
vt 0.490928 0.034432
vt 0.480145 0.047964
vt 0.476525 0.030221
vt 0.368377 0.748477
vt 0.375252 0.732489
vt 0.385440 0.748477
vt 0.143612 0.668233
vt 0.151428 0.652339
vt 0.161801 0.664628
vt 0.154753 0.681969
vt 0.562087 0.233708
vt 0.571604 0.218612
vt 0.582408 0.232725
vt 0.573320 0.246270
vt 0.230667 0.734764
vt 0.239044 0.719006
vt 0.248082 0.734725
vt 0.901281 0.495073
vt 0.884347 0.486075
vt 0.901261 0.477318
vt 0.053364 0.431574
vt 0.072257 0.429267
vt 0.072110 0.446450
vt 0.714718 0.383230
vt 0.705837 0.398000
vt 0.697188 0.376115
vt 0.711912 0.365398
vt 0.846058 0.569730
vt 0.267212 0.767661
vt 0.790542 0.145572
vt 0.806339 0.152953
vt 0.809338 0.036164
vt 0.825739 0.040783
vt 0.814658 0.048797
vt 0.907279 0.705017
vt 0.524797 0.999386
vt 0.527668 0.983057
vt 0.539102 0.998068
vt 0.065919 0.465133
vt 0.056982 0.448953
vt 0.293314 0.715498
vt 0.282650 0.733595
vt 0.275311 0.717039
vt 0.472545 0.063478
vt 0.491928 0.063750
vt 0.483136 0.079715
vt 0.161415 0.627362
vt 0.146319 0.637065
vt 0.141261 0.620895
vt 0.155194 0.611596
vt 0.581960 0.412112
vt 0.571613 0.426842
vt 0.563394 0.410497
vt 0.573787 0.395833
vt 0.608753 0.050709
vt 0.614636 0.033485
vt 0.624891 0.051458
vt 0.618920 0.068121
vt 0.281889 0.571818
vt 0.431220 0.231730
vt 0.435846 0.215690
vt 0.449870 0.226770
vt 0.670995 0.051032
vt 0.657329 0.065698
vt 0.655831 0.048449
vt 0.665054 0.032693
vt 0.052375 0.898772
vt 0.061901 0.879750
vt 0.069261 0.898585
vt 0.967528 0.705017
vt 0.029938 0.295783
vt 0.024955 0.311044
vt 0.012843 0.299141
vt 0.017743 0.282262
vt 0.755991 0.913092
vt 0.751276 0.930093
vt 0.740313 0.912990
vt 0.443860 0.244573
vt 0.120682 0.037088
vt 0.107523 0.054502
vt 0.105548 0.037213
vt 0.117971 0.019493
vt 0.163245 0.104547
vt 0.155126 0.118583
vt 0.146272 0.098981
vt 0.161520 0.084014
vt 0.190003 0.610632
vt 0.197117 0.592920
vt 0.207446 0.608232
vt 0.200097 0.626013
vt 0.839163 0.806686
vt 0.851269 0.820641
vt 0.660296 0.712101
vt 0.933731 0.703391
vt 0.282579 0.700167
vt 0.698626 0.094723
vt 0.706712 0.080196
vt 0.717187 0.095038
vt 0.711252 0.110807
vt 0.750782 0.195926
vt 0.733867 0.185822
vt 0.376039 0.285620
vt 0.393171 0.276235
vt 0.777094 0.183307
vt 0.879916 0.634372
vt 0.030571 0.237957
vt 0.018525 0.251340
vt 0.015129 0.234362
vt 0.024912 0.221164
vt 0.072579 0.534660
vt 0.054164 0.535502
vt 0.608161 0.931543
vt 0.611375 0.914954
vt 0.624514 0.929837
vt 0.626357 0.983303
vt 0.618138 0.999459
vt 0.609910 0.984051
vt 0.521248 0.711536
vt 0.523311 0.693271
vt 0.538335 0.702997
vt 0.583012 0.204197
vt 0.563995 0.202965
vt 0.576064 0.188207
vt 0.743856 0.896841
vt 0.033770 0.653402
vt 0.024042 0.669773
vt 0.019426 0.656878
vt 0.327674 0.414943
vt 0.334865 0.396594
vt 0.342933 0.409217
vt 0.751277 0.123133
vt 0.749707 0.138122
vt 0.736143 0.125995
vt 0.877106 0.662770
vt 0.861369 0.652655
vt 0.879602 0.647737
vt 0.900854 0.674721
vt 0.902068 0.689420
vt 0.323550 0.749625
vt 0.316611 0.770057
vt 0.308939 0.753955
vt 0.885323 0.674515
vt 0.808572 0.293239
vt 0.789351 0.286839
vt 0.804031 0.275705
vt 0.446633 0.031388
vt 0.429378 0.030972
vt 0.437632 0.018608
vt 0.453004 0.018608
vt 0.905523 0.653205
vt 0.922498 0.661569
vt 0.907056 0.668566
vt 0.019288 0.642279
vt 0.279690 0.651484
vt 0.296276 0.648512
vt 0.295226 0.665258
vt 0.030198 0.636018
vt 0.317847 0.898864
vt 0.329277 0.880639
vt 0.336413 0.899032
vt 0.321312 0.915960
vt 0.477989 0.302368
vt 0.481703 0.285971
vt 0.495623 0.302209
vt 0.489946 0.318722
vt 0.539238 0.733362
vt 0.525498 0.747254
vt 0.522480 0.728554
vt 0.208032 0.508016
vt 0.192770 0.520283
vt 0.191964 0.501660
vt 0.207641 0.489921
vt 0.756089 0.819395
vt 0.764391 0.805377
vt 0.073268 0.702131
vt 0.060869 0.716834
vt 0.056311 0.699432
vt 0.846303 0.644350
vt 0.845726 0.661955
vt 0.321385 0.803142
vt 0.310426 0.787213
vt 0.323785 0.822285
vt 0.786261 0.268720
vt 0.772138 0.282277
vt 0.941344 0.663017
vt 0.016209 0.458599
vt 0.022934 0.444197
vt 0.031339 0.460911
vt 0.018520 0.475604
vt 0.773898 0.819742
vt 0.069922 0.682471
vt 0.496448 0.450224
vt 0.484925 0.463328
vt 0.477778 0.447892
vt 0.488910 0.433721
vt 0.228828 0.933228
vt 0.240070 0.916595
vt 0.244817 0.933521
vt 0.235581 0.951053
vt 0.191489 0.482302
vt 0.276894 0.668264
vt 0.288813 0.681967
vt 0.793054 0.303183
vt 0.774433 0.301264
vt 0.295882 0.129224
vt 0.279021 0.136403
vt 0.696968 0.338956
vt 0.701755 0.322274
vt 0.717471 0.332347
vt 0.710808 0.348247
vt 0.748597 0.108759
vt 0.880064 0.677151
vt 0.861196 0.670239
vt 0.729076 0.110547
vt 0.735136 0.094788
vt 0.331933 0.766151
vt 0.327513 0.784659
vt 0.906253 0.295473
vt 0.906247 0.276123
vt 0.921644 0.286242
vt 0.812057 0.790378
vt 0.827817 0.800887
vt 0.812975 0.804009
vt 0.975160 0.663808
vt 0.957783 0.665675
vt 0.966777 0.650210
vt 0.950231 0.649711
vt 0.437293 0.547501
vt 0.440094 0.530089
vt 0.452720 0.544481
vt 0.451359 0.561622
vt 0.103330 0.354030
vt 0.107986 0.337717
vt 0.122276 0.349990
vt 0.118518 0.366776
vt 0.543471 0.578509
vt 0.528882 0.590504
vt 0.526214 0.575073
vt 0.189264 0.675672
vt 0.195516 0.659263
vt 0.207541 0.673266
vt 0.017096 0.683244
vt 0.032962 0.684058
vt 0.670832 0.683203
vt 0.659802 0.695278
vt 0.650154 0.679990
vt 0.665602 0.667165
vt 0.323897 0.433028
vt 0.342048 0.422568
vt 0.019584 0.699484
vt 0.342458 0.381290
vt 0.324008 0.383521
vt 0.434058 0.564520
vt 0.444617 0.579562
vt 0.103376 0.516300
vt 0.106369 0.499617
vt 0.119981 0.512327
vt 0.111864 0.530967
vt 0.538802 0.718021
vt 0.192094 0.541195
vt 0.208071 0.526630
vt 0.921492 0.304123
vt 0.101417 0.686843
vt 0.108596 0.670781
vt 0.119742 0.685611
vt 0.778328 0.248666
vt 0.795533 0.254475
vt 0.769468 0.263323
vt 0.828166 0.789212
vt 0.023241 0.266239
vt 0.032780 0.280189
vt 0.432692 0.278841
vt 0.437245 0.262144
vt 0.450342 0.275961
vt 0.445469 0.293076
vt 0.110792 0.700065
vt 0.524125 0.310073
vt 0.528386 0.290856
vt 0.539634 0.301817
vt 0.066240 0.858561
vt 0.056981 0.873855
vt 0.050121 0.857659
vt 0.142760 0.915867
vt 0.151788 0.898746
vt 0.159361 0.915811
vt 0.149231 0.932958
vt 0.293495 0.539320
vt 0.287782 0.555255
vt 0.275427 0.541325
vt 0.278926 0.525268
vt 0.718640 0.528472
vt 0.709362 0.544415
vt 0.701234 0.526473
vt 0.711464 0.511322
vt 0.520474 0.358239
vt 0.531489 0.345016
vt 0.536832 0.362435
vt 0.463573 0.028793
vt 0.017762 0.191509
vt 0.023706 0.174907
vt 0.032812 0.190778
vt 0.023443 0.206356
vt 0.055252 0.333791
vt 0.059355 0.316344
vt 0.073557 0.330477
vt 0.069538 0.347276
vt 0.118207 0.578997
vt 0.108797 0.593137
vt 0.100199 0.577846
vt 0.110286 0.562147
vt 0.565942 0.673787
vt 0.568847 0.658034
vt 0.584404 0.664763
vt 0.577133 0.646663
vt 0.580233 0.682974
vt 0.230195 0.650515
vt 0.234539 0.632703
vt 0.248509 0.643488
vt 0.244202 0.659939
vt 0.295418 0.483352
vt 0.282437 0.495345
vt 0.275822 0.479532
vt 0.288350 0.468229
vt 0.716833 0.579635
vt 0.698772 0.575350
vt 0.710159 0.562362
vt 0.075322 0.598877
vt 0.068196 0.616360
vt 0.057693 0.601756
vt 0.719243 0.446217
vt 0.716268 0.464088
vt 0.702094 0.454278
vt 0.392712 0.324877
vt 0.377302 0.338707
vt 0.409842 0.356756
vt 0.398862 0.371880
vt 0.395227 0.357318
vt 0.397294 0.342671
vt 0.702698 0.436838
vt 0.484013 0.744250
vt 0.486995 0.726762
vt 0.497759 0.744070
vt 0.627319 0.880202
vt 0.616999 0.898300
vt 0.613566 0.880237
vt 0.538285 0.081554
vt 0.529456 0.100826
vt 0.520973 0.082473
vt 0.530980 0.065382
vt 0.584228 0.381419
vt 0.566808 0.378543
vt 0.580934 0.364468
vt 0.232635 0.064964
vt 0.238012 0.049092
vt 0.250011 0.064650
vt 0.243356 0.082784
vt 0.285312 0.634023
vt 0.331374 0.366923
vt 0.271971 0.915998
vt 0.282850 0.898933
vt 0.288337 0.915959
vt 0.016714 0.356755
vt 0.018638 0.340910
vt 0.032011 0.354272
vt 0.022755 0.370872
vt 0.449623 0.207086
vt 0.430703 0.199431
vt 0.447424 0.190166
vt 0.292855 0.451948
vt 0.273776 0.460964
vt 0.272913 0.443860
vt 0.276583 0.933205
vt 0.521089 0.260684
vt 0.526312 0.242487
vt 0.538545 0.254977
vt 0.532879 0.274215
vt 0.587706 0.619930
vt 0.575158 0.635474
vt 0.569805 0.617563
vt 0.585041 0.602897
vt 0.590570 0.637412
vt 0.607930 0.709371
vt 0.612007 0.691642
vt 0.625903 0.703902
vt 0.622072 0.721352
vt 0.669385 0.163418
vt 0.655781 0.171308
vt 0.651216 0.152654
vt 0.664860 0.145970
vt 0.366579 0.922518
vt 0.375357 0.910789
vt 0.377946 0.933884
vt 0.184823 0.264504
vt 0.198105 0.251081
vt 0.203819 0.266386
vt 0.228277 0.704074
vt 0.235026 0.688924
vt 0.246563 0.703693
vt 0.651558 0.570993
vt 0.666807 0.564999
vt 0.667379 0.581379
vt 0.653202 0.590911
vt 0.714207 0.032163
vt 0.704452 0.050535
vt 0.698211 0.033757
vt 0.884268 0.571446
vt 0.902739 0.580128
vt 0.885409 0.587820
vt 0.845435 0.512343
vt 0.860907 0.519304
vt 0.845444 0.530993
vt 0.229485 0.800839
vt 0.223932 0.820345
vt 0.214136 0.802558
vt 0.223695 0.784980
vt 0.907486 0.874105
vt 0.923088 0.871590
vt 0.911428 0.885767
vt 0.833554 0.019362
vt 0.822115 0.033712
vt 0.812640 0.019292
vt 0.559696 0.929977
vt 0.565970 0.913257
vt 0.576946 0.929131
vt 0.578482 0.983095
vt 0.570784 0.999167
vt 0.561119 0.983156
vt 0.492016 0.096491
vt 0.485425 0.113855
vt 0.474238 0.096452
vt 0.142084 0.398198
vt 0.148380 0.380824
vt 0.159986 0.394530
vt 0.151772 0.412703
vt 0.579673 0.442616
vt 0.569088 0.458228
vt 0.561313 0.442198
vt 0.860092 0.804583
vt 0.869199 0.820476
vt 0.276910 0.263525
vt 0.281365 0.245369
vt 0.293640 0.257989
vt 0.877959 0.526221
vt 0.879492 0.510448
vt 0.535535 0.423812
vt 0.525341 0.438693
vt 0.517703 0.421653
vt 0.191126 0.018464
vt 0.200473 0.001344
vt 0.621368 0.302659
vt 0.619018 0.320003
vt 0.603025 0.306638
vt 0.607902 0.291067
vt 0.274630 0.086634
vt 0.280773 0.069496
vt 0.292606 0.083781
vt 0.319313 0.694558
vt 0.326043 0.679317
vt 0.337645 0.696500
vt 0.326816 0.712097
vt 0.751319 0.259421
vt 0.750964 0.275156
vt 0.734998 0.262245
vt 0.287901 0.277356
vt 0.206843 0.785340
vt 0.215390 0.768428
vt 0.005545 0.714250
vt 0.907627 0.708851
vt 0.922177 0.716306
vt 0.907694 0.727651
vt 0.337063 0.916324
vt 0.324478 0.933237
vt 0.097560 0.657916
vt 0.106066 0.641465
vt 0.116823 0.653430
vt 0.158640 0.347118
vt 0.153761 0.364157
vt 0.140084 0.349940
vt 0.145268 0.334259
vt 0.028136 0.142031
vt 0.018797 0.157188
vt 0.012809 0.140889
vt 0.714535 0.237869
vt 0.700228 0.251548
vt 0.695771 0.234595
vt 0.708490 0.221555
vt 0.749063 0.244734
vt 0.880041 0.540919
vt 0.861080 0.535866
vt 0.732097 0.242105
vt 0.241765 0.786826
vt 0.232620 0.769697
vt 0.809538 0.116658
vt 0.794694 0.107791
vt 0.808481 0.096571
vt 0.961106 0.886877
vt 0.971805 0.870877
vt 0.975421 0.887089
vt 0.973799 0.901393
vt 0.021714 0.126392
vt 0.292548 0.308940
vt 0.283588 0.327091
vt 0.274798 0.312645
vt 0.447590 0.464143
vt 0.442780 0.482554
vt 0.429066 0.473287
vt 0.429949 0.457970
vt 0.443642 0.446150
vt 0.492568 0.690338
vt 0.490688 0.709296
vt 0.476101 0.697770
vt 0.477098 0.679579
vt 0.647819 0.905327
vt 0.655006 0.884276
vt 0.665754 0.900126
vt 0.659217 0.916327
vt 0.579713 0.279287
vt 0.567330 0.291911
vt 0.563109 0.273701
vt 0.576061 0.262122
vt 0.904885 0.203803
vt 0.905148 0.186970
vt 0.920481 0.194085
vt 0.052757 0.094069
vt 0.715708 0.710814
vt 0.708127 0.726345
vt 0.696588 0.708858
vt 0.790121 0.091592
vt 0.774558 0.099352
vt 0.078060 0.736775
vt 0.086920 0.748477
vt 0.073003 0.748477
vt 0.027103 0.115622
vt 0.008266 0.116673
vt 0.021956 0.101151
vt 0.065320 0.081518
vt 0.475058 0.164137
vt 0.483171 0.148073
vt 0.491831 0.164337
vt 0.102397 0.018571
vt 0.111892 0.001611
vt 0.903001 0.403721
vt 0.890049 0.402217
vt 0.901708 0.387633
vt 0.142479 0.715813
vt 0.158511 0.710530
vt 0.158661 0.727362
vt 0.142717 0.734352
vt 0.187453 0.355176
vt 0.194058 0.337982
vt 0.205672 0.353215
vt 0.198458 0.368053
vt 0.906051 0.170917
vt 0.922316 0.177472
vt 0.282932 0.295022
vt 0.117329 0.933047
vt 0.108380 0.951189
vt 0.101413 0.933048
vt 0.537387 0.876324
vt 0.522641 0.873307
vt 0.531517 0.857066
vt 0.548009 0.855841
vt 0.551237 0.872301
vt 0.431406 0.181380
vt 0.431295 0.163185
vt 0.446431 0.172586
vt 0.472744 0.715721
vt 0.457934 0.882801
vt 0.450277 0.898133
vt 0.440588 0.882580
vt 0.580053 0.496272
vt 0.573399 0.516135
vt 0.563941 0.495822
vt 0.621578 0.641375
vt 0.618219 0.657043
vt 0.606881 0.643710
vt 0.088318 0.872668
vt 0.097299 0.855528
vt 0.103821 0.871876
vt 0.109786 0.915838
vt 0.181549 0.768181
vt 0.193398 0.750323
vt 0.198535 0.768581
vt 0.695586 0.357816
vt 0.751160 0.292519
vt 0.735071 0.282767
vt 0.861679 0.502645
vt 0.879049 0.493055
vt 0.198176 0.802153
vt 0.190044 0.785191
vt 0.578321 0.876360
vt 0.564733 0.876386
vt 0.565804 0.857863
vt 0.583418 0.857762
vt 0.591892 0.876273
vt 0.710320 0.914067
vt 0.703305 0.930344
vt 0.694227 0.912517
vt 0.647874 0.113017
vt 0.659826 0.098216
vt 0.665579 0.115713
vt 0.316766 0.034589
vt 0.326135 0.049892
vt 0.846317 0.475996
vt 0.861697 0.485017
vt 0.846092 0.494307
vt 0.885701 0.815625
vt 0.885916 0.798172
vt 0.901793 0.805852
vt 0.001557 0.413050
vt 0.016767 0.428681
vt 0.439305 0.310673
vt 0.428130 0.296133
vt 0.249289 0.900000
vt 0.233184 0.899478
vt 0.239181 0.881928
vt 0.706586 0.898512
vt 0.621094 0.743332
vt 0.606757 0.727782
vt 0.118403 0.898826
vt 0.101772 0.898852
vt 0.108460 0.879830
vt 0.694275 0.508923
vt 0.703805 0.493115
vt 0.474180 0.399679
vt 0.491780 0.402037
vt 0.519635 0.656737
vt 0.527187 0.643645
vt 0.535671 0.659234
vt 0.526743 0.675088
vt 0.186407 0.726613
vt 0.191664 0.707720
vt 0.203213 0.719795
vt 0.198291 0.735872
vt 0.245745 0.415428
vt 0.241819 0.433507
vt 0.228724 0.421724
vt 0.232254 0.402265
vt 0.799521 0.881384
vt 0.795575 0.898353
vt 0.784344 0.880745
vt 0.695714 0.659184
vt 0.706343 0.645621
vt 0.481619 0.416859
vt 0.375968 0.212737
vt 0.391529 0.208340
vt 0.392159 0.224751
vt 0.207573 0.820713
vt 0.376049 0.230964
vt 0.825030 0.687147
vt 0.826522 0.704029
vt 0.811705 0.691291
vt 0.822396 0.673458
vt 0.691462 0.876326
vt 0.676296 0.876355
vt 0.690420 0.862224
vt 0.708230 0.874756
vt 0.446520 0.079576
vt 0.439882 0.098523
vt 0.431289 0.082738
vt 0.431473 0.065651
vt 0.481247 0.182520
vt 0.783117 0.930438
vt 0.789008 0.913680
vt 0.799124 0.930149
vt 0.445759 0.153443
vt 0.429819 0.145257
vt 0.095443 0.067524
vt 0.114910 0.072242
vt 0.111813 0.092784
vt 0.099497 0.083324
vt 0.160655 0.018129
vt 0.151666 0.032745
vt 0.145816 0.012058
vt 0.155432 0.001336
vt 0.562054 0.341672
vt 0.574845 0.329087
vt 0.578442 0.347628
vt 0.563679 0.360948
vt 0.228917 0.304315
vt 0.237273 0.287869
vt 0.246990 0.302197
vt 0.238592 0.319041
vt 0.920619 0.211141
vt 0.802090 0.983513
vt 0.794573 0.999578
vt 0.785981 0.983600
vt 0.699407 0.745274
vt 0.715134 0.745188
vt 0.844726 0.880276
vt 0.831674 0.897507
vt 0.828994 0.880336
vt 0.633955 0.876354
vt 0.621538 0.874514
vt 0.635668 0.858716
vt 0.647059 0.873876
vt 0.428071 0.128627
vt 0.442381 0.118233
vt 0.445390 0.136497
vt 0.029779 0.002131
vt 0.019145 0.018371
vt 0.012000 0.002572
vt 0.699430 0.474384
vt 0.716443 0.480323
vt 0.748770 0.212869
vt 0.746659 0.228260
vt 0.728702 0.222902
vt 0.880051 0.572843
vt 0.862278 0.565089
vt 0.879910 0.557416
vt 0.733691 0.203175
vt 0.258032 0.820429
vt 0.254852 0.800072
vt 0.259304 0.783787
vt 0.774819 0.134480
vt 0.794138 0.128035
vt 0.809155 0.136098
vt 0.824324 0.274892
vt 0.828153 0.290506
vt 0.821553 0.306315
vt 0.650274 0.470273
vt 0.651196 0.452682
vt 0.669216 0.458540
vt 0.382094 0.878615
vt 0.373160 0.895430
vt 0.364378 0.879004
vt 0.431954 0.746343
vt 0.436606 0.727814
vt 0.447867 0.741457
vt 0.577473 0.880042
vt 0.573115 0.896674
vt 0.561447 0.881022
vt 0.099790 0.452959
vt 0.105804 0.434453
vt 0.117415 0.447715
vt 0.111314 0.465562
vt 0.161106 0.562548
vt 0.152990 0.583237
vt 0.145038 0.569121
vt 0.141617 0.553475
vt 0.156894 0.544978
vt 0.562418 0.101467
vt 0.575016 0.088421
vt 0.004266 0.070513
vt 0.027528 0.076961
vt 0.906085 0.258443
vt 0.921490 0.267244
vt 0.669508 0.491093
vt 0.658996 0.504688
vt 0.650763 0.487551
vt 0.664878 0.475176
vt 0.339424 0.294972
vt 0.327706 0.306526
vt 0.319556 0.290195
vt 0.333526 0.277822
vt 0.847800 0.550356
vt 0.249660 0.768445
vt 0.811000 0.241123
vt 0.823297 0.225411
vt 0.827408 0.241112
vt 0.826393 0.256126
vt 0.019293 0.085233
vt 0.230493 0.336181
vt 0.248458 0.333434
vt 0.100715 0.370339
vt 0.114261 0.383558
vt 0.519006 0.211920
vt 0.529170 0.194484
vt 0.536402 0.210127
vt 0.532518 0.226066
vt 0.188240 0.576772
vt 0.196993 0.558654
vt 0.205441 0.575372
vt 0.917487 0.804165
vt 0.917487 0.823324
vt 0.903623 0.814679
vt 0.904219 0.795662
vt 0.663626 0.442276
vt 0.031001 0.554251
vt 0.018102 0.562796
vt 0.017902 0.545335
vt 0.665329 0.335904
vt 0.650398 0.325188
vt 0.703491 0.418126
vt 0.717453 0.411431
vt 0.758516 0.036164
vt 0.164182 0.733478
vt 0.160212 0.748477
vt 0.149857 0.733478
vt 0.623953 0.284410
vt 0.059901 0.414754
vt 0.480277 0.203125
vt 0.493962 0.196417
vt 0.520348 0.134568
vt 0.533594 0.121835
vt 0.536604 0.140551
vt 0.521441 0.151353
vt 0.563515 0.602817
vt 0.573987 0.589978
vt 0.623269 0.171497
vt 0.611892 0.188065
vt 0.606986 0.171817
vt 0.619232 0.153179
vt 0.288254 0.436453
vt 0.275946 0.424725
vt 0.281851 0.407580
vt 0.294014 0.420595
vt 0.321692 0.353195
vt 0.328633 0.337035
vt 0.340974 0.349052
vt 0.377050 0.267395
vt 0.393314 0.258954
vt 0.030256 0.521255
vt 0.017871 0.529479
vt 0.017988 0.510336
vt 0.058813 0.141763
vt 0.068399 0.154301
vt 0.473495 0.255187
vt 0.479997 0.238779
vt 0.491832 0.251439
vt 0.486241 0.268836
vt 0.142126 0.600602
vt 0.162364 0.596157
vt 0.579797 0.058081
vt 0.568646 0.070430
vt 0.563428 0.050903
vt 0.579098 0.036788
vt 0.610296 0.272088
vt 0.291716 0.616861
vt 0.272314 0.621694
vt 0.273392 0.605186
vt 0.850422 0.983342
vt 0.842454 0.999488
vt 0.834255 0.983397
vt 0.831087 0.930094
vt 0.839571 0.913143
vt 0.847152 0.930061
vt 0.865345 0.550403
vt 0.782317 0.116959
vt 0.767908 0.117159
vt 0.957583 0.928966
vt 0.967156 0.915575
vt 0.975434 0.930061
vt 0.968143 0.944269
vt 0.019712 0.626516
vt 0.920876 0.228752
vt 0.905376 0.221264
vt 0.475827 0.625246
vt 0.489032 0.615716
vt 0.144547 0.082439
vt 0.152784 0.067090
vt 0.188074 0.950860
vt 0.197061 0.933012
vt 0.203965 0.951212
vt 0.698178 0.999459
vt 0.705661 0.983735
vt 0.714205 0.999501
vt 0.906063 0.239292
vt 0.921205 0.247957
vt 0.649195 0.081461
vt 0.667776 0.082428
vt 0.003776 0.314300
vt 0.275491 0.344841
vt 0.293024 0.341746
vt 0.695898 0.066785
vt 0.715141 0.065059
vt 0.920083 0.902210
vt 0.908826 0.916587
vt 0.903495 0.899732
vt 0.060277 0.739450
vt 0.020874 0.325613
vt 0.428699 0.386015
vt 0.434867 0.371841
vt 0.448402 0.381475
vt 0.438753 0.398627
vt 0.444394 0.360101
vt 0.143346 0.052672
vt 0.160751 0.049361
vt 0.885917 0.433073
vt 0.899363 0.444339
vt 0.883208 0.449696
vt 0.562713 0.031575
vt 0.814090 0.861868
vt 0.820910 0.874638
vt 0.803471 0.876442
vt 0.825283 0.126598
vt 0.827578 0.143849
vt 0.823774 0.159073
vt 0.789510 0.874984
vt 0.799151 0.858464
vt 0.448427 0.033383
vt 0.440199 0.049970
vt 0.431245 0.032858
vt 0.047131 0.827036
vt 0.035927 0.843871
vt 0.029838 0.826680
vt 0.475987 0.478686
vt 0.492166 0.478705
vt 0.491669 0.494655
vt 0.141616 0.537281
vt 0.146773 0.521837
vt 0.162208 0.528008
vt 0.157797 0.508392
vt 0.765575 0.857634
vt 0.774752 0.876250
vt 0.759191 0.876414
vt 0.321578 0.098300
vt 0.328351 0.081555
vt 0.340396 0.096302
vt 0.376461 0.249788
vt 0.805745 0.785080
vt 0.823312 0.772493
vt 0.825227 0.786873
vt 0.827956 0.770963
vt 0.832549 0.756995
vt 0.847587 0.773187
vt 0.749645 0.867469
vt 0.199845 0.690196
vt 0.050873 0.682935
vt 0.060273 0.666900
vt 0.481836 0.509104
vt 0.472052 0.494391
vt 0.484348 0.898085
vt 0.498897 0.882636
vt 0.499789 0.897567
vt 0.575313 0.699319
vt 0.559776 0.689506
vt 0.774535 0.430371
vt 0.790891 0.438277
vt 0.772086 0.446520
vt 0.195983 0.159278
vt 0.211283 0.150256
vt 0.210799 0.168791
vt 0.615660 0.674444
vt 0.630395 0.686377
vt 0.300663 0.324159
vt 0.326888 0.211964
vt 0.329954 0.196472
vt 0.344963 0.211741
vt 0.330886 0.226712
vt 0.753305 0.032773
vt 0.750993 0.052782
vt 0.736859 0.047118
vt 0.731311 0.031787
vt 0.885727 0.605302
vt 0.900728 0.613985
vt 0.883285 0.627755
vt 0.417476 0.768799
vt 0.409611 0.785191
vt 0.399547 0.768189
vt 0.210441 0.186965
vt 0.195493 0.177172
vt 0.920932 0.068086
vt 0.921586 0.084513
vt 0.904759 0.076611
vt 0.904851 0.059401
vt 0.526463 0.930910
vt 0.527115 0.914550
vt 0.542786 0.929702
vt 0.544099 0.983014
vt 0.588116 0.887043
vt 0.583611 0.910341
vt 0.123827 0.546027
vt 0.105013 0.546373
vt 0.543829 0.645088
vt 0.022016 0.873389
vt 0.211358 0.224804
vt 0.197985 0.234001
vt 0.195633 0.215219
vt 0.035810 0.571371
vt 0.720279 0.633635
vt 0.703582 0.627966
vt 0.718272 0.616520
vt 0.454689 0.954174
vt 0.457761 0.936390
vt 0.471026 0.948698
vt 0.471566 0.929394
vt 0.376523 0.406171
vt 0.393354 0.398780
vt 0.391088 0.414883
vt 0.397470 0.820987
vt 0.404001 0.802434
vt 0.413533 0.819503
vt 0.375641 0.422075
vt 0.791495 0.420776
vt 0.807690 0.428166
vt 0.905407 0.093388
vt 0.922013 0.101322
vt 0.210069 0.205541
vt 0.068904 0.648482
vt 0.078031 0.662812
vt 0.107384 0.483423
vt 0.124269 0.495083
vt 0.123680 0.478436
vt 0.224553 0.880026
vt 0.170118 0.001557
vt 0.370310 0.142399
vt 0.361531 0.162758
vt 0.352294 0.145465
vt 0.149180 0.127292
vt 0.166226 0.124956
vt 0.167214 0.141158
vt 0.165833 0.158211
vt 0.149339 0.144236
vt 0.573176 0.536130
vt 0.588269 0.527973
vt 0.587640 0.546342
vt 0.257053 0.460079
vt 0.242017 0.471138
vt 0.240547 0.452790
vt 0.255795 0.444025
vt 0.299893 0.568285
vt 0.348155 0.364533
vt 0.360456 0.128773
vt 0.426711 0.785855
vt 0.420597 0.802649
vt 0.789065 0.455132
vt 0.807305 0.446135
vt 0.922316 0.038634
vt 0.918641 0.051613
vt 0.906319 0.038929
vt 0.493906 0.031388
vt 0.493906 0.019380
vt 0.511861 0.025683
vt 0.412378 0.686005
vt 0.411109 0.702447
vt 0.395896 0.690558
vt 0.437109 0.594928
vt 0.456612 0.595079
vt 0.445547 0.608776
vt 0.501319 0.112314
vt 0.491295 0.131446
vt 0.613595 0.356867
vt 0.613070 0.338579
vt 0.629835 0.348670
vt 0.629521 0.366643
vt 0.300018 0.404107
vt 0.334603 0.321536
vt 0.347740 0.331379
vt 0.861982 0.731604
vt 0.879325 0.733245
vt 0.868631 0.749682
vt 0.488471 0.941292
vt 0.878168 0.753305
vt 0.491952 0.950927
vt 0.282787 0.227782
vt 0.297392 0.218817
vt 0.299056 0.238975
vt 0.036664 0.017629
vt 0.082539 0.083618
vt 0.077518 0.066577
vt 0.500262 0.213684
vt 0.483492 0.220154
vt 0.496761 0.232766
vt 0.540368 0.179632
vt 0.518214 0.181286
vt 0.791631 0.403083
vt 0.807910 0.409642
vt 0.774423 0.414688
vt 0.921797 0.136161
vt 0.906567 0.145414
vt 0.905623 0.125938
vt 0.922069 0.154795
vt 0.395130 0.299728
vt 0.397610 0.286246
vt 0.410212 0.299030
vt 0.398110 0.313499
vt 0.442060 0.710320
vt 0.454371 0.722959
vt 0.125264 0.294712
vt 0.110834 0.303572
vt 0.109643 0.285262
vt 0.125625 0.277467
vt 0.526923 0.168221
vt 0.392437 0.785345
vt 0.380663 0.770121
vt 0.539490 0.158583
vt 0.922316 0.506379
vt 0.909710 0.490992
vt 0.921404 0.486620
vt 0.194495 0.115140
vt 0.209987 0.104763
vt 0.211597 0.120238
vt 0.750704 0.880045
vt 0.760898 0.897139
vt 0.805850 0.913163
vt 0.719574 0.127283
vt 0.709864 0.141641
vt 0.701545 0.125307
vt 0.443336 0.941356
vt 0.441190 0.926135
vt 0.343257 0.608376
vt 0.342446 0.626902
vt 0.328168 0.615922
vt 0.324877 0.598776
vt 0.343177 0.591227
vt 0.376668 0.389171
vt 0.393342 0.382787
vt 0.381521 0.821095
vt 0.387318 0.802517
vt 0.774222 0.398677
vt 0.906425 0.162309
vt 0.918427 0.173840
vt 0.411052 0.326733
vt 0.395151 0.328227
vt 0.109549 0.267988
vt 0.147156 0.459082
vt 0.154293 0.442981
vt 0.165511 0.460085
vt 0.155477 0.475305
vt 0.194849 0.093755
vt 0.211282 0.086802
vt 0.136191 0.880757
vt 0.149862 0.879377
vt 0.301465 0.001788
vt 0.290168 0.019160
vt 0.286642 0.001706
vt 0.093692 0.879754
vt 0.717515 0.157625
vt 0.698907 0.155437
vt 0.078151 0.517421
vt 0.344199 0.680406
vt 0.456296 0.918991
vt 0.906433 0.109908
vt 0.922077 0.118745
vt 0.035534 0.537243
vt 0.333847 0.664289
vt 0.111995 0.417055
vt 0.124519 0.430747
vt 0.146725 0.698308
vt 0.166027 0.695822
vt 0.196622 0.141658
vt 0.212307 0.131049
vt 0.246164 0.033437
vt 0.255291 0.048828
vt 0.124651 0.400305
vt 0.108837 0.400033
vt 0.021206 0.492504
vt 0.034762 0.505182
vt 0.455132 0.259164
vt 0.166983 0.643957
vt 0.197890 0.124849
vt 0.908225 0.507742
vt 0.238134 0.018122
vt 0.245089 0.001922
vt 0.255871 0.017857
vt 0.258807 0.001488
vt 0.288994 0.052615
vt 0.299351 0.067292
vt 0.452003 0.769029
vt 0.443942 0.785858
vt 0.434783 0.769121
vt 0.224126 0.916161
vt 0.719216 0.930826
vt 0.721687 0.984383
vt 0.631812 0.477756
vt 0.619761 0.490597
vt 0.612949 0.476398
vt 0.621131 0.461487
vt 0.303424 0.273613
vt 0.046346 0.880013
vt 0.348985 0.001592
vt 0.471816 0.912120
vt 0.492546 0.914786
vt 0.845402 0.732285
vt 0.855209 0.744256
vt 0.842247 0.753286
vt 0.483244 0.927726
vt 0.788898 0.490933
vt 0.771760 0.481545
vt 0.789072 0.472926
vt 0.806539 0.480997
vt 0.751011 0.017998
vt 0.731606 0.018212
vt 0.742959 0.002555
vt 0.761944 0.002287
vt 0.036492 0.337970
vt 0.456983 0.092727
vt 0.455564 0.108293
vt 0.128906 0.200747
vt 0.123085 0.217558
vt 0.376385 0.438001
vt 0.391148 0.430776
vt 0.391231 0.447107
vt 0.215749 0.001515
vt 0.179090 0.880176
vt 0.256690 0.113254
vt 0.242956 0.121820
vt 0.242511 0.103839
vt 0.256992 0.092904
vt 0.676777 0.507138
vt 0.664302 0.520832
vt 0.721345 0.049106
vt 0.169813 0.065660
vt 0.429382 0.819630
vt 0.437271 0.802688
vt 0.445664 0.819187
vt 0.377391 0.454389
vt 0.806233 0.463203
vt 0.781428 0.002164
vt 0.769706 0.017731
vt 0.395389 0.459361
vt 0.395709 0.442814
vt 0.412654 0.449736
vt 0.412836 0.466738
vt 0.488269 0.597385
vt 0.489634 0.578829
vt 0.503456 0.588636
vt 0.503589 0.606485
vt 0.372563 0.062456
vt 0.363810 0.077142
vt 0.353193 0.063883
vt 0.477381 0.882639
vt 0.545908 0.496701
vt 0.542161 0.514715
vt 0.525952 0.497451
vt 0.198741 0.075149
vt 0.213260 0.066683
vt 0.257986 0.348034
vt 0.677056 0.067161
vt 0.722316 0.650304
vt 0.362209 0.049480
vt 0.127106 0.260564
vt 0.461103 0.785570
vt 0.454376 0.802558
vt 0.772190 0.499491
vt 0.712947 0.018298
vt 0.694103 0.018433
vt 0.703787 0.001800
vt 0.722781 0.001687
vt 0.413133 0.233423
vt 0.395238 0.243856
vt 0.395169 0.229650
vt 0.400552 0.217233
vt 0.411039 0.250371
vt 0.066486 0.248215
vt 0.082352 0.244946
vt 0.117656 0.803464
vt 0.123385 0.786278
vt 0.133634 0.803298
vt 0.863208 0.930206
vt 0.876877 0.914067
vt 0.878302 0.930570
vt 0.572381 0.731376
vt 0.572321 0.715510
vt 0.589709 0.728563
vt 0.587090 0.746507
vt 0.256722 0.316052
vt 0.301160 0.291053
vt 0.335804 0.065230
vt 0.346620 0.080677
vt 0.881768 0.983301
vt 0.873339 0.999515
vt 0.866579 0.983272
vt 0.543164 0.441152
vt 0.805547 0.498514
vt 0.035460 0.477373
vt 0.079480 0.718430
vt 0.066653 0.734169
vt 0.720020 0.274639
vt 0.720052 0.294490
vt 0.705119 0.286337
vt 0.149073 0.223457
vt 0.150362 0.206832
vt 0.166393 0.215182
vt 0.166145 0.195977
vt 0.164748 0.234276
vt 0.201301 0.322062
vt 0.212640 0.336998
vt 0.629573 0.188373
vt 0.619791 0.203784
vt 0.299072 0.695879
vt 0.703462 0.267978
vt 0.718271 0.255828
vt 0.126319 0.668771
vt 0.350790 0.663027
vt 0.358485 0.648638
vt 0.370429 0.659746
vt 0.361446 0.677384
vt 0.916974 0.005143
vt 0.920791 0.022821
vt 0.904759 0.021070
vt 0.906389 0.002396
vt 0.396500 0.666247
vt 0.396500 0.650878
vt 0.411731 0.656333
vt 0.411690 0.671345
vt 0.445870 0.513342
vt 0.456410 0.526540
vt 0.546380 0.597941
vt 0.529987 0.606243
vt 0.589032 0.511132
vt 0.610600 0.253169
vt 0.619529 0.236040
vt 0.630319 0.249812
vt 0.626329 0.266007
vt 0.651826 0.189121
vt 0.673246 0.181556
vt 0.667141 0.196769
vt 0.703312 0.304122
vt 0.718687 0.313726
vt 0.630049 0.912045
vt 0.771887 0.464025
vt 0.397967 0.681723
vt 0.069470 0.185250
vt 0.080577 0.197713
vt 0.128441 0.156530
vt 0.123281 0.172835
vt 0.112050 0.158254
vt 0.157453 0.276991
vt 0.167589 0.288905
vt 0.586201 0.297667
vt 0.571889 0.310087
vt 0.677020 0.552305
vt 0.657434 0.551923
vt 0.671448 0.537073
vt 0.329065 0.580811
vt 0.332649 0.563347
vt 0.345780 0.572697
vt 0.343985 0.551811
vt 0.122187 0.140273
vt 0.801594 0.007209
vt 0.787445 0.017165
vt 0.395612 0.475857
vt 0.412170 0.483775
vt 0.456394 0.398039
vt 0.446302 0.414084
vt 0.532557 0.456303
vt 0.436461 0.954316
vt 0.793278 0.019979
vt 0.782393 0.033638
vt 0.773647 0.019365
vt 0.197601 0.462107
vt 0.210145 0.472659
vt 0.631619 0.033628
vt 0.884256 0.503421
vt 0.092413 0.951205
vt 0.810676 0.999461
vt 0.344992 0.518808
vt 0.331925 0.533757
vt 0.327402 0.517057
vt 0.341550 0.501883
vt 0.427006 0.938183
vt 0.751547 0.381558
vt 0.751626 0.364184
vt 0.763131 0.366883
vt 0.769498 0.382518
vt 0.756031 0.395689
vt 0.396936 0.492631
vt 0.063034 0.297482
vt 0.076642 0.282327
vt 0.080044 0.298500
vt 0.076708 0.313959
vt 0.338291 0.747475
vt 0.346796 0.761903
vt 0.195261 0.195680
vt 0.627794 0.429696
vt 0.615486 0.444728
vt 0.608788 0.428951
vt 0.619193 0.414939
vt 0.654036 0.535649
vt 0.343279 0.713818
vt 0.331581 0.731546
vt 0.861311 0.686416
vt 0.877872 0.692114
vt 0.864692 0.703043
vt 0.846922 0.698557
vt 0.880007 0.706108
vt 0.541770 0.747264
vt 0.344699 0.779297
vt 0.770232 0.319210
vt 0.787330 0.319558
vt 0.774681 0.336070
vt 0.793440 0.335941
vt 0.959055 0.635363
vt 0.975277 0.635213
vt 0.942281 0.634583
vt 0.410680 0.414360
vt 0.395694 0.427742
vt 0.394988 0.412921
vt 0.398906 0.399400
vt 0.058994 0.065178
vt 0.393554 0.338217
vt 0.391719 0.351499
vt 0.587513 0.564464
vt 0.588126 0.582593
vt 0.571132 0.572057
vt 0.140280 0.951225
vt 0.156136 0.951052
vt 0.746413 0.999528
vt 0.753938 0.983639
vt 0.762403 0.999480
vt 0.282252 0.208747
vt 0.296808 0.199071
vt 0.341962 0.644672
vt 0.326652 0.650195
vt 0.323919 0.632613
vt 0.744416 0.079841
vt 0.751374 0.093842
vt 0.725782 0.079534
vt 0.734202 0.064085
vt 0.482121 0.542493
vt 0.489715 0.525518
vt 0.498091 0.541818
vt 0.375636 0.355665
vt 0.805775 0.315694
vt 0.809737 0.333614
vt 0.933118 0.647894
vt 0.409493 0.542705
vt 0.396555 0.556142
vt 0.395329 0.537938
vt 0.314507 0.952686
vt 0.330290 0.952314
vt 0.586700 0.999063
vt 0.671283 0.884353
vt 0.857748 0.716516
vt 0.842540 0.715396
vt 0.499503 0.419300
vt 0.541226 0.688110
vt 0.211035 0.274524
vt 0.202216 0.289889
vt 0.193507 0.274262
vt 0.841419 0.033802
vt 0.251517 0.398239
vt 0.289829 0.510255
vt 0.297199 0.524630
vt 0.344425 0.048360
vt 0.339094 0.797444
vt 0.357770 0.789185
vt 0.353582 0.805926
vt 0.524202 0.968855
vt 0.508451 0.983694
vt 0.507391 0.971117
vt 0.509704 0.957690
vt 0.034218 0.430559
vt 0.436086 0.500788
vt 0.453697 0.496262
vt 0.498698 0.283805
vt 0.489755 0.558722
vt 0.655874 0.931974
vt 0.671923 0.930364
vt 0.674076 0.983657
vt 0.666295 0.999482
vt 0.657938 0.984563
vt 0.571306 0.554859
vt 0.612295 0.396887
vt 0.614418 0.375321
vt 0.627738 0.385596
vt 0.656725 0.273266
vt 0.672598 0.280630
vt 0.666240 0.260318
vt 0.849489 0.897722
vt 0.337049 0.816363
vt 0.350343 0.822993
vt 0.808565 0.352198
vt 0.917723 0.644609
vt 0.924166 0.630784
vt 0.904082 0.633540
vt 0.395242 0.385838
vt 0.410172 0.386009
vt 0.059997 0.171650
vt 0.077754 0.167672
vt 0.296618 0.162943
vt 0.280706 0.172085
vt 0.279572 0.154271
vt 0.295752 0.145795
vt 0.322216 0.500237
vt 0.330624 0.484659
vt 0.845561 0.679964
vt 0.895091 0.659909
vt 0.826190 0.358997
vt 0.833605 0.344393
vt 0.842008 0.360636
vt 0.829643 0.372574
vt 0.034854 0.089726
vt 0.075897 0.479308
vt 0.539872 0.473787
vt 0.523906 0.486572
vt 0.521332 0.470695
vt 0.538252 0.490341
vt 0.922316 0.321989
vt 0.906556 0.312311
vt 0.907282 0.330778
vt 0.341991 0.434778
vt 0.330002 0.450012
vt 0.409529 0.718090
vt 0.396245 0.726750
vt 0.396045 0.709083
vt 0.075850 0.263732
vt 0.061093 0.276536
vt 0.055853 0.258951
vt 0.498028 0.335453
vt 0.480728 0.334788
vt 0.525920 0.516080
vt 0.570560 0.747269
vt 0.716620 0.881068
vt 0.700074 0.882894
vt 0.903495 0.945403
vt 0.906135 0.933802
vt 0.917611 0.945895
vt 0.235662 0.561572
vt 0.242556 0.541604
vt 0.252028 0.559546
vt 0.245300 0.577588
vt 0.281219 0.190005
vt 0.296953 0.180976
vt 0.417905 0.020344
vt 0.907839 0.959182
vt 0.410644 0.582105
vt 0.397149 0.592196
vt 0.395879 0.573702
vt 0.451583 0.064494
vt 0.796430 0.789034
vt 0.796247 0.801378
vt 0.627474 0.219157
vt 0.610033 0.220053
vt 0.718333 0.207652
vt 0.778471 0.789647
vt 0.904411 0.435214
vt 0.921523 0.441496
vt 0.908583 0.454652
vt 0.034401 0.158687
vt 0.076927 0.552149
vt 0.102588 0.144531
vt 0.107735 0.127897
vt 0.162964 0.329698
vt 0.811673 0.187462
vt 0.826259 0.174346
vt 0.827512 0.189974
vt 0.147088 0.237597
vt 0.152466 0.249245
vt 0.210432 0.703909
vt 0.238723 0.615980
vt 0.253283 0.626849
vt 0.657120 0.406467
vt 0.659272 0.387869
vt 0.673698 0.397752
vt 0.673457 0.414467
vt 0.374788 0.786348
vt 0.362566 0.770518
vt 0.126177 0.004887
vt 0.820850 0.205091
vt 0.410877 0.608066
vt 0.397027 0.622217
vt 0.395551 0.607425
vt 0.454916 0.318166
vt 0.445420 0.330110
vt 0.124598 0.054404
vt 0.166508 0.378479
vt 0.181124 0.932938
vt 0.634276 0.999335
vt 0.543480 0.531582
vt 0.586346 0.141113
vt 0.657722 0.423848
vt 0.673630 0.430982
vt 0.628893 0.105608
vt 0.615338 0.116596
vt 0.612447 0.098106
vt 0.376275 0.373116
vt 0.393100 0.366877
vt 0.365662 0.821793
vt 0.370594 0.803417
vt 0.807399 0.390198
vt 0.788932 0.385578
vt 0.800498 0.370421
vt 0.520644 0.903672
vt 0.523726 0.919640
vt 0.508234 0.911436
vt 0.508628 0.891328
vt 0.453523 0.346765
vt 0.435770 0.343533
vt 0.081461 0.001489
vt 0.065005 0.001432
vt 0.298927 0.733830
vt 0.765035 0.196614
vt 0.753889 0.209325
vt 0.751661 0.197932
vt 0.520473 0.875516
vt 0.525022 0.890510
vt 0.755293 0.182149
vt 0.036055 0.382740
vt 0.901941 0.546891
vt 0.884929 0.537596
vt 0.902100 0.530289
vt 0.312882 0.880549
vt 0.500069 0.510075
vt 0.541409 0.318250
vt 0.526302 0.327460
vt 0.242284 0.675365
vt 0.253812 0.688543
vt 0.093463 0.915995
vt 0.395305 0.521814
vt 0.399413 0.508165
vt 0.410120 0.523043
vt 0.672481 0.132657
vt 0.652618 0.131432
vt 0.324261 0.548506
vt 0.425391 0.920739
vt 0.267330 0.952221
vt 0.283333 0.951250
vt 0.059563 0.634233
vt 0.077560 0.630616
vt 0.109807 0.109687
vt 0.124445 0.122227
vt 0.144730 0.428489
vt 0.164987 0.425956
vt 0.627359 0.085326
vt 0.607396 0.081417
vt 0.524602 0.951876
vt 0.507197 0.942887
vt 0.245021 0.273601
vt 0.254674 0.285206
vt 0.280857 0.037019
vt 0.298562 0.035518
vt 0.343387 0.159607
vt 0.330392 0.179375
vt 0.327356 0.162528
vt 0.876458 0.718456
vt 0.774113 0.352802
vt 0.791248 0.353205
vt 0.781988 0.369147
vt 0.210888 0.305907
vt 0.192841 0.306620
vt 0.133004 0.826382
vt 0.122992 0.842081
vt 0.116088 0.825332
vt 0.033582 0.622623
vt 0.499956 0.180345
vt 0.147440 0.175342
vt 0.148580 0.159913
vt 0.165189 0.176641
vt 0.149795 0.189803
vt 0.569944 0.489408
vt 0.577365 0.474470
vt 0.586569 0.490564
vt 0.432397 0.898115
vt 0.253902 0.508321
vt 0.242370 0.523466
vt 0.237977 0.505810
vt 0.244260 0.489567
vt 0.672068 0.214261
vt 0.658398 0.227905
vt 0.655517 0.208265
vt 0.751299 0.067555
vt 0.395850 0.259187
vt 0.209404 0.543585
vt 0.719334 0.428550
vt 0.124198 0.598069
vt 0.524103 0.935879
vt 0.507832 0.927725
vt 0.359564 0.937827
vt 0.375889 0.951969
vt 0.361708 0.953704
vt 0.064940 0.397856
vt 0.077392 0.412079
vt 0.586998 0.458964
vt 0.628983 0.402754
vt 0.673056 0.634831
vt 0.663343 0.648838
vt 0.720705 0.496614
vt 0.395519 0.116057
vt 0.395002 0.101989
vt 0.409413 0.105869
vt 0.399350 0.092415
vt 0.453618 0.430485
vt 0.436027 0.428868
vt 0.106131 0.610251
vt 0.753729 0.451580
vt 0.756131 0.432151
vt 0.267059 0.217431
vt 0.266062 0.199853
vt 0.684426 0.444337
vt 0.688805 0.425930
vt 0.749724 0.545204
vt 0.744234 0.558219
vt 0.728150 0.545096
vt 0.880009 0.239882
vt 0.863217 0.224411
vt 0.879985 0.226822
vt 0.735913 0.530163
vt 0.745860 0.785954
vt 0.746062 0.801594
vt 0.732987 0.791534
vt 0.733243 0.777025
vt 0.746062 0.766835
vt 0.934663 0.600699
vt 0.943755 0.586597
vt 0.953099 0.602431
vt 0.003444 0.131863
vt 0.049229 0.734001
vt 0.042919 0.716582
vt 0.467456 0.228071
vt 0.465169 0.212893
vt 0.765225 0.054478
vt 0.785465 0.054229
vt 0.786277 0.070019
vt 0.768356 0.069823
vt 0.752533 0.069528
vt 0.208254 0.915941
vt 0.212929 0.933155
vt 0.393300 0.889341
vt 0.393077 0.904278
vt 0.603293 0.490622
vt 0.595044 0.475631
vt 0.604272 0.459884
vt 0.772294 0.913447
vt 0.778161 0.898073
vt 0.317563 0.322328
vt 0.310057 0.306490
vt 0.847391 0.213090
vt 0.846586 0.230861
vt 0.402380 0.970605
vt 0.409617 0.957419
vt 0.421143 0.955965
vt 0.825558 0.419551
vt 0.825616 0.436765
vt 0.040263 0.667216
vt 0.050808 0.652025
vt 0.089728 0.489744
vt 0.093969 0.472004
vt 0.864387 0.786136
vt 0.878794 0.781672
vt 0.878856 0.800505
vt 0.177920 0.659779
vt 0.185202 0.643064
vt 0.601457 0.412421
vt 0.592227 0.398079
vt 0.601042 0.384317
vt 0.042596 0.206659
vt 0.051085 0.189242
vt 0.643203 0.504726
vt 0.321147 0.467080
vt 0.312472 0.450500
vt 0.861400 0.242298
vt 0.845402 0.248934
vt 0.833874 0.824286
vt 0.824462 0.835243
vt 0.815136 0.825079
vt 0.840970 0.837707
vt 0.967359 0.615682
vt 0.971644 0.597948
vt 0.753784 0.489115
vt 0.753522 0.470256
vt 0.754358 0.507606
vt 0.264872 0.858464
vt 0.282984 0.858192
vt 0.276347 0.875195
vt 0.645247 0.519975
vt 0.092720 0.596324
vt 0.086556 0.613165
vt 0.095479 0.627446
vt 0.256115 0.916350
vt 0.556022 0.742823
vt 0.555604 0.724116
vt 0.220431 0.320865
vt 0.223819 0.515241
vt 0.223897 0.496795
vt 0.265790 0.234609
vt 0.689736 0.407702
vt 0.420925 0.969573
vt 0.439108 0.969919
vt 0.557450 0.545027
vt 0.559063 0.527208
vt 0.229008 0.857264
vt 0.242524 0.872648
vt 0.227661 0.876145
vt 0.340326 0.935659
vt 0.346369 0.952519
vt 0.554568 0.999128
vt 0.508354 0.318965
vt 0.514272 0.339282
vt 0.687683 0.929765
vt 0.689935 0.983498
vt 0.597690 0.109799
vt 0.593460 0.092675
vt 0.313716 0.663850
vt 0.311556 0.646185
vt 0.872487 0.840675
vt 0.878856 0.857126
vt 0.859986 0.856033
vt 0.854521 0.841915
vt 0.182993 0.106222
vt 0.907476 0.473522
vt 0.921868 0.464136
vt 0.174854 0.118235
vt 0.219788 0.050644
vt 0.227902 0.034404
vt 0.640365 0.175932
vt 0.636292 0.159331
vt 0.842657 0.856918
vt 0.846271 0.193868
vt 0.861388 0.203450
vt 0.468590 0.031388
vt 0.461427 0.019720
vt 0.478059 0.019720
vt 0.754388 0.330912
vt 0.756190 0.348510
vt 0.755119 0.310739
vt 0.003501 0.699873
vt 0.418323 0.265633
vt 0.426691 0.248306
vt 0.751457 0.571014
vt 0.750840 0.585757
vt 0.735161 0.574327
vt 0.427395 0.516396
vt 0.415867 0.503117
vt 0.094356 0.406827
vt 0.096871 0.387533
vt 0.904480 0.334691
vt 0.921575 0.329204
vt 0.922316 0.342167
vt 0.175602 0.092723
vt 0.181428 0.078674
vt 0.221103 0.018449
vt 0.230705 0.002152
vt 0.263274 0.574511
vt 0.269877 0.558102
vt 0.313476 0.532978
vt 0.310236 0.514387
vt 0.089321 0.506416
vt 0.876751 0.214041
vt 0.879412 0.199258
vt 0.753772 0.277249
vt 0.755206 0.293779
vt 0.001317 0.569540
vt 0.001372 0.585207
vt 0.048004 0.288022
vt 0.043686 0.269481
vt 0.087962 0.440470
vt 0.091963 0.423466
vt 0.826210 0.402976
vt 0.871876 0.876320
vt 0.862741 0.862060
vt 0.878856 0.863055
vt 0.180907 0.205380
vt 0.180369 0.185859
vt 0.219651 0.289251
vt 0.227770 0.273864
vt 0.126068 0.915866
vt 0.687350 0.491602
vt 0.136403 0.183436
vt 0.926308 0.612693
vt 0.939109 0.619694
vt 0.906436 0.618925
vt 0.419168 0.217237
vt 0.466485 0.382680
vt 0.833708 0.876442
vt 0.827982 0.863616
vt 0.844682 0.861724
vt 0.136051 0.228302
vt 0.921443 0.396342
vt 0.906187 0.401307
vt 0.905759 0.384606
vt 0.921819 0.378220
vt 0.558379 0.584010
vt 0.594181 0.695544
vt 0.597962 0.678125
vt 0.884932 0.520208
vt 0.901799 0.512809
vt 0.265493 0.734129
vt 0.687170 0.622612
vt 0.689879 0.640658
vt 0.265004 0.298963
vt 0.271443 0.281538
vt 0.725688 0.561008
vt 0.423573 0.904976
vt 0.406366 0.916379
vt 0.408087 0.900196
vt 0.394432 0.906551
vt 0.782740 0.857573
vt 0.046202 0.519617
vt 0.089716 0.131731
vt 0.093618 0.115883
vt 0.751328 0.499888
vt 0.749095 0.515013
vt 0.736724 0.496678
vt 0.906134 0.367653
vt 0.906423 0.351776
vt 0.922207 0.360209
vt 0.180997 0.225207
vt 0.219598 0.621172
vt 0.225563 0.604546
vt 0.264942 0.702361
vt 0.271503 0.685538
vt 0.687414 0.050994
vt 0.465212 0.078463
vt 0.876742 0.285302
vt 0.860835 0.277291
vt 0.879987 0.270128
vt 0.927218 0.584776
vt 0.906299 0.580060
vt 0.919775 0.571059
vt 0.937184 0.571377
vt 0.806510 0.619036
vt 0.824237 0.609616
vt 0.825644 0.626018
vt 0.807490 0.636338
vt 0.618109 0.856789
vt 0.607283 0.875020
vt 0.600794 0.857282
vt 0.420097 0.312103
vt 0.429119 0.326558
vt 0.299973 0.898813
vt 0.955321 0.571636
vt 0.596953 0.350463
vt 0.591677 0.334935
vt 0.603320 0.323753
vt 0.643940 0.218986
vt 0.638230 0.234250
vt 0.650438 0.246009
vt 0.311441 0.616250
vt 0.845048 0.266691
vt 0.860876 0.260400
vt 0.959106 0.587100
vt 0.975434 0.581248
vt 0.297304 0.880111
vt 0.945931 0.557548
vt 0.772252 0.626355
vt 0.754419 0.634421
vt 0.753822 0.616958
vt 0.753211 0.599109
vt 0.771255 0.608320
vt 0.002489 0.502367
vt 0.001982 0.486532
vt 0.423928 0.533948
vt 0.860518 0.295928
vt 0.845585 0.285345
vt 0.864387 0.805634
vt 0.871975 0.818495
vt 0.553271 0.425760
vt 0.884539 0.468381
vt 0.597308 0.033122
vt 0.273485 0.018949
vt 0.272378 0.001737
vt 0.122672 0.879709
vt 0.097097 0.001607
vt 0.837533 0.000674
vt 0.856214 0.000723
vt 0.850923 0.014391
vt 0.906827 0.561420
vt 0.833399 0.014487
vt 0.807479 0.654256
vt 0.825774 0.642307
vt 0.825997 0.657959
vt 0.804636 0.671478
vt 0.735527 0.867373
vt 0.746961 0.850998
vt 0.421447 0.048973
vt 0.312603 0.116341
vt 0.852569 0.876442
vt 0.557462 0.511229
vt 0.220769 0.719329
vt 0.640919 0.051711
vt 0.637241 0.068671
vt 0.859889 0.837811
vt 0.851552 0.825048
vt 0.866390 0.824287
vt 0.975150 0.567181
vt 0.728429 0.850639
vt 0.426954 0.111084
vt 0.420779 0.094843
vt 0.282565 0.880060
vt 0.391068 0.874844
vt 0.374517 0.874745
vt 0.380685 0.855883
vt 0.597565 0.443518
vt 0.266171 0.330262
vt 0.313427 0.483744
vt 0.877028 0.254706
vt 0.772526 0.553876
vt 0.769656 0.570697
vt 0.753402 0.561895
vt 0.754183 0.544254
vt 0.397237 0.855954
vt 0.428030 0.414600
vt 0.419397 0.400054
vt 0.087066 0.644855
vt 0.133629 0.068763
vt 0.597941 0.367506
vt 0.363922 0.857563
vt 0.685947 0.311985
vt 0.687424 0.294817
vt 0.751473 0.530426
vt 0.917331 0.604562
vt 0.904011 0.611600
vt 0.916308 0.594469
vt 0.905117 0.593054
vt 0.825236 0.543916
vt 0.806544 0.551974
vt 0.805633 0.534835
vt 0.822791 0.528899
vt 0.640528 0.416281
vt 0.045076 0.305163
vt 0.463734 0.145318
vt 0.475052 0.131343
vt 0.136210 0.038394
vt 0.134319 0.021119
vt 0.555871 0.706142
vt 0.431306 0.855813
vt 0.437672 0.872426
vt 0.422785 0.876115
vt 0.686798 0.169440
vt 0.729696 0.513176
vt 0.869199 0.008516
vt 0.753231 0.580437
vt 0.769413 0.590355
vt 0.263301 0.493433
vt 0.413964 0.856081
vt 0.046774 0.078205
vt 0.089131 0.674311
vt 0.180463 0.167280
vt 0.053864 0.017930
vt 0.048275 0.001902
vt 0.645608 0.434948
vt 0.683914 0.264117
vt 0.689831 0.278920
vt 0.001593 0.329943
vt 0.426508 0.489421
vt 0.345949 0.879275
vt 0.470205 0.113889
vt 0.509020 0.683142
vt 0.507827 0.665875
vt 0.181637 0.148506
vt 0.271105 0.509844
vt 0.001475 0.249930
vt 0.306430 0.550785
vt 0.316631 0.566016
vt 0.750798 0.648758
vt 0.750287 0.664846
vt 0.733180 0.662700
vt 0.878250 0.136142
vt 0.861257 0.130112
vt 0.878635 0.120020
vt 0.736530 0.642828
vt 0.375355 0.174547
vt 0.391245 0.162544
vt 0.391229 0.178146
vt 0.161910 0.821230
vt 0.166218 0.802826
vt 0.177468 0.821217
vt 0.375825 0.193767
vt 0.756110 0.751884
vt 0.756289 0.735372
vt 0.773203 0.745607
vt 0.772792 0.763988
vt 0.003489 0.267301
vt 0.638436 0.202359
vt 0.040540 0.321626
vt 0.086889 0.227443
vt 0.092549 0.210050
vt 0.808078 0.070019
vt 0.802978 0.054131
vt 0.820910 0.057995
vt 0.039496 0.872958
vt 0.033768 0.857378
vt 0.559549 0.634041
vt 0.225451 0.195454
vt 0.242278 0.185241
vt 0.242335 0.202049
vt 0.225454 0.213598
vt 0.262258 0.655445
vt 0.266826 0.638435
vt 0.247320 0.856745
vt 0.226092 0.159966
vt 0.242156 0.149602
vt 0.242455 0.167609
vt 0.225932 0.177562
vt 0.639004 0.618926
vt 0.638433 0.601657
vt 0.682789 0.247700
vt 0.861045 0.113139
vt 0.845515 0.122636
vt 0.173589 0.785772
vt 0.156652 0.786414
vt 0.755421 0.716936
vt 0.768904 0.724561
vt 0.050783 0.157409
vt 0.043424 0.140552
vt 0.087781 0.180556
vt 0.094705 0.162306
vt 0.919852 0.414843
vt 0.552709 0.658432
vt 0.560439 0.644159
vt 0.553773 0.563702
vt 0.182261 0.802437
vt 0.192377 0.820224
vt 0.756031 0.768630
vt 0.772083 0.782339
vt 0.449896 0.856623
vt 0.417745 0.371800
vt 0.426484 0.356909
vt 0.473594 0.524425
vt 0.463588 0.510156
vt 0.513083 0.501224
vt 0.508180 0.485520
vt 0.391557 0.193105
vt 0.603355 0.536584
vt 0.604014 0.517066
vt 0.620094 0.528937
vt 0.619411 0.546835
vt 0.262637 0.074231
vt 0.270388 0.055015
vt 0.303709 0.631101
vt 0.751181 0.631516
vt 0.878354 0.153418
vt 0.861325 0.147596
vt 0.735304 0.624780
vt 0.468921 0.556200
vt 0.467155 0.539413
vt 0.690296 0.217200
vt 0.683573 0.199547
vt 0.845617 0.140052
vt 0.928992 0.915682
vt 0.922346 0.929565
vt 0.001205 0.346540
vt 0.427245 0.442105
vt 0.415553 0.430701
vt 0.686099 0.897288
vt 0.685626 0.880070
vt 0.242729 0.217984
vt 0.226328 0.232144
vt 0.648031 0.032642
vt 0.306320 0.600627
vt 0.312168 0.583631
vt 0.215065 0.560391
vt 0.226493 0.548029
vt 0.041684 0.490932
vt 0.048715 0.465459
vt 0.470369 0.350419
vt 0.463611 0.333369
vt 0.472199 0.318163
vt 0.635560 0.895542
vt 0.641461 0.880091
vt 0.511869 0.742835
vt 0.176010 0.496373
vt 0.175403 0.513461
vt 0.224206 0.574454
vt 0.003763 0.649789
vt 0.264413 0.034769
vt 0.685579 0.604856
vt 0.684025 0.587482
vt 0.845622 0.105474
vt 0.861669 0.096089
vt 0.876862 0.103881
vt 0.149821 0.803647
vt 0.140205 0.786323
vt 0.754505 0.651318
vt 0.773142 0.644776
vt 0.771160 0.663419
vt 0.172292 0.479674
vt 0.084013 0.358598
vt 0.390699 0.920458
vt 0.001114 0.536821
vt 0.002092 0.520776
vt 0.846003 0.088772
vt 0.862260 0.079923
vt 0.729070 0.750342
vt 0.730368 0.764155
vt 0.713994 0.749671
vt 0.805227 0.601435
vt 0.001270 0.553233
vt 0.413877 0.565334
vt 0.421923 0.551976
vt 0.426849 0.579311
vt 0.088621 0.342329
vt 0.260752 0.933369
vt 0.636213 0.141392
vt 0.634122 0.123395
vt 0.312226 0.135987
vt 0.145879 0.823032
vt 0.591887 0.219296
vt 0.601902 0.204351
vt 0.004489 0.668173
vt 0.127251 0.103467
vt 0.128055 0.086216
vt 0.139114 0.114211
vt 0.174664 0.713686
vt 0.182410 0.693762
vt 0.226399 0.142404
vt 0.239822 0.130528
vt 0.263116 0.146013
vt 0.264031 0.164506
vt 0.690367 0.539848
vt 0.683045 0.523445
vt 0.305043 0.915834
vt 0.292585 0.933150
vt 0.753141 0.700038
vt 0.768781 0.704613
vt 0.004268 0.101051
vt 0.003136 0.085780
vt 0.039825 0.062950
vt 0.051286 0.049431
vt 0.472196 0.747269
vt 0.467936 0.732844
vt 0.825552 0.857126
vt 0.815692 0.846022
vt 0.833839 0.843325
vt 0.312913 0.225248
vt 0.311548 0.206774
vt 0.040500 0.604797
vt 0.047551 0.586426
vt 0.050684 0.619596
vt 0.092122 0.528083
vt 0.506702 0.702405
vt 0.173571 0.546090
vt 0.178996 0.530259
vt 0.179776 0.561159
vt 0.218170 0.687340
vt 0.226089 0.669809
vt 0.261426 0.128278
vt 0.805783 0.767409
vt 0.736042 0.680291
vt 0.750758 0.680963
vt 0.375552 0.157214
vt 0.390752 0.146455
vt 0.768337 0.683698
vt 0.002449 0.034237
vt 0.001808 0.018112
vt 0.042112 0.174418
vt 0.594376 0.189144
vt 0.643637 0.396232
vt 0.312665 0.171884
vt 0.312721 0.153132
vt 0.861299 0.165426
vt 0.879045 0.169793
vt 0.861841 0.184116
vt 0.845907 0.175540
vt 0.879772 0.185042
vt 0.002742 0.053262
vt 0.593541 0.925952
vt 0.598422 0.903896
vt 0.514725 0.452969
vt 0.507179 0.436086
vt 0.554445 0.166599
vt 0.553173 0.147381
vt 0.217102 0.637795
vt 0.263932 0.410937
vt 0.270284 0.394012
vt 0.752185 0.116190
vt 0.756328 0.102816
vt 0.555532 0.305005
vt 0.548618 0.286694
vt 0.594259 0.265052
vt 0.591143 0.249008
vt 0.601719 0.235727
vt 0.263908 0.251359
vt 0.749979 0.599942
vt 0.751288 0.615170
vt 0.733368 0.607791
vt 0.732220 0.590675
vt 0.686734 0.460897
vt 0.754806 0.130886
vt 0.132217 0.857341
vt 0.151563 0.856852
vt 0.140528 0.872717
vt 0.418232 0.731450
vt 0.425571 0.714746
vt 0.459611 0.050349
vt 0.465053 0.035295
vt 0.725445 0.898278
vt 0.807168 0.220735
vt 0.470933 0.431732
vt 0.463922 0.414852
vt 0.508884 0.644750
vt 0.518720 0.631643
vt 0.557376 0.084239
vt 0.551101 0.068094
vt 0.733501 0.880712
vt 0.640194 0.278543
vt 0.644737 0.261205
vt 0.682676 0.328983
vt 0.768094 0.234284
vt 0.755232 0.245165
vt 0.654612 0.857508
vt 0.551063 0.129673
vt 0.771687 0.214800
vt 0.300816 0.857984
vt 0.318685 0.855550
vt 0.312238 0.873567
vt 0.328427 0.870374
vt 0.420060 0.595673
vt 0.428855 0.612613
vt 0.088975 0.050778
vt 0.511689 0.298134
vt 0.649744 0.999578
vt 0.643075 0.982937
vt 0.165192 0.932907
vt 0.172065 0.950963
vt 0.730349 0.999553
vt 0.737994 0.983930
vt 0.638441 0.296269
vt 0.311354 0.418524
vt 0.317318 0.400672
vt 0.770146 0.802801
vt 0.755716 0.786267
vt 0.513746 0.856518
vt 0.417867 0.341427
vt 0.460912 0.242693
vt 0.128918 0.526722
vt 0.137780 0.508301
vt 0.553523 0.489578
vt 0.558991 0.474045
vt 0.467932 0.898172
vt 0.620511 0.512102
vt 0.264750 0.182279
vt 0.307345 0.680213
vt 0.845610 0.157565
vt 0.754513 0.802384
vt 0.959377 0.960947
vt 0.974995 0.960445
vt 0.243206 0.233990
vt 0.823139 0.757303
vt 0.001071 0.395726
vt 0.001933 0.379294
vt 0.042485 0.415119
vt 0.048340 0.398014
vt 0.463934 0.288194
vt 0.468412 0.271858
vt 0.131094 0.383185
vt 0.135889 0.366358
vt 0.803063 0.033783
vt 0.184981 0.289621
vt 0.176211 0.274738
vt 0.046041 0.553075
vt 0.636168 0.634981
vt 0.648720 0.644816
vt 0.690803 0.137772
vt 0.682940 0.119956
vt 0.693963 0.109133
vt 0.465202 0.195227
vt 0.128515 0.703458
vt 0.136360 0.685017
vt 0.176259 0.341236
vt 0.181454 0.322835
vt 0.595295 0.282392
vt 0.640010 0.551756
vt 0.310538 0.082450
vt 0.317629 0.065950
vt 0.041641 0.637809
vt 0.752137 0.090332
vt 0.771170 0.081055
vt 0.755206 0.074946
vt 0.547346 0.913794
vt 0.554874 0.898827
vt 0.463426 0.178772
vt 0.091348 0.562540
vt 0.089461 0.543683
vt 0.134024 0.651900
vt 0.127205 0.635361
vt 0.550658 0.457966
vt 0.616636 0.495358
vt 0.598278 0.496358
vt 0.420957 0.882492
vt 0.414416 0.898104
vt 0.401157 0.882544
vt 0.299477 0.951637
vt 0.312400 0.721857
vt 0.309293 0.707370
vt 0.801386 0.076082
vt 0.816375 0.077102
vt 0.001789 0.631323
vt 0.006238 0.614413
vt 0.875974 0.424782
vt 0.861884 0.410881
vt 0.879880 0.411726
vt 0.063476 0.766083
vt 0.051014 0.779411
vt 0.046102 0.764174
vt 0.810446 0.732320
vt 0.824120 0.722469
vt 0.824896 0.740840
vt 0.808267 0.750201
vt 0.661719 0.876252
vt 0.672532 0.857474
vt 0.751473 0.360676
vt 0.745941 0.373672
vt 0.737543 0.356805
vt 0.735429 0.930461
vt 0.318600 0.272289
vt 0.329834 0.258518
vt 0.860189 0.430041
vt 0.845948 0.418565
vt 0.069793 0.780636
vt 0.056959 0.793948
vt 0.074146 0.795159
vt 0.066351 0.809462
vt 0.086152 0.804520
vt 0.088842 0.785737
vt 0.945361 0.887058
vt 0.939276 0.870154
vt 0.954518 0.871328
vt 0.599828 0.065240
vt 0.663548 0.353552
vt 0.661186 0.370435
vt 0.645871 0.359646
vt 0.647805 0.342511
vt 0.317715 0.241625
vt 0.334147 0.242253
vt 0.227343 0.095987
vt 0.785109 0.074750
vt 0.707073 0.854769
vt 0.445874 0.659610
vt 0.445569 0.676348
vt 0.429478 0.664428
vt 0.429513 0.647867
vt 0.510683 0.067026
vt 0.517856 0.052901
vt 0.081344 0.768148
vt 0.226232 0.079380
vt 0.751374 0.344639
vt 0.878101 0.440841
vt 0.735055 0.338008
vt 0.886120 0.920529
vt 0.886166 0.903799
vt 0.901871 0.910481
vt 0.515381 0.278949
vt 0.444528 0.693222
vt 0.429281 0.681107
vt 0.845009 0.400017
vt 0.603958 0.746092
vt 0.845648 0.438387
vt 0.183164 0.413876
vt 0.197371 0.402867
vt 0.199213 0.421520
vt 0.386776 0.069571
vt 0.375622 0.085255
vt 0.391485 0.083386
vt 0.826797 0.593606
vt 0.812439 0.585553
vt 0.826974 0.575220
vt 0.005466 0.442447
vt 0.473043 0.606140
vt 0.473283 0.588401
vt 0.389916 0.053533
vt 0.183328 0.431460
vt 0.689851 0.690431
vt 0.751383 0.387731
vt 0.734718 0.385379
vt 0.725846 0.369600
vt 0.139115 0.475372
vt 0.375098 0.042246
vt 0.808137 0.568347
vt 0.826765 0.559398
vt 0.508125 0.876340
vt 0.497076 0.855811
vt 0.493455 0.872808
vt 0.050428 0.239831
vt 0.091558 0.099706
vt 0.142438 0.491987
vt 0.047971 0.806996
vt 0.037245 0.790966
vt 0.182884 0.374823
vt 0.197970 0.385063
vt 0.180107 0.393614
vt 0.226954 0.384932
vt 0.690994 0.727283
vt 0.846769 0.379351
vt 0.859823 0.392783
vt 0.139062 0.303223
vt 0.082970 0.820752
vt 0.928885 0.887626
vt 0.094314 0.257199
vt 0.142493 0.285711
vt 0.069238 0.823324
vt 0.198577 0.441077
vt 0.184180 0.450604
vt 0.243722 0.598447
vt 0.231700 0.588159
vt 0.694476 0.556597
vt 0.558439 0.323191
vt 0.751784 0.684105
vt 0.753448 0.668256
vt 0.810637 0.260241
vt 0.876671 0.397672
vt 0.053224 0.823239
vt 0.336527 0.467424
vt 0.113057 0.625973
vt 0.159332 0.492106
vt 0.557604 0.253520
vt 0.600422 0.157204
vt 0.604599 0.142237
vt 0.845506 0.457314
vt 0.861334 0.466668
vt 0.164525 0.770135
vt 0.148095 0.768979
vt 0.513711 0.228543
vt 0.751287 0.310199
vt 0.751324 0.327626
vt 0.734546 0.320517
vt 0.878723 0.475343
vt 0.878549 0.457884
vt 0.735230 0.302123
vt 0.131648 0.769499
vt 0.346336 0.860570
vt 0.357676 0.875705
vt 0.342075 0.876036
vt 0.064773 0.364568
vt 0.051229 0.350937
vt 0.001221 0.363773
vt 0.201634 0.643061
vt 0.558551 0.184361
vt 0.600414 0.126794
vt 0.619527 0.133911
vt 0.666510 0.243420
vt 0.451200 0.876225
vt 0.464848 0.870900
vt 0.053830 0.380870
vt 0.069843 0.381140
vt 0.097544 0.725456
vt 0.112346 0.715608
vt 0.113585 0.733872
vt 0.359535 0.739528
vt 0.518347 0.114790
vt 0.180298 0.627284
vt 0.097696 0.769191
vt 0.106498 0.785741
vt 0.827212 0.387365
vt 0.817540 0.372729
vt 0.445224 0.625302
vt 0.445656 0.642581
vt 0.429787 0.630969
vt 0.532493 0.030337
vt 0.531912 0.045331
vt 0.516133 0.035187
vt 0.883620 0.385410
vt 0.089553 0.750827
vt 0.649319 0.662166
vt 0.860946 0.448538
vt 0.188161 0.062695
vt 0.179584 0.049116
vt 0.720140 0.865964
vt 0.094032 0.706973
vt 0.901887 0.894056
vt 0.859854 0.033750
vt 0.872969 0.019433
vt 0.878856 0.033542
vt 0.476385 0.570341
vt 0.763346 0.033802
vt 0.140133 0.270456
vt 0.114714 0.769230
vt 0.005575 0.217322
vt 0.105852 0.751489
vt 0.886232 0.886789
vt 0.122795 0.874457
vt 0.251992 0.951684
vt 0.036465 0.823047
vt 0.226601 0.480658
vt 0.076834 0.915743
vt 0.053445 0.843968
vt 0.313524 0.369978
vt 0.751089 0.453094
vt 0.750995 0.468472
vt 0.733416 0.461950
vt 0.736158 0.445636
vt 0.927393 0.557550
vt 0.937285 0.543269
vt 0.920421 0.544108
vt 0.955403 0.901685
vt 0.270105 0.103901
vt 0.255060 0.883460
vt 0.139493 0.001350
vt 0.185201 0.001452
vt 0.209525 0.880155
vt 0.601874 0.660478
vt 0.267802 0.362535
vt 0.171615 0.850924
vt 0.167991 0.866065
vt 0.643670 0.697657
vt 0.641247 0.714106
vt 0.310635 0.339122
vt 0.845390 0.304979
vt 0.860418 0.314464
vt 0.844860 0.325579
vt 0.903899 0.544271
vt 0.811040 0.712096
vt 0.159103 0.876312
vt 0.902993 0.431992
vt 0.164191 0.880911
vt 0.806792 0.170063
vt 0.644012 0.377804
vt 0.861889 0.332076
vt 0.852039 0.344643
vt 0.001418 0.731868
vt 0.005781 0.717096
vt 0.016901 0.734226
vt 0.974390 0.555605
vt 0.963360 0.555786
vt 0.974928 0.542192
vt 0.954473 0.542589
vt 0.001418 0.748477
vt 0.226604 0.442344
vt 0.198944 0.866669
vt 0.183526 0.866235
vt 0.191214 0.848420
vt 0.211902 0.854870
vt 0.225808 0.462456
vt 0.690418 0.390742
vt 0.879226 0.316767
vt 0.879154 0.332175
vt 0.827132 0.107603
vt 0.826198 0.091488
vt 0.168632 0.899090
vt 0.427864 0.697966
vt 0.641122 0.926656
vt 0.182579 0.127547
vt 0.878856 0.834927
vt 0.132460 0.415216
vt 0.551720 0.218514
vt 0.222458 0.353579
vt 0.313577 0.189250
vt 0.459377 0.901115
vt 0.441370 0.908998
vt 0.101914 0.825379
vt 0.044020 0.366688
vt 0.092409 0.274344
vt 0.094815 0.291535
vt 0.878100 0.301337
vt 0.601857 0.999434
vt 0.509575 0.404879
vt 0.751154 0.483878
vt 0.135931 0.444388
vt 0.733705 0.479163
vt 0.820331 0.000840
vt 0.816958 0.014477
vt 0.179913 0.594136
vt 0.124388 0.951186
vt 0.778430 0.999479
vt 0.310563 0.256130
vt 0.092151 0.326072
vt 0.509369 0.164551
vt 0.642076 0.096017
vt 0.466436 0.463119
vt 0.508948 0.246892
vt 0.826288 0.485993
vt 0.823100 0.501165
vt 0.824403 0.468675
vt 0.511003 0.097253
vt 0.725657 0.397797
vt 0.746513 0.402100
vt 0.227290 0.112760
vt 0.226608 0.124797
vt 0.589123 0.021751
vt 0.579120 0.033802
vt 0.568686 0.021751
vt 0.686201 0.082722
vt 0.859336 0.360589
vt 0.864142 0.376891
vt 0.878483 0.365637
vt 0.826762 0.452278
vt 0.293957 0.876114
vt 0.031818 0.806882
vt 0.751250 0.419698
vt 0.734138 0.413940
vt 0.879861 0.383246
vt 0.182767 0.243279
vt 0.478810 0.876269
vt 0.481010 0.859202
vt 0.601695 0.885672
vt 0.904480 0.414892
vt 0.908723 0.429770
vt 0.033317 0.773645
vt 0.822512 0.912890
vt 0.391335 0.036737
vt 0.140415 0.131904
vt 0.807225 0.516499
vt 0.824916 0.515365
vt 0.407665 0.875460
vt 0.922316 0.424942
vt 0.396710 0.897948
vt 0.826680 0.999514
vt 0.076544 0.951077
vt 0.257782 0.875816
vt 0.225833 0.531835
vt 0.874803 0.348377
vt 0.752333 0.260970
vt 0.555828 0.393181
vt 0.094757 0.309436
vt 0.753599 0.225975
vt 0.751453 0.436939
vt 0.736433 0.430281
vt 0.393096 0.020279
vt 0.375047 0.024653
vt 0.377004 0.005246
vt 0.211336 0.874445
vt 0.511907 0.372981
vt 0.020035 0.821686
vt 0.827451 0.340418
vt 0.825727 0.323048
vt 0.825782 0.357514
vt 0.003617 0.201721
vt 0.317173 0.001746
vt 0.134997 0.583461
vt 0.315846 0.735682
vt 0.899564 0.564192
vt 0.004637 0.182918
vt 0.006627 0.167874
vt 0.110330 0.321313
vt 0.510648 0.196911
vt 0.181781 0.467113
vt 0.078043 0.879767
vt 0.858006 0.774127
vt 0.850714 0.756796
vt 0.868215 0.760532
vt 0.591886 0.841324
vt 0.503647 0.265249
vt 0.172476 0.678396
vt 0.633304 0.652279
vt 0.307579 0.050723
vt 0.359481 0.615969
vt 0.359255 0.632720
vt 0.359772 0.598337
vt 0.829315 0.574808
vt 0.830997 0.557535
vt 0.902446 0.791138
vt 0.207999 0.749832
vt 0.458615 0.747247
vt 0.127220 0.332717
vt 0.545470 0.096371
vt 0.214308 0.590681
vt 0.307403 0.018588
vt 0.886080 0.780521
vt 0.360520 0.581143
vt 0.179581 0.749075
vt 0.900834 0.819783
vt 0.886265 0.833921
vt 0.167017 0.752994
vt 0.902578 0.832418
vt 0.881050 0.777132
vt 0.864107 0.782279
vt 0.934052 0.942751
vt 0.951337 0.942865
vt 0.943887 0.956678
vt 0.222776 0.750152
vt 0.886619 0.762263
vt 0.902097 0.776249
vt 0.609360 0.841068
vt 0.350660 0.923845
vt 0.459093 0.479269
vt 0.829574 0.591353
vt 0.176061 0.915879
vt 0.217379 0.898898
vt 0.883685 0.756796
vt 0.875124 0.774573
vt 0.601273 0.824870
vt 0.619401 0.825096
vt 0.410222 0.121621
vt 0.213642 0.656462
vt 0.256811 0.610266
vt 0.356365 0.696155
vt 0.830141 0.540610
vt 0.544967 0.335243
vt 0.211905 0.452123
vt 0.260418 0.526053
vt 0.085550 0.898669
vt 0.085084 0.932939
vt 0.361051 0.511290
vt 0.829578 0.522700
vt 0.138243 0.750642
vt 0.122301 0.751101
vt 0.902559 0.861419
vt 0.902405 0.877480
vt 0.886230 0.869605
vt 0.886097 0.852033
vt 0.564848 0.824836
vt 0.583029 0.824987
vt 0.574215 0.841619
vt 0.556510 0.840946
vt 0.171232 0.360244
vt 0.213516 0.431378
vt 0.884243 0.554166
vt 0.940193 0.928423
vt 0.082781 0.459881
vt 0.813604 0.896990
vt 0.085428 0.691362
vt 0.142280 0.253598
vt 0.547444 0.197734
vt 0.768074 0.881077
vt 0.815121 0.929959
vt 0.359994 0.562759
vt 0.153550 0.750124
vt 0.902611 0.845997
vt 0.415670 0.282389
vt 0.818188 0.983434
vt 0.545459 0.238034
vt 0.548230 0.268722
vt 0.259331 0.671977
vt 0.376458 0.520873
vt 0.376122 0.538133
vt 0.362499 0.527516
vt 0.376221 0.504626
vt 0.926114 0.959867
vt 0.377569 0.672398
vt 0.374683 0.688107
vt 0.170239 0.442843
vt 0.259362 0.427982
vt 0.347255 0.310471
vt 0.362617 0.313916
vt 0.361161 0.295831
vt 0.278893 0.749516
vt 0.903001 0.719705
vt 0.886133 0.725611
vt 0.264026 0.748463
vt 0.902961 0.734688
vt 0.670812 0.824486
vt 0.688353 0.826445
vt 0.676313 0.840092
vt 0.660819 0.841637
vt 0.412903 0.641400
vt 0.249884 0.749145
vt 0.632234 0.331815
vt 0.681446 0.151400
vt 0.362288 0.221019
vt 0.347831 0.230166
vt 0.362131 0.202945
vt 0.886166 0.743760
vt 0.902533 0.748937
vt 0.653844 0.825045
vt 0.644101 0.842372
vt 0.081608 0.394056
vt 0.083983 0.374714
vt 0.363367 0.364572
vt 0.360720 0.381499
vt 0.459556 0.161842
vt 0.587628 0.316399
vt 0.678147 0.099998
vt 0.360167 0.347503
vt 0.830099 0.746244
vt 0.485641 0.902603
vt 0.830685 0.727241
vt 0.372147 0.751695
vt 0.883508 0.338644
vt 0.884161 0.320891
vt 0.899960 0.335381
vt 0.357163 0.750393
vt 0.898662 0.350430
vt 0.689008 0.847373
vt 0.414701 0.624503
vt 0.258913 0.476703
vt 0.472932 0.966257
vt 0.456518 0.970104
vt 0.892435 0.369409
vt 0.883595 0.355764
vt 0.948391 0.915240
vt 0.035531 0.900234
vt 0.031669 0.882398
vt 0.363712 0.001336
vt 0.360525 0.016992
vt 0.831111 0.638408
vt 0.829784 0.621979
vt 0.242098 0.807984
vt 0.240614 0.823062
vt 0.627140 0.841750
vt 0.459010 0.704741
vt 0.125863 0.614609
vt 0.167260 0.268227
vt 0.169365 0.251638
vt 0.391187 0.241459
vt 0.636937 0.825182
vt 0.042568 0.033514
vt 0.459402 0.303686
vt 0.676689 0.380465
vt 0.902626 0.762365
vt 0.633495 0.669958
vt 0.346727 0.193436
vt 0.831001 0.672396
vt 0.831366 0.690301
vt 0.830928 0.655113
vt 0.236546 0.752038
vt 0.037897 0.105908
vt 0.460874 0.575953
vt 0.266306 0.898762
vt 0.168586 0.408284
vt 0.306496 0.386914
vt 0.356540 0.033571
vt 0.460320 0.615707
vt 0.501085 0.048431
vt 0.503738 0.030164
vt 0.175590 0.304885
vt 0.460689 0.838956
vt 0.466724 0.853107
vt 0.086079 0.017419
vt 0.131451 0.243365
vt 0.003583 0.911786
vt 0.001607 0.896515
vt 0.019116 0.897672
vt 0.360113 0.094936
vt 0.348391 0.112086
vt 0.828456 0.407427
vt 0.830531 0.425480
vt 0.829963 0.389679
vt 0.023207 0.916299
vt 0.018746 0.934163
vt 0.002225 0.927307
vt 0.937735 0.902014
vt 0.592223 0.049175
vt 0.441932 0.840361
vt 0.452025 0.823827
vt 0.308493 0.933227
vt 0.595190 0.982842
vt 0.517418 0.517716
vt 0.506272 0.526831
vt 0.516277 0.537820
vt 0.587088 0.075722
vt 0.135110 0.899051
vt 0.866843 0.898677
vt 0.857277 0.913479
vt 0.860817 0.880552
vt 0.482063 0.841447
vt 0.501824 0.387459
vt 0.504274 0.354273
vt 0.347352 0.175825
vt 0.829204 0.441479
vt 0.018564 0.800312
vt 0.911817 0.523934
vt 0.627045 0.523937
vt 0.627467 0.508054
vt 0.637424 0.535193
vt 0.472257 0.825024
vt 0.363766 0.396669
vt 0.360166 0.413099
vt 0.001479 0.945306
vt 0.015262 0.952985
vt 0.491314 0.824910
vt 0.065305 0.827148
vt 0.140313 0.213584
vt 0.143312 0.197681
vt 0.422796 0.839959
vt 0.829390 0.311450
vt 0.829849 0.293558
vt 0.696927 0.820937
vt 0.695403 0.804696
vt 0.710717 0.809733
vt 0.711742 0.823192
vt 0.708845 0.794460
vt 0.260161 0.380224
vt 0.126677 0.314989
vt 0.504407 0.569615
vt 0.509667 0.552713
vt 0.519686 0.563881
vt 0.516557 0.581174
vt 0.829728 0.275495
vt 0.711116 0.764349
vt 0.708964 0.779734
vt 0.696135 0.768171
vt 0.363749 0.330953
vt 0.393283 0.002577
vt 0.002216 0.880129
vt 0.018449 0.878151
vt 0.458483 0.126842
vt 0.589300 0.173801
vt 0.133280 0.933008
vt 0.769919 0.983535
vt 0.002379 0.821389
vt 0.002266 0.805005
vt 0.432975 0.824020
vt 0.303341 0.355985
vt 0.528583 0.824115
vt 0.546800 0.824351
vt 0.538372 0.840393
vt 0.349455 0.395839
vt 0.829244 0.504773
vt 0.830324 0.487259
vt 0.900504 0.957651
vt 0.886605 0.970317
vt 0.885726 0.953597
vt 0.029896 0.754008
vt 0.042755 0.748409
vt 0.902362 0.970576
vt 0.632823 0.446297
vt 0.520770 0.840641
vt 0.460025 0.447496
vt 0.503911 0.466852
vt 0.363782 0.479445
vt 0.377271 0.471496
vt 0.376600 0.488431
vt 0.361220 0.495755
vt 0.018051 0.766269
vt 0.899890 0.984634
vt 0.015980 0.747789
vt 0.885958 0.937105
vt 0.902331 0.926629
vt 0.677767 0.230352
vt 0.360194 0.429543
vt 0.073526 0.750208
vt 0.057601 0.749528
vt 0.902015 0.942679
vt 0.459733 0.365865
vt 0.037227 0.253523
vt 0.041161 0.224330
vt 0.128987 0.460938
vt 0.019472 0.783819
vt 0.001249 0.789666
vt 0.510310 0.824444
vt 0.501929 0.840268
vt 0.001587 0.774171
vt 0.258715 0.543105
vt 0.676630 0.700349
vt 0.683819 0.672257
vt 0.349900 0.283022
vt 0.084437 0.148757
vt 0.362477 0.445225
vt 0.679376 0.715505
vt 0.684206 0.743831
vt 0.829620 0.471099
vt 0.364367 0.461725
vt 0.902392 0.998556
vt 0.888481 0.998887
vt 0.002118 0.756184
vt 0.268344 0.880797
vt 0.176544 0.018486
vt 0.852490 0.019355
vt 0.259390 0.268291
vt 0.038354 0.700072
vt 0.172552 0.611349
vt 0.678942 0.654281
vt 0.259066 0.591724
vt 0.391455 0.950302
vt 0.001475 0.833482
vt 0.013137 0.825868
vt 0.018530 0.842455
vt 0.083927 0.735501
vt 0.100864 0.736359
vt 0.504867 0.722917
vt 0.509102 0.999162
vt 0.682558 0.569969
vt 0.747165 0.728022
vt 0.731235 0.745881
vt 0.726775 0.727648
vt 0.733971 0.711814
vt 0.748347 0.744770
vt 0.880035 0.056707
vt 0.861103 0.044585
vt 0.877697 0.039941
vt 0.391323 0.098827
vt 0.375656 0.103457
vt 0.098369 0.820861
vt 0.885628 0.037788
vt 0.886086 0.020337
vt 0.897940 0.033685
vt 0.672782 0.751291
vt 0.681602 0.769071
vt 0.666281 0.768826
vt 0.501449 0.081267
vt 0.897654 0.048121
vt 0.881271 0.898180
vt 0.877964 0.882028
vt 0.658401 0.750499
vt 0.651501 0.765344
vt 0.885767 0.055709
vt 0.642257 0.750647
vt 0.897464 0.064323
vt 0.170923 0.034237
vt 0.686289 0.752122
vt 0.335560 0.849776
vt 0.415561 0.186674
vt 0.415774 0.170215
vt 0.461032 0.686893
vt 0.461792 0.669218
vt 0.898102 0.020126
vt 0.081374 0.857232
vt 0.862595 0.062047
vt 0.845922 0.054862
vt 0.101679 0.802153
vt 0.545987 0.053394
vt 0.003589 0.152191
vt 0.412572 0.202397
vt 0.547597 0.035740
vt 0.393554 0.934479
vt 0.681155 0.475950
vt 0.845713 0.037775
vt 0.609980 0.751394
vt 0.618105 0.767779
vt 0.602435 0.768665
vt 0.214504 0.372238
vt 0.883771 0.106161
vt 0.885837 0.089725
vt 0.897542 0.096712
vt 0.594580 0.750467
vt 0.900260 0.112158
vt 0.756018 0.162154
vt 0.003488 0.684668
vt 0.902465 0.597191
vt 0.219770 0.951280
vt 0.682240 0.999438
vt 0.590510 0.427316
vt 0.767158 0.930173
vt 0.303023 0.498621
vt 0.348291 0.732583
vt 0.359095 0.714984
vt 0.364727 0.733865
vt 0.586206 0.769004
vt 0.884325 0.121627
vt 0.579384 0.750653
vt 0.900254 0.127407
vt 0.040944 0.446671
vt 0.083147 0.581130
vt 0.549209 0.374982
vt 0.549017 0.353293
vt 0.922316 0.729161
vt 0.907627 0.719447
vt 0.634202 0.765391
vt 0.885811 0.073007
vt 0.625734 0.750975
vt 0.897538 0.080904
vt 0.681297 0.033794
vt 0.502725 0.147173
vt 0.506406 0.128678
vt 0.214703 0.411175
vt 0.213407 0.393242
vt 0.638528 0.746432
vt 0.635086 0.730068
vt 0.885830 0.000822
vt 0.897810 0.006836
vt 0.802220 0.202066
vt 0.846886 0.072030
vt 0.547462 0.674044
vt 0.603225 0.555417
vt 0.619744 0.564985
vt 0.636086 0.314042
vt 0.130923 0.822237
vt 0.946756 0.527830
vt 0.725782 0.777867
vt 0.932849 0.527866
vt 0.725746 0.791613
vt 0.772405 0.517722
vt 0.772411 0.535943
vt 0.754178 0.526061
vt 0.038484 0.123501
vt 0.375561 0.124096
vt 0.391040 0.114721
vt 0.390837 0.131462
vt 0.603466 0.574246
vt 0.619540 0.583070
vt 0.747274 0.696596
vt 0.726977 0.695742
vt 0.750315 0.712482
vt 0.879859 0.088194
vt 0.878028 0.072296
vt 0.114226 0.821895
vt 0.918924 0.527740
vt 0.725869 0.805383
vt 0.001185 0.471044
vt 0.221002 0.263870
vt 0.239605 0.266277
vt 0.313877 0.748476
vt 0.295428 0.748189
vt 0.310058 0.736986
vt 0.297913 0.747843
vt 0.960592 0.523199
vt 0.974563 0.524512
vt 0.091311 0.033535
vt 0.127743 0.564487
vt 0.215047 0.245787
vt 0.290247 0.737015
vt 0.282823 0.748476
vt 0.699539 0.750410
vt 0.756189 0.413441
vt 0.461785 0.651736
vt 0.461134 0.634027
vt 0.603048 0.611747
vt 0.602189 0.593554
vt 0.619992 0.599640
vt 0.620511 0.615684
vt 0.637606 0.584274
vt 0.001370 0.284434
vt 0.415399 0.153374
vt 0.549715 0.616469
vt 0.604677 0.631810
vt 0.619787 0.631300
vt 0.305629 0.435497
vt 0.727455 0.819865
vt 0.904227 0.526149
vt 0.354386 0.893839
vt 0.355707 0.908325
vt 0.802169 0.000674
vt 0.882476 0.630265
vt 0.896182 0.632096
vt 0.894782 0.645788
vt 0.882476 0.646732
vt 0.414774 0.079227
vt 0.412867 0.063175
vt 0.547178 0.112329
vt 0.347887 0.535572
vt 0.361545 0.545706
vt 0.828505 0.606533
vt 0.442157 0.750590
vt 0.900535 0.265122
vt 0.884232 0.272186
vt 0.883699 0.257161
vt 0.427179 0.750666
vt 0.900586 0.280154
vt 0.738506 0.837490
vt 0.717750 0.840104
vt 0.635948 0.567640
vt 0.304327 0.098896
vt 0.900483 0.294794
vt 0.883847 0.286807
vt 0.706239 0.824737
vt 0.723039 0.824913
vt 0.701256 0.839235
vt 0.173228 0.735198
vt 0.364197 0.112122
vt 0.883481 0.240984
vt 0.883891 0.223462
vt 0.899559 0.236700
vt 0.469253 0.768137
vt 0.456857 0.750249
vt 0.470490 0.748454
vt 0.900467 0.250372
vt 0.001181 0.299712
vt 0.637037 0.461839
vt 0.857899 0.999500
vt 0.030277 0.950922
vt 0.035179 0.932378
vt 0.045587 0.950983
vt 0.411400 0.137057
vt 0.412593 0.750204
vt 0.677236 0.913133
vt 0.633908 0.492897
vt 0.304728 0.466956
vt 0.347241 0.451785
vt 0.829185 0.150252
vt 0.829561 0.167738
vt 0.829097 0.133150
vt 0.898228 0.308532
vt 0.883361 0.302811
vt 0.386219 0.753431
vt 0.398918 0.749013
vt 0.900119 0.321252
vt 0.722204 0.351056
vt 0.829131 0.116220
vt 0.072387 0.874027
vt 0.591827 0.648256
vt 0.828429 0.456093
vt 0.725292 0.914445
vt 0.347009 0.485169
vt 0.827458 0.328516
vt 0.552152 0.752129
vt 0.553342 0.770099
vt 0.536503 0.768382
vt 0.170250 0.578126
vt 0.733594 0.762026
vt 0.743959 0.749258
vt 0.539575 0.748405
vt 0.900236 0.154731
vt 0.899520 0.167370
vt 0.883903 0.153372
vt 0.522517 0.549661
vt 0.410550 0.944647
vt 0.127740 0.723642
vt 0.813821 0.880042
vt 0.883361 0.170650
vt 0.525800 0.749880
vt 0.900222 0.181185
vt 0.569656 0.768791
vt 0.900821 0.418765
vt 0.590327 0.712298
vt 0.257151 0.718282
vt 0.680377 0.346983
vt 0.351142 0.468825
vt 0.883447 0.417540
vt 0.883812 0.136812
vt 0.565172 0.749447
vt 0.900073 0.141675
vt 0.755853 0.145959
vt 0.001083 0.600745
vt 0.415763 0.747194
vt 0.545240 0.883376
vt 0.679747 0.364755
vt 0.892510 0.372837
vt 0.001047 0.428258
vt 0.413199 0.032770
vt 0.363119 0.239819
vt 0.348271 0.249068
vt 0.496267 0.749695
vt 0.502902 0.768589
vt 0.486446 0.769636
vt 0.883754 0.205519
vt 0.900132 0.210825
vt 0.483032 0.751781
vt 0.900349 0.224098
vt 0.001536 0.233202
vt 0.362744 0.183659
vt 0.545589 0.408608
vt 0.213656 0.735366
vt 0.900449 0.459990
vt 0.409576 0.930215
vt 0.363750 0.275859
vt 0.346842 0.265964
vt 0.363284 0.258004
vt 0.519371 0.768635
vt 0.883585 0.187592
vt 0.510985 0.749653
vt 0.900112 0.196054
vt 0.128129 0.736404
vt 0.841825 0.770473
vt 0.001055 0.456025
vt 0.759466 0.840876
vt 0.770290 0.826437
vt 0.776845 0.841774
vt 0.373518 0.702768
vt 0.546287 0.786476
vt 0.788824 0.613383
vt 0.399923 0.159919
vt 0.395651 0.143238
vt 0.375337 0.624893
vt 0.374598 0.642839
vt 0.375151 0.607209
vt 0.529334 0.785526
vt 0.538487 0.802969
vt 0.623408 0.626261
vt 0.395599 0.076929
vt 0.830508 0.066653
vt 0.375743 0.555274
vt 0.393197 0.546981
vt 0.393101 0.563422
vt 0.545259 0.821433
vt 0.555973 0.803189
vt 0.561655 0.821670
vt 0.375419 0.572238
vt 0.789758 0.629603
vt 0.397369 0.175051
vt 0.414811 0.016787
vt 0.397189 0.016505
vt 0.409825 0.004310
vt 0.425734 0.004292
vt 0.786251 0.826538
vt 0.624528 0.542174
vt 0.441955 0.004202
vt 0.457315 0.006045
vt 0.448040 0.016441
vt 0.754015 0.826464
vt 0.738626 0.825143
vt 0.431543 0.016454
vt 0.797399 0.582711
vt 0.786702 0.597006
vt 0.623367 0.576904
vt 0.623972 0.558847
vt 0.398398 0.272698
vt 0.512503 0.785692
vt 0.521545 0.802740
vt 0.782336 0.579672
vt 0.393248 0.530196
vt 0.528519 0.821250
vt 0.393554 0.734280
vt 0.794842 0.842127
vt 0.396430 0.189586
vt 0.813788 0.829622
vt 0.812050 0.845602
vt 0.801303 0.827201
vt 0.955412 0.621943
vt 0.971472 0.620389
vt 0.579984 0.786110
vt 0.789050 0.660549
vt 0.826915 0.076009
vt 0.563436 0.786390
vt 0.573061 0.803234
vt 0.904562 0.776830
vt 0.906466 0.761477
vt 0.917487 0.777450
vt 0.905010 0.763962
vt 0.248067 0.138186
vt 0.375467 0.589822
vt 0.392993 0.579451
vt 0.393081 0.595323
vt 0.577642 0.821968
vt 0.589696 0.803126
vt 0.593468 0.821732
vt 0.796652 0.686108
vt 0.783953 0.676123
vt 0.141164 0.842290
vt 0.042286 0.916030
vt 0.791107 0.645136
vt 0.916871 0.761678
vt 0.904562 0.748902
vt 0.831004 0.203966
vt 0.535928 0.899558
vt 0.477939 0.785661
vt 0.789383 0.527329
vt 0.602858 0.018075
vt 0.584201 0.018205
vt 0.594188 0.002099
vt 0.612371 0.001984
vt 0.529298 0.881751
vt 0.149429 0.266693
vt 0.391136 0.463916
vt 0.393400 0.480740
vt 0.462425 0.819041
vt 0.471432 0.802665
vt 0.479199 0.820908
vt 0.621384 0.018283
vt 0.630495 0.001999
vt 0.400077 0.048275
vt 0.392722 0.030946
vt 0.393341 0.497088
vt 0.488103 0.802606
vt 0.495502 0.821032
vt 0.789256 0.545752
vt 0.558639 0.002029
vt 0.566364 0.018361
vt 0.548913 0.018464
vt 0.576118 0.002047
vt 0.374322 0.717368
vt 0.721307 0.174832
vt 0.396272 0.638500
vt 0.789470 0.509350
vt 0.666648 0.002445
vt 0.684858 0.002131
vt 0.675624 0.018975
vt 0.657184 0.019316
vt 0.396998 0.131390
vt 0.395552 0.204212
vt 0.639007 0.019063
vt 0.648488 0.002278
vt 0.394989 0.062228
vt 0.466465 0.016131
vt 0.472820 0.002365
vt 0.495570 0.785867
vt 0.504829 0.802702
vt 0.789699 0.563835
vt 0.483355 0.018223
vt 0.489567 0.002417
vt 0.393325 0.513435
vt 0.511803 0.821004
vt 0.504534 0.624764
vt 0.532029 0.018495
vt 0.515109 0.018374
vt 0.524881 0.002542
vt 0.541788 0.002140
vt 0.499280 0.017261
vt 0.507382 0.001687
vt 0.148955 0.825044
vt 0.675122 0.785056
vt 0.666662 0.800639
vt 0.657856 0.785701
vt 0.829642 0.083071
vt 0.324991 0.838502
vt 0.342628 0.830059
vt 0.788878 0.776573
vt 0.828427 0.050025
vt 0.829172 0.037078
vt 0.388345 0.654913
vt 0.391281 0.669256
vt 0.652916 0.820894
vt 0.652920 0.805768
vt 0.667184 0.818086
vt 0.313572 0.824458
vt 0.329881 0.822928
vt 0.307617 0.841526
vt 0.681113 0.802293
vt 0.252139 0.208921
vt 0.251129 0.192292
vt 0.829263 0.099569
vt 0.682235 0.820118
vt 0.794292 0.183889
vt 0.358288 0.824782
vt 0.352738 0.843661
vt 0.391134 0.684337
vt 0.830037 0.707746
vt 0.641098 0.794021
vt 0.643674 0.778533
vt 0.290371 0.842342
vt 0.637105 0.809337
vt 0.789453 0.757785
vt 0.280721 0.826113
vt 0.297334 0.825304
vt 0.272761 0.842617
vt 0.903001 0.627095
vt 0.377696 0.729399
vt 0.487255 0.970605
vt 0.390087 0.699059
vt 0.389283 0.713898
vt 0.898172 0.644521
vt 0.897294 0.659142
vt 0.795570 0.236508
vt 0.790783 0.215701
vt 0.782143 0.229470
vt 0.393244 0.822538
vt 0.413426 0.824114
vt 0.404143 0.838899
vt 0.387092 0.838333
vt 0.692111 0.786319
vt 0.828584 0.257087
vt 0.829849 0.238909
vt 0.139766 0.166919
vt 0.252175 0.225210
vt 0.517330 0.598059
vt 0.517653 0.614843
vt 0.783487 0.199762
vt 0.829215 0.185766
vt 0.375807 0.822699
vt 0.369878 0.840025
vt 0.140111 0.148182
vt 0.830295 0.221339
vt 0.178136 0.837164
vt 0.194154 0.828050
vt 0.399736 0.743079
vt 0.781932 0.694589
vt 0.612034 0.785722
vt 0.797263 0.703491
vt 0.181081 0.822773
vt 0.158687 0.840700
vt 0.165143 0.824445
vt 0.209143 0.822732
vt 0.205006 0.839653
vt 0.596428 0.786165
vt 0.606612 0.803703
vt 0.782837 0.713233
vt 0.623043 0.800344
vt 0.622494 0.820183
vt 0.797273 0.722503
vt 0.392243 0.610383
vt 0.393450 0.624442
vt 0.608497 0.822744
vt 0.624686 0.610397
vt 0.624106 0.593921
vt 0.250227 0.156702
vt 0.255439 0.841804
vt 0.237773 0.841377
vt 0.627799 0.782764
vt 0.793938 0.741523
vt 0.250500 0.174906
vt 0.782519 0.731207
vt 0.246312 0.824970
vt 0.263510 0.825848
vt 0.389653 0.639188
vt 0.637240 0.823240
vt 0.220755 0.839931
vt 0.227900 0.825280
s 1
usemtl Material
f 943/1 2724/2 1740/3
f 1609/4 2018/5 90/6
f 2804/7 2815/8 1873/9
f 2804/10 2805/11 2815/12
f 2796/13 2800/14 1108/15
f 1108/15 1107/16 2796/13
f 2814/17 2806/18 2788/19
f 2788/19 2809/20 2814/17
f 563/21 2572/22 1727/23
f 1727/23 2235/24 563/21
f 115/25 2323/26 1987/27
f 1987/27 1988/28 115/25
f 90/6 2485/29 1609/4
f 1740/3 2479/30 943/1
f 627/31 2651/32 1855/33
f 1855/33 2042/34 627/31
f 1296/35 2648/36 180/37
f 180/37 1879/38 1296/35
f 1816/39 2779/40 2813/41
f 2813/41 1951/42 1816/39
f 1861/43 2668/44 2812/45
f 2812/45 1994/46 1861/43
f 1814/47 2239/48 17/49
f 17/49 1993/50 1814/47
f 881/51 2731/52 1834/53
f 463/54 462/55 1531/56
f 170/57 2371/58 1827/59
f 1827/59 2184/60 170/57
f 2819/61 2815/12 2805/11
f 2805/11 893/62 2819/61
f 957/63 956/64 1107/65
f 2818/66 2803/67 2782/68
f 2782/68 2817/69 2818/66
f 2782/68 2806/18 2817/69
f 770/70 2623/71 1754/72
f 1754/72 2104/73 770/70
f 893/62 2805/11 1210/74
f 1834/53 2430/75 881/51
f 2083/76 2033/77 225/78
f 224/79 2084/80 2083/76
f 225/78 224/79 2083/76
f 2559/81 2547/82 1940/83
f 2547/84 2428/85 1940/86
f 1613/87 2437/88 2649/89
f 1951/42 2813/41 2816/90
f 2816/90 1964/91 1951/42
f 250/92 2442/93 1877/94
f 1843/95 2456/96 974/97
f 2129/98 2807/99 2784/100
f 2807/101 2785/102 2784/103
f 2784/100 1622/104 2129/98
f 2806/18 2782/68 2781/105
f 2781/105 2788/19 2806/18
f 1484/106 2324/107 704/108
f 704/108 2178/109 1484/106
f 516/110 2528/111 1753/112
f 1753/112 2166/113 516/110
f 1551/114 2439/115 150/116
f 150/116 2332/117 1551/114
f 2797/118 1873/9 1669/119
f 974/97 2222/120 1843/95
f 1584/121 2173/122 290/123
f 290/123 2080/124 1584/121
f 506/125 2466/126 1675/127
f 1675/127 2254/128 506/125
f 93/129 2701/130 1611/131
f 1611/131 1815/132 93/129
f 1978/133 2687/134 2801/135
f 2805/11 2804/10 2790/136
f 2790/136 1210/74 2805/11
f 1633/137 2175/138 555/139
f 2785/102 2807/101 2811/140
f 2811/140 2800/14 2785/102
f 2799/141 2810/142 2795/143
f 2810/144 2809/20 2795/145
f 2809/20 2788/19 2795/145
f 1662/146 2407/147 444/148
f 444/149 1956/150 1662/151
f 40/152 1769/153 1552/154
f 1552/154 1969/155 41/156
f 1552/154 41/156 40/152
f 555/139 2717/157 1633/137
f 1531/56 2204/158 463/54
f 221/159 2123/160 1550/161
f 1864/162 2497/163 142/164
f 142/164 2255/165 1864/162
f 24/166 2771/167 1804/168
f 1804/169 1938/170 24/171
f 134/172 2435/173 1626/174
f 1626/174 2328/175 134/172
f 2808/176 2452/177 1802/178
f 1802/178 2159/179 2808/176
f 2797/118 2804/7 1873/9
f 859/180 2045/181 1709/182
f 1887/183 2735/184 962/185
f 962/185 2392/186 1887/183
f 2831/187 2827/188 2819/61
f 2819/61 1263/189 2831/187
f 2811/140 2826/190 2830/191
f 2830/191 2823/192 2811/140
f 570/193 1825/194 491/195
f 2814/196 2828/197 2829/198
f 2829/198 2825/199 2814/196
f 2814/196 2822/200 2828/197
f 1709/182 2190/201 859/180
f 1780/202 2273/203 356/204
f 698/205 2741/206 1893/207
f 1893/207 2585/208 698/205
f 2267/209 2405/210 371/211
f 371/212 2266/213 2267/214
f 432/215 2594/216 1954/217
f 1954/217 2256/218 432/215
f 688/219 2285/220 1676/221
f 1676/221 2298/222 688/219
f 785/223 2425/224 1853/225
f 1853/226 2514/227 785/228
f 441/229 1708/230 2057/231
f 1909/232 2229/233 616/234
f 616/234 2218/235 1909/232
f 1288/236 2831/187 1263/189
f 1108/15 2823/192 1106/237
f 2834/238 524/239 1825/194
f 1825/194 570/193 2834/238
f 2832/240 2833/241 2817/242
f 2833/243 2818/66 2817/69
f 2817/242 2825/199 2832/240
f 376/244 2562/245 1824/246
f 2057/231 2345/247 442/248
f 1568/249 2625/250 584/251
f 2057/231 442/248 441/229
f 976/252 2405/210 1844/253
f 1844/253 2418/254 976/252
f 1499/255 2595/256 824/257
f 824/257 2275/258 1499/255
f 1749/259 2395/260 789/261
f 789/261 2243/262 1749/259
f 685/263 2514/264 1863/265
f 1863/265 1995/266 685/263
f 356/204 2543/267 1780/202
f 373/268 2794/269 1634/270
f 1888/271 2465/272 2824/273
f 2824/273 2253/274 1888/271
f 1838/275 2485/276 421/277
f 421/277 2184/60 1838/275
f 1263/189 2819/61 893/62
f 2823/192 1108/15 2800/14
f 2800/14 2811/140 2823/192
f 2810/144 2822/278 2809/20
f 2822/278 2814/17 2809/20
f 1685/279 1868/280 268/281
f 268/281 267/282 1685/279
f 1840/283 2297/284 652/285
f 1634/270 2246/286 373/268
f 1905/287 2635/288 78/289
f 78/289 1930/290 1905/287
f 1250/291 2055/292 2821/293
f 2821/293 1706/294 1250/291
f 216/295 2355/296 1321/297
f 1321/297 2020/298 216/295
f 1964/91 2816/90 2820/299
f 2820/299 2099/300 1964/91
f 462/55 2383/301 1531/56
f 2806/18 2814/17 2825/302
f 584/251 2522/303 1568/249
f 501/304 2272/305 1646/306
f 1646/306 2089/307 501/304
f 2815/8 2827/308 1874/309
f 2815/12 2819/61 2827/188
f 1874/309 1873/9 2815/8
f 1695/310 2826/311 2807/99
f 2826/190 2811/140 2807/101
f 2807/99 2129/98 1695/310
f 492/312 491/195 1825/194
f 2825/302 2817/69 2806/18
f 2804/10 2797/313 2790/136
f 1424/314 2358/315 797/316
f 797/316 2014/317 1424/314
f 1661/318 2731/52 916/319
f 916/319 2585/208 1661/318
f 331/320 2516/321 1941/322
f 1941/323 2652/324 331/325
f 327/326 2695/327 1722/328
f 1650/329 2285/220 400/330
f 400/330 2221/331 1650/329
f 652/285 2603/332 1840/283
f 1304/333 2073/334 2773/335
f 2769/336 2327/337 1430/338
f 2762/339 2777/340 1668/341
f 2762/342 2768/343 2777/344
f 2744/345 2776/346 956/64
f 2744/347 2761/348 2776/349
f 2744/345 956/64 959/350
f 1133/351 2760/352 1711/353
f 2775/354 2726/355 2725/356
f 2725/356 2774/357 2775/354
f 2725/358 2743/359 2774/360
f 1304/333 2773/335 519/361
f 2778/362 1580/363 1583/364
f 519/361 2086/365 1304/333
f 1801/366 2622/367 154/368
f 154/368 2103/369 1801/366
f 109/370 2691/371 1536/372
f 1536/372 1999/373 109/370
f 1880/374 2716/375 328/376
f 1705/377 2764/378 2772/379
f 2772/379 1033/380 1705/377
f 1702/381 2771/167 2770/382
f 1702/381 1804/168 2771/167
f 1343/383 2470/384 231/385
f 1179/386 2768/343 1158/387
f 2733/388 2784/103 2785/102
f 2785/102 2767/389 2733/388
f 2733/388 2751/390 2784/103
f 2783/391 1711/353 2760/352
f 2760/352 416/392 2783/391
f 2743/359 2781/105 2782/68
f 2782/68 2774/360 2743/359
f 2743/359 2750/393 2781/105
f 118/394 2277/395 1741/396
f 1741/396 119/397 118/394
f 2770/382 1703/398 1702/381
f 231/385 1867/399 1343/383
f 1442/400 2344/401 187/402
f 187/402 2151/403 1442/400
f 1904/404 2488/405 2780/406
f 2780/406 2233/407 1904/404
f 1033/380 2772/379 2515/408
f 1703/398 2770/382 2779/40
f 2779/40 1816/39 1703/398
f 281/409 2778/362 1583/364
f 1583/364 2148/410 281/409
f 2727/411 382/412 2760/352
f 1735/413 2752/414 250/92
f 250/92 1877/94 1735/413
f 580/415 2646/416 1747/417
f 1747/417 2316/418 580/415
f 2734/419 2762/339 1668/341
f 2734/420 2745/421 2762/342
f 2734/419 1668/341 1645/422
f 1645/422 1644/423 2734/419
f 2761/348 2744/347 2711/424
f 2711/424 2728/425 2761/348
f 2760/352 1133/351 2727/411
f 1570/426 2066/427 2763/428
f 2732/429 2759/430 2709/431
f 2759/432 2758/433 2709/434
f 2758/433 2708/435 2709/434
f 2757/436 2517/437 1516/438
f 1516/438 1517/439 2757/436
f 2756/440 2446/441 1324/442
f 1324/442 1892/443 2756/440
f 1865/444 2536/445 2755/446
f 2755/446 2042/34 1865/444
f 364/447 2342/448 1272/449
f 487/450 2073/334 1502/451
f 1508/452 2453/453 904/454
f 904/454 2109/455 1508/452
f 244/456 2769/336 1413/457
f 2769/336 1430/338 1413/457
f 2745/421 1158/387 2768/343
f 2768/343 2762/342 2745/421
f 2767/389 2761/348 2728/425
f 2728/425 2733/388 2767/389
f 416/392 2760/352 382/412
f 2758/433 2750/393 2708/435
f 1502/451 2346/458 487/450
f 1453/459 2327/337 277/460
f 2766/461 2757/436 1517/439
f 1517/439 2268/462 2766/461
f 2765/463 2570/464 1397/465
f 1397/465 2223/466 2765/463
f 327/326 1722/328 1721/467
f 1721/467 1880/374 328/376
f 328/376 327/326 1721/467
f 2659/468 2764/378 1355/469
f 2764/378 1705/377 1355/469
f 2763/428 2753/470 1570/426
f 406/471 2527/472 1500/473
f 2800/14 2796/13 2767/389
f 2767/389 2785/102 2800/14
f 1732/474 1691/475 2783/391
f 2783/391 2789/476 1732/474
f 1200/477 2799/141 2759/430
f 2759/430 2732/429 1200/477
f 2799/141 2795/143 2759/430
f 267/282 1943/478 1686/479
f 1686/479 1685/279 267/282
f 410/480 2597/481 1682/482
f 1682/482 2044/483 410/480
f 1210/74 2790/136 1179/386
f 1500/473 2210/484 406/471
f 2620/485 2198/486 1831/487
f 1966/488 2330/489 2792/490
f 1736/491 2414/492 320/493
f 320/493 2307/494 1736/491
f 1595/495 2284/496 63/497
f 63/497 62/498 1595/495
f 1960/499 2147/500 2798/501
f 2798/501 2120/502 1960/499
f 2777/340 2797/118 1669/119
f 553/503 2208/504 2207/505
f 2776/346 1107/65 956/64
f 2776/349 2796/13 1107/16
f 2774/357 2803/506 2775/354
f 2774/360 2782/68 2803/67
f 671/507 2024/508 1445/509
f 1445/509 2015/510 671/507
f 731/511 2674/512 1726/513
f 1726/513 1931/514 731/511
f 1968/515 2661/516 436/517
f 436/517 2311/518 1968/515
f 2207/505 2222/120 553/503
f 2777/344 2790/136 2797/313
f 101/519 2802/520 1842/521
f 2802/520 2330/522 1842/521
f 1842/521 1983/523 101/519
f 721/524 2641/525 1627/526
f 1627/526 2149/527 721/524
f 1797/528 2402/529 392/530
f 392/530 2413/531 1797/528
f 1777/532 2801/135 354/533
f 354/533 2295/534 1777/532
f 1777/532 1978/133 2801/135
f 1808/535 2125/536 2787/537
f 1080/538 1936/539 2791/540
f 2768/343 1179/386 2790/136
f 2790/136 2777/344 2768/343
f 1622/104 2784/100 2751/541
f 2751/541 1621/542 1622/104
f 2789/476 2783/391 416/392
f 2788/19 2781/105 2750/393
f 2750/393 2758/433 2788/19
f 1554/543 2117/544 196/545
f 196/545 2094/546 1554/543
f 2787/537 2430/75 1808/535
f 2791/540 2656/547 1080/538
f 2786/548 2257/549 1917/550
f 1917/551 2102/552 2786/553
f 1322/554 2265/555 404/556
f 404/556 2092/557 1322/554
f 1436/558 2243/262 29/559
f 29/559 1890/560 1436/558
f 757/561 2581/562 1494/563
f 1494/563 2122/564 757/561
f 2778/362 2362/565 1580/363
f 277/460 2542/566 1453/459
f 1832/567 2398/568 2793/569
f 1669/119 1668/341 2777/340
f 2796/13 2776/349 2761/348
f 2761/348 2767/389 2796/13
f 1711/353 2783/391 1691/475
f 2758/433 2795/145 2788/19
f 2758/433 2759/432 2795/145
f 632/570 2481/571 1383/572
f 1383/572 1919/573 632/570
f 1822/574 2794/269 299/575
f 299/575 1823/576 1822/574
f 1822/574 1634/270 2794/269
f 1803/577 391/578 682/579
f 2793/569 2115/580 1832/567
f 105/581 2386/582 1357/583
f 1357/583 2197/584 105/581
f 1915/585 2792/586 256/587
f 256/587 1903/588 1915/585
f 1915/585 1966/589 2792/586
f 588/590 2565/591 1719/592
f 1719/592 1829/593 588/590
f 1760/594 2533/595 317/596
f 317/596 2263/597 1760/594
f 2058/598 2334/599 377/600
f 1190/601 2320/602 2054/603
f 999/604 2619/605 1878/606
f 1878/606 2425/224 999/604
f 211/607 2185/608 2098/609
f 2098/609 212/610 211/607
f 2028/611 2494/612 460/613
f 460/614 2382/615 2028/616
f 1412/617 2854/618 1373/619
f 1209/620 1206/621 2855/622
f 2855/622 2852/623 1209/620
f 2833/624 2832/625 1236/626
f 2054/627 2694/628 1190/629
f 1195/630 2612/631 2093/632
f 2093/633 2718/634 1195/635
f 1856/636 2537/637 1008/638
f 1008/638 2418/254 1856/636
f 940/639 2634/640 1535/641
f 1535/641 2444/642 940/639
f 1953/643 2670/644 938/645
f 938/645 2395/260 1953/643
f 2099/300 2820/299 252/646
f 252/646 2110/647 2099/300
f 422/648 2580/649 1979/650
f 2853/651 2854/618 2857/652
f 1929/653 2498/654 1253/655
f 1253/655 2456/96 1929/653
f 289/656 2497/657 2080/124
f 2080/124 290/123 289/656
f 2040/658 2186/659 427/660
f 427/660 426/661 2040/658
f 1184/662 2590/663 2007/664
f 2007/664 2442/93 1184/662
f 928/665 2589/666 2038/667
f 2038/667 2714/668 928/665
f 2853/669 2857/670 1713/671
f 1979/650 2474/672 422/648
f 2855/622 2856/673 2852/623
f 2856/673 1262/674 2852/623
f 448/675 2346/458 1956/150
f 1956/676 444/677 448/678
f 153/679 2399/680 2103/369
f 2103/369 154/368 153/679
f 852/681 2288/682 2056/683
f 2056/683 2527/472 852/681
f 2021/684 2321/685 223/686
f 223/686 222/687 2021/684
f 2167/688 338/689 337/690
f 2051/691 2639/692 750/693
f 750/693 2108/694 2051/691
f 2849/695 2853/669 1713/671
f 2849/696 2850/697 2853/651
f 2849/695 1713/671 1716/698
f 1208/699 1209/620 2852/623
f 2852/623 1178/700 1208/699
f 2844/701 2848/702 635/703
f 1559/704 2835/705 2810/706
f 2810/706 2799/707 1559/704
f 337/690 2379/708 2167/688
f 2090/709 2564/710 782/711
f 1942/712 2447/713 766/714
f 765/715 2378/716 1942/712
f 766/714 765/715 1942/712
f 2035/717 2188/718 297/719
f 297/719 260/720 2035/717
f 1123/721 2716/722 1766/723
f 1766/723 2438/724 1123/721
f 2112/725 2506/726 726/727
f 726/727 2113/728 2112/725
f 1980/729 1982/730 214/731
f 1769/153 40/152 81/732
f 2006/733 2252/734 900/735
f 900/735 2239/48 2006/733
f 2854/618 2853/651 2850/697
f 2850/697 1373/619 2854/618
f 1178/700 2852/623 1262/674
f 1155/736 635/703 2848/702
f 2848/702 920/737 1155/736
f 2818/738 2833/739 1236/740
f 2313/741 2379/708 2637/742
f 2637/742 2314/743 2313/741
f 81/732 2550/744 1769/153
f 1069/745 2299/746 1955/747
f 77/748 2397/749 1930/290
f 1930/290 78/289 77/748
f 2081/750 2187/751 693/752
f 692/753 2082/754 2081/755
f 2081/755 693/756 692/753
f 819/757 2524/758 1939/759
f 1939/759 2385/760 819/757
f 1982/730 2205/761 2950/762
f 2950/762 214/731 1982/730
f 782/711 2475/763 2090/709
f 933/764 2513/765 2131/766
f 1906/767 2613/768 1425/769
f 1425/769 157/770 1906/767
f 157/770 159/771 1906/767
f 263/772 262/773 2023/774
f 2188/718 2257/549 696/775
f 696/775 297/719 2188/718
f 969/776 2690/777 2041/778
f 2041/779 2535/780 969/781
f 2205/782 2384/783 285/784
f 285/785 2950/786 2205/787
f 2131/766 2618/788 933/764
f 1312/789 1287/790 1286/791
f 581/792 2316/418 2218/235
f 2218/235 616/234 581/792
f 2857/670 2862/793 1388/794
f 2857/652 2859/795 2862/796
f 1388/794 1713/671 2857/670
f 2856/673 2855/622 2861/797
f 2861/797 2860/798 2856/673
f 2860/798 1286/791 2856/673
f 1989/799 2269/800 158/801
f 1306/802 1990/803 1989/799
f 2068/804 2487/805 846/806
f 1245/807 2353/808 2029/809
f 61/810 90/6 2018/5
f 2018/5 58/811 61/810
f 1526/812 2863/813 1452/814
f 1313/815 1285/816 1287/817
f 608/818 770/70 2104/73
f 2104/73 605/819 608/818
f 2044/483 2333/820 411/821
f 411/821 410/480 2044/483
f 1148/822 2488/405 2174/823
f 2174/823 2568/824 1148/822
f 158/801 1306/802 1989/799
f 846/806 2069/825 2068/804
f 1829/593 2220/826 589/827
f 589/827 588/590 1829/593
f 964/828 2618/788 2240/829
f 2240/829 2610/830 964/828
f 2120/502 2798/501 1115/831
f 1115/831 2667/832 2120/502
f 2863/813 2862/796 2859/795
f 2859/795 1452/814 2863/813
f 1286/791 2860/798 1312/789
f 2854/618 1412/617 2859/795
f 879/833 2439/115 2011/834
f 1038/835 2559/836 2070/837
f 2070/837 2331/838 1038/835
f 593/839 2642/840 2009/841
f 2009/841 2415/842 593/839
f 2053/843 2354/844 468/845
f 468/845 467/846 2053/843
f 2204/847 2219/848 463/849
f 16/850 2464/851 1993/50
f 1993/50 17/49 16/850
f 2859/795 2857/652 2854/618
f 2011/834 2696/852 879/833
f 2170/853 2858/854 1206/855
f 2858/856 2855/622 1206/621
f 1206/855 1238/857 2170/853
f 564/858 521/859 799/860
f 799/860 565/861 564/858
f 2225/862 2247/863 952/864
f 952/864 2226/865 2225/862
f 1857/866 2480/867 190/868
f 190/868 189/869 1857/866
f 1955/747 2673/870 1069/745
f 539/871 2602/872 2121/873
f 2013/874 2023/774 262/773
f 2013/874 262/773 266/875
f 664/876 2635/288 2043/877
f 2043/877 2376/878 665/879
f 2043/877 665/879 664/876
f 2164/880 2343/881 661/882
f 661/882 2568/883 2164/880
f 431/884 2232/885 1928/886
f 1928/886 28/887 431/884
f 1118/888 2681/889 1927/890
f 1927/890 2476/891 1118/888
f 214/731 176/892 1980/729
f 2121/893 2513/894 539/895
f 131/896 2252/734 2130/897
f 2130/898 132/899 131/900
f 1452/814 2859/795 1412/617
f 1262/674 2856/673 1286/791
f 1970/901 2460/902 1154/903
f 1154/903 2448/904 1970/901
f 668/905 2406/906 2012/907
f 2012/907 2013/874 266/875
f 2012/907 266/875 668/905
f 1809/908 2551/909 2127/910
f 313/911 2791/540 1936/539
f 1936/539 1949/912 313/911
f 2837/913 2842/914 1899/915
f 2837/916 2840/917 2842/918
f 1899/915 1886/919 2837/913
f 2830/191 1203/920 1207/921
f 1207/921 2836/922 2830/191
f 2834/238 569/923 2841/924
f 2841/924 2839/925 2834/238
f 1133/351 669/926 798/927
f 798/927 341/928 1133/351
f 753/929 752/930 1828/931
f 2127/932 2199/933 1809/934
f 559/935 2607/936 1787/937
f 1787/938 2561/939 559/940
f 477/941 2584/942 1881/943
f 1881/943 2234/944 477/941
f 1806/945 2375/946 74/947
f 73/948 2101/949 1806/945
f 1806/945 74/947 73/948
f 179/950 2100/951 1879/38
f 1879/38 180/37 179/950
f 2843/952 2324/107 1788/953
f 2066/427 2067/954 97/955
f 1963/956 2495/957 813/958
f 813/958 2340/959 1963/956
f 1507/960 2423/961 810/962
f 810/962 2283/963 1507/960
f 1374/964 2840/917 1288/236
f 1106/237 2836/922 1136/965
f 2839/925 2841/924 2844/701
f 1689/966 336/967 339/968
f 339/968 670/969 1689/966
f 1788/953 2742/970 2843/952
f 907/971 2476/891 1781/972
f 512/973 2756/440 1892/443
f 1892/443 2135/974 512/973
f 849/975 2286/976 1984/977
f 1984/977 1985/978 849/975
f 656/979 2274/980 1628/981
f 1628/981 2355/296 656/979
f 1938/982 2264/983 25/984
f 1938/982 25/984 24/985
f 1828/931 2340/959 753/929
f 752/930 1950/986 1828/931
f 1894/987 2573/988 2586/989
f 1815/132 2077/990 94/991
f 94/991 93/129 1815/132
f 2657/992 2229/233 1925/993
f 2827/308 2837/913 1886/919
f 2827/188 2831/187 2837/916
f 1886/919 1874/309 2827/308
f 2836/922 1106/237 2823/192
f 2823/192 2830/191 2836/922
f 569/923 2834/238 570/193
f 2835/994 2828/197 2822/200
f 2822/995 2810/996 2835/997
f 1914/998 2040/658 426/661
f 441/229 2653/999 1708/230
f 2549/1000 2673/870 1866/1001
f 32/1002 1967/1003 1916/1004
f 1916/1004 33/1005 32/1002
f 255/1006 2738/1007 1903/588
f 1903/588 256/587 255/1006
f 1889/1008 2523/1009 844/1010
f 844/1010 2161/1011 1889/1008
f 682/579 2296/1012 1803/577
f 1803/577 2413/531 391/578
f 2829/198 2832/240 2825/199
f 1781/972 2466/126 907/971
f 681/1013 2556/1014 1926/1015
f 1926/1015 2296/1012 681/1013
f 647/1016 2555/1017 1477/1018
f 1477/1018 2542/566 647/1016
f 2831/187 1288/236 2840/917
f 2840/917 2837/916 2831/187
f 1694/1019 1203/1020 2826/311
f 1203/920 2830/191 2826/190
f 1695/310 1694/1019 2826/311
f 524/239 2834/238 2839/925
f 97/955 2763/428 2066/427
f 1858/1021 45/1022 44/1023
f 1969/155 2838/1024 41/156
f 1969/155 2276/1025 2838/1024
f 1096/1026 2740/1027 1986/1028
f 1986/1028 2322/1029 1096/1026
f 823/1030 2375/946 1799/1031
f 1799/1031 2275/258 823/1030
f 1597/1032 2426/1033 324/1034
f 324/1034 1996/1035 1597/1032
f 426/661 2747/1036 1914/998
f 263/772 2023/774 1823/576
f 1912/1037 2362/565 1027/1038
f 357/1039 2273/203 1912/1037
f 1027/1038 357/1039 1912/1037
f 2076/1040 2371/1041 389/1042
f 389/1043 2262/1044 2076/1045
f 1373/619 2850/697 1374/964
f 2850/697 2847/1046 1374/964
f 920/737 2846/1047 609/1048
f 1176/1049 1200/1050 2732/1051
f 2732/1051 1173/1052 1176/1049
f 519/361 2675/1053 2086/365
f 176/892 138/1054 2078/1055
f 299/575 263/772 1823/576
f 228/1056 2365/1057 2084/80
f 2084/80 224/79 228/1056
f 1706/294 2821/293 1067/1058
f 1067/1058 2478/1059 1706/294
f 2091/1060 2633/1061 549/1062
f 549/1063 2487/1064 2091/1065
f 2079/1066 2078/1055 138/1054
f 138/1054 98/1067 2079/1066
f 995/1068 2465/272 1748/1069
f 830/1070 268/281 1868/280
f 718/1071 2564/710 1937/1072
f 1937/1072 2435/173 718/1071
f 716/1073 2494/612 1625/1074
f 1625/1074 2272/305 716/1073
f 2850/697 2849/696 2847/1046
f 1136/965 1208/699 1178/700
f 920/737 2848/702 2846/1047
f 1235/1075 2775/1076 2803/1077
f 2803/1078 2818/738 1236/740
f 2803/1077 1236/626 1235/1075
f 1868/280 2126/1079 830/1070
f 1748/1069 2353/808 995/1068
f 1012/1080 2851/1081 1918/1082
f 1918/1082 2499/1083 1012/1080
f 2851/1081 2357/1084 1918/1082
f 2033/77 2035/717 260/720
f 260/720 225/78 2033/77
f 1095/1085 2343/881 1737/1086
f 1737/1086 2478/1059 1095/1085
f 323/1087 2415/1088 1996/1089
f 1996/1035 324/1034 323/1090
f 2078/1055 1980/729 176/892
f 2153/1091 2407/1092 1835/1093
f 1949/912 2667/832 313/911
f 2840/917 1374/964 2847/1046
f 2847/1046 2842/918 2840/917
f 1208/699 1136/965 2836/922
f 2836/922 1207/921 1208/699
f 569/923 609/1048 2846/1047
f 2846/1047 2841/924 569/923
f 2839/925 702/1094 2843/1095
f 2843/1095 524/239 2839/925
f 2843/1095 522/1096 524/239
f 1835/1093 2419/1097 2154/1098
f 212/610 2098/609 1994/46
f 2154/1098 2153/1091 1835/1093
f 1845/1099 2224/1100 604/1101
f 604/1102 2211/1103 1845/1104
f 912/1105 2344/401 2165/1106
f 2165/1106 1574/1107 912/1105
f 877/1108 2845/1109 1818/1110
f 1818/1110 2101/949 877/1108
f 2845/1109 1997/1111 1818/1110
f 28/887 1928/886 1890/560
f 1890/560 29/559 28/887
f 2227/1112 2212/1113 1846/1114
f 869/1115 2473/1116 1579/1117
f 1579/1117 2452/177 869/1115
f 2842/914 2849/695 1716/698
f 2842/918 2847/1046 2849/696
f 2842/914 1716/698 1899/915
f 1203/1020 1694/1019 1237/1118
f 2848/702 2844/701 2841/924
f 2841/924 2846/1047 2848/702
f 738/1119 488/1120 448/1121
f 448/1122 447/1123 738/1124
f 1846/1114 2663/1125 2227/1112
f 1272/449 2196/1126 364/447
f 230/1127 2571/1128 1867/399
f 1867/399 231/385 230/1127
f 1574/1107 2621/1129 913/1130
f 913/1130 912/1105 1574/1107
f 2032/1131 2468/1132 2739/1133
f 1983/523 2163/1134 102/1135
f 102/1135 101/519 1983/523
f 2067/954 2079/1066 98/1067
f 98/1067 97/955 2067/954
f 1994/46 2812/45 212/610
f 199/1136 2540/1137 200/1138
f 2566/1139 1534/1140 1510/1141
f 2565/591 2394/1142 906/1143
f 906/1143 1719/592 2565/591
f 2564/710 2090/709 1243/1144
f 1243/1144 1937/1072 2564/710
f 2563/1145 2441/1146 1138/1147
f 1138/1147 2352/1148 2563/1145
f 1872/1149 2554/1150 1239/1151
f 1872/1149 1239/1151 534/1152
f 534/1153 533/1154 1872/1155
f 924/1156 2541/1157 955/1158
f 1510/1141 1514/1159 2567/1160
f 1848/1161 1870/1162 381/1163
f 381/1163 380/1164 1848/1161
f 2562/1165 2190/1166 1197/1167
f 1197/1168 1824/246 2562/245
f 2561/939 1787/938 1327/1169
f 1327/1169 1575/1170 2561/939
f 876/1171 2311/518 2560/1172
f 2560/1172 2223/466 876/1171
f 1223/1173 2070/837 2559/836
f 2559/81 1940/83 1223/1174
f 1762/1175 2319/1176 2558/1177
f 883/1178 2572/22 2573/988
f 1563/1179 2464/851 2578/1180
f 2578/1180 1795/1181 1563/1179
f 776/1182 2577/1183 2217/1184
f 2577/1183 2484/1185 2217/1184
f 1560/1186 2576/1187 2531/1188
f 2576/1189 2553/1190 2531/1191
f 1561/1192 1560/1186 2531/1188
f 2575/1193 2552/1194 2540/1137
f 2540/1137 199/1136 2575/1193
f 1870/1162 2574/1195 381/1163
f 1870/1162 1896/1196 2574/1195
f 2558/1177 1798/1197 1762/1175
f 2573/988 1894/987 883/1178
f 883/1178 1727/23 2572/22
f 2571/1128 2116/1198 853/1199
f 853/1199 1867/399 2571/1128
f 2570/464 2569/1200 1227/1201
f 1227/1201 1397/465 2570/464
f 2569/1200 1228/1202 1227/1201
f 2568/824 2174/823 1481/1203
f 1481/1204 2164/880 2568/883
f 1510/1141 2567/1160 2566/1139
f 9/1205 807/1206 1544/1207
f 2951/1208 1679/1209 1653/1210
f 1653/1210 1629/1211 2546/1212
f 2545/1213 2535/780 1497/1214
f 1497/1214 1782/1215 2545/1213
f 1084/1216 2341/1217 2544/1218
f 2544/1218 1117/1219 1084/1216
f 2543/267 2284/496 1162/1220
f 1162/1220 1780/202 2543/267
f 2542/566 1477/1018 1055/1221
f 1055/1221 1453/459 2542/566
f 1544/1207 838/1222 9/1205
f 1653/1210 2546/1212 2951/1208
f 2541/1157 924/1156 2502/1223
f 2502/1223 2510/1224 2541/1157
f 2509/1225 200/1138 2540/1137
f 2540/1137 2519/1226 2509/1225
f 1810/1227 1849/1228 2530/1229
f 2539/1230 2529/1231 1170/1232
f 1170/1233 1471/1234 2539/1235
f 2538/1236 2268/462 1151/1237
f 1151/1237 2290/1238 2538/1236
f 791/1239 2124/1240 2537/637
f 2510/1224 2531/1191 2553/1190
f 2557/1241 2454/1242 1141/1243
f 1141/1243 1416/1244 2557/1241
f 2556/1014 2328/175 1183/1245
f 1183/1245 1926/1015 2556/1014
f 2555/1017 2422/1246 675/1247
f 675/1247 1477/1018 2555/1017
f 2493/1248 2554/1249 2492/1250
f 2492/1251 2217/1184 2484/1185
f 2554/1249 1872/1252 2492/1250
f 2492/1251 1872/1253 2217/1184
f 2553/1190 2541/1157 2510/1224
f 2579/1254 1839/1255 1267/1256
f 2519/1226 2540/1137 2552/1194
f 380/1164 2530/1229 1849/1228
f 1849/1228 1848/1161 380/1164
f 1231/1257 2178/109 2551/909
f 2551/909 1809/908 1231/1257
f 663/1258 1769/153 2550/744
f 2550/744 1301/1259 663/1258
f 851/1260 2548/1261 2549/1000
f 2549/1000 1866/1001 851/1260
f 851/1260 1380/1262 2548/1261
f 1340/1263 2286/976 509/1264
f 2609/1265 2599/1266 2575/1193
f 2575/1193 238/1267 2609/1265
f 1945/1268 2608/1269 2598/1270
f 1945/1268 1972/1271 2608/1269
f 159/1272 2269/1273 1328/1274
f 1328/1274 1906/1275 159/1272
f 2607/936 2387/1276 1194/1277
f 1194/1277 1787/937 2607/936
f 1007/1278 2457/1279 2606/1280
f 2606/1280 1004/1281 1007/1278
f 509/1264 2605/1282 1340/1263
f 955/1158 2588/1283 1018/1284
f 2605/1282 1783/1285 1340/1263
f 1145/1286 2593/1287 2604/1288
f 2604/1289 1142/1290 1145/1291
f 2603/332 2220/1292 1335/1293
f 1335/1293 1840/283 2603/332
f 2602/872 2219/848 1334/1294
f 1334/1294 2121/873 2602/872
f 1667/1295 2097/1296 2601/1297
f 2601/1297 2089/307 1667/1295
f 2577/1183 2511/1298 2411/1299
f 1575/1170 2093/632 2612/631
f 1289/1300 1293/1301 2617/1302
f 2616/1303 1314/1304 1289/1300
f 1562/1305 2615/1306 2576/1187
f 2615/1307 2600/1308 2576/1189
f 2576/1187 1560/1186 1562/1305
f 237/1309 2609/1265 238/1267
f 2614/1310 2608/1269 1972/1271
f 1972/1271 2002/1311 2614/1310
f 947/1312 2094/546 2613/1313
f 2613/1313 1906/1275 947/1312
f 2612/631 2561/939 1575/1170
f 2577/1183 776/1182 2511/1298
f 1004/1281 2606/1280 2469/1314
f 144/1315 2396/1316 1092/1317
f 1092/1317 2310/1318 144/1315
f 1142/1290 2604/1289 2611/1319
f 2611/1319 1166/1320 1142/1290
f 1596/1321 2591/1322 2414/492
f 1545/1323 2230/1324 2610/1325
f 2610/830 2240/829 1545/1326
f 1876/1327 2392/186 208/1328
f 208/1328 2097/1296 1876/1327
f 1657/1329 1661/318 2585/208
f 1265/1330 2038/667 2589/666
f 2484/1185 2577/1183 2410/1331
f 2588/1283 955/1158 2541/1157
f 2541/1157 2553/1190 2588/1283
f 238/1267 2575/1193 199/1136
f 1896/1196 2587/1332 2574/1195
f 1896/1196 1921/1333 2587/1332
f 915/1334 2586/989 45/1022
f 45/1022 1858/1021 915/1334
f 915/1334 1894/987 2586/989
f 2585/208 1893/207 1657/1329
f 2589/666 2193/1335 1265/1330
f 2584/942 2071/1336 183/1337
f 183/1337 1881/943 2584/942
f 2583/1338 2256/218 1298/1339
f 1298/1339 2082/754 2583/1338
f 2566/1139 2582/1340 1534/1140
f 2582/1340 1548/1341 1534/1140
f 2581/562 2132/1342 1495/1343
f 1495/1343 1494/563 2581/562
f 2580/649 2579/1254 1267/1256
f 1267/1256 1979/650 2580/649
f 941/1344 2071/1336 2596/1345
f 2411/1299 2410/1331 2577/1183
f 2600/1308 2588/1283 2553/1190
f 2553/1190 2576/1189 2600/1308
f 2552/1194 2575/1193 2599/1266
f 2598/1270 2587/1332 1921/1333
f 1921/1333 1945/1268 2598/1270
f 44/1023 2000/1346 700/1347
f 700/1347 1858/1021 44/1023
f 2597/481 2246/286 1098/1348
f 1098/1348 1682/482 2597/481
f 2596/1345 2135/974 941/1344
f 2537/637 1856/636 791/1239
f 1063/1349 2594/216 2595/256
f 2595/256 1499/255 1063/1349
f 1063/1349 1954/217 2594/216
f 1548/1341 2582/1340 2593/1350
f 2593/1287 1145/1286 1548/1351
f 2592/1352 2591/1353 1317/1354
f 1317/1354 2132/1342 2592/1352
f 2591/1353 1596/1355 1317/1354
f 2590/663 2194/1356 1294/1357
f 1294/1357 2007/664 2590/663
f 866/1358 2463/1359 892/1360
f 2488/405 1904/404 1273/1361
f 2487/805 2068/804 968/1362
f 968/1363 2091/1065 2487/1064
f 814/1364 2373/1365 2486/1366
f 2486/1366 2195/1367 814/1364
f 2474/672 1979/650 808/1368
f 2485/276 1838/275 1213/1369
f 1213/1370 1609/4 2485/29
f 2484/1185 1053/1371 1052/1372
f 1051/1373 2483/1374 1052/1375
f 1052/1372 2483/1376 2484/1185
f 1273/1361 2174/823 2488/405
f 2450/1377 2462/1378 2482/1379
f 2482/1379 161/1380 2450/1377
f 197/1381 2471/1382 1606/1383
f 1606/1383 1639/1384 197/1381
f 2481/571 2126/1079 733/1385
f 733/1385 1383/572 2481/571
f 2480/867 1857/866 1011/1386
f 1011/1386 1010/1387 2480/867
f 2479/30 1740/3 1655/1388
f 1655/1388 1631/1389 2479/30
f 1506/1390 2491/1391 2451/1392
f 1220/1393 2080/124 2497/657
f 2497/163 1864/162 1220/1394
f 248/1395 2110/1396 2496/1397
f 2496/1397 1185/1398 248/1395
f 1114/1399 2172/1400 2495/957
f 2495/957 1963/956 1114/1399
f 2494/612 2028/611 1241/1401
f 1241/1401 1625/1074 2494/612
f 2483/1374 1051/1373 2493/1248
f 2493/1248 2492/1250 2483/1374
f 2483/1376 2492/1251 2484/1185
f 2478/1059 1737/1086 474/1402
f 2491/1403 2472/1404 2451/1405
f 2451/1392 1489/1406 1506/1390
f 161/1380 2482/1379 162/1407
f 1639/1384 1688/1408 198/1409
f 198/1409 197/1381 1639/1384
f 2490/1410 2291/1411 768/1412
f 768/1412 767/1413 2490/1410
f 1010/1387 2406/906 2480/867
f 2489/1414 2356/1415 1724/1416
f 1724/1416 1752/1417 2489/1414
f 2337/1418 497/1419 500/1420
f 2468/1132 2032/1131 971/1421
f 971/1422 1461/1423 2468/1424
f 2467/1425 2173/122 759/1426
f 759/1426 1166/1320 2467/1425
f 2466/126 1781/972 719/1427
f 719/1427 1675/127 2466/126
f 717/1428 1748/1069 2465/272
f 2465/272 1888/271 717/1428
f 1567/1429 1993/50 2464/851
f 2464/851 1563/1179 1567/1429
f 500/1420 1182/1430 2337/1418
f 1342/1431 1004/1281 2469/1314
f 2463/1359 866/1358 2421/1432
f 2421/1432 2433/1433 2463/1359
f 2462/1378 2450/1377 121/1434
f 2461/1435 2449/1436 1522/1437
f 1522/1437 1557/1438 2461/1435
f 375/1439 2459/1440 2460/1441
f 2460/1441 1970/1442 375/1439
f 375/1439 1538/1443 2459/1440
f 2458/1444 2166/113 557/1445
f 88/1446 55/1447 7/1448
f 457/1449 310/1450 745/1451
f 474/1402 1706/294 2478/1059
f 2477/1452 2403/1453 622/1454
f 622/1454 1187/1455 2477/1452
f 2476/891 1927/890 783/1456
f 783/1456 1781/972 2476/891
f 2475/763 2474/672 812/1457
f 812/1457 2090/709 2475/763
f 2474/672 808/1368 812/1457
f 2473/1116 2171/1458 499/1459
f 499/1459 1579/1117 2473/1116
f 745/1460 744/1461 457/1462
f 2498/654 1929/653 937/1463
f 2472/1404 2463/1359 2433/1433
f 2433/1433 2451/1405 2472/1404
f 983/1464 2450/1377 161/1380
f 2471/1382 2461/1435 1557/1438
f 1557/1438 1606/1383 2471/1382
f 1742/1465 2000/1346 119/397
f 119/397 1741/396 1742/1465
f 827/1466 2211/1467 2470/384
f 2470/384 1343/383 827/1466
f 2469/1314 2175/138 1342/1431
f 1714/1468 1387/1469 2520/1470
f 2525/1471 2526/1472 1586/1473
f 2526/1472 1598/1474 1586/1473
f 1586/1473 1440/1475 2525/1471
f 2524/758 2031/1476 908/1477
f 908/1477 1939/759 2524/758
f 19/1478 2019/1479 2523/1009
f 2523/1009 1889/1008 19/1478
f 2522/303 2148/410 930/1480
f 930/1480 1568/249 2522/303
f 1714/1468 2520/1470 2521/1481
f 2521/1481 1715/1482 1714/1468
f 434/1483 1500/473 2527/472
f 1266/1484 1696/1485 1112/1486
f 1112/1486 1111/1487 1266/1484
f 892/1360 2502/1223 924/1156
f 162/1407 2509/1225 2519/1226
f 1756/1488 1790/1489 862/1490
f 1756/1488 862/1490 861/1491
f 2518/1492 2388/1493 1101/1494
f 1101/1494 1130/1495 2518/1492
f 2517/437 2152/1496 1279/1497
f 1279/1497 1516/438 2517/437
f 1561/1192 2531/1188 2491/1391
f 1002/1498 2427/1499 2536/445
f 2536/445 1865/444 1002/1498
f 2535/780 2041/779 1498/1500
f 1498/1500 1497/1214 2535/780
f 2534/1501 1902/1502 1059/1503
f 1059/1503 1395/1504 2534/1501
f 21/1505 2533/595 961/1506
f 961/1506 2039/1507 21/1505
f 2533/595 1760/594 961/1506
f 2532/1508 2520/1470 1387/1469
f 1387/1469 1391/1509 2532/1508
f 2516/321 2102/552 1125/1510
f 2531/1191 2510/1224 2491/1403
f 2491/1391 1506/1390 1561/1192
f 200/1138 2509/1225 2501/1511
f 1790/1489 2530/1229 862/1490
f 1790/1489 1810/1227 2530/1229
f 2529/1512 2518/1492 1130/1495
f 1130/1495 1170/1233 2529/1512
f 2528/111 2085/1513 945/1514
f 945/1514 1753/112 2528/111
f 2527/472 2056/683 434/1483
f 2502/1223 892/1360 2463/1359
f 1767/1515 1738/1516 2507/1517
f 2123/160 2134/1518 1167/1519
f 428/1520 2455/1521 2506/726
f 2506/726 2112/725 428/1520
f 2496/1397 2122/564 1185/1398
f 1025/1522 2185/608 2505/1523
f 2505/1523 1478/1524 1025/1522
f 2503/1525 2504/1526 1333/1527
f 2504/1526 898/1528 1333/1527
f 1333/1527 1314/1304 2503/1525
f 1053/1371 2484/1185 2410/1331
f 2507/1517 1800/1529 1767/1515
f 2463/1359 2472/1404 2502/1223
f 2501/1511 2482/1379 2462/1378
f 1688/1408 1729/1530 236/1531
f 236/1531 198/1409 1688/1408
f 2500/1532 2490/1410 767/1413
f 767/1413 796/1533 2500/1532
f 878/1534 2072/1535 2499/1083
f 2499/1083 1918/1082 878/1534
f 1752/1417 2365/1057 2489/1414
f 937/1463 2114/1536 2498/654
f 2511/1298 776/1182 779/1537
f 1125/1510 1941/322 2516/321
f 1191/1538 2134/1539 2416/1540
f 2515/408 2443/1541 1029/1542
f 1029/1542 1033/380 2515/408
f 1217/1543 1863/265 2514/264
f 2514/227 1853/226 1217/1544
f 1353/1545 2131/766 2513/765
f 2513/894 2121/893 1353/1546
f 926/1547 2305/1548 2512/1549
f 2512/1549 960/1550 926/1547
f 708/1551 2511/1298 779/1537
f 1289/1300 2617/1302 2616/1303
f 2510/1224 2502/1223 2472/1404
f 2472/1404 2491/1403 2510/1224
f 2482/1379 2501/1511 2509/1225
f 2509/1225 162/1407 2482/1379
f 1729/1552 1756/1553 861/1554
f 1729/1552 861/1554 271/1555
f 271/1555 236/1556 1729/1552
f 796/1533 2137/1557 2500/1532
f 2508/1558 1482/1559 1465/1560
f 1465/1560 1469/1561 2508/1558
f 2711/424 1077/1562 1076/1563
f 1798/1197 2558/1177 2715/1564
f 2715/1564 1514/1159 1798/1197
f 1456/1565 2363/1566 545/1567
f 545/1567 1761/1568 1456/1565
f 1478/1524 2505/1523 174/1569
f 174/1569 2172/1400 1478/1524
f 1852/1570 2382/1571 2714/668
f 2714/668 2038/667 1852/1570
f 2713/1572 2712/1573 2685/1574
f 2685/1574 1898/1575 2713/1572
f 2712/1573 2686/1576 2685/1574
f 2716/375 1880/374 1764/1577
f 1076/1563 2684/1578 2711/424
f 383/1579 2710/1580 863/1581
f 2710/1580 2683/1582 863/1581
f 2142/1583 2709/434 2708/435
f 2142/1583 2144/1584 2709/434
f 2708/435 2155/1585 2142/1583
f 1365/1586 2292/1587 2707/1588
f 2707/1588 1932/1589 1365/1586
f 1301/1259 2550/744 2706/1590
f 2706/1590 1988/28 1301/1259
f 1621/542 2700/1591 2678/1592
f 1805/1593 1830/1594 2723/1595
f 1612/1596 2307/494 2722/1597
f 2722/1598 2297/1599 1612/1600
f 1839/1255 2579/1254 2721/1601
f 2721/1601 1674/1602 1839/1255
f 1697/1603 2720/1604 2719/1605
f 1697/1603 2193/1335 2720/1604
f 2719/1605 1293/1301 1697/1603
f 2686/1606 2712/1607 1644/423
f 2686/1606 1644/423 1624/1608
f 1624/1608 1240/1609 2686/1606
f 2705/1610 2245/1611 1616/1612
f 1623/1613 1621/542 2678/1592
f 340/1614 343/1615 2683/1582
f 2683/1582 2710/1580 340/1614
f 2708/435 2698/1616 2155/1585
f 1771/1617 2367/1618 2629/1619
f 1601/1620 2399/680 2718/1621
f 2718/634 2093/633 1601/1622
f 2717/157 2479/30 1631/1389
f 1631/1389 1633/137 2717/157
f 1764/1623 1766/723 2716/722
f 1898/1575 2655/1624 1885/1625
f 2696/852 2011/834 1252/1626
f 2695/327 2331/838 1035/1627
f 1035/1627 1722/328 2695/327
f 1480/1628 2150/1629 2694/1630
f 2694/628 2054/627 1480/1631
f 467/846 2254/128 1435/1632
f 1435/1632 2053/843 467/846
f 62/498 2052/1633 1593/1634
f 1593/1634 1595/495 62/498
f 1180/1635 2171/1458 58/811
f 58/811 2018/5 1180/1635
f 1252/1626 2151/403 2696/852
f 2693/1636 2684/1578 2654/1637
f 2654/1637 2665/1638 2693/1636
f 2676/1639 379/1640 921/1641
f 921/1641 2677/1642 2676/1639
f 980/1643 2277/395 605/819
f 605/819 2104/73 980/1643
f 2692/1644 2447/713 1256/1645
f 1256/1645 2152/1496 2692/1644
f 2691/371 2322/1029 1300/1646
f 1300/1646 1536/372 2691/371
f 1898/1575 2685/1574 2655/1624
f 1616/1612 2022/1647 2705/1610
f 2704/1648 2438/724 1750/1649
f 1750/1650 2233/1651 2704/1652
f 2703/1653 2545/1213 1782/1215
f 1782/1215 1805/1593 2703/1653
f 2669/1654 2658/1655 1547/1656
f 2701/130 2702/1657 1433/1658
f 2702/1657 2065/1659 1433/1658
f 1433/1658 1611/131 2701/130
f 1592/1660 2262/1044 132/899
f 132/899 2130/898 1592/1660
f 2723/1595 2703/1653 1805/1593
f 2700/1661 2693/1636 2665/1638
f 2665/1638 2678/1662 2700/1661
f 306/1663 2683/1582 343/1615
f 2698/1616 2699/1664 445/1665
f 2699/1664 446/1666 445/1665
f 445/1665 2155/1585 2698/1616
f 234/1667 2117/544 1014/1668
f 1014/1668 1932/1589 234/1667
f 2697/1669 2276/1025 1537/1670
f 1537/1670 2085/1513 2697/1669
f 2699/1664 2698/1616 2743/359
f 1698/1671 2736/1672 2746/1673
f 2746/1673 1717/1674 1698/1671
f 960/1550 2512/1549 537/1675
f 537/1675 2401/1676 960/1550
f 2745/421 2734/420 2713/1572
f 2713/1572 1159/1677 2745/421
f 1077/1678 2744/345 959/350
f 1077/1562 2711/424 2744/347
f 1077/1679 959/1680 1608/1681
f 1608/1681 1075/1682 1077/1679
f 2743/359 2725/358 2699/1664
f 1395/1504 1914/998 2747/1036
f 1152/1683 2314/743 2742/970
f 2742/970 1788/953 1152/1683
f 2741/206 2345/247 1382/1684
f 1382/1684 1893/207 2741/206
f 2740/1027 2548/1261 1380/1262
f 1380/1262 1986/1028 2740/1027
f 1419/1685 2739/1686 295/1687
f 295/1687 2114/1536 1419/1685
f 1419/1685 2032/1688 2739/1686
f 1830/1594 2738/1007 2723/1595
f 2750/393 2743/359 2698/1616
f 2753/470 2754/1689 1569/1690
f 2754/1689 2373/1691 1569/1690
f 1569/1690 1570/426 2753/470
f 1717/1674 2746/1673 2752/414
f 2752/414 1735/413 1717/1674
f 991/1692 2412/1693 244/456
f 244/456 1413/457 991/1692
f 1158/387 2745/421 1159/1677
f 1621/542 2751/541 2700/1591
f 2751/390 2733/388 2700/1661
f 340/1614 2727/411 1133/351
f 1830/1594 1903/588 2738/1007
f 2698/1616 2708/435 2750/393
f 1637/1694 2046/1695 2644/1696
f 1501/1697 2682/1698 483/1699
f 483/1699 2458/1444 1501/1697
f 1420/1700 2332/117 2749/1701
f 2749/1701 1999/373 1420/1700
f 2650/1702 2468/1424 1461/1423
f 2748/1703 2477/1452 1187/1455
f 1187/1704 2069/825 2748/1705
f 2747/1036 2534/1501 1395/1504
f 446/1706 2726/1707 737/1708
f 2730/1709 2241/1710 1509/1711
f 1509/1711 2008/1712 2730/1709
f 1674/1602 2721/1601 2729/1713
f 2729/1713 1670/1714 1674/1602
f 2719/1605 2617/1302 1293/1301
f 1159/1677 2713/1572 1898/1575
f 2728/425 2711/424 2684/1578
f 2684/1578 2693/1636 2728/425
f 382/412 2727/411 2710/1580
f 2727/411 340/1614 2710/1580
f 2710/1580 383/1579 382/412
f 2715/1564 2567/1160 1514/1159
f 446/1715 2725/356 2726/355
f 446/1666 2699/1664 2725/358
f 737/1708 447/1716 446/1706
f 1603/1717 2036/1718 2368/1719
f 189/869 2224/1100 978/1720
f 978/1720 1857/866 189/869
f 2724/2 2507/1517 1738/1516
f 1738/1516 1740/3 2724/2
f 1783/1285 2605/1282 33/1005
f 33/1005 1916/1004 1783/1285
f 1173/1721 2732/429 2144/1722
f 1533/1723 1902/1502 2737/1724
f 2737/1724 2019/1479 1533/1723
f 1670/1714 2729/1713 2736/1672
f 2736/1672 1698/1671 1670/1714
f 1900/1725 2108/694 2735/184
f 2735/184 1887/183 1900/1725
f 2712/1607 2734/419 1644/423
f 2712/1573 2713/1572 2734/420
f 2733/388 2728/425 2693/1636
f 2693/1636 2700/1661 2733/388
f 2144/1722 2143/1726 1173/1721
f 2951/1727 2055/1728 1679/1729
f 2732/429 2709/431 2144/1722
f 1618/1730 2024/508 338/689
f 338/689 2167/688 1618/1730
f 2731/52 1661/318 1833/1731
f 1833/1731 1834/53 2731/52
f 35/1732 2627/1733 1800/1529
f 1800/1529 2507/1517 35/1732
f 1549/1734 2021/684 222/687
f 221/159 1550/161 1549/1734
f 1549/1734 222/687 221/159
f 452/1735 2638/1736 2637/1737
f 594/1738 2525/1471 1440/1475
f 1440/1475 2417/1739 594/1738
f 2642/840 2196/1126 1000/1740
f 1000/1740 2009/841 2642/840
f 2641/525 2436/1741 1271/1742
f 1271/1742 1627/526 2641/525
f 2640/1743 2424/1744 1216/1745
f 1216/1745 1455/1746 2640/1743
f 1715/1482 2521/1481 2639/692
f 2639/692 2051/691 1715/1482
f 1018/1284 2624/1747 1050/1748
f 659/1749 1930/290 2397/749
f 2637/1737 449/1750 452/1735
f 1045/1751 2301/1752 2636/1753
f 2636/1753 2036/1718 1045/1751
f 1230/1754 2136/1755 2333/820
f 1093/1756 2043/877 2635/288
f 2635/288 1905/287 1093/1756
f 2634/640 2321/685 1396/1757
f 1396/1757 1535/641 2634/640
f 1247/1758 2255/165 2633/1061
f 2633/1061 2091/1060 1247/1758
f 1391/1509 1747/417 2646/416
f 2652/324 1941/323 1274/1759
f 2651/32 2650/1702 1464/1760
f 1464/1760 1855/33 2651/32
f 2650/1702 1461/1423 1464/1760
f 2649/89 2648/36 815/1761
f 815/1761 1613/87 2649/89
f 2648/36 1296/35 815/1761
f 2544/1218 2354/844 1117/1219
f 1455/1746 2647/1762 2640/1743
f 1455/1746 1648/1763 2647/1762
f 2646/416 2532/1508 1391/1509
f 1244/1764 2231/1765 2626/1766
f 2107/1767 2645/1768 2615/1306
f 2645/1769 2630/1770 2615/1307
f 2615/1306 1562/1305 2107/1767
f 1664/1771 1640/1772 1665/1773
f 2061/1774 2060/1775 490/1776
f 490/1776 489/1777 2061/1774
f 2644/1696 2539/1235 1471/1234
f 1471/1234 1637/1694 2644/1696
f 1398/1778 2357/1084 2643/1779
f 2643/1779 2136/1755 1398/1778
f 1588/1780 2323/26 2622/1781
f 2625/250 1568/249 1392/1782
f 2616/1303 2503/1525 1314/1304
f 708/1551 2411/1299 2511/1298
f 2624/1747 1018/1284 2588/1283
f 2588/1283 2600/1308 2624/1747
f 2599/1266 2609/1265 1664/1771
f 493/1783 2614/1784 2002/1785
f 2002/1786 2037/1787 489/1777
f 2002/1785 489/1788 493/1783
f 2623/71 1919/573 1346/1789
f 1346/1789 1754/72 2623/71
f 1392/1790 2253/1791 2625/1792
f 2622/367 1801/366 1588/1793
f 1573/1794 2245/1611 2621/1129
f 2621/1129 1574/1107 1573/1794
f 1378/1795 2404/1796 2620/485
f 2620/485 1831/487 1378/1795
f 2611/1319 2467/1425 1166/1320
f 2619/605 2318/1797 1354/1798
f 1354/1798 1878/606 2619/605
f 1375/1799 2240/829 2618/788
f 2618/788 2131/766 1375/1799
f 303/1800 2138/1801 1401/1802
f 1139/1803 2263/597 2632/1804
f 2632/1804 2029/809 1139/1803
f 2631/1805 2305/1548 898/1528
f 898/1528 2504/1526 2631/1805
f 2411/1299 708/1551 710/1806
f 2630/1770 2624/1747 2600/1308
f 2600/1308 2615/1307 2630/1770
f 1640/1772 1664/1771 2609/1265
f 2609/1265 237/1309 1640/1772
f 2037/1787 2061/1774 489/1777
f 1401/1802 2629/1619 303/1800
f 1274/1807 2115/580 2652/1808
f 1401/1802 1771/1617 2629/1619
f 2628/1809 2125/536 1363/1810
f 1363/1810 2116/1198 2628/1809
f 2627/1733 2377/1811 1360/1812
f 1360/1812 1800/1529 2627/1733
f 182/1813 2444/642 1121/1814
f 1121/1814 2396/1316 182/1813
f 997/1815 2626/1766 362/1816
f 362/1816 1995/266 997/1815
f 997/1815 1244/1764 2626/1766
f 2105/1817 2677/1642 568/1818
f 2681/889 2264/1819 1479/1820
f 1479/1820 1927/890 2681/889
f 2680/1821 2230/1324 1316/1822
f 1316/1822 2194/1356 2680/1821
f 1543/1823 2361/1824 2679/1825
f 2679/1825 2159/179 1543/1823
f 2655/1624 2666/1826 2493/1248
f 1623/1613 2678/1592 2645/1768
f 2678/1662 2665/1638 2645/1769
f 2645/1768 2107/1767 1623/1613
f 860/1827 2664/1828 1259/1829
f 1119/1830 2031/1476 70/1831
f 2105/1817 2676/1639 2677/1642
f 2105/1832 857/1833 2676/1834
f 2675/1053 2235/24 1519/1835
f 1519/1835 2086/365 2675/1053
f 2674/512 2508/1558 1469/1561
f 1469/1561 1726/513 2674/512
f 2673/870 1955/747 511/1836
f 511/1836 1866/1001 2673/870
f 2672/1837 2671/1838 1614/1839
f 1614/1839 2660/1840 2672/1837
f 2684/1578 1076/1563 1050/1748
f 2690/1841 2133/1842 1460/1843
f 1460/1844 2041/778 2690/777
f 1376/1845 2242/1846 2689/1847
f 2689/1847 2030/1848 1376/1845
f 1414/1849 2393/1850 2688/1851
f 2688/1851 2039/1507 1414/1849
f 1795/1181 2578/1180 2687/134
f 2687/134 1978/133 1795/1181
f 2666/1852 2686/1606 1240/1609
f 2666/1826 2685/1574 2686/1576
f 2666/1826 2655/1624 2685/1574
f 2671/1838 1629/1211 1614/1839
f 1050/1748 2654/1637 2684/1578
f 2664/1828 863/1581 2683/1582
f 2683/1582 306/1663 2664/1828
f 2664/1828 860/1827 863/1581
f 1538/1443 1990/1853 2459/1440
f 1482/1559 2508/1558 2682/1698
f 2682/1698 1501/1697 1482/1559
f 2569/1200 2234/944 1228/1202
f 2671/1838 2546/1212 1629/1211
f 70/1831 2150/1629 1119/1830
f 2655/1624 2493/1248 1051/1373
f 1598/1474 2526/1472 2660/1840
f 2660/1840 1614/1839 1598/1474
f 1336/1854 2274/980 2659/468
f 2659/468 1355/469 1336/1854
f 2658/1655 2557/1241 1416/1244
f 1416/1244 1547/1656 2658/1655
f 1648/1763 1950/986 2647/1762
f 2656/547 2657/992 1081/1855
f 2657/992 1925/993 1081/1855
f 1081/1855 1080/538 2656/547
f 1051/1373 1885/1625 2655/1624
f 2661/516 1968/515 826/1856
f 2654/1637 1050/1748 2624/1747
f 2624/1747 2630/1770 2654/1637
f 1259/1829 1665/1773 1640/1772
f 2060/1775 2088/1857 567/1858
f 2060/1775 567/1858 490/1776
f 1257/1859 2058/598 377/600
f 376/1860 1824/1861 1257/1859
f 377/600 376/1860 1257/1859
f 2653/999 2440/1862 1423/1863
f 1423/1863 1708/230 2653/999
f 2665/1638 2654/1637 2630/1770
f 1085/1864 2133/1842 2670/644
f 2670/644 1953/643 1085/1864
f 1649/1865 1761/1568 2669/1654
f 2669/1654 1547/1656 1649/1865
f 1491/1866 2372/1867 2668/44
f 2668/44 1861/43 1491/1866
f 1527/1868 2120/502 2667/832
f 2667/832 1949/912 1527/1868
f 2554/1150 2666/1852 1240/1609
f 2554/1249 2493/1248 2666/1826
f 1240/1609 1239/1151 2554/1150
f 2029/809 2632/1804 1245/807
f 2630/1770 2645/1769 2665/1638
f 1665/1773 2664/1828 306/1663
f 1665/1773 1259/1829 2664/1828
f 2088/1857 2105/1817 568/1818
f 568/1818 567/1858 2088/1857
f 2432/1869 2663/1870 1280/1871
f 2663/1870 1846/1872 1280/1871
f 1443/1873 2378/716 2662/1874
f 2662/1874 2072/1535 1443/1873
f 826/1856 2429/1875 2661/516
f 2471/1876 197/1877 200/1138
f 2721/1601 1700/1878 1704/1879
f 2656/547 2791/540 1647/1880
f 1647/1880 1454/1881 2656/547
f 2926/1882 2930/1883 1962/1884
f 2926/1885 2929/1886 2930/1887
f 1962/1884 1961/1888 2926/1882
f 2923/1889 2927/1890 709/1891
f 709/1891 642/1892 2923/1889
f 642/1892 574/1893 2923/1889
f 574/1894 528/1895 2923/1896
f 200/1138 2501/1511 2471/1876
f 1704/1879 2729/1713 2721/1601
f 449/1897 2637/742 2379/708
f 2379/708 337/690 449/1897
f 2470/384 603/1898 232/1899
f 232/1899 231/385 2470/384
f 2548/1261 2740/1027 1636/1900
f 1635/1901 2549/1000 2548/1261
f 2548/1261 1636/1900 1635/1901
f 2468/1902 2650/1903 1572/1904
f 1571/1905 2739/1906 2468/1902
f 1572/1904 1571/1905 2468/1902
f 2633/1061 141/1907 550/1908
f 636/1909 2877/1910 2199/933
f 2486/1366 1458/1911 1087/1912
f 1087/1912 1086/1913 2486/1366
f 542/1914 505/1915 2602/872
f 2602/872 539/871 542/1914
f 2423/961 1242/1916 811/1917
f 811/1917 810/962 2423/961
f 1774/1918 2929/1886 1759/1919
f 2925/1920 641/1921 674/1922
f 2552/1194 634/1923 633/1924
f 633/1924 2519/1226 2552/1194
f 2877/1910 2334/599 2199/933
f 550/1908 549/1062 2633/1061
f 2199/933 2127/932 636/1909
f 2571/1128 230/1127 1303/1925
f 1303/1925 1302/1926 2571/1128
f 2569/1200 2570/464 1381/1927
f 1381/1927 478/1928 2569/1200
f 2416/1929 1005/1930 595/1931
f 367/1932 1064/1933 2342/448
f 2342/448 364/447 367/1932
f 2669/1654 544/1934 1439/1935
f 1439/1935 1438/1936 2669/1654
f 518/1937 1444/1938 2528/111
f 841/1939 813/958 2495/957
f 2412/1693 993/1940 245/1941
f 245/1941 244/456 2412/1693
f 1759/1919 2924/1942 1746/1943
f 2922/1944 2928/1945 2927/1946
f 835/1947 2928/1945 2922/1944
f 2927/1948 2923/1896 2922/1949
f 2449/1950 2461/1951 2462/1378
f 2462/1378 121/1434 2449/1950
f 121/1434 83/1952 2449/1950
f 1907/1953 1882/1954 2368/1955
f 2495/957 173/1956 841/1939
f 2528/111 516/110 518/1937
f 437/1957 2661/516 2429/1875
f 1364/1958 437/1957 2429/1875
f 2429/1875 1362/1959 1364/1958
f 1150/1960 2780/406 2488/405
f 2488/405 1148/822 1150/1960
f 2477/1452 2748/1703 1765/1961
f 1765/1961 1720/1962 2477/1452
f 909/1963 1118/888 2476/891
f 2476/891 907/971 909/1963
f 2501/1511 2462/1378 2461/1951
f 2689/1847 1356/1964 1032/1965
f 2579/1254 2580/649 1701/1966
f 1700/1878 2721/1601 2579/1254
f 1701/1966 1700/1878 2579/1254
f 2657/992 2656/547 1454/1881
f 1454/1881 1215/1967 2657/992
f 2924/1942 1759/1919 2929/1886
f 2929/1886 2926/1885 2924/1942
f 2920/1968 2925/1920 674/1922
f 674/1922 778/1969 2920/1968
f 2461/1951 2471/1876 2501/1511
f 1463/1970 1462/1971 2545/1213
f 1957/1972 2636/1973 2301/1974
f 2718/1621 829/1975 1196/1976
f 1196/1977 1195/635 2718/634
f 437/1957 436/517 2661/516
f 1421/1978 2620/485 2404/1796
f 2404/1796 552/1979 1421/1978
f 548/1980 846/806 2487/805
f 2487/1064 549/1063 548/1981
f 2626/1766 1297/1982 363/1983
f 363/1983 362/1816 2626/1766
f 2720/1604 1582/1984 1581/1985
f 1359/1986 2951/1987 2546/1988
f 2546/1988 1768/1989 1359/1986
f 1248/1990 2611/1319 2604/1289
f 2604/1288 1654/1991 1249/1992
f 1249/1993 1248/1990 2604/1289
f 760/1994 1585/1995 2581/562
f 2581/562 757/561 760/1994
f 2533/595 20/1996 315/1997
f 315/1997 317/596 2533/595
f 2533/595 21/1505 20/1996
f 1581/1985 2719/1605 2720/1604
f 2546/1988 2671/1998 1768/1989
f 1794/1999 2932/2000 1774/1918
f 2933/2001 709/2002 2927/2003
f 383/1579 863/1581 2530/2004
f 863/1581 862/2005 2530/2004
f 2530/2004 380/2006 383/1579
f 2346/458 448/675 488/2007
f 488/2007 487/450 2346/458
f 413/2008 374/2009 2597/481
f 2597/481 410/480 413/2008
f 2931/2010 2934/2011 1775/2012
f 2692/1644 1399/2013 1402/2014
f 1127/2015 513/2016 2596/1345
f 2547/2017 2559/2018 1785/2019
f 1251/2020 473/2021 2611/1319
f 2611/1319 1248/1990 1251/2020
f 2592/1352 1585/1995 1222/2022
f 1222/2022 1221/2023 2592/1352
f 359/2024 619/2025 2543/267
f 2543/267 356/204 359/2024
f 2512/1549 1594/2026 538/2027
f 538/2027 537/1675 2512/1549
f 2570/464 2765/463 1658/2028
f 2931/2029 2932/2000 2934/2030
f 2789/476 416/392 2574/2031
f 416/392 381/2032 2574/2031
f 2911/2033 2573/988 2572/22
f 2572/22 566/2034 2911/2033
f 2572/22 563/21 566/2034
f 2682/1698 1683/2035 484/2036
f 484/2036 483/1699 2682/1698
f 480/2037 1422/2038 2584/942
f 2584/942 477/941 480/2037
f 2599/1266 2874/2039 634/1923
f 2660/2040 1656/2041 1707/2042
f 2715/1564 1587/2043 1599/2044
f 1120/2045 26/2046 2681/889
f 2681/889 1118/888 1120/2045
f 2618/788 964/828 934/2047
f 934/2047 933/764 2618/788
f 2667/832 1115/831 314/2048
f 314/2048 313/911 2667/832
f 2932/2000 2931/2029 2929/1886
f 2929/1886 1774/1918 2932/2000
f 2931/2029 2930/1887 2929/1886
f 1707/2049 2672/1837 2660/1840
f 634/1923 2552/1194 2599/1266
f 2407/2050 2153/2051 445/1665
f 445/1665 444/2052 2407/2050
f 2794/269 373/268 334/2053
f 334/2053 299/575 2794/269
f 2439/115 879/833 151/2054
f 151/2054 150/116 2439/115
f 2525/2055 597/2056 1632/2057
f 2525/1471 594/1738 597/2058
f 2545/1213 2703/1653 1463/1970
f 2930/1883 2931/2010 1775/2012
f 2570/464 1658/2028 1381/1927
f 1680/2059 2755/2060 2536/2061
f 1723/2062 1680/2059 2536/2061
f 1003/2063 2723/1595 2738/1007
f 2738/1007 255/1006 1003/2063
f 591/2064 1841/2065 2565/591
f 2565/591 588/590 591/2064
f 2625/1792 1218/2066 585/2067
f 585/2068 584/251 2625/250
f 1492/2069 2687/134 2578/1180
f 2578/1180 840/2070 1492/2069
f 784/2071 423/2072 2475/763
f 1778/2073 1962/1884 2930/1883
f 2930/1883 1775/2012 1778/2073
f 835/2074 709/2075 2928/2076
f 2928/2076 709/2075 2933/2077
f 2874/2039 2599/1266 1664/1771
f 2191/2078 2154/1098 2419/1097
f 2585/208 916/319 699/2079
f 699/2079 698/205 2585/208
f 38/2080 1553/2081 2627/1733
f 2627/1733 35/1732 38/2080
f 2910/2082 2916/2083 1529/2084
f 1723/2062 2536/2061 2427/2085
f 2427/2085 2428/2086 1751/2087
f 1751/2087 1723/2062 2427/2085
f 1587/2043 2715/1564 2558/1177
f 2558/1177 1441/2088 1587/2043
f 2436/1741 2641/525 1320/2089
f 1320/2089 395/2090 2436/1741
f 587/2091 282/2092 2522/303
f 2522/303 584/251 587/2091
f 2494/612 716/1073 461/2093
f 461/2093 460/613 2494/612
f 977/2094 976/252 2418/254
f 2910/2095 2913/2096 2916/2097
f 529/2098 2912/2099 2909/2100
f 2909/2100 530/2101 529/2098
f 2201/2102 46/2103 2914/2104
f 2914/2104 2168/2105 2201/2102
f 1199/2106 2460/902 2459/2107
f 1258/2108 1199/2106 2459/2107
f 948/2109 411/821 2333/820
f 2333/820 949/2110 948/2109
f 1589/2111 2793/569 2398/568
f 528/1895 530/2101 2907/2112
f 2454/1242 1891/2113 1417/2114
f 1417/2114 1061/2115 2454/1242
f 1532/2116 2688/1851 2393/1850
f 1060/2117 1532/2116 2393/1850
f 2393/1850 1057/2118 1060/2117
f 1913/2119 2616/1303 2617/1302
f 2617/1302 2719/1605 1913/2119
f 2913/2096 1712/2120 2918/2121
f 2918/2121 2916/2097 2913/2096
f 2907/2112 2917/2122 528/1895
f 2907/2112 2915/2123 2917/2122
f 2398/568 730/2124 1589/2111
f 530/2101 2900/2125 2907/2112
f 2182/2126 2369/2127 2380/2128
f 2380/2128 2389/2129 2228/2130
f 2228/2130 2182/2126 2380/2128
f 2000/1346 82/2131 120/2132
f 120/2132 119/397 2000/1346
f 2000/1346 44/1023 82/2131
f 2517/437 2757/436 1400/2133
f 1400/2133 1399/2013 2517/437
f 2418/254 1008/638 977/2094
f 2908/2134 1666/2135 2913/2096
f 2417/2136 2416/1929 595/1931
f 595/1931 594/2137 2417/2136
f 2395/260 938/645 790/2138
f 790/2138 789/261 2395/260
f 687/2139 785/228 2514/227
f 2514/264 685/263 687/2140
f 2610/1325 1318/2141 965/2142
f 965/2143 964/828 2610/830
f 840/2070 2578/1180 2464/851
f 2464/851 16/850 840/2070
f 2913/2096 2910/2095 2908/2134
f 2397/749 77/748 730/2144
f 2904/2145 2912/2146 778/2147
f 2904/2148 2909/2100 2912/2099
f 2904/2145 778/2147 777/2149
f 2128/2150 2911/2151 566/2152
f 566/2152 800/2153 2128/2150
f 566/2152 565/861 800/2153
f 2663/1125 2432/2154 889/2155
f 889/2155 2227/1112 2663/1125
f 193/2156 604/1101 2224/1100
f 2224/1100 189/869 193/2156
f 2452/177 2808/176 870/2157
f 1656/2041 2660/2040 2526/2158
f 2526/2158 2525/2055 1632/2057
f 2526/2158 1632/2057 1656/2041
f 2535/780 2545/1213 1462/1971
f 2535/780 1462/1971 970/2159
f 970/2159 969/781 2535/780
f 787/2160 999/604 2425/224
f 2425/224 785/223 787/2160
f 1219/2161 2824/273 2465/272
f 998/2162 1219/2161 2465/272
f 2465/272 995/1068 998/2162
f 2454/1242 2557/1241 1891/2113
f 870/2157 869/1115 2452/177
f 1712/2120 2913/2096 1666/2135
f 1137/2163 2915/2164 2906/2165
f 2915/2123 2907/2112 2906/2166
f 2168/2105 2914/2104 2911/2151
f 2911/2151 2128/2150 2168/2105
f 2432/2154 887/2167 889/2155
f 2480/867 856/2168 631/2169
f 631/2169 190/868 2480/867
f 730/2124 2398/568 2397/2170
f 2490/2171 2500/2172 1743/2173
f 546/2174 545/1567 2363/1566
f 720/2175 782/711 2564/710
f 2564/710 718/1071 720/2175
f 536/2176 993/1940 2401/1676
f 2401/1676 537/1675 536/2176
f 2918/2121 1746/1943 2924/1942
f 2924/1942 2921/2177 2918/2121
f 2917/2122 2923/1896 528/1895
f 2917/2122 2922/1949 2923/1896
f 50/2178 2293/2179 2408/2180
f 2408/2180 47/2181 50/2178
f 2363/1566 1086/1913 546/2174
f 1743/2173 1710/2182 2490/2171
f 2499/1083 1366/2183 1013/2184
f 1013/2184 1012/1080 2499/1083
f 854/2185 1362/1959 2288/682
f 2288/682 852/681 854/2185
f 1066/2186 1095/1085 2478/1059
f 2478/1059 1067/1058 1066/2186
f 1654/1991 2604/1288 2593/1287
f 2658/1655 2669/1654 1438/1936
f 2658/1655 1438/1936 1437/2187
f 1772/2188 1743/2173 2500/2172
f 2475/763 782/711 784/2071
f 2532/1508 2646/416 1610/2189
f 1610/2189 1432/2190 2532/1508
f 2921/2191 2926/1882 1961/1888
f 2921/2177 2924/1942 2926/1885
f 641/2192 2925/2193 2919/2194
f 2925/2193 2920/2195 2919/2194
f 2919/2194 574/1894 641/2192
f 2919/2194 529/2098 574/1894
f 117/2196 2348/2197 831/2198
f 831/2198 735/2199 117/2196
f 1457/2200 2640/1743 2647/1762
f 2508/1558 2674/512 1684/2201
f 1683/2035 2682/1698 2508/1558
f 1684/2201 1683/2035 2508/1558
f 2299/746 1069/745 1041/2202
f 1041/2202 1040/2203 2299/746
f 2343/881 1094/2204 662/2205
f 2343/881 1095/1085 1094/2204
f 662/2205 661/882 2343/881
f 2403/1453 2477/1452 1720/1962
f 1720/1962 1034/2206 2403/1453
f 1619/2207 2707/2208 2292/2209
f 2392/186 962/185 209/2210
f 209/2210 208/1328 2392/186
f 2916/2083 2921/2191 1961/1888
f 2916/2097 2918/2121 2921/2177
f 2916/2083 1961/1888 1530/2211
f 1530/2211 1529/2084 2916/2083
f 2912/2146 2920/2212 778/2147
f 2912/2099 2919/2194 2920/2195
f 529/2098 2919/2194 2912/2099
f 2389/2129 2400/2213 2260/2214
f 2260/2214 2228/2130 2389/2129
f 393/2215 392/530 2402/529
f 1663/2216 1619/2207 2292/2209
f 1153/2217 2706/1590 2550/744
f 2550/744 81/732 1153/2217
f 409/2218 852/681 2527/472
f 2527/472 406/471 409/2218
f 2428/2086 2547/2017 1785/2019
f 1785/2019 1751/2087 2428/2086
f 2567/1160 2715/1564 1599/2044
f 1615/2219 2566/1139 2567/1160
f 2567/1160 1599/2044 1615/2219
f 2622/1781 114/2220 155/2221
f 2647/1762 756/2222 1457/2200
f 1434/2223 2639/692 2521/1481
f 2521/1481 1431/2224 1434/2223
f 1746/1943 2918/2121 1712/2120
f 835/1947 2922/1944 2915/2164
f 2922/1949 2917/2122 2915/2123
f 1137/2163 835/1947 2915/2164
f 2400/2213 2408/2180 2293/2179
f 2293/2179 2260/2214 2400/2213
f 2126/1079 2481/571 2874/2225
f 2874/2225 830/1070 2126/1079
f 1402/2014 795/2226 2692/1644
f 155/2227 154/368 2622/367
f 2537/637 1040/2203 1009/2228
f 1009/2228 1008/638 2537/637
f 2331/838 2695/327 2034/2229
f 2331/838 2034/2229 1036/2230
f 1036/2230 1038/835 2331/838
f 2566/1139 1615/2219 1630/2231
f 2557/1241 2658/1655 1437/2187
f 2557/1241 1437/2187 1891/2113
f 2402/529 65/2232 393/2215
f 342/2233 797/316 2358/315
f 1163/2234 1594/2026 2631/1805
f 2631/1805 1160/2235 1163/2234
f 2942/2236 2947/2237 1566/2238
f 2942/2239 2944/2240 2947/2241
f 1566/2238 1565/2242 2942/2236
f 2282/2243 2946/2244 2943/2245
f 2946/2246 2945/2247 2943/2248
f 2943/2245 2183/2249 2282/2243
f 2249/2250 2279/2251 1908/2252
f 1908/2252 1860/2253 2249/2250
f 2358/315 270/2254 342/2233
f 22/2255 21/1505 2688/1851
f 734/2256 1684/2201 2674/512
f 2674/512 731/511 734/2256
f 558/2257 944/2258 2717/157
f 2717/157 555/139 558/2257
f 626/2259 1572/1904 2651/2260
f 2651/2260 627/2261 626/2259
f 2792/490 1224/2262 257/2263
f 257/2264 256/587 2792/586
f 1513/2265 2813/2266 2779/2267
f 2779/2267 1763/2268 1513/2265
f 284/2269 1270/2270 2778/362
f 1957/1972 1933/2271 2636/1973
f 1511/2272 2820/2273 2816/2274
f 2816/2274 1512/2275 1511/2272
f 2812/45 1981/2276 213/2277
f 213/2277 212/610 2812/45
f 2639/692 1434/2223 751/2278
f 751/2278 750/693 2639/692
f 2948/2279 2947/2241 2944/2240
f 2944/2240 1020/2280 2948/2279
f 2865/2281 2945/2247 2869/2282
f 2279/2251 2315/2283 1947/2284
f 1947/2284 1908/2252 2279/2251
f 2778/362 281/409 284/2269
f 2838/1024 1617/2285 42/2286
f 42/2286 41/156 2838/1024
f 946/2287 36/2288 2724/2
f 2724/2 943/1 946/2287
f 1680/2059 628/2289 2755/2060
f 104/2290 1224/2291 2802/520
f 2802/520 101/519 104/2290
f 1512/2275 2816/2274 2813/2266
f 1513/2265 1512/2275 2813/2266
f 2688/1851 1532/2116 22/2255
f 1854/2292 1463/1970 2703/1653
f 2943/2248 2866/2293 2941/2294
f 2214/2295 2249/2250 1860/2253
f 1860/2253 1284/2296 2214/2295
f 1619/2207 235/2297 2707/2208
f 1015/2298 1555/2299 2851/1081
f 2851/1081 1012/1080 1015/2298
f 2621/1129 1277/2300 1255/2301
f 1255/2301 913/1130 2621/1129
f 2739/1686 1571/2302 296/2303
f 296/2303 295/1687 2739/1686
f 2703/1653 2723/1595 1854/2292
f 2183/2249 2943/2245 2941/2304
f 100/2305 1496/2306 2763/2307
f 2763/2307 97/2308 100/2305
f 1186/2309 1493/2310 2590/663
f 2590/663 1184/662 1186/2309
f 1901/2311 1913/2119 2719/1605
f 2719/1605 1581/1985 1901/2311
f 2939/2312 2942/2236 1565/2242
f 2939/2313 2940/2314 2942/2239
f 2939/2312 1565/2242 1564/2315
f 2861/797 2941/2294 2866/2293
f 2705/1610 601/2316 1278/2317
f 2735/184 749/2318 963/2319
f 963/2319 962/185 2735/184
f 1020/2280 2944/2240 988/2320
f 2945/2247 2865/2281 2866/2293
f 2866/2293 2943/2248 2945/2247
f 1235/1075 1449/2321 2775/1076
f 1449/2321 1370/2322 2775/1076
f 2481/571 634/2323 2874/2225
f 2481/571 632/570 634/2323
f 2662/1874 769/2324 1367/2325
f 1367/2325 1366/2183 2662/1874
f 2748/1705 848/2326 1765/2327
f 1278/2317 1277/2300 2705/1610
f 2650/1903 2651/2260 1572/1904
f 2723/1595 1003/2063 1854/2292
f 1763/2268 2779/2267 2770/2328
f 2770/2328 67/2329 1763/2268
f 1219/2161 1218/2330 2824/273
f 2616/1303 1913/2119 1779/2331
f 1779/2331 1161/2332 2616/1303
f 2944/2240 2942/2239 2940/2314
f 2940/2314 988/2320 2944/2240
f 1339/2333 1338/2334 2730/1709
f 2741/206 701/2335 1742/1465
f 1742/1465 443/2336 2741/206
f 2741/206 698/205 701/2335
f 2749/1701 149/2337 1229/2338
f 1229/2338 110/2339 2749/1701
f 1126/2340 368/2341 2716/722
f 2716/722 1123/721 1126/2340
f 368/2342 328/376 2716/375
f 1998/2343 2515/408 2772/379
f 2772/379 1819/2344 1998/2343
f 2730/1709 397/2345 1339/2333
f 520/2346 519/361 2773/335
f 2680/1821 1493/2310 1319/2347
f 1319/2347 1318/2141 2680/1821
f 2801/135 1862/2348 355/2349
f 355/2349 354/533 2801/135
f 2948/2279 1813/2350 12/2351
f 12/2351 11/2352 2948/2279
f 2869/2282 2949/2353 54/2354
f 2359/2355 2369/2127 2145/2356
f 2145/2356 2095/2357 2359/2355
f 2515/408 1998/2343 1515/2358
f 2756/440 512/973 515/2359
f 2877/1910 415/2360 2334/599
f 46/2361 43/2362 45/1022
f 12/2351 56/2363 57/2364
f 2182/2126 2145/2356 2369/2127
f 1/2365 2/2366 3/2367
f 46/2103 2201/2102 2237/2368
f 2586/989 2914/2369 46/2361
f 46/2361 45/1022 2586/989
f 1604/2370 1770/2371 2766/461
f 2766/461 1602/2372 1604/2370
f 515/2359 1725/2373 2756/440
f 415/2360 377/600 2334/599
f 2780/406 1150/1960 1276/2374
f 2632/1804 316/2375 1246/2376
f 1246/2376 1245/807 2632/1804
f 2632/1804 317/596 316/2375
f 2808/176 1718/2377 870/2157
f 56/2363 12/2351 1813/2350
f 7/1448 54/2354 2949/2353
f 2949/2353 8/2378 7/1448
f 1652/2379 1651/2380 2737/1724
f 2773/335 486/2381 520/2346
f 1813/2350 2948/2279 1020/2280
f 2821/293 1361/2382 1065/2383
f 2821/293 1358/2384 1361/2382
f 1065/2383 1067/1058 2821/293
f 910/2385 365/2386 2642/840
f 2642/840 593/839 910/2385
f 2820/2273 1511/2272 286/2387
f 286/2387 252/2388 2820/2273
f 1965/2389 2752/414 2746/1673
f 2746/1673 1952/2390 1965/2389
f 2798/501 1026/2391 1116/2392
f 1116/2392 1115/831 2798/501
f 794/2393 793/2394 2793/569
f 2949/2353 2869/2282 2945/2247
f 2945/2247 2946/2246 2949/2353
f 2315/2283 2325/2395 2003/2396
f 2003/2396 1947/2284 2315/2283
f 2742/970 2638/2397 522/2398
f 522/2398 2843/952 2742/970
f 2706/1590 1153/2217 1485/2399
f 1485/2399 116/2400 2706/1590
f 2786/548 1325/2401 1193/2402
f 2672/2403 1707/2404 1739/2405
f 2563/1145 1268/2406 1673/2407
f 1520/2408 882/2409 2787/537
f 2787/537 1518/2410 1520/2408
f 2765/463 1659/2411 1658/2028
f 330/2412 2034/2229 2695/327
f 2695/327 327/326 330/2412
f 1807/2413 1820/2414 2659/468
f 2659/468 658/2415 1807/2413
f 1001/2416 722/2417 2619/605
f 2619/605 999/604 1001/2416
f 2752/414 1965/2389 251/2418
f 251/2418 250/92 2752/414
f 488/1120 738/1119 771/2419
f 2947/2241 2948/2279 11/2352
f 2947/2237 14/2420 1566/2238
f 2947/2237 11/2421 14/2420
f 8/2378 2949/2353 2946/2246
f 2946/2244 2282/2243 10/2422
f 10/2422 8/2423 2946/2244
f 2049/2424 2003/2396 2325/2395
f 2551/909 703/2425 637/2426
f 637/2426 2127/910 2551/909
f 2793/569 1589/2111 794/2393
f 1446/2427 1617/2285 2697/1669
f 2764/378 1820/2414 1819/2344
f 2523/1009 1651/2380 845/2428
f 845/2428 844/1010 2523/1009
f 1457/2200 1546/2429 2640/1743
f 2679/1825 1671/2430 1699/2431
f 2938/2432 2937/2433 2935/2434
f 2935/2434 1793/2435 2938/2432
f 2937/2433 2936/2436 2935/2434
f 702/1094 2839/925 2844/701
f 2324/107 2843/952 702/2437
f 702/2437 704/108 2324/107
f 2764/378 2659/468 1820/2414
f 2697/1669 1444/1938 1446/2427
f 333/2438 1326/2439 2516/321
f 2516/321 331/320 333/2438
f 2498/654 294/2440 1254/2441
f 1254/2441 1253/655 2498/654
f 2649/89 1341/2442 1784/2443
f 724/2444 1320/2089 2641/525
f 2641/525 721/524 724/2444
f 684/2445 135/2446 2556/1014
f 2556/1014 681/1013 684/2445
f 2677/2447 921/2448 609/1048
f 2506/726 1379/2449 727/2450
f 727/2450 726/727 2506/726
f 2534/1501 2747/1036 2111/2451
f 2534/1501 2111/2451 1678/2452
f 1678/2452 1677/2453 2534/1501
f 425/2454 1701/1966 2580/649
f 2580/649 422/648 425/2454
f 1862/2348 2801/135 2687/134
f 2687/134 1492/2069 1862/2348
f 2936/2455 2937/2456 1796/2457
f 2936/2455 1796/2457 1776/2458
f 2791/540 312/2459 1647/1880
f 609/1048 568/2460 2677/2447
f 858/2461 2074/2462 2644/2463
f 562/2464 1470/2465 2607/936
f 2607/936 559/935 562/2464
f 979/2466 372/2467 2405/210
f 2405/210 976/252 979/2466
f 372/2467 371/211 2405/210
f 2671/1998 2672/2403 1739/2405
f 2671/1998 1739/2405 1768/1989
f 1819/2344 2772/379 2764/378
f 2603/332 652/285 655/2468
f 450/2469 449/1750 336/967
f 1199/2106 1154/903 2460/902
f 2757/436 2766/461 1770/2371
f 1770/2371 1400/2133 2757/436
f 2696/852 186/2470 880/2471
f 880/2471 879/833 2696/852
f 1037/2472 1785/2473 2559/836
f 2559/836 1038/835 1037/2472
f 2426/1033 624/2474 325/2475
f 325/2475 324/1034 2426/1033
f 655/2468 621/2476 2603/332
f 336/967 1689/966 450/2469
f 2702/1657 2701/130 1394/2477
f 1394/2477 1058/2478 2702/1657
f 583/2479 1610/2189 2646/416
f 2646/416 580/415 583/2479
f 2932/2000 1794/1999 2935/2434
f 2935/2434 2934/2030 2932/2000
f 1745/2480 1732/474 2598/2481
f 1732/474 2789/476 2598/2481
f 1154/903 1074/2482 2448/904
f 2648/36 1784/2443 181/2483
f 2791/540 313/911 312/2459
f 1793/2435 2935/2434 1794/1999
f 493/1783 1744/2484 2614/1784
f 1859/2485 304/2486 2629/2487
f 304/2486 303/2488 2629/2487
f 1046/2489 1602/2372 2538/1236
f 2538/1236 1042/2490 1046/2489
f 2635/288 664/876 79/2491
f 79/2491 78/289 2635/288
f 1421/1978 1299/2492 2620/485
f 2648/36 2649/89 1784/2443
f 2704/1652 1275/2493 1124/2494
f 181/2483 180/37 2648/36
f 2722/1597 319/2495 967/2496
f 967/2497 653/2498 2722/1598
f 96/2499 1394/2477 2701/130
f 2701/130 93/129 96/2499
f 247/2500 278/2501 2769/336
f 2769/336 244/456 247/2500
f 2934/2011 2936/2455 1776/2458
f 2934/2030 2935/2434 2936/2436
f 1776/2458 1775/2012 2934/2011
f 1952/2390 2746/1673 2736/1672
f 1284/2296 1174/2502 2180/2503
f 1472/2504 1425/769 2613/768
f 2643/1779 1555/2299 950/2505
f 950/2505 949/2110 2643/1779
f 1099/2506 1636/1900 2740/1027
f 2740/1027 1096/1026 1099/2506
f 911/2507 1226/2508 2845/1109
f 2845/1109 877/1108 911/2507
f 972/2509 1418/2510 2690/1841
f 2690/777 969/776 972/2511
f 2753/2512 2763/2307 1496/2306
f 2180/2503 2214/2295 1284/2296
f 2736/1672 1817/2513 1952/2390
f 931/2514 1582/1984 2589/666
f 2589/666 928/665 931/2514
f 2940/2314 2939/2313 2938/2432
f 2938/2432 989/2515 2940/2314
f 2855/622 2858/856 2861/797
f 2143/2516 2180/2503 1174/2502
f 1174/2517 1173/1052 2143/2518
f 2914/2369 2586/989 2573/988
f 2573/988 2911/2033 2914/2369
f 67/2329 2770/2328 2771/2519
f 771/2419 485/2520 488/1120
f 160/2521 2864/2522 2623/71
f 2623/71 770/70 160/2521
f 981/2523 1345/2524 2653/999
f 2653/999 441/229 981/2523
f 112/2525 1097/2526 2691/371
f 2691/371 109/370 112/2525
f 942/2527 1323/2528 2634/640
f 2634/640 940/639 942/2527
f 1168/2529 1190/629 2694/628
f 2694/1630 69/2530 1168/2531
f 884/2532 916/319 2731/52
f 2771/2519 24/171 67/2329
f 1981/2276 2812/45 2668/44
f 1295/2533 1981/2276 2668/44
f 2668/44 1165/2534 1295/2533
f 2601/1297 207/2535 1056/2536
f 1056/2536 502/2537 2601/1297
f 988/2320 2940/2314 989/2515
f 2183/2249 2941/2304 2858/854
f 2941/2294 2861/797 2858/856
f 2858/854 2170/853 2183/2249
f 989/2515 2938/2432 1793/2435
f 1635/1901 1821/2538 2549/1000
f 728/2539 433/2540 2583/1338
f 2583/1338 692/753 728/2539
f 822/2541 71/2542 2524/758
f 2524/758 819/757 822/2541
f 429/2543 2111/2451 2747/1036
f 2747/1036 426/661 429/2543
f 2505/1523 211/607 175/2544
f 175/2544 174/1569 2505/1523
f 872/2545 59/2546 2473/1116
f 2473/1116 869/1115 872/2545
f 2628/1809 1302/1926 1305/2547
f 379/2548 414/2549 920/737
f 920/737 921/2448 379/2548
f 379/2548 378/2550 414/2549
f 379/1640 2676/1639 2562/245
f 2562/245 376/244 379/1640
f 1198/2551 560/2552 2612/631
f 2612/631 1195/630 1198/2551
f 2673/870 2549/1000 1821/2538
f 2673/870 1821/2538 1070/2553
f 1070/2553 1069/745 2673/870
f 2729/1713 1704/1879 1817/2513
f 2731/52 881/51 884/2532
f 2560/1172 439/2554 1660/2555
f 1660/2555 1659/2411 2560/1172
f 2595/256 435/2556 1192/2557
f 1192/2557 824/257 2595/256
f 2670/644 1418/2510 939/2558
f 939/2558 938/645 2670/644
f 2754/2559 2753/2512 1496/2306
f 2754/2559 1496/2306 1459/2560
f 1459/2561 1458/2562 2754/2563
f 1817/2513 2736/1672 2729/1713
f 2652/1808 793/2394 332/2564
f 2714/668 1393/2565 929/2566
f 929/2566 928/665 2714/668
f 2937/2456 2939/2312 1564/2315
f 2937/2433 2938/2432 2939/2313
f 2937/2456 1564/2315 1796/2457
f 2877/2567 635/703 1155/736
f 2877/2567 636/2568 635/703
f 521/2569 564/2570 2675/1053
f 2675/1053 519/361 521/2569
f 1305/2547 1518/2410 2628/1809
f 552/1979 2404/1796 2208/504
f 2876/2571 2882/2572 2883/2573
f 1408/2574 2879/2575 1428/2576
f 1934/2577 520/2578 486/2579
f 486/2579 772/2580 1934/2577
f 486/2579 485/2520 772/2580
f 2247/863 2259/2581 1016/2582
f 1016/2582 952/864 2247/863
f 1988/28 2706/1590 116/2400
f 116/2400 115/25 1988/28
f 2135/974 2596/1345 513/2016
f 513/2016 512/973 2135/974
f 2876/2583 2883/2584 1023/2585
f 2208/504 553/503 552/1979
f 2196/1126 2642/840 365/2386
f 365/2386 364/447 2196/1126
f 2297/1599 2722/1598 653/2498
f 653/2586 652/285 2297/284
f 317/596 2632/1804 2263/597
f 809/2587 2339/2588 2283/963
f 2283/963 810/962 809/2587
f 2875/2589 1578/2590 2882/2572
f 2882/2572 2876/2571 2875/2589
f 2878/2591 2881/2592 2879/2575
f 2151/403 187/402 186/2470
f 2880/2593 2884/2594 2881/2592
f 309/2595 2884/2594 2880/2593
f 2880/2593 275/2596 309/2595
f 1558/2597 2829/2598 2828/2599
f 2828/2599 2835/705 1559/704
f 2828/2599 1559/704 1558/2597
f 2259/2581 2448/904 1074/2482
f 1074/2482 1016/2582 2259/2581
f 2561/939 2612/631 560/2552
f 560/2552 559/940 2561/939
f 186/2470 2696/852 2151/403
f 2878/2591 2880/2593 2881/2592
f 294/2440 2498/654 2114/1536
f 2114/1536 295/1687 294/2440
f 624/2474 2426/1033 2100/951
f 2100/951 179/950 624/2474
f 361/2600 685/263 1995/266
f 1995/266 362/1816 361/2600
f 2306/2601 2317/2602 1140/2603
f 1140/2603 650/2604 2306/2601
f 1269/2605 2352/1148 2338/2606
f 2338/2606 2339/2588 1269/2605
f 2122/564 2496/1397 1143/2607
f 415/2608 2877/2567 1155/736
f 1155/736 414/2549 415/2608
f 952/864 885/2609 2226/865
f 2176/2610 2189/2611 1100/2612
f 1100/2612 1071/2613 2176/2610
f 1659/2411 2765/463 2223/466
f 2223/466 2560/1172 1659/2411
f 403/2614 764/2615 2092/557
f 2092/557 404/556 403/2614
f 848/2326 2748/1705 2069/825
f 2069/825 846/806 848/2326
f 275/2596 2878/2591 1411/2616
f 2122/564 1143/2607 758/2617
f 758/2617 757/561 2122/564
f 2253/274 2824/273 1218/2330
f 1218/2066 2625/1792 2253/1791
f 749/2318 2735/184 2108/694
f 2108/694 750/693 749/2318
f 2873/2618 2876/2583 1023/2585
f 2873/2619 2875/2589 2876/2571
f 2873/2618 1023/2585 1022/2620
f 1409/2621 1019/2622 1410/2623
f 2197/584 2198/486 106/2624
f 275/2596 2880/2593 2878/2591
f 2879/2575 1408/2574 2878/2591
f 2726/1707 2775/1076 1370/2322
f 1370/2322 737/1708 2726/1707
f 2235/24 2675/1053 564/2570
f 564/2570 563/21 2235/24
f 2189/2611 2312/2625 1129/2626
f 1129/2626 1100/2612 2189/2611
f 1127/2015 2596/1345 2071/1336
f 2071/1336 2584/942 1422/2038
f 1422/2038 1127/2015 2071/1336
f 1577/2627 2882/2572 1578/2590
f 106/2624 105/581 2197/584
f 141/1907 2633/1061 2255/165
f 2255/165 142/164 141/1907
f 2220/1292 2603/332 621/2476
f 621/2628 589/827 2220/826
f 2148/410 2522/303 282/2092
f 282/2092 281/409 2148/410
f 581/792 580/415 2316/418
f 1578/2590 2875/2589 1542/2629
f 1411/2616 2878/2591 1408/2574
f 1122/2630 2309/2631 2308/2632
f 2886/2633 348/2634 2337/1418
f 2886/2633 347/2635 348/2634
f 43/2636 46/2103 2237/2368
f 2271/2637 82/2638 43/2636
f 43/2636 2237/2368 2271/2637
f 2277/395 118/394 606/2639
f 606/2639 605/819 2277/395
f 2357/1084 2851/1081 1555/2299
f 1555/2299 2643/1779 2357/1084
f 630/2640 599/2641 2489/1414
f 2101/949 73/948 877/1108
f 2337/1418 2887/2642 2886/2633
f 2308/2632 1089/2643 1122/2630
f 2186/659 2454/1242 1061/2115
f 1061/2115 427/660 2186/659
f 173/1956 2495/957 2172/1400
f 2172/1400 174/1569 173/1956
f 2239/48 900/735 18/2644
f 18/2644 17/49 2239/48
f 2883/2584 2888/2645 1910/2646
f 2883/2584 1910/2646 1024/2647
f 1024/2647 1023/2585 2883/2584
f 145/2648 144/1315 2310/1318
f 2337/1418 2350/2649 2887/2642
f 2302/2650 120/2651 82/2638
f 82/2638 2271/2637 2302/2650
f 1472/2504 2613/768 2094/2652
f 195/2653 1472/2504 2094/2652
f 2094/2652 196/2654 195/2653
f 2166/113 2458/1444 482/2655
f 482/2655 516/110 2166/113
f 2376/878 2377/1811 666/2656
f 666/2656 665/879 2376/878
f 2310/1318 1225/2657 145/2648
f 2881/2592 2885/2658 1525/2659
f 820/2660 2385/760 2374/2661
f 2374/2661 2309/2631 1147/2662
f 1147/2662 820/2660 2374/2661
f 471/2663 506/125 2254/128
f 2254/128 467/846 471/2663
f 1493/2310 2680/1821 2194/1356
f 2194/1356 2590/663 1493/2310
f 680/2664 900/735 2252/734
f 2252/734 131/896 680/2664
f 1591/2665 2889/2666 1577/2627
f 2123/160 221/159 259/2667
f 2885/2658 2881/2592 2884/2594
f 2884/2594 309/2595 347/2668
f 2832/625 2829/2598 1234/2669
f 1234/2669 1236/626 2832/625
f 1258/2108 2459/2107 1990/803
f 1306/802 1258/2108 1990/803
f 1302/1926 2628/1809 2116/1198
f 2116/1198 2571/1128 1302/1926
f 2175/138 2469/1314 556/2670
f 556/2670 555/139 2175/138
f 259/2667 1006/2671 2123/160
f 347/2668 2886/2672 2884/2594
f 2364/2673 2443/1541 1090/2674
f 1089/2643 2308/2632 2364/2673
f 2364/2673 1090/2674 1089/2643
f 2329/2675 2436/1741 395/2090
f 395/2090 394/2676 2329/2675
f 2328/175 2556/1014 135/2446
f 135/2446 134/172 2328/175
f 1026/2391 2798/501 2147/500
f 2147/500 2295/534 353/2677
f 2147/500 353/2677 1026/2391
f 2232/885 431/884 762/2678
f 1525/2659 2879/2575 2881/2592
f 2049/2424 2325/2395 2335/2679
f 2335/2679 2347/2680 2049/2424
f 2269/800 159/771 158/801
f 1518/2410 2787/537 2125/536
f 2125/536 2628/1809 1518/2410
f 2245/1611 2705/1610 1277/2300
f 1277/2300 2621/1129 2245/1611
f 2256/218 2583/1338 433/2540
f 433/2540 432/215 2256/218
f 762/2678 2455/1521 2232/885
f 670/969 669/926 1690/2681
f 1677/2453 2737/1724 1902/1502
f 1902/1502 2534/1501 1677/2453
f 756/2222 2647/1762 1950/986
f 1950/986 752/930 756/2222
f 2295/534 354/533 353/2677
f 2889/2666 2888/2682 2882/2572
f 2882/2572 1577/2627 2889/2666
f 2888/2682 2883/2573 2882/2572
f 2884/2594 2887/2683 2885/2658
f 2884/2594 2886/2672 2887/2683
f 2203/2684 2401/1676 993/1940
f 2287/2685 2288/682 1362/1959
f 1997/1111 2845/1109 1226/2508
f 1225/2657 2010/2686 1997/1111
f 1226/2508 1225/2657 1997/1111
f 689/2687 2298/222 2113/728
f 2113/728 726/727 689/2687
f 2161/1011 844/1010 818/2688
f 818/2688 817/2689 2161/1011
f 65/2232 2402/529 2052/1633
f 2052/1633 62/498 65/2232
f 993/1940 2412/1693 2203/2684
f 1362/1959 2429/1875 2287/2685
f 925/2690 2868/2691 1526/812
f 1332/2692 2865/2281 2869/2282
f 2869/2282 1349/2693 1332/2692
f 270/2254 2358/315 1943/478
f 1943/478 267/282 270/2254
f 2072/1535 2662/1874 1366/2183
f 1366/2183 2499/1083 2072/1535
f 2124/1240 2299/746 1040/2203
f 1040/2203 2537/637 2124/1240
f 1985/978 2386/582 850/2694
f 1242/1916 2423/961 2422/1246
f 2152/1496 2517/437 1399/2013
f 1999/373 2749/1701 110/2339
f 110/2339 109/370 1999/373
f 1225/2657 2310/1318 2010/2686
f 2031/1476 2524/758 71/2542
f 71/2542 70/1831 2031/1476
f 397/2345 2730/1709 2008/1712
f 2008/1712 2329/2675 394/2676
f 2008/1712 394/2676 397/2345
f 2065/1659 2702/1657 1058/2478
f 1058/2478 1057/2118 2065/1659
f 850/2694 849/975 1985/978
f 2422/1246 2555/1017 1242/1916
f 2867/2695 2870/2696 1390/2697
f 2867/2698 2868/2691 2870/2699
f 1390/2697 1389/2700 2867/2695
f 1349/2693 2869/2282 54/2354
f 54/2354 1372/2701 1349/2693
f 302/2702 2137/2703 2138/2704
f 2138/2704 303/2488 302/2702
f 1931/514 2258/2705 732/2706
f 732/2706 731/511 1931/514
f 1919/573 2864/2522 633/2707
f 722/2417 721/524 2149/527
f 2039/1507 2688/1851 21/1505
f 2089/307 2601/1297 502/2537
f 502/2537 501/304 2089/307
f 2862/793 2867/2695 1389/2700
f 2862/796 2863/813 2867/2698
f 2862/793 1389/2700 1388/794
f 2860/798 2866/2293 2865/2281
f 2860/798 2861/797 2866/2293
f 2865/2281 1312/789 2860/798
f 1919/573 2623/71 2864/2522
f 2149/527 2318/1797 722/2417
f 633/2707 632/570 1919/573
f 2136/1755 2643/1779 949/2110
f 949/2110 2333/820 2136/1755
f 2115/580 2793/569 793/2394
f 793/2394 2652/1808 2115/580
f 692/753 2583/1338 2082/754
f 2206/2708 2342/448 1064/1933
f 1064/1933 2020/298 2206/2708
f 1585/1995 2592/1352 2132/1342
f 2132/1342 2581/562 1585/1995
f 2865/2281 1332/2692 1312/789
f 399/2709 2437/88 2221/331
f 2221/331 400/330 399/2709
f 816/2710 2231/1765 2162/2711
f 2162/2711 2161/1011 817/2689
f 2162/2711 817/2689 816/2710
f 1057/2118 2393/1850 2160/2712
f 2160/2712 2065/1659 1057/2118
f 207/2535 2601/1297 2097/1296
f 2097/1296 208/1328 207/2535
f 2868/2691 2867/2698 2863/813
f 2863/813 1526/812 2868/2691
f 1399/2013 2692/1644 2152/1496
f 1932/2713 2707/2208 235/2297
f 235/2297 234/2714 1932/2713
f 1344/2715 2258/2705 2366/2716
f 2366/2716 2440/1862 1344/2715
f 370/2717 2209/2718 2266/2719
f 2266/213 371/212 370/2720
f 476/2721 2265/555 1967/1003
f 1967/1003 32/1002 476/2721
f 2020/298 1064/1933 217/2722
f 217/2722 216/295 2020/298
f 2163/1134 2403/1453 1034/2206
f 2872/2723 166/2724 275/2596
f 830/2725 2874/2039 1664/1771
f 1664/1771 305/2726 830/2725
f 486/2381 2773/335 2073/334
f 2073/334 487/450 486/2381
f 2289/2727 2177/2728 1043/2729
f 1043/2729 1042/2490 2289/2727
f 630/2640 2489/1414 2365/1057
f 2365/1057 228/1056 630/2640
f 2187/2730 2244/2731 694/2732
f 694/2733 693/752 2187/751
f 1411/2616 1410/2734 2872/2723
f 1034/2206 102/1135 2163/1134
f 544/1934 2669/1654 1761/1568
f 1761/1568 545/1567 544/1934
f 903/2735 2372/1867 2109/455
f 2109/455 904/454 903/2735
f 2193/1335 2589/666 1582/1984
f 1582/1984 2720/1604 2193/1335
f 2870/2696 2873/2618 1022/2620
f 2870/2699 2871/2736 2873/2619
f 1022/2620 1390/2697 2870/2696
f 2173/122 472/2737 291/2738
f 1690/2681 1689/966 670/969
f 887/2167 2432/2154 2431/2739
f 2431/2739 2226/865 885/2609
f 885/2609 887/2167 2431/2739
f 2177/2728 2176/2610 1071/2613
f 1071/2613 1043/2729 2177/2728
f 407/2740 2210/484 2209/2718
f 2209/2718 370/2717 407/2740
f 2244/2731 2092/557 764/2615
f 2244/2731 764/2615 694/2732
f 2173/122 2467/1425 472/2737
f 1386/2741 1410/2623 1019/2622
f 291/2738 290/123 2173/122
f 2264/1819 2681/889 26/2046
f 26/2742 25/2743 2264/2744
f 2219/848 2602/872 505/1915
f 505/1915 463/849 2219/848
f 1160/2235 2631/1805 2504/1526
f 2504/1526 2503/1525 1160/2235
f 2871/2736 1542/2629 2875/2589
f 2875/2589 2873/2619 2871/2736
f 275/2596 1411/2616 2872/2723
f 1651/2380 2523/1009 2019/1479
f 1444/1938 2697/1669 2085/1513
f 2085/1513 2528/111 1444/1938
f 601/2316 2705/1610 2022/1647
f 2022/1647 2356/1415 598/2745
f 2022/1647 598/2745 601/2316
f 1005/2746 2416/1540 2134/1539
f 2134/1518 2123/160 1006/2671
f 2134/1518 1006/2671 1005/2747
f 2133/1842 2690/1841 1418/2510
f 1418/2510 2670/644 2133/1842
f 2019/1479 2737/1724 1651/2380
f 2178/109 704/108 703/2425
f 2077/990 2306/2601 650/2604
f 650/2604 94/991 2077/990
f 2171/1458 2473/1116 59/2546
f 59/2546 58/811 2171/1458
f 2871/2736 2870/2699 2868/2691
f 2868/2691 925/2690 2871/2736
f 55/1447 1385/2748 1372/2701
f 1372/2701 54/2354 55/1447
f 798/2749 2015/510 2014/317
f 2014/317 797/316 798/2749
f 2030/1848 2689/1847 1032/1965
f 1386/2750 2872/2723 1410/2734
f 1019/2622 987/2751 1386/2741
f 859/180 2046/2752 2045/181
f 1042/2490 2538/1236 2290/1238
f 2290/1238 2289/2727 1042/2490
f 2356/1415 2489/1414 599/2641
f 599/2641 598/2745 2356/1415
f 2233/407 2780/406 1275/2753
f 1275/2493 2704/1652 2233/1651
f 69/2530 2694/1630 2150/1629
f 2150/1629 70/1831 69/2530
f 2890/2754 2885/2658 2887/2683
f 1031/2755 2341/1217 2030/1848
f 1032/1965 1031/2755 2030/1848
f 211/607 2505/1523 2185/608
f 2184/60 421/277 171/2756
f 171/2756 170/57 2184/60
f 1542/2629 2871/2736 925/2690
f 166/2724 2872/2723 1385/2748
f 2872/2723 1386/2750 1385/2748
f 1385/2748 55/1447 166/2724
f 703/2425 2551/909 2178/109
f 2211/1103 604/1102 603/2757
f 280/2758 647/1016 2542/566
f 2542/566 277/460 280/2758
f 2897/2759 2901/2760 1490/2761
f 1490/2761 1079/2762 2897/2759
f 2900/2125 2903/2763 87/2764
f 2903/2763 124/2765 87/2764
f 2799/707 1202/2766 1559/704
f 2799/707 1200/1050 1202/2766
f 2638/2397 2742/970 2314/743
f 2314/743 2637/742 2638/2397
f 603/1898 2470/384 2211/1467
f 2442/93 250/92 249/2767
f 2257/549 2786/548 1193/2402
f 1193/2402 696/775 2257/549
f 660/2768 1148/822 2568/824
f 2568/883 661/882 660/2769
f 2497/657 289/656 143/2770
f 143/2771 142/164 2497/163
f 2384/783 2394/1142 935/2772
f 935/2772 285/784 2384/783
f 137/2773 718/1071 2435/173
f 2435/173 134/172 137/2773
f 2074/2462 2047/2774 2529/2775
f 905/2776 2453/453 2383/301
f 466/2777 905/2776 2383/301
f 2383/301 462/55 466/2777
f 649/2778 1242/1916 2555/1017
f 2555/1017 647/1016 649/2778
f 1643/2779 2902/2780 958/2781
f 124/2765 2903/2763 2904/2148
f 2904/2148 165/2782 124/2765
f 1992/2783 521/859 520/2578
f 520/2578 1934/2577 1992/2783
f 2529/2775 2539/2784 2074/2462
f 2229/233 2657/992 1215/1967
f 2430/75 2787/537 882/2409
f 882/2409 881/51 2430/75
f 439/2554 2560/1172 2311/518
f 2311/518 436/517 439/2554
f 435/2556 2595/256 2594/216
f 2594/216 432/215 435/2556
f 2415/1088 323/1087 593/2785
f 2591/1353 2592/1352 1221/2023
f 1221/2786 2414/492 2591/1322
f 249/2767 1184/662 2442/93
f 523/2787 522/1096 2638/1736
f 2317/2602 2424/1744 1415/2788
f 1415/2788 1140/2603 2317/2602
f 2520/1470 2532/1508 1432/2190
f 1431/2224 2521/1481 2520/1470
f 1432/2190 1431/2224 2520/1470
f 958/2781 2896/2789 2434/2790
f 1053/2791 2899/2792 4/2793
f 2899/2794 2898/2795 4/2796
f 2898/2795 53/2797 4/2796
f 4/2793 5/2798 1053/2791
f 2638/1736 452/1735 523/2787
f 874/2799 468/845 2354/844
f 2388/2800 2518/2801 2025/2802
f 2025/2802 1991/2803 2388/2800
f 2447/713 2692/1644 795/2226
f 795/2226 766/714 2447/713
f 2507/1517 2724/2 36/2288
f 36/2288 35/1732 2507/1517
f 2321/685 2634/640 1323/2528
f 1323/2528 223/686 2321/685
f 820/2660 819/757 2385/760
f 1030/2804 2544/1218 2341/1217
f 2047/2774 2025/2802 2518/2801
f 1215/1967 617/2805 2229/233
f 617/2805 616/234 2229/233
f 2902/2780 2901/2806 2896/2789
f 2896/2789 958/2781 2902/2780
f 2901/2806 2897/2807 2896/2789
f 53/2797 2898/2795 2900/2125
f 2900/2125 87/2764 53/2797
f 703/2808 702/1094 2844/701
f 703/2808 2844/701 635/703
f 635/703 637/2809 703/2808
f 2518/2801 2529/2775 2047/2774
f 321/2810 320/493 2414/492
f 2387/1276 2607/936 1470/2465
f 1470/2465 1169/2811 2387/1276
f 2377/1811 2627/1733 1553/2081
f 2377/1811 1553/2081 666/2656
f 2438/724 2704/1648 1124/2812
f 1124/2812 1123/721 2438/724
f 1654/2813 2593/1350 2582/1340
f 2582/1340 2566/1139 1630/2231
f 2582/1340 1630/2231 1654/2813
f 2354/844 2544/1218 874/2799
f 1137/2163 2906/2165 2899/2814
f 2444/642 182/1813 184/2815
f 2285/220 688/219 401/2816
f 401/2816 400/330 2285/220
f 508/2817 907/971 2466/126
f 2466/126 506/125 508/2817
f 2424/1744 2640/1743 1546/2429
f 1546/2429 1415/2788 2424/1744
f 2441/1146 2563/1145 1673/2407
f 1672/2818 2361/1824 2441/1146
f 1673/2407 1672/2818 2441/1146
f 1666/2135 2908/2134 1643/2779
f 184/2815 940/639 2444/642
f 2899/2819 1053/1371 2410/1331
f 2410/1331 1137/2820 2899/2819
f 521/859 1992/2783 799/860
f 2190/201 2562/2821 2676/1834
f 2676/1834 857/1833 2190/201
f 857/1833 859/180 2190/201
f 1347/2822 732/2706 2258/2705
f 2258/2705 1344/2715 1347/2822
f 1483/2823 2469/1314 2606/1280
f 2606/1280 1466/2824 1483/2823
f 2905/2825 2908/2134 2910/2095
f 332/2826 331/325 2652/324
f 2456/96 1253/655 975/2827
f 975/2827 974/97 2456/96
f 1379/2449 2506/726 2455/1521
f 2455/1521 762/2678 1379/2449
f 2394/1142 2565/591 1841/2065
f 1841/2065 935/2772 2394/1142
f 905/2776 904/454 2453/453
f 1671/2430 2679/1825 2361/1824
f 2361/1824 1672/2818 1671/2430
f 2905/2828 2910/2082 1529/2084
f 147/2829 182/1813 2396/1316
f 2905/2828 1529/2084 1528/2830
f 530/2101 2909/2100 2903/2763
f 2909/2100 2904/2148 2903/2763
f 2903/2763 2900/2125 530/2101
f 2347/2680 2359/2355 2095/2357
f 2095/2357 2049/2424 2347/2680
f 2191/2078 2419/1097 2212/1113
f 2227/1112 2191/2078 2212/1113
f 2458/1444 483/1699 482/2655
f 1483/2823 556/2670 2469/1314
f 165/2831 777/2149 203/2832
f 2355/296 216/295 219/2833
f 1297/1982 2626/1766 2231/1765
f 2231/1765 816/2710 1297/1982
f 2513/765 933/764 540/2834
f 540/2835 539/895 2513/894
f 1083/2836 1269/2605 2339/2588
f 2339/2588 809/2587 1083/2836
f 2901/2760 2905/2828 1528/2830
f 2901/2806 2902/2780 2905/2825
f 1528/2830 1490/2761 2901/2760
f 165/2831 2904/2145 777/2149
f 219/2833 656/979 2355/296
f 2539/2784 2644/2463 2074/2462
f 2345/247 2741/206 443/2336
f 443/2336 442/248 2345/247
f 2446/441 2756/440 1725/2373
f 1725/2373 1468/2837 2446/441
f 2605/1282 509/1264 34/2838
f 34/2838 33/1005 2605/1282
f 1341/2442 2649/89 2437/88
f 2437/88 399/2709 1341/2442
f 2414/492 1221/2786 321/2810
f 2898/2795 2906/2166 2907/2112
f 2396/1316 144/1315 147/2829
f 658/2415 2659/468 2274/980
f 2274/980 656/979 658/2415
f 2544/1218 1030/2804 874/2799
f 2353/808 1245/807 996/2839
f 996/2839 995/1068 2353/808
f 1268/2406 2563/1145 2352/1148
f 2352/1148 1269/2605 1268/2406
f 2908/2134 2905/2825 2902/2780
f 2902/2780 1643/2779 2908/2134
f 2898/2795 2907/2112 2900/2125
f 2341/1217 1031/2755 1030/2804
f 2898/2795 2899/2794 2906/2166
f 1558/2597 1234/2669 2829/2598
f 858/2461 2644/2463 2046/2752
f 2046/2752 859/180 858/2461
f 2440/1862 2653/999 1345/2524
f 1345/2524 1344/2715 2440/1862
f 2344/401 912/1105 188/2840
f 188/2840 187/402 2344/401
f 108/2841 850/2694 2386/582
f 2386/582 105/581 108/2841
f 2330/522 2802/520 1224/2291
f 608/2842 983/1464 161/1380
f 608/2842 607/2843 983/1464
f 161/1380 160/2844 608/2842
f 1772/2188 2500/2172 2137/2703
f 302/2702 1772/2188 2137/2703
f 2312/2625 2387/1276 1169/2811
f 1169/2811 1129/2626 2312/2625
f 2322/1029 2691/371 1097/2526
f 1097/2526 1096/1026 2322/1029
f 2265/555 476/2721 405/2845
f 405/2845 404/556 2265/555
f 1911/2846 1910/2646 2891/2847
f 1224/2262 2792/490 2330/489
f 1144/2848 2496/1397 2110/1396
f 287/2849 1144/2848 2110/1396
f 2110/2850 252/2851 287/2852
f 2284/496 2543/267 619/2025
f 619/2025 63/497 2284/496
f 504/2853 716/1073 2272/305
f 2272/305 501/304 504/2853
f 1591/2665 1608/1681 2893/2854
f 2893/2854 2892/2855 1591/2665
f 478/1928 477/941 2234/944
f 2159/179 1699/2431 1718/2377
f 2893/2854 2894/2856 2892/2855
f 2519/1226 633/1924 2864/2857
f 2864/2857 162/1407 2519/1226
f 2864/2857 160/2844 162/1407
f 1859/2485 2629/2487 2367/2858
f 2367/2858 2368/1955 1882/1954
f 1882/1954 1859/2485 2367/2858
f 114/2220 2622/1781 2323/26
f 2323/26 115/25 114/2220
f 2234/944 2569/1200 478/1928
f 2885/2658 2890/2754 1541/2859
f 824/257 823/1030 2275/258
f 2467/1425 2611/1319 473/2021
f 473/2021 472/2737 2467/1425
f 2496/1397 1144/2848 1143/2607
f 2413/531 392/530 391/578
f 2327/337 2769/336 278/2501
f 278/2501 277/460 2327/337
f 2891/2847 2894/2860 1082/2861
f 2891/2862 2892/2855 2894/2856
f 2891/2847 1082/2861 1911/2846
f 1189/2863 2319/1176 2320/602
f 2348/2197 117/2196 120/2651
f 120/2651 2302/2650 2348/2197
f 2117/2864 234/2714 194/2865
f 194/2865 196/2654 2117/2864
f 1602/2372 2766/461 2268/462
f 2268/462 2538/1236 1602/2372
f 1325/2866 2786/553 2102/552
f 2102/552 2516/321 1326/2439
f 1326/2439 1325/2866 2102/552
f 2042/2867 2755/2060 628/2289
f 628/2289 627/2868 2042/2867
f 1475/2869 1428/2576 2879/2575
f 2320/602 1190/601 1189/2863
f 2195/1367 2486/1366 1086/1913
f 1086/1913 2363/1566 2195/1367
f 2230/1324 2680/1821 1318/2141
f 1318/2141 2610/1325 2230/1324
f 2262/1044 389/1043 133/2870
f 133/2870 132/899 2262/1044
f 2888/2645 2891/2847 1910/2646
f 2888/2682 2889/2666 2891/2862
f 2350/2649 2890/2871 2887/2642
f 1359/2872 1358/2384 2055/292
f 1541/2859 1525/2659 2885/2658
f 832/2873 607/2843 606/2874
f 606/2874 735/2199 832/2873
f 2291/2875 2490/2171 1710/2182
f 1663/2216 2292/2209 2291/2875
f 1710/2182 1663/2216 2291/2875
f 1617/2285 2838/1024 2276/1025
f 2276/1025 2697/1669 1617/2285
f 407/2740 406/471 2210/484
f 1358/2384 2821/293 2055/292
f 2055/1728 2951/1727 1359/2876
f 2159/179 2679/1825 1699/2431
f 1441/2088 2558/1177 2319/1176
f 2319/1176 1189/2863 1441/2088
f 2373/2877 2754/2563 1458/2562
f 1458/1911 2486/1366 2373/1365
f 357/1039 356/204 2273/203
f 169/2878 389/1042 2371/1041
f 2371/58 170/57 169/2879
f 2892/2855 2891/2862 2889/2666
f 2889/2666 1591/2665 2892/2855
f 2879/2575 1525/2659 1475/2869
f 1933/2271 1907/1953 2036/2880
f 1356/1964 2689/1847 2242/1846
f 2242/1846 1337/2881 1356/1964
f 1165/2534 2668/44 2372/1867
f 2372/1867 903/2735 1165/2534
f 2503/1525 2616/1303 1161/2332
f 1161/2332 1160/2235 2503/1525
f 2434/2790 2895/2882 2893/2854
f 2587/2883 2598/2481 2789/476
f 2789/476 2574/2031 2587/2883
f 2036/2880 2636/1973 1933/2271
f 1907/1953 2368/1955 2036/2880
f 30/2884 29/559 2243/262
f 2246/286 2597/481 374/2009
f 374/2009 373/268 2246/286
f 1466/2824 2606/1280 2457/1279
f 2457/1279 1467/2885 1466/2824
f 2198/486 2620/485 1299/2492
f 1299/2492 106/2624 2198/486
f 2309/2631 1122/2630 1147/2662
f 2241/1710 2730/1709 1338/2334
f 1337/2881 2242/1846 2241/1710
f 2241/1710 1338/2334 1337/2881
f 1744/2484 1745/2480 2608/2886
f 2362/565 2778/362 1270/2270
f 1270/2270 1027/1038 2362/565
f 2305/1548 2631/1805 1594/2026
f 1594/2026 2512/1549 2305/1548
f 2895/2887 2897/2759 1079/2762
f 2895/2882 2896/2789 2897/2807
f 2895/2882 2434/2790 2896/2789
f 1079/2762 1078/2888 2895/2887
f 1540/2889 2351/2890 1620/2891
f 2608/2886 2614/1784 1744/2484
f 1745/2480 2598/2481 2608/2886
f 2474/672 2475/763 423/2072
f 1957/1972 2301/1974 2300/2892
f 2300/2892 2388/2800 1991/2803
f 1991/2803 1957/1972 2300/2892
f 769/2324 2662/1874 2378/716
f 2378/716 765/715 769/2324
f 2479/30 2717/157 944/2258
f 944/2258 943/1 2479/30
f 2222/120 974/97 554/2893
f 554/2893 553/503 2222/120
f 2243/262 789/261 30/2884
f 829/1975 2718/1621 2399/680
f 2894/2860 2895/2887 1078/2888
f 2894/2856 2893/2854 2895/2882
f 2894/2860 1078/2888 1082/2861
f 2351/2890 1540/2889 2890/2871
f 1540/2894 1541/2859 2890/2754
f 2890/2871 2350/2649 2351/2890
f 270/2895 306/1663 343/1615
f 343/1615 342/2896 270/2895
f 270/2895 269/2897 306/1663
f 2015/510 798/2749 669/2898
f 669/2898 671/507 2015/510
f 2485/29 90/6 92/2899
f 2399/680 153/679 829/1975
f 149/2337 2749/1701 2332/117
f 2332/117 150/116 149/2337
f 2375/946 823/1030 75/2900
f 75/2900 74/947 2375/946
f 689/2687 688/219 2298/222
f 319/2495 2722/1597 2307/494
f 2307/494 320/493 319/2495
f 682/579 681/1013 2296/1012
f 1718/2377 2808/176 2159/179
f 2406/906 668/905 856/2168
f 423/2072 422/648 2474/672
f 1393/2565 2714/668 2382/1571
f 2382/1571 459/2901 1393/2565
f 2382/615 460/614 459/2902
f 2434/2790 2893/2854 1608/1681
f 669/926 1133/351 1711/353
f 1711/353 1690/2681 669/926
f 670/2903 339/2904 2024/508
f 2024/508 671/507 670/2903
f 339/2904 338/689 2024/508
f 856/2168 2480/867 2406/906
f 557/1445 1501/1697 2458/1444
f 2445/2905 2446/441 1468/2837
f 1467/2885 2457/1279 2445/2905
f 1468/2837 1467/2885 2445/2905
f 2286/976 849/975 510/2906
f 510/2906 509/1264 2286/976
f 2443/1541 2515/408 1091/2907
f 1091/2907 1090/2674 2443/1541
f 2318/1797 2619/605 722/2417
f 813/958 753/929 2340/959
f 92/2908 421/277 2485/276
f 1296/35 1297/1982 816/2710
f 1307/2909 736/2910 1283/2911
f 1306/802 1281/2912 1258/2108
f 1304/333 1305/2547 1302/1926
f 1302/1926 1303/1925 1304/333
f 664/876 663/1258 1301/1259
f 1301/1259 79/2491 664/876
f 1300/1646 107/2913 106/2624
f 106/2624 1299/2492 1300/1646
f 1298/1339 366/2914 365/2386
f 365/2386 910/2385 1298/1339
f 816/2710 815/1761 1296/35
f 738/1124 736/2910 1283/2911
f 1164/2915 1295/2533 1165/2534
f 1294/1357 60/2916 59/2546
f 59/2546 872/2545 1294/1357
f 1293/1301 1289/1300 1291/2917
f 1291/2917 1292/2918 1293/1301
f 1289/1300 1290/2919 1291/2917
f 1288/236 1263/189 611/2920
f 611/2920 673/2921 1288/236
f 1260/2922 1287/817 1285/816
f 1260/2923 1286/791 1287/790
f 1260/2923 1262/674 1286/791
f 61/810 60/2916 1316/1822
f 1327/2924 1193/2402 1325/2401
f 1325/2866 1326/2439 1327/1169
f 1324/442 220/2925 223/686
f 223/686 1323/2528 1324/442
f 624/2474 623/2926 1322/554
f 1322/554 325/2475 624/2474
f 1321/297 396/2927 395/2090
f 395/2090 1320/2089 1321/297
f 1318/2141 1319/2347 1317/1354
f 1317/1354 965/2142 1318/2141
f 1316/1822 91/2928 61/810
f 1285/816 1261/2929 1260/2922
f 1290/2919 1289/1300 1314/1304
f 1314/1304 1315/2930 1290/2919
f 1309/2931 1287/790 1312/789
f 1313/815 1287/817 1309/2932
f 1309/2932 1311/2933 1313/815
f 1312/789 1310/2934 1309/2931
f 1309/2932 1310/2935 1311/2933
f 1283/2911 1284/2936 1308/2937
f 1308/2937 738/1124 1283/2911
f 1307/2938 1175/2939 1283/2940
f 1253/655 1254/2441 1252/1626
f 1177/2941 1178/700 1262/674
f 1261/2929 1157/2942 1177/2943
f 1262/674 1260/2923 1177/2941
f 1177/2943 1260/2922 1261/2929
f 860/1827 1259/1829 861/1554
f 1259/1829 271/1555 861/1554
f 1258/2108 1232/2944 1199/2106
f 829/1975 828/2945 1257/1859
f 1257/1859 1196/1976 829/1975
f 1256/1645 914/2946 913/1130
f 913/1130 1255/2301 1256/1645
f 572/2947 611/2920 1263/189
f 1252/1626 975/2827 1253/655
f 1250/291 1251/2020 1248/1990
f 1248/1990 1249/1993 1250/291
f 319/2495 318/2948 1247/1758
f 1247/1758 967/2496 319/2495
f 1245/807 1246/2376 1244/1764
f 1244/1764 996/2839 1245/807
f 1243/1144 811/1917 1242/1916
f 1242/1916 649/2778 1243/1144
f 1241/1401 534/1152 1239/1151
f 141/1907 140/2949 1273/1361
f 1284/2936 1283/2911 1174/2950
f 1175/2951 1283/2911 1174/2950
f 1282/2952 1233/2953 1232/2944
f 1232/2944 1281/2912 1282/2952
f 1232/2944 1258/2108 1281/2912
f 856/2168 855/2954 1280/1871
f 1280/1871 631/2169 856/2168
f 1279/1497 1255/2301 1277/2300
f 1277/2300 1278/2317 1279/1497
f 1275/2753 1276/2374 1274/1807
f 1274/1759 1124/2494 1275/2493
f 411/821 948/2109 1328/1274
f 1273/1361 550/1908 141/1907
f 1272/449 723/2955 722/2417
f 722/2417 1001/2416 1272/449
f 1271/1742 1028/2956 1027/1038
f 1027/1038 1270/2270 1271/1742
f 1269/2605 1083/2836 1267/1256
f 1267/1256 1268/2406 1269/2605
f 1265/1330 1266/1484 1111/1487
f 1111/1487 1264/2957 1265/1330
f 1263/189 893/62 572/2947
f 1374/964 673/2921 706/2958
f 850/2694 108/2841 1380/1262
f 762/2678 761/2959 1378/1795
f 1378/1795 1379/2449 762/2678
f 1029/1542 1377/2960 1030/2804
f 1377/2960 874/2799 1030/2804
f 65/2232 64/2961 1376/1845
f 1376/1845 393/2215 65/2232
f 171/2756 420/2962 1375/1799
f 1375/1799 168/2963 171/2756
f 927/2964 926/1547 960/1550
f 1373/619 1374/964 706/2958
f 1380/1262 851/1260 850/2694
f 706/2958 740/2965 1373/619
f 1348/2966 1349/2693 1372/2701
f 1372/2701 1371/2967 1348/2966
f 1348/2968 1371/2969 986/2970
f 1348/2968 986/2970 990/2971
f 1370/2322 1307/2938 737/1708
f 1369/2972 1330/2973 1329/2974
f 1329/2974 1368/2975 1369/2972
f 1329/2974 158/801 1368/2975
f 1366/2183 1367/2325 1365/1586
f 1371/2969 1386/2741 987/2751
f 1226/2508 911/2507 1397/465
f 1396/1757 821/2976 820/2660
f 820/2660 1147/2662 1396/1757
f 1377/2960 875/2977 874/2799
f 1395/1504 1059/1503 1058/2478
f 1058/2478 1394/2477 1395/1504
f 459/2902 458/2978 1392/1790
f 1392/1782 1393/2565 459/2901
f 1391/1509 1387/1469 1389/2700
f 1389/2700 1390/2697 1391/1509
f 1387/1469 1388/794 1389/2700
f 1365/1586 1013/2184 1366/2183
f 1371/2967 1385/2748 1386/2750
f 1371/2967 1372/2701 1385/2748
f 987/2751 986/2970 1371/2969
f 1384/2979 1176/1049 1175/2939
f 1175/2939 1307/2938 1384/2979
f 157/770 1368/2975 158/801
f 1383/572 733/1385 732/2706
f 732/2706 1347/2822 1383/572
f 1382/1684 479/2980 478/1928
f 478/1928 1381/1927 1382/1684
f 1334/1294 130/2981 133/2870
f 1344/2715 1345/2524 1346/1789
f 407/2740 827/1466 1343/383
f 1343/383 408/2982 407/2740
f 1004/1281 1342/1431 1005/2747
f 1342/1431 595/2983 1005/2747
f 399/2709 398/2984 1340/1263
f 1340/1263 1341/2442 399/2709
f 1338/2334 1339/2333 1336/1854
f 1336/1854 1337/2881 1338/2334
f 1335/1293 464/2985 505/1915
f 505/1915 542/1914 1335/1293
f 1346/1789 1347/2822 1344/2715
f 133/2870 388/2986 1334/1294
f 1314/1304 1333/1527 1315/2930
f 1333/1527 897/2987 1315/2930
f 1310/2934 1312/789 1332/2692
f 1332/2692 1331/2988 1310/2934
f 1310/2935 1331/2989 1311/2933
f 1330/2973 1282/2952 1281/2912
f 1281/2912 1329/2974 1330/2973
f 1281/2912 1306/802 1329/2974
f 1328/1274 412/2990 411/821
f 1353/1546 388/2991 169/2878
f 1363/1810 1364/1958 1362/1959
f 1362/1959 854/2185 1363/1810
f 1360/1812 1361/2382 1358/2384
f 1358/2384 1359/2872 1360/1812
f 1357/583 690/2992 689/2687
f 689/2687 725/2993 1357/583
f 1337/2881 1336/1854 1355/469
f 1355/469 1356/1964 1337/2881
f 1354/1798 283/2994 282/2092
f 282/2092 587/2091 1354/1798
f 169/2879 168/2963 1353/1545
f 1239/1151 1240/1609 1241/1401
f 897/2987 1333/1527 898/1528
f 1350/2995 1352/2996 895/2997
f 927/2964 1351/2998 1350/2995
f 1350/2995 895/2997 927/2964
f 1331/2988 1332/2692 1349/2693
f 990/2971 1311/2933 1331/2989
f 1349/2693 1348/2966 1331/2988
f 1331/2989 1348/2968 990/2971
f 736/2999 737/1708 1307/2938
f 158/801 1329/2974 1306/802
f 1109/3000 1110/3001 1111/1487
f 1089/2643 1088/3002 1121/1814
f 1121/1814 1122/2630 1089/2643
f 1119/1830 1120/2045 1118/888
f 1118/888 909/1963 1119/1830
f 682/579 1084/1216 1117/1219
f 1117/1219 683/3003 682/579
f 1115/831 1116/2392 1114/1399
f 1114/1399 314/2048 1115/831
f 675/1247 1113/3004 676/3005
f 1113/3004 714/3006 676/3005
f 1111/1487 1112/1486 1109/3000
f 1123/721 1124/2812 1125/1510
f 1103/3007 1108/15 1106/237
f 1103/3007 1107/16 1108/15
f 957/63 1107/65 1103/3008
f 1105/3009 957/63 1103/3008
f 1106/237 1104/3010 1103/3007
f 1103/3008 1104/3011 1105/3009
f 1102/3012 982/3013 1047/3014
f 1047/3014 1073/3015 1102/3012
f 1101/1494 1072/3016 1071/2613
f 1071/2613 1100/2612 1101/1494
f 1136/965 1134/3017 1104/3010
f 1144/2848 287/2849 1145/1291
f 1142/1290 1143/2607 1144/2848
f 1141/1243 651/3018 650/2604
f 650/2604 1140/2603 1141/1243
f 207/2535 206/3019 1139/1803
f 1139/1803 1056/2536 207/2535
f 781/3020 780/3021 1138/1147
f 1138/1147 804/3022 781/3020
f 835/2074 1137/2820 710/1806
f 1104/3010 1106/237 1136/965
f 1135/3023 1105/3009 1104/3011
f 1098/1348 1099/2506 1096/1026
f 1104/3011 1134/3024 1135/3023
f 341/928 340/1614 1133/351
f 1132/3025 1102/3012 1073/3015
f 1073/3015 1131/3026 1132/3025
f 1073/3015 1074/2482 1131/3026
f 1130/1495 1101/1494 1100/2612
f 1100/2612 1129/2626 1130/1495
f 1128/3027 514/3028 513/2016
f 513/2016 1127/2015 1128/3027
f 1125/1510 1126/2340 1123/721
f 1054/3029 646/3030 1055/1221
f 1069/745 1070/2553 1068/3031
f 1068/3031 1041/2202 1069/745
f 1065/2383 1066/2186 1067/1058
f 1064/1933 367/1932 1063/1349
f 1063/1349 217/2722 1064/1933
f 427/660 1062/3032 428/1520
f 427/660 1061/2115 1062/3032
f 1059/1503 1060/2117 1057/2118
f 1057/2118 1058/2478 1059/1503
f 502/2537 1056/2536 503/3033
f 1055/1221 678/3034 1054/3029
f 1043/2729 1071/2613 1072/3016
f 1051/1373 1052/1375 5/3035
f 5/3036 1052/1372 1053/1371
f 5/3035 240/3037 1051/1373
f 1017/3038 1018/1284 1050/1748
f 1049/3039 985/3040 1017/3041
f 1050/1748 1048/3042 1017/3038
f 1017/3041 1048/3043 1049/3039
f 951/3044 1047/3014 982/3013
f 951/3044 1016/2582 1047/3014
f 1042/2490 1044/3045 1045/1751
f 1080/538 1081/1855 1078/2888
f 1096/1026 1097/2526 1098/1348
f 1095/1085 1066/2186 1093/1756
f 1093/1756 1094/2204 1095/1085
f 1092/1317 1088/3002 1090/2674
f 1090/2674 1091/2907 1092/1317
f 1088/3002 1089/2643 1090/2674
f 1086/1913 1087/1912 1085/1864
f 1085/1864 546/2174 1086/1913
f 391/578 390/3046 1084/1216
f 1084/1216 682/579 391/578
f 808/1368 1083/2836 809/2587
f 1144/2848 1145/1291 1142/1290
f 1081/1855 1082/2861 1078/2888
f 1078/2888 1079/2762 1080/538
f 776/1182 203/3047 777/3048
f 1048/3043 1077/3049 1075/3050
f 1048/3042 1076/1563 1077/1562
f 1048/3042 1050/1748 1076/1563
f 1075/3050 1049/3039 1048/3043
f 1074/2482 1073/3015 1016/2582
f 1073/3015 1047/3014 1016/2582
f 1072/3016 1044/3045 1043/2729
f 1200/1050 1176/1049 1201/3051
f 1213/1369 1214/3052 1211/3053
f 1211/3054 1212/3055 1213/1370
f 1210/74 1179/386 454/3056
f 454/3056 495/3057 1210/74
f 1206/621 1209/620 1205/3058
f 1209/620 1208/699 1205/3058
f 1208/699 1207/921 1205/3058
f 1207/921 1203/920 1205/3058
f 1205/3058 1204/3059 1206/621
f 1203/920 1204/3059 1205/3058
f 1200/1050 1201/3051 1202/2766
f 617/2805 1215/1967 1216/1745
f 1199/2106 1171/3060 1154/903
f 1197/1167 1198/2551 1195/630
f 1195/635 1196/1977 1197/1168
f 1194/1277 697/3061 696/775
f 696/775 1193/2402 1194/1277
f 824/257 1192/2557 825/3062
f 1191/3063 1188/3064 1190/601
f 1190/629 1168/2529 1191/1538
f 1188/3064 1189/2863 1190/601
f 1187/1455 622/1454 621/2628
f 110/2339 1229/2338 1230/1754
f 893/62 1210/74 495/3057
f 1238/857 1206/855 1204/3065
f 1204/3065 1203/1020 1237/1118
f 1204/3065 1237/1118 1238/857
f 1234/2669 1235/1075 1236/626
f 1233/2953 1172/3066 1171/3060
f 1171/3060 1232/2944 1233/2953
f 1171/3060 1199/2106 1232/2944
f 114/2220 113/3067 1231/1257
f 1231/1257 155/2221 114/2220
f 1230/1754 111/3068 110/2339
f 621/2476 655/2468 1187/1704
f 1225/2657 1227/1201 1228/1202
f 1228/1202 145/2648 1225/2657
f 1225/2657 1226/2508 1227/1201
f 1224/2291 104/2290 1223/1173
f 1223/1174 257/2263 1224/2262
f 1221/2023 1222/2022 1220/1393
f 1220/1394 321/2810 1221/2786
f 1218/2330 1219/2161 1217/1543
f 1217/1544 585/2067 1218/2066
f 1216/1745 618/3069 617/2805
f 1134/3024 1156/3070 1157/2942
f 1166/1320 758/2617 1143/2607
f 902/3071 1164/2915 903/2735
f 1164/2915 1165/2534 903/2735
f 1162/1220 1163/2234 1160/2235
f 1160/2235 1161/2332 1162/1220
f 1138/1147 805/3072 804/3022
f 1158/387 1159/1677 385/3073
f 1159/1677 346/3074 385/3073
f 385/3073 418/3075 1158/387
f 1157/2942 1135/3023 1134/3024
f 1136/965 1156/3076 1134/3017
f 1143/2607 1142/1290 1166/1320
f 1155/736 920/737 414/2549
f 1154/903 1131/3026 1074/2482
f 81/732 80/3077 1152/1683
f 1152/1683 1153/2217 81/732
f 1151/1237 600/3078 599/2641
f 599/2641 630/2640 1151/1237
f 1149/3079 1150/1960 1148/822
f 1148/822 660/2768 1149/3079
f 1121/1814 1146/3080 1122/2630
f 1146/3080 1147/2662 1122/2630
f 1173/1052 1175/2939 1176/1049
f 1185/1398 1186/2309 1184/662
f 1184/662 249/2767 1185/1398
f 1183/1245 279/3081 278/2501
f 278/2501 247/2500 1183/1245
f 1182/1430 500/1420 1180/1635
f 1180/1635 1181/3082 1182/1430
f 1179/386 1158/387 418/3075
f 418/3075 454/3056 1179/386
f 1156/3076 1136/965 1178/700
f 1178/700 1177/2941 1156/3076
f 1156/3070 1177/2943 1157/2942
f 1397/465 1227/1201 1226/2508
f 1173/1052 1174/2517 1175/2939
f 1172/3066 1132/3025 1131/3026
f 1131/3026 1171/3060 1172/3066
f 1131/3026 1154/903 1171/3060
f 1170/1233 1130/1495 1129/2626
f 1129/2626 1169/2811 1170/1233
f 630/2640 629/3083 1151/1237
f 763/3084 695/3085 694/2732
f 1167/1519 1168/2531 69/2530
f 69/2530 68/3086 1167/1519
f 1582/1984 931/2514 1583/364
f 235/2297 1556/3087 233/3088
f 795/2226 1402/2014 796/1533
f 730/2144 729/3089 1588/1780
f 1588/1793 1589/2111 730/2124
f 1342/1431 596/3090 595/2983
f 1440/1475 1586/1473 1441/2088
f 1586/1473 1587/2043 1441/2088
f 1585/1995 760/1994 1584/121
f 1584/121 1222/2022 1585/1995
f 249/2767 248/1395 1185/1398
f 1582/1984 1583/364 1580/363
f 1524/3091 1539/3092 1590/3093
f 1580/363 1581/1985 1582/1984
f 1579/1117 499/1459 498/3094
f 498/3094 836/3095 1579/1117
f 1577/2627 1578/2590 985/3096
f 1578/2590 954/3097 985/3096
f 985/3096 1049/3098 1577/2627
f 1576/3099 743/3100 1505/3101
f 1505/3101 1524/3091 1576/3099
f 1503/3102 1234/2669 1558/2597
f 768/1412 1367/2325 769/2324
f 1575/1170 1327/1169 1326/2439
f 1597/1032 686/3103 361/2600
f 1556/3087 1605/3104 1606/3105
f 1556/3087 235/2297 1605/3104
f 1603/1717 1604/2370 1602/2372
f 1602/2372 1046/2489 1603/1717
f 332/2564 792/3106 1601/1620
f 1601/1622 333/3107 332/2826
f 1572/3108 1600/3109 1573/1794
f 1572/3108 626/3110 1600/3109
f 1587/2043 1586/1473 1598/1474
f 1598/1474 1599/2044 1587/2043
f 361/2600 360/3111 1597/1032
f 1326/2439 333/2438 1575/1170
f 965/2142 1317/1354 1596/1355
f 1596/1321 966/3112 965/2143
f 1595/495 1593/1634 1594/2026
f 1594/2026 1163/2234 1595/495
f 1593/1634 538/2027 1594/2026
f 387/3113 456/3114 1592/1660
f 1592/1660 350/3115 387/3113
f 1591/2665 1577/2627 1049/3098
f 1049/3098 1075/1682 1591/2665
f 1524/3091 1590/3093 1576/3099
f 1548/1341 287/2849 286/2387
f 1521/3116 194/2865 233/3088
f 1555/2299 1015/2298 1554/543
f 1554/543 950/2505 1555/2299
f 1553/2081 38/2080 1552/154
f 1552/154 666/2656 1553/2081
f 554/2893 973/3117 1551/114
f 1551/114 551/3118 554/2893
f 71/2542 1549/1734 1550/161
f 1550/161 68/3086 71/2542
f 71/2542 822/2541 1549/1734
f 286/2387 1534/1140 1548/1341
f 1521/3116 233/3088 1556/3087
f 1547/1656 1416/1244 1415/2788
f 1415/2788 1546/2429 1547/1656
f 1545/1326 420/2962 92/2908
f 92/2899 91/2928 1545/1323
f 807/1206 806/3119 1543/1823
f 1543/1823 1544/1207 807/1206
f 1542/2629 925/2690 922/3120
f 922/3120 954/3097 1542/2629
f 1523/3121 1541/2859 1540/2894
f 1523/3121 1525/2659 1541/2859
f 1565/2242 1566/2238 1567/1429
f 1571/2302 1573/1794 1574/1107
f 1574/1107 296/2303 1571/2302
f 1571/2302 1572/3108 1573/1794
f 1461/1423 971/1422 970/2159
f 287/3122 1548/1351 1145/1286
f 1570/3123 1569/3124 173/1956
f 173/1956 172/3125 1570/3123
f 1569/3124 841/1939 173/1956
f 1393/2565 1392/1782 1568/249
f 1568/249 929/2566 1393/2565
f 1565/2242 1567/1429 1563/1179
f 1606/3105 1557/3126 1556/3087
f 1563/1179 1564/2315 1565/2242
f 643/3127 1562/1305 1560/1186
f 1560/1186 1561/1192 644/3128
f 644/3128 643/3127 1560/1186
f 1488/3129 1505/3101 743/3100
f 743/3100 742/3130 1488/3129
f 1558/2597 1559/704 1202/2766
f 1202/2766 1503/3102 1558/2597
f 1557/3126 1522/3131 1521/3116
f 1521/3116 1556/3087 1557/3126
f 1546/2429 1649/1865 1547/1656
f 603/2757 602/3132 1662/146
f 1662/151 232/1899 603/1898
f 1661/318 1657/1329 1659/2411
f 1659/2411 1660/2555 1661/318
f 1657/1329 1658/2028 1659/2411
f 1631/1389 1655/1388 1632/3133
f 1655/1388 1656/3134 1632/3133
f 1629/1211 1653/1210 1630/2231
f 1653/1210 1654/2813 1630/2231
f 1651/2380 1652/2379 1650/329
f 1650/329 845/2428 1651/2380
f 1663/2216 1638/3135 1619/2207
f 1546/2429 1457/2200 1649/1865
f 1648/1763 1455/1746 1454/1881
f 1454/1881 1647/1880 1648/1763
f 1646/306 1624/1608 1644/423
f 1644/423 1645/422 1646/306
f 1643/2779 958/2781 957/3136
f 957/3136 1105/3137 1643/2779
f 1642/3138 1641/3139 164/3140
f 164/3140 201/3141 1642/3138
f 1641/3139 123/3142 164/3140
f 137/2773 136/3143 1675/127
f 258/3144 2445/2905 2457/1279
f 1683/2035 1684/2201 1685/279
f 1682/482 1098/1348 1097/2526
f 1097/2526 112/2525 1682/482
f 1681/3145 625/3146 628/3147
f 628/3147 1680/3148 1681/3145
f 1654/2813 1653/1210 1679/1209
f 1679/1729 1249/1992 1654/1991
f 1677/2453 1678/2452 1676/221
f 1676/221 1652/2379 1677/2453
f 1675/127 719/1427 137/2773
f 1259/1829 1640/1772 271/1555
f 1672/2818 1674/1602 1670/1714
f 1672/2818 1673/2407 1674/1602
f 1670/1714 1671/2430 1672/2818
f 1668/341 1669/119 1667/1295
f 1667/1295 1645/422 1668/341
f 1666/2135 1643/2779 1105/3137
f 1105/3137 1135/3149 1666/2135
f 52/3150 86/3151 272/3152
f 305/2726 1665/1773 306/1663
f 305/2726 1664/1771 1665/1773
f 1613/87 815/1761 818/2688
f 678/3034 677/3153 1621/542
f 1607/3154 1540/2889 1620/2891
f 1607/3155 1620/3156 1590/3093
f 1619/2207 1605/3104 235/2297
f 1618/1730 42/2286 1617/2285
f 1617/2285 1446/2427 1618/1730
f 1009/2228 1039/3157 1010/1387
f 1616/1612 1600/3109 626/3110
f 626/3110 625/3146 1616/1612
f 1599/2044 1598/1474 1614/1839
f 1614/1839 1615/2219 1599/2044
f 677/3153 1622/104 1621/542
f 818/2688 843/3158 1613/87
f 540/2834 932/3159 1612/1596
f 1612/1600 541/3160 540/2835
f 1611/131 1433/1658 1432/2190
f 1432/2190 1610/2189 1611/131
f 1609/4 1213/1370 1212/3055
f 1212/3055 1181/3082 1609/4
f 1608/1681 1591/2665 1075/1682
f 1540/2894 1607/3161 1539/3162
f 1539/3092 1607/3155 1590/3093
f 1615/2219 1614/1839 1629/1211
f 1640/1772 237/1309 271/1555
f 1639/3163 1606/3105 1605/3104
f 1605/3104 1638/3135 1639/3163
f 1605/3104 1619/2207 1638/3135
f 1637/1694 1471/1234 1470/2465
f 1470/2465 562/2464 1637/1694
f 1636/1900 1099/2506 1634/270
f 1634/270 1635/1901 1636/1900
f 1633/137 1631/1389 597/2058
f 597/2058 596/3090 1633/137
f 1631/1389 1632/3133 597/2058
f 1540/2894 1539/3162 1523/3121
f 1629/1211 1630/2231 1615/2219
f 397/2345 396/2927 1628/981
f 1628/981 1339/2333 397/2345
f 1627/526 1271/1742 1270/2270
f 1270/2270 284/2269 1627/526
f 1626/174 648/3164 280/2758
f 280/2758 279/3081 1626/174
f 1625/1074 1241/1401 1240/1609
f 1240/1609 1624/1608 1625/1074
f 1621/542 1623/1613 678/3034
f 1448/3165 1404/3166 1403/3167
f 1456/1565 1457/2200 756/2222
f 1455/1746 1216/1745 1215/1967
f 1215/1967 1454/1881 1455/1746
f 1453/459 1055/1221 646/3030
f 646/3030 645/3168 1453/459
f 1452/814 1412/617 774/3169
f 774/3169 834/3170 1452/814
f 1426/3171 1451/3172 1427/3173
f 1428/2576 1450/3174 1426/3175
f 1426/3171 1450/3176 1451/3172
f 1449/2321 1384/2979 1370/2322
f 756/2222 755/3177 1456/1565
f 1403/3167 1447/3178 1448/3165
f 1403/3167 1425/769 1447/3178
f 1445/509 1446/2427 1444/1938
f 1444/1938 518/1937 1445/509
f 186/2470 185/3179 1443/1873
f 1443/1873 880/2471 186/2470
f 294/2440 293/3180 1442/400
f 1442/400 1254/2441 294/2440
f 1189/2863 1188/3064 1440/1475
f 1440/1475 1441/2088 1189/2863
f 1471/1234 1170/1233 1169/2811
f 1478/1524 1116/2392 1026/2391
f 1477/1018 675/1247 678/3034
f 678/3034 1055/1221 1477/1018
f 577/3181 1476/3182 1429/3183
f 578/3184 577/3181 1429/3183
f 1450/3174 1428/2576 1475/2869
f 1475/2869 1473/3185 1450/3174
f 1450/3176 1474/3186 1451/3172
f 1473/3185 1474/3187 1450/3174
f 1176/1049 1384/2979 1201/3051
f 1472/2504 1447/3178 1425/769
f 1438/1936 1439/1935 1436/558
f 1169/2811 1470/2465 1471/1234
f 1469/1561 1465/1560 1467/2885
f 1467/2885 1468/2837 1469/1561
f 1465/1560 1466/2824 1467/2885
f 259/2667 258/3144 1007/1278
f 1462/1971 1464/1760 1461/1423
f 1462/1971 1463/1970 1464/1760
f 1461/1423 970/2159 1462/1971
f 1460/1843 1087/1912 1458/1911
f 1458/2562 1459/2561 1460/1844
f 1407/3188 1409/2621 1405/3189
f 1416/1244 1141/1243 1140/2603
f 1140/2603 1415/2788 1416/1244
f 749/2318 748/3190 1414/1849
f 1414/1849 963/2319 749/2318
f 992/3191 991/1692 1413/457
f 1413/457 644/3128 992/3191
f 1412/617 1373/619 740/2965
f 740/2965 774/3169 1412/617
f 1405/3192 1411/2616 1408/2574
f 1405/3192 1410/2734 1411/2616
f 1409/2621 1410/2623 1405/3189
f 1061/2115 1417/2114 1062/3032
f 1408/2574 1406/3193 1405/3192
f 1405/3189 1406/3194 1407/3188
f 1307/2938 1370/2322 1384/2979
f 1404/3166 1369/2972 1368/2975
f 1368/2975 1403/3167 1404/3166
f 1368/2975 157/770 1403/3167
f 1401/1802 1402/2014 1399/2013
f 1399/2013 1400/2133 1401/1802
f 149/2337 148/3195 1398/1778
f 1398/1778 1229/2338 149/2337
f 1428/2576 1426/3175 1406/3193
f 1436/558 1437/2187 1438/1936
f 1435/1632 136/3143 135/2446
f 135/2446 684/2445 1435/1632
f 1433/1658 1434/2223 1431/2224
f 1431/2224 1432/2190 1433/1658
f 644/3128 1413/457 1430/338
f 1430/338 645/3168 644/3128
f 578/3184 1429/3183 1351/2998
f 927/2964 578/3184 1351/2998
f 1406/3193 1408/2574 1428/2576
f 1427/3173 1407/3188 1406/3194
f 1026/2391 1025/1522 1478/1524
f 1406/3194 1426/3171 1427/3173
f 1425/769 1403/3167 157/770
f 482/2655 481/3196 1424/314
f 1424/314 517/3197 482/2655
f 1423/1863 1128/3027 1127/2015
f 1127/2015 1422/2038 1423/1863
f 552/1979 551/3118 1420/1700
f 1420/1700 1421/1978 552/1979
f 1419/1685 939/2558 1418/2510
f 1418/2510 972/2509 1419/1685
f 1228/1202 146/3198 145/2648
f 1525/2659 1523/3121 1504/3199
f 1504/3199 1523/3121 1524/3200
f 1503/3102 1202/2766 1201/3051
f 1522/3131 1487/3201 1486/3202
f 1486/3202 1521/3116 1522/3131
f 1486/3202 195/2653 1521/3116
f 1519/1835 1520/2408 1518/2410
f 1518/2410 1305/2547 1519/1835
f 1517/439 1516/438 601/2316
f 601/2316 600/3078 1517/439
f 1516/438 1278/2317 601/2316
f 1524/3200 1505/3203 1504/3199
f 1091/2907 1515/2358 1092/1317
f 1514/1159 1510/1141 1512/2275
f 1512/2275 1513/2265 1514/1159
f 1510/1141 1511/2272 1512/2275
f 1509/1711 620/3204 619/2025
f 619/2025 359/2024 1509/1711
f 18/2644 899/3205 1508/452
f 1508/452 15/3206 18/2644
f 714/3006 1113/3004 1507/960
f 1507/960 715/3207 714/3006
f 1511/2272 1510/1141 1534/1140
f 1539/3162 1524/3200 1523/3121
f 1234/2669 1503/3102 1235/1075
f 194/2865 1521/3116 195/2653
f 1538/1443 375/1439 374/2009
f 374/2009 413/2008 1538/1443
f 1537/1670 37/3208 36/2288
f 36/2288 946/2287 1537/1670
f 1536/372 1300/1646 1299/2492
f 1299/2492 1421/1978 1536/372
f 1535/641 1396/1757 1147/2662
f 1147/2662 1146/3080 1535/641
f 614/3209 1506/1390 1489/1406
f 1534/1140 286/2387 1511/2272
f 1533/1723 22/2255 1532/2116
f 1532/2116 1060/2117 1533/1723
f 1531/56 901/3210 680/2664
f 680/2664 679/3211 1531/56
f 1529/2084 1530/2211 1527/1868
f 1527/1868 1528/2830 1529/2084
f 925/2690 1526/812 865/3212
f 1526/812 834/3170 865/3212
f 1475/2869 1525/2659 1504/3199
f 116/2400 1485/2399 1484/106
f 1079/2762 1490/2761 1080/538
f 576/3213 1489/1406 1476/3182
f 1476/3182 577/3181 576/3213
f 745/1460 1451/3172 1474/3186
f 1474/3186 1488/3214 742/3215
f 1474/3187 1473/3185 1488/3216
f 1474/3186 742/3215 745/1460
f 1384/2979 1449/2321 1201/3051
f 1487/3201 1448/3165 1447/3178
f 1447/3178 1486/3202 1487/3201
f 1447/3178 1472/2504 1486/3202
f 1491/1866 1492/2069 840/2070
f 1484/106 113/3067 116/2400
f 1466/2824 1465/1560 1482/1559
f 1482/1559 1483/2823 1466/2824
f 659/3217 1149/3079 660/2768
f 1481/1203 140/2949 143/2771
f 143/2770 288/3218 1481/1204
f 26/2046 1120/2045 1480/1628
f 1480/1631 23/3219 26/2742
f 1479/1820 424/3220 423/2072
f 423/2072 784/2071 1479/1820
f 1500/473 434/1483 433/2540
f 1489/1406 576/3213 614/3209
f 1505/3203 1488/3216 1473/3185
f 1475/2869 1504/3199 1473/3185
f 1473/3185 1504/3199 1505/3203
f 1449/2321 1235/1075 1503/3102
f 1503/3102 1201/3051 1449/2321
f 195/2653 1486/3202 1472/2504
f 230/1127 229/3221 1502/451
f 1502/451 1303/1925 230/1127
f 1501/1697 557/1445 556/2670
f 556/2670 1483/2823 1501/1697
f 1045/1751 1046/2489 1042/2490
f 433/2540 728/2539 1500/473
f 217/2722 1063/1349 1499/255
f 1499/255 218/3222 217/2722
f 1497/1214 1498/1500 1496/2306
f 1498/1500 1459/2560 1496/2306
f 1496/2306 100/2305 1497/1214
f 1494/563 1495/1343 1493/2310
f 1495/1343 1319/2347 1493/2310
f 1493/2310 1186/2309 1494/563
f 840/2070 839/3223 1491/1866
f 356/204 357/1039 358/3224
f 376/1860 377/600 378/3225
f 375/1439 334/2053 373/268
f 373/268 374/2009 375/1439
f 371/3226 372/3227 369/3228
f 369/3229 370/2717 371/3230
f 328/376 368/2342 329/3231
f 366/2914 367/1932 364/447
f 364/447 365/2386 366/2914
f 362/1816 363/1983 360/3111
f 360/3111 361/2600 362/1816
f 358/3224 359/2024 356/204
f 378/3232 379/1640 376/244
f 354/533 355/2349 352/3233
f 352/3233 353/2677 354/533
f 205/3234 350/3235 351/3236
f 351/3236 128/3237 205/3234
f 205/3234 349/3238 350/3235
f 205/3239 276/3240 349/3241
f 241/3242 242/3243 348/2634
f 348/2634 347/2635 241/3242
f 347/2668 309/2595 241/3244
f 346/3245 274/3246 308/3247
f 308/3248 307/3249 344/3250
f 390/3046 391/578 392/530
f 412/2990 413/2008 410/480
f 410/480 411/821 412/2990
f 408/2982 409/2218 406/471
f 406/471 407/2740 408/2982
f 404/556 405/2845 402/3251
f 402/3251 403/2614 404/556
f 400/330 401/2816 398/2984
f 398/2984 399/2709 400/330
f 396/2927 397/2345 394/2676
f 394/2676 395/2090 396/2927
f 392/530 393/2215 390/3046
f 308/3247 345/3252 346/3245
f 389/1042 169/2878 388/2991
f 388/2986 133/2870 389/1043
f 276/3253 310/1450 387/3113
f 387/3113 349/3254 276/3253
f 345/3255 344/3250 386/3256
f 345/3252 385/3257 346/3245
f 386/3256 384/3258 345/3255
f 345/3252 384/3259 385/3257
f 382/412 383/1579 380/2006
f 380/2006 381/2032 382/412
f 290/123 291/2738 292/3260
f 307/3249 308/3248 273/3261
f 269/2897 305/2726 306/1663
f 304/2486 301/3262 303/2488
f 301/3262 302/2702 303/2488
f 300/3263 264/3264 263/772
f 263/772 299/575 300/3263
f 298/3265 261/3266 260/720
f 260/720 297/719 298/3265
f 295/1687 296/2303 293/3180
f 293/3180 294/2440 295/1687
f 292/3260 288/3218 290/123
f 273/3267 308/3247 274/3246
f 288/3218 289/656 290/123
f 252/2388 286/2387 287/2849
f 2950/786 285/785 253/3268
f 283/2994 284/2269 281/409
f 281/409 282/2092 283/2994
f 279/3081 280/2758 277/460
f 277/460 278/2501 279/3081
f 276/3240 205/3239 167/3269
f 167/3269 243/3270 276/3240
f 166/2724 204/3271 275/2596
f 324/1034 325/2475 326/3272
f 344/3250 345/3255 308/3248
f 342/2896 343/1615 340/1614
f 340/1614 341/928 342/2896
f 338/689 339/2904 336/3273
f 336/3273 337/690 338/689
f 335/3274 300/3263 299/575
f 299/575 334/2053 335/3274
f 331/325 332/2826 333/3107
f 329/3231 330/2412 327/326
f 327/326 328/376 329/3231
f 326/3272 322/3275 324/1034
f 414/3276 378/3225 377/600
f 322/3275 323/1090 324/1034
f 320/493 321/2810 318/2948
f 318/2948 319/2495 320/493
f 315/1997 316/2375 317/596
f 313/911 314/2048 311/3277
f 311/3277 312/2459 313/911
f 310/3278 276/3240 243/3270
f 309/2595 275/2596 204/3271
f 204/3271 241/3244 309/2595
f 273/3261 272/3152 307/3249
f 453/3279 455/3280 496/3281
f 512/973 513/2016 514/3028
f 511/1836 34/2838 509/1264
f 509/1264 510/2906 511/1836
f 288/3218 143/2770 289/656
f 507/3282 508/2817 506/125
f 506/125 471/2663 507/3282
f 463/849 505/1915 464/2985
f 503/3033 504/2853 501/304
f 501/304 502/2537 503/3033
f 499/1459 500/1420 497/1419
f 497/1419 498/3094 499/1459
f 514/3028 515/2359 512/973
f 495/3283 454/3284 453/3285
f 496/3281 494/3286 453/3279
f 453/3285 494/3287 495/3283
f 491/195 492/312 489/1788
f 492/312 493/1783 489/1788
f 489/1788 490/3288 491/195
f 487/450 488/2007 485/3289
f 485/3289 486/2381 487/450
f 483/1699 484/2036 481/3196
f 481/3196 482/2655 483/1699
f 533/1154 534/1153 531/3290
f 555/139 556/2670 557/1445
f 553/503 554/2893 551/3118
f 551/3118 552/1979 553/503
f 549/1062 550/1908 547/3291
f 547/3292 548/1981 549/1063
f 545/1567 546/2174 543/3293
f 543/3293 544/1934 545/1567
f 541/3294 542/1914 539/871
f 539/895 540/2835 541/3160
f 537/1675 538/2027 535/3295
f 535/3295 536/2176 537/1675
f 479/2980 480/2037 477/941
f 531/3296 532/3297 533/3298
f 528/1895 529/2098 530/2101
f 494/3286 496/3281 527/3299
f 494/3287 526/3300 495/3283
f 527/3299 525/3301 494/3286
f 494/3287 525/3302 526/3300
f 522/1096 523/2787 524/239
f 519/361 520/2346 521/2569
f 517/3197 518/1937 516/110
f 516/110 482/2655 517/3197
f 424/3220 425/2454 422/648
f 444/2052 445/1665 446/1666
f 442/248 443/2336 440/3303
f 440/3303 441/229 442/248
f 438/3304 439/2554 436/517
f 436/517 437/1957 438/3304
f 434/1483 435/2556 432/215
f 432/215 433/2540 434/1483
f 27/3305 430/3306 28/887
f 430/3306 431/884 28/887
f 428/1520 429/2543 426/661
f 426/661 427/660 428/1520
f 447/3307 446/3308 444/677
f 422/648 423/2072 424/3220
f 421/277 92/2908 420/2962
f 420/2962 171/2756 421/277
f 349/3254 387/3113 350/3115
f 384/3258 386/3256 419/3309
f 418/3310 385/3257 384/3259
f 419/3309 417/3311 384/3258
f 384/3259 417/3312 418/3310
f 416/392 382/412 381/2032
f 377/600 415/2360 414/3276
f 460/613 461/2093 458/3313
f 477/941 478/1928 479/2980
f 31/3314 475/3315 32/1002
f 475/3315 476/2721 32/1002
f 474/1402 291/2738 472/2737
f 472/2737 473/2021 474/1402
f 467/846 469/3316 470/3317
f 470/3317 471/2663 467/846
f 467/846 468/845 469/3316
f 462/55 464/3318 465/3319
f 465/3319 466/2777 462/55
f 462/55 463/54 464/3318
f 274/3246 240/3320 239/3321
f 458/2978 459/2902 460/614
f 310/1450 457/1449 456/3114
f 456/3114 387/3113 310/1450
f 417/3311 419/3309 455/3280
f 454/3284 418/3310 417/3312
f 455/3280 453/3279 417/3311
f 417/3312 453/3285 454/3284
f 449/1750 451/3322 452/1735
f 449/1750 450/2469 451/3322
f 447/3307 448/678 444/677
f 89/3323 57/2364 56/2363
f 109/370 110/2339 111/3068
f 107/2913 108/2841 105/581
f 105/581 106/2624 107/2913
f 103/3324 104/2290 101/519
f 101/519 102/1135 103/3324
f 99/3325 100/2305 97/2308
f 97/2308 98/3326 99/3325
f 95/3327 96/2499 93/129
f 93/129 94/991 95/3327
f 91/2928 92/2899 90/6
f 90/6 61/810 91/2928
f 111/3068 112/2525 109/370
f 1276/2374 1275/2753 2780/406
f 7/1448 6/3328 88/1446
f 51/3329 53/2797 87/2764
f 86/3151 52/3150 51/3330
f 87/2764 85/3331 51/3329
f 51/3330 85/3332 86/3151
f 84/3333 49/3334 48/3335
f 48/3335 83/1952 84/3333
f 44/1023 43/2362 82/2131
f 39/3336 80/3077 40/152
f 126/3337 125/3338 6/3339
f 139/3340 99/3325 98/3326
f 98/3326 138/3341 139/3340
f 136/3143 137/2773 134/172
f 134/172 135/2446 136/3143
f 132/899 133/2870 130/2981
f 130/2981 131/900 132/899
f 13/3342 128/3237 129/3343
f 129/3343 14/2420 13/3342
f 13/3342 127/3344 128/3237
f 13/3345 57/2364 127/3346
f 9/1205 126/3337 6/3339
f 80/3077 81/732 40/152
f 125/3347 88/1446 6/3328
f 85/3331 87/2764 124/2765
f 123/3142 86/3151 85/3332
f 124/2765 122/3348 85/3331
f 85/3332 122/3349 123/3142
f 121/1434 84/3333 83/1952
f 119/397 120/2132 117/3350
f 117/3350 118/394 119/397
f 115/25 116/2400 113/3067
f 113/3067 114/2220 115/25
f 19/1478 20/1996 21/1505
f 41/156 42/2286 39/3336
f 39/3336 40/152 41/156
f 37/3208 38/2080 35/1732
f 35/1732 36/2288 37/3208
f 33/1005 34/2838 31/3314
f 31/3314 32/1002 33/1005
f 29/559 30/2884 27/3305
f 27/3305 28/887 29/559
f 25/2743 26/2742 23/3219
f 23/3351 24/171 25/3352
f 21/1505 22/2255 19/1478
f 43/2362 44/1023 45/1022
f 17/49 18/2644 15/3206
f 15/3206 16/850 17/49
f 11/2421 13/3342 14/2420
f 11/2352 12/2351 13/3345
f 8/2423 10/2422 9/1205
f 9/1205 6/3339 8/2423
f 6/3328 7/1448 8/2378
f 1/3353 4/3354 5/3355
f 1/3353 3/3356 5/3355
f 4/2796 2/3357 1/3358
f 58/811 59/2546 60/2916
f 78/289 79/2491 76/3359
f 76/3359 77/748 78/289
f 74/947 75/2900 72/3360
f 72/3360 73/948 74/947
f 70/1831 71/2542 68/3086
f 68/3086 69/2530 70/1831
f 24/171 23/3351 66/3361
f 66/3361 67/2329 24/171
f 64/2961 65/2232 62/498
f 62/498 63/497 64/2961
f 60/2916 61/810 58/811
f 140/2949 141/1907 142/164
f 57/2364 13/3345 12/2351
f 2737/1724 1677/2453 1652/2379
f 54/2354 7/1448 55/1447
f 2/3357 4/2796 53/2797
f 52/3150 3/2367 2/2366
f 53/2797 51/3329 2/3357
f 2/2366 51/3330 52/3150
f 49/3334 50/2178 47/2181
f 47/2181 48/3335 49/3334
f 1515/2358 1091/2907 2515/408
f 229/3221 230/1127 231/385
f 242/3243 241/3242 125/3338
f 241/3244 204/3271 125/3347
f 240/3362 5/3355 3/3356
f 3/3356 239/3363 240/3362
f 52/3150 239/3364 3/2367
f 237/1309 238/1267 198/3365
f 238/1267 199/1136 198/3365
f 198/3365 236/1556 237/1309
f 235/2297 233/3088 234/2714
f 233/3088 194/2865 234/2714
f 231/385 232/1899 229/3221
f 125/3338 126/3337 242/3243
f 224/79 226/3366 227/3367
f 227/3367 228/1056 224/79
f 224/79 225/78 226/3366
f 222/687 223/686 220/2925
f 220/2925 221/159 222/687
f 218/3222 219/2833 216/295
f 216/295 217/2722 218/3222
f 215/3368 177/3369 176/3370
f 176/3370 214/3371 215/3368
f 213/2277 210/3372 212/610
f 221/159 220/2925 258/3144
f 239/3364 52/3150 272/3152
f 239/3321 273/3267 274/3246
f 272/3152 273/3261 239/3364
f 236/1556 271/1555 237/1309
f 269/3373 270/2254 267/282
f 267/282 268/281 269/3373
f 264/3264 265/3374 262/773
f 265/3374 266/875 262/773
f 262/773 263/772 264/3264
f 261/3266 226/3366 225/78
f 225/78 260/720 261/3266
f 210/3372 211/607 212/610
f 258/3144 259/2667 221/159
f 256/587 257/2264 254/3375
f 254/3375 255/1006 256/587
f 253/3376 215/3368 214/3371
f 214/3371 2950/3377 253/3376
f 250/92 251/2418 248/1395
f 248/1395 249/2767 250/92
f 246/3378 247/2500 244/456
f 244/456 245/1941 246/3378
f 243/3270 167/3269 89/3323
f 122/3349 163/3379 164/3140
f 138/3341 176/3370 177/3369
f 174/1569 175/2544 172/3125
f 172/3125 173/1956 174/1569
f 170/57 171/2756 168/2963
f 168/2963 169/2879 170/57
f 57/2364 89/3323 167/3269
f 167/3269 127/3346 57/2364
f 55/1447 88/1446 166/2724
f 122/3348 124/2765 165/2782
f 122/3349 164/3140 123/3142
f 165/2782 163/3380 122/3348
f 177/3369 139/3340 138/3341
f 160/2844 161/1380 162/1407
f 157/770 158/801 159/771
f 154/368 156/3381 152/3382
f 154/368 155/2227 156/3381
f 152/3382 153/679 154/368
f 150/116 151/2054 148/3195
f 148/3195 149/2337 150/116
f 146/3198 147/2829 144/1315
f 144/1315 145/2648 146/3198
f 142/164 143/2771 140/2949
f 197/1877 198/3365 199/1136
f 208/1328 209/2210 206/3019
f 206/3019 207/2535 208/1328
f 127/3344 205/3234 128/3237
f 127/3346 167/3269 205/3239
f 204/3271 166/2724 88/1446
f 88/1446 125/3347 204/3271
f 163/3383 165/2831 203/2832
f 163/3384 202/3385 203/3386
f 202/3385 201/3387 163/3384
f 201/3141 164/3140 163/3379
f 199/1136 200/1138 197/1877
f 557/1445 558/2257 555/139
f 194/2865 195/2653 196/2654
f 189/869 191/3388 192/3389
f 192/3389 193/2156 189/869
f 189/869 190/868 191/3388
f 187/402 188/2840 185/3179
f 185/3179 186/2470 187/402
f 183/1337 184/2815 182/1813
f 182/1813 147/2829 183/1337
f 180/37 181/2483 178/3390
f 178/3390 179/950 180/37
f 883/1178 884/2532 881/51
f 894/3391 895/2997 896/3392
f 526/3393 572/2947 893/62
f 893/62 495/3057 526/3393
f 864/3394 866/1358 892/1360
f 864/3395 891/3396 865/3397
f 892/1360 890/3398 864/3394
f 864/3395 890/3399 891/3396
f 570/193 491/195 490/3288
f 888/3400 889/2155 887/2167
f 887/2167 886/3401 888/3400
f 885/2609 886/3401 887/2167
f 896/3392 897/2987 898/1528
f 881/51 882/2409 883/1178
f 879/833 880/2471 878/1534
f 878/1534 151/2054 879/833
f 73/948 72/3360 876/1171
f 876/1171 877/1108 73/948
f 875/2977 469/3316 468/845
f 468/845 874/2799 875/2977
f 211/607 210/3372 873/3402
f 873/3402 175/2544 211/607
f 871/3403 872/2545 869/1115
f 876/1171 911/2507 877/1108
f 890/3399 923/3404 922/3405
f 922/3405 891/3396 890/3399
f 920/737 609/1048 921/2448
f 918/3406 919/3407 886/3401
f 919/3407 888/3400 886/3401
f 886/3401 917/3408 918/3406
f 886/3401 885/2609 917/3408
f 916/319 884/2532 915/1334
f 915/1334 699/2079 916/319
f 914/2946 188/2840 912/1105
f 912/1105 913/1130 914/2946
f 869/1115 870/2157 871/3403
f 592/3409 910/2385 593/839
f 908/1477 909/1963 907/971
f 907/971 508/2817 908/1477
f 906/1143 902/3071 904/454
f 904/454 905/2776 906/1143
f 902/3071 903/2735 904/454
f 900/735 901/3210 899/3205
f 900/735 680/2664 901/3210
f 899/3205 18/2644 900/735
f 898/1528 894/3391 896/3392
f 370/2717 369/3229 827/1466
f 837/3410 838/1222 836/3095
f 836/3095 498/3094 837/3410
f 709/2075 835/2074 710/1806
f 834/3411 774/3412 801/3413
f 802/3414 833/3415 801/3416
f 801/3413 833/3417 834/3411
f 735/2199 831/2198 832/2873
f 268/281 830/1070 305/3418
f 305/3418 269/3373 268/281
f 152/3382 828/2945 153/679
f 828/2945 829/1975 153/679
f 839/3223 840/2070 16/850
f 827/1466 407/2740 370/2717
f 823/1030 825/3062 826/1856
f 826/1856 75/2900 823/1030
f 823/1030 824/257 825/3062
f 821/2976 822/2541 819/757
f 819/757 820/2660 821/2976
f 817/2689 818/2688 815/1761
f 815/1761 816/2710 817/2689
f 814/1364 754/3419 753/929
f 753/929 813/958 814/1364
f 853/1199 854/2185 852/681
f 868/3420 457/1462 744/1461
f 744/3421 867/3422 868/3423
f 833/3415 802/3414 866/1358
f 833/3417 865/3397 834/3411
f 866/1358 864/3394 833/3415
f 833/3417 864/3395 865/3397
f 863/1581 860/1827 862/2005
f 860/1827 861/1554 862/2005
f 857/1833 858/2461 859/180
f 667/3424 855/2954 668/905
f 855/2954 856/2168 668/905
f 924/1156 923/3425 890/3398
f 852/681 409/2218 853/1199
f 851/1260 510/2906 849/975
f 849/975 850/2694 851/1260
f 847/3426 848/2326 846/806
f 846/806 548/1980 847/3426
f 844/1010 845/2428 843/3158
f 843/3158 818/2688 844/1010
f 813/958 842/3427 814/1364
f 813/958 841/1939 842/3427
f 16/850 15/3206 839/3223
f 995/1068 996/2839 997/1815
f 1010/1387 1011/1386 1008/638
f 1011/1386 977/2094 1008/638
f 1008/638 1009/2228 1010/1387
f 1006/2671 1007/1278 1004/1281
f 1006/2671 259/2667 1007/1278
f 1004/1281 1005/2747 1006/2671
f 255/1006 254/3375 1002/1498
f 1002/1498 1003/2063 255/1006
f 1000/1740 1001/2416 999/604
f 999/604 787/2160 1000/1740
f 997/1815 998/2162 995/1068
f 1012/1080 1013/2184 1014/1668
f 994/3428 245/1941 993/1940
f 993/1940 536/2176 994/3428
f 614/3209 613/3429 991/1692
f 991/1692 992/3191 614/3209
f 988/2320 989/2515 986/3430
f 989/2515 990/3431 986/3430
f 986/3430 987/3432 988/2320
f 953/3433 985/3040 954/3434
f 955/1158 984/3435 953/3436
f 953/3433 984/3437 985/3040
f 353/2677 352/3233 1025/1522
f 1042/2490 1043/2729 1044/3045
f 1040/2203 1041/2202 1039/3157
f 1039/3157 1009/2228 1040/2203
f 1036/2230 1037/2472 1038/835
f 1035/1627 103/3324 102/1135
f 102/1135 1034/2206 1035/1627
f 1033/380 1029/1542 1031/2755
f 1031/2755 1032/1965 1033/380
f 1029/1542 1030/2804 1031/2755
f 1028/2956 358/3224 357/1039
f 357/1039 1027/1038 1028/2956
f 607/2843 832/2873 983/1464
f 1025/1522 1026/2391 353/2677
f 1023/2585 1024/2647 1021/3438
f 1021/3438 1022/2620 1023/2585
f 1020/2280 988/2320 987/3432
f 987/3432 1019/3439 1020/2280
f 984/3435 955/1158 1018/1284
f 1018/1284 1017/3038 984/3435
f 984/3437 1017/3041 985/3040
f 1016/2582 951/3044 952/864
f 1014/1668 1015/2298 1012/1080
f 936/3440 253/3268 285/785
f 923/3404 953/3433 954/3434
f 885/2609 952/864 951/3044
f 951/3044 917/3408 885/2609
f 949/2110 950/2505 947/1312
f 947/1312 948/2109 949/2110
f 945/1514 946/2287 943/1
f 943/1 944/2258 945/1514
f 941/1344 942/2527 940/639
f 940/639 184/2815 941/1344
f 938/645 939/2558 937/1463
f 937/1463 790/2138 938/645
f 955/1158 953/3436 923/3425
f 285/784 935/2772 936/3441
f 933/764 934/2047 932/3159
f 932/3159 540/2834 933/764
f 930/1480 931/2514 928/665
f 928/665 929/2566 930/1480
f 895/2997 894/3391 926/1547
f 926/1547 927/2964 895/2997
f 891/3442 922/3120 925/2690
f 925/2690 865/3212 891/3442
f 890/3398 892/1360 924/1156
f 653/2498 967/2497 968/1363
f 982/3013 918/3406 917/3408
f 917/3408 951/3044 982/3013
f 441/229 440/3303 980/1643
f 980/1643 981/2523 441/229
f 978/1720 979/2466 976/252
f 976/252 977/2094 978/1720
f 974/97 975/2827 973/3117
f 973/3117 554/2893 974/97
f 971/1421 972/2511 969/776
f 969/781 970/2159 971/1422
f 968/1362 654/3443 653/2586
f 810/962 812/1457 808/1368
f 966/3112 934/2047 964/828
f 964/828 965/2143 966/3112
f 962/185 963/2319 961/1506
f 961/1506 209/2210 962/185
f 960/1550 579/3444 578/3184
f 578/3184 927/2964 960/1550
f 958/2781 959/1680 956/3445
f 956/3445 957/3136 958/2781
f 923/3425 924/1156 955/1158
f 954/3434 922/3405 923/3404
f 610/3446 612/3447 639/3448
f 656/979 219/2833 657/3449
f 654/3443 655/2468 652/285
f 652/285 653/2586 654/3443
f 651/3018 95/3327 94/991
f 94/991 650/2604 651/3018
f 648/3164 649/2778 647/1016
f 647/1016 280/2758 648/3164
f 645/3168 646/3030 643/3127
f 643/3127 644/3128 645/3168
f 574/1893 642/1892 640/3450
f 640/3450 641/3451 574/1893
f 657/3449 658/2415 656/979
f 639/3448 638/3452 610/3446
f 610/3453 638/3454 611/3455
f 635/703 636/2568 637/2809
f 632/570 633/2707 634/2323
f 190/868 631/2169 191/3388
f 227/3367 629/3083 228/1056
f 629/3083 630/2640 228/1056
f 627/3456 628/3147 625/3146
f 625/3146 626/3110 627/3456
f 179/950 178/3390 623/2926
f 641/1921 640/3457 674/1922
f 691/3458 692/753 693/756
f 690/2992 401/2816 688/219
f 688/219 689/2687 690/2992
f 686/3103 687/2140 685/263
f 685/263 361/2600 686/3103
f 683/3003 684/2445 681/1013
f 681/1013 682/579 683/3003
f 130/2981 679/3459 131/900
f 679/3211 680/2664 131/896
f 677/3153 678/3034 675/1247
f 675/1247 676/3005 677/3153
f 623/2926 624/2474 179/950
f 673/3460 611/3455 638/3454
f 639/3448 672/3461 638/3452
f 638/3454 672/3462 673/3460
f 669/2898 670/2903 671/507
f 266/875 265/3374 667/3424
f 667/3424 668/905 266/875
f 665/879 666/2656 663/1258
f 663/1258 664/876 665/879
f 661/882 662/2205 659/1749
f 659/1749 660/2769 661/882
f 525/3301 527/3299 573/3463
f 592/3464 593/2785 323/1087
f 590/3465 591/2064 588/590
f 588/590 589/827 590/3465
f 586/3466 587/2091 584/251
f 584/251 585/2068 586/3466
f 582/3467 583/2479 580/415
f 580/415 581/792 582/3467
f 579/3444 575/3468 577/3181
f 577/3181 578/3184 579/3444
f 575/3468 576/3213 577/3181
f 529/2098 528/1895 574/1894
f 322/3469 592/3464 323/1087
f 572/3470 526/3300 525/3302
f 573/3463 571/3471 525/3301
f 525/3302 571/3472 572/3470
f 569/923 570/193 567/3473
f 570/193 490/3288 567/3473
f 567/3473 568/2460 569/923
f 565/3474 566/2034 563/21
f 563/21 564/2570 565/3474
f 561/3475 562/2464 559/935
f 559/940 560/2552 561/3476
f 612/3447 610/3446 571/3471
f 622/1454 590/3465 589/827
f 589/827 621/2628 622/1454
f 620/3204 64/2961 63/497
f 63/497 619/2025 620/3204
f 618/3069 615/3477 616/234
f 616/234 617/2805 618/3069
f 615/3477 581/792 616/234
f 576/3213 575/3468 613/3429
f 613/3429 614/3209 576/3213
f 571/3471 573/3463 612/3447
f 611/3455 572/3470 571/3472
f 693/752 694/2733 695/3478
f 571/3472 610/3453 611/3455
f 609/1048 569/923 568/2460
f 607/3479 608/818 605/819
f 605/819 606/2639 607/3479
f 604/1101 193/2156 602/3480
f 602/3132 603/2757 604/1102
f 600/3078 601/2316 598/2745
f 598/2745 599/2641 600/3078
f 596/3090 597/2058 594/1738
f 594/1738 595/2983 596/3090
f 485/2520 771/2419 772/2580
f 782/711 720/2175 783/1456
f 615/3477 582/3467 581/792
f 747/3481 746/3482 780/3021
f 780/3021 781/3020 747/3481
f 778/1969 779/1537 776/1182
f 778/1969 674/1922 779/1537
f 776/1182 777/3048 778/1969
f 739/3483 741/3484 775/3485
f 774/3412 740/3486 739/3487
f 775/3485 773/3488 739/3483
f 739/3487 773/3489 774/3412
f 783/1456 784/2071 782/711
f 770/70 608/818 160/2521
f 767/1413 768/1412 765/715
f 768/1412 769/2324 765/715
f 765/715 766/714 767/1413
f 764/2615 403/2614 763/3084
f 763/3084 694/2732 764/2615
f 431/884 430/3306 761/2959
f 761/2959 762/2678 431/884
f 759/1426 760/1994 757/561
f 757/561 758/2617 759/1426
f 797/316 342/2233 341/3490
f 810/962 811/1917 812/1457
f 808/1368 809/2587 810/962
f 805/3072 806/3119 803/3491
f 806/3119 807/1206 803/3491
f 803/3491 804/3022 805/3072
f 708/1551 674/1922 640/3457
f 773/3488 775/3485 802/3414
f 802/3414 801/3416 773/3488
f 773/3489 801/3413 774/3412
f 565/861 799/860 800/2153
f 341/3490 798/2749 797/316
f 752/930 754/3419 755/3177
f 796/1533 767/1413 766/714
f 766/714 795/2226 796/1533
f 793/2394 794/2393 792/3106
f 792/3106 332/2564 793/2394
f 476/2721 475/3315 791/1239
f 791/1239 405/2845 476/2721
f 789/261 790/2138 788/3492
f 788/3492 30/2884 789/261
f 786/3493 787/2160 785/223
f 785/228 687/2139 786/3494
f 708/1551 640/3457 642/3495
f 723/2955 724/2444 721/524
f 721/524 722/2417 723/2955
f 719/1427 720/2175 718/1071
f 718/1071 137/2773 719/1427
f 717/1428 461/2093 716/1073
f 716/1073 504/2853 717/1428
f 713/3496 715/3207 711/3497
f 713/3496 714/3006 715/3207
f 711/3497 712/3498 713/3496
f 710/1806 708/1551 642/3495
f 642/3495 709/2075 710/1806
f 725/2993 689/2687 726/727
f 672/3461 639/3448 707/3499
f 672/3462 706/3500 673/3460
f 707/3499 705/3501 672/3461
f 672/3462 705/3502 706/3500
f 702/2437 703/2425 704/108
f 700/1347 701/2335 698/205
f 698/205 699/2079 700/1347
f 697/3061 298/3265 297/719
f 297/719 696/775 697/3061
f 693/756 695/3503 691/3458
f 705/3502 739/3487 740/3486
f 755/3177 756/2222 752/930
f 752/930 753/929 754/3419
f 750/693 751/2278 748/3190
f 748/3190 749/2318 750/693
f 711/3497 746/3482 712/3498
f 746/3482 747/3481 712/3498
f 744/1461 745/1460 742/3215
f 742/3130 743/3100 744/3421
f 705/3501 707/3499 741/3484
f 740/3486 706/3500 705/3502
f 741/3484 739/3483 705/3501
f 1686/479 484/2036 1683/2035
f 447/1123 736/2910 738/1124
f 447/1123 736/2910 737/3504
f 118/394 117/3350 735/3505
f 735/3505 606/2639 118/394
f 733/1385 734/2256 731/511
f 731/511 732/2706 733/1385
f 77/748 76/3359 729/3089
f 729/3089 730/2144 77/748
f 691/3458 728/2539 692/753
f 726/727 727/2450 725/2993
f 91/2928 1316/1822 2230/1324
f 2235/24 1727/23 1520/2408
f 1520/2408 1519/1835 2235/24
f 408/2982 1343/383 1867/399
f 2234/944 1881/943 146/3198
f 146/3198 1228/1202 2234/944
f 547/3291 1904/404 2233/407
f 2233/1651 1750/1650 547/3292
f 1417/2114 1928/886 2232/885
f 2232/885 1062/3032 1417/2114
f 1246/2376 2162/2711 2231/1765
f 2231/1765 1244/1764 1246/2376
f 2236/3506 2213/3507 2200/3508
f 2230/1324 1545/1323 91/2928
f 1911/2846 1925/993 2229/233
f 2229/233 1909/232 1911/2846
f 1110/3001 1733/3509 1264/2957
f 1264/2957 1111/1487 1110/3001
f 612/3447 2192/3510 639/3448
f 2228/2130 2215/3511 2182/2126
f 2227/1112 2200/3508 2191/2078
f 265/3374 2225/3512 2226/3513
f 2226/3513 667/3424 265/3374
f 265/3374 264/3264 2225/3512
f 2240/829 1375/1799 420/2962
f 2246/286 1634/270 1099/2506
f 1099/2506 1098/1348 2246/286
f 1600/3109 1616/1612 2245/1611
f 2245/1611 1573/1794 1600/3109
f 2244/2731 2187/2730 322/3275
f 322/3275 326/3272 2244/2731
f 1439/1935 1749/259 2243/262
f 2243/262 1436/558 1439/1935
f 64/2961 2241/1710 2242/1846
f 2242/1846 1376/1845 64/2961
f 64/2961 620/3204 2241/1710
f 2224/1100 1845/1099 979/2466
f 420/2962 1545/1326 2240/829
f 129/3343 2006/733 2239/48
f 2239/48 1814/47 129/3343
f 1974/3514 1924/3515 1292/2918
f 1291/2917 1977/3516 1974/3514
f 1292/2918 1291/2917 1974/3514
f 2238/3517 639/3448 2192/3510
f 2192/3510 2216/3518 2238/3517
f 2201/2102 2215/3511 2237/2368
f 2200/3508 2227/1112 2236/3506
f 2205/782 1982/3519 1295/2533
f 2212/3520 192/3389 191/3388
f 369/3228 1845/1104 2211/1103
f 2211/1467 827/1466 369/3229
f 728/2539 2209/2718 2210/484
f 2210/484 1500/473 728/2539
f 728/2539 691/3458 2209/2718
f 430/3306 2207/505 2208/504
f 2208/504 761/2959 430/3306
f 430/3306 27/3305 2207/505
f 724/2444 2206/2708 2020/298
f 724/2444 723/2955 2206/2708
f 191/3388 1846/1872 2212/3520
f 1295/2533 1164/2915 2205/782
f 2204/158 1531/56 679/3211
f 679/3459 130/2981 2204/847
f 2203/2684 613/3429 575/3468
f 575/3468 579/3444 2203/2684
f 243/3270 89/3323 1427/3521
f 2005/3522 2202/3523 2158/3524
f 2202/3525 2169/3526 2158/3527
f 2158/3524 1976/3528 2005/3522
f 2168/2105 2181/3529 2201/2102
f 1024/2647 1909/232 2218/235
f 979/2466 978/1720 2224/1100
f 2223/466 1397/465 911/2507
f 911/2507 876/1171 2223/466
f 27/3305 1843/95 2222/120
f 2222/120 2207/505 27/3305
f 845/2428 1650/329 2221/331
f 2221/331 843/3158 845/2428
f 464/2985 1335/1293 2220/1292
f 2220/826 465/3319 464/3318
f 2219/848 2204/847 130/2981
f 130/2981 1334/1294 2219/848
f 264/3264 300/3263 2247/3530
f 2218/235 1021/3438 1024/2647
f 776/1182 2217/1184 203/3047
f 2217/1184 1872/1253 203/3047
f 2169/3526 2202/3525 2216/3518
f 2216/3518 2192/3510 2169/3526
f 2215/3511 2201/2102 2181/3529
f 2181/3529 2182/2126 2215/3511
f 2214/3531 2180/3532 2179/3533
f 2179/3533 2213/3534 2214/3531
f 2179/3535 2200/3508 2213/3507
f 2066/3536 1570/3123 172/3125
f 2248/3537 2278/3538 2279/3539
f 2248/3540 888/3400 2278/3541
f 440/3303 1741/396 2277/395
f 2277/395 980/1643 440/3303
f 2276/1025 1969/155 37/3208
f 37/3208 1537/1670 2276/1025
f 691/3458 2266/2719 2209/2718
f 2275/258 1799/1031 218/3222
f 218/3222 1499/255 2275/258
f 1339/2333 1628/981 2274/980
f 2274/980 1336/1854 1339/2333
f 2279/3539 2249/3542 2248/3537
f 1779/2331 1912/1037 2273/203
f 2273/203 1780/202 1779/2331
f 2272/305 1625/1074 1624/1608
f 1624/1608 1646/306 2272/305
f 1623/1613 1054/3029 678/3034
f 639/3448 2238/3517 707/3499
f 2237/2368 2270/3543 2271/2637
f 2237/2368 2250/3544 2270/3543
f 2236/3506 889/2155 888/3400
f 888/3400 2248/3540 2236/3506
f 2079/3545 2067/3546 873/3402
f 1367/2325 768/1412 2291/1411
f 2289/2727 2290/1238 629/3083
f 2290/1238 1151/1237 629/3083
f 629/3083 227/3367 2289/2727
f 2288/682 2287/2685 1192/2557
f 1192/2557 2056/683 2288/682
f 2287/2685 825/3062 1192/2557
f 398/2984 1984/977 2286/976
f 2286/976 1340/1263 398/2984
f 1652/2379 1676/221 2285/220
f 2285/220 1650/329 1652/2379
f 2269/1273 1989/3547 412/2990
f 2284/496 1595/495 1163/2234
f 1163/2234 1162/1220 2284/496
f 715/3207 1507/960 2283/963
f 2283/963 711/3497 715/3207
f 803/3491 2282/2243 2183/2249
f 804/3022 803/3491 2183/2249
f 2281/3548 707/3499 2238/3517
f 2238/3517 2261/3549 2281/3548
f 2280/3550 2270/3543 2250/3544
f 2250/3544 2260/2214 2280/3550
f 351/3236 2130/897 2252/734
f 515/2359 514/3028 2258/2705
f 2257/549 2188/718 329/3231
f 329/3231 1917/550 2257/549
f 2256/218 1954/217 366/2914
f 366/2914 1298/1339 2256/218
f 318/2948 1864/162 2255/165
f 2255/165 1247/1758 318/2948
f 2254/128 1675/127 136/3143
f 136/3143 1435/1632 2254/128
f 458/3313 1888/271 2253/274
f 2253/1791 1392/1790 458/2978
f 2258/2705 1931/514 515/2359
f 2252/734 2006/733 351/3236
f 1352/2996 2251/3551 2202/3523
f 2251/3552 2216/3518 2202/3525
f 2202/3523 2005/3522 1352/2996
f 2250/3544 2237/2368 2215/3511
f 2215/3511 2228/2130 2250/3544
f 2249/3542 2214/3531 2213/3534
f 2213/3534 2248/3537 2249/3542
f 2213/3507 2236/3506 2248/3540
f 2247/3530 2225/3512 264/3264
f 206/3019 1760/594 2263/597
f 412/2990 1328/1274 2269/1273
f 2268/462 1517/439 600/3078
f 600/3078 1151/1237 2268/462
f 695/3553 2267/214 2266/213
f 695/3085 763/3084 2267/209
f 2266/2719 691/3458 695/3503
f 178/3390 1967/1003 2265/555
f 2265/555 623/2926 178/3390
f 686/3103 1597/1032 1996/1035
f 2264/1819 1938/170 424/3220
f 424/3220 1479/1820 2264/1819
f 2156/3554 2191/2078 2200/3508
f 2263/597 1139/1803 206/3019
f 456/3114 2076/1045 2262/1044
f 2262/1044 1592/1660 456/3114
f 1977/3516 1291/2917 1290/2919
f 2216/3518 2251/3552 2261/3549
f 2261/3549 2238/3517 2216/3518
f 2260/2214 2250/3544 2228/2130
f 889/2155 2236/3506 2227/1112
f 2259/3555 2247/3530 300/3263
f 300/3263 335/3274 2259/3555
f 2133/1842 1085/1864 1087/1912
f 2139/3556 2140/3557 2141/3558
f 1402/2014 2138/1801 2137/1557
f 1402/2014 1401/1802 2138/1801
f 2137/1557 796/1533 1402/2014
f 1229/2338 1398/1778 2136/1755
f 2136/1755 1230/1754 1229/2338
f 2135/974 1892/443 942/2527
f 942/2527 941/1344 2135/974
f 2134/1539 1191/1538 1168/2529
f 1168/2531 1167/1519 2134/1518
f 1087/1912 1460/1843 2133/1842
f 2142/1583 2140/3559 2139/3560
f 2132/1342 1317/1354 1319/2347
f 1319/2347 1495/1343 2132/1342
f 168/2963 1375/1799 2131/766
f 2131/766 1353/1545 168/2963
f 350/3115 1592/1660 2130/898
f 2130/897 351/3236 350/3235
f 676/3005 2129/98 1622/104
f 1622/104 677/3153 676/3005
f 527/3299 2096/3561 573/3463
f 800/2153 2118/3562 2128/2150
f 931/2514 930/1480 2148/410
f 517/3197 1424/314 2014/317
f 2152/1496 1256/1645 1255/2301
f 1255/2301 1279/1497 2152/1496
f 1254/2441 1442/400 2151/403
f 2151/403 1252/1626 1254/2441
f 1251/2020 1250/291 1706/294
f 2150/1629 1480/1628 1120/2045
f 1120/2045 1119/1830 2150/1629
f 2149/527 1627/526 284/2269
f 284/2269 283/2994 2149/527
f 2148/410 1583/364 931/2514
f 2127/3563 637/2809 636/2568
f 2147/500 1960/499 1962/1884
f 1962/1884 1778/2073 2147/500
f 714/3006 1695/310 2129/98
f 2129/98 676/3005 714/3006
f 2146/3564 573/3463 2096/3561
f 2096/3561 2119/3565 2146/3564
f 2145/2356 2118/3562 2095/2357
f 2139/3566 2144/3567 2143/3568
f 2144/1584 2142/1583 2139/3560
f 2139/3566 2141/3569 2143/3568
f 15/3206 1508/452 2109/455
f 2116/1198 1363/1810 854/2185
f 854/2185 853/1199 2116/1198
f 1276/2374 1832/567 2115/580
f 2115/580 1274/1807 1276/2374
f 939/2558 1419/1685 2114/1536
f 2114/1536 937/1463 939/2558
f 2111/2451 2112/725 2113/728
f 2113/728 1678/2452 2111/2451
f 2111/2451 429/2543 2112/725
f 251/2418 2099/3570 2110/1396
f 2110/1396 248/1395 251/2418
f 1015/2298 1014/1668 2117/544
f 2109/455 839/3223 15/3206
f 1899/915 2051/691 2108/694
f 2108/694 1900/1725 1899/915
f 646/3030 2107/1767 1562/1305
f 1562/1305 643/3127 646/3030
f 1975/3571 2106/3572 2063/3573
f 2106/3574 2064/3575 2063/3576
f 1977/3516 1975/3571 2063/3573
f 2062/3577 2075/3578 800/2153
f 857/1833 2105/1832 2087/3579
f 2121/873 1334/1294 388/2986
f 2126/1079 1868/280 734/2256
f 734/2256 733/1385 2126/1079
f 2125/536 1808/535 1364/1958
f 1364/1958 1363/1810 2125/536
f 2124/1240 791/1239 475/3315
f 475/3315 31/3314 2124/1240
f 68/3086 1550/161 2123/160
f 2123/160 1167/1519 68/3086
f 429/2543 428/1520 2112/725
f 2122/564 1494/563 1186/2309
f 1186/2309 1185/1398 2122/564
f 2140/3557 2153/1091 2154/1098
f 388/2991 1353/1546 2121/893
f 1530/2211 1960/499 2120/502
f 2120/502 1527/1868 1530/2211
f 1054/3029 1623/1613 2107/1767
f 646/3030 1054/3029 2107/1767
f 2064/3575 2106/3574 2119/3565
f 2119/3565 2096/3561 2064/3575
f 2075/3578 2095/2357 2118/3562
f 2118/3562 800/2153 2075/3578
f 2117/544 1554/543 1015/2298
f 804/3022 2183/2249 2170/853
f 2188/718 2035/717 330/2412
f 330/2412 329/3231 2188/718
f 2187/751 2081/750 592/3464
f 592/3464 322/3469 2187/751
f 654/3443 968/1362 2068/804
f 2186/659 2040/658 95/3327
f 95/3327 651/3018 2186/659
f 352/3233 2098/609 2185/608
f 2185/608 1025/1522 352/3233
f 1826/3580 1838/275 2184/60
f 2184/60 1827/59 1826/3580
f 261/3266 298/3265 2189/2611
f 2170/853 781/3020 804/3022
f 573/3463 2146/3564 612/3447
f 2182/2126 2181/3529 2145/2356
f 2181/3529 2157/3581 2145/2356
f 2180/3582 2143/3568 2141/3569
f 2141/3569 2179/3583 2180/3582
f 2141/3558 2156/3554 2179/3535
f 113/3067 1484/106 2178/109
f 2178/109 1231/1257 113/3067
f 2176/2610 2177/2728 226/3366
f 60/2916 1294/1357 2194/1356
f 2200/3508 2179/3535 2156/3554
f 156/3381 1809/934 2199/933
f 2199/933 152/3382 156/3381
f 2198/486 2197/584 727/2450
f 727/2450 1831/487 2198/486
f 2197/584 725/2993 727/2450
f 2196/1126 1272/449 1001/2416
f 1001/2416 1000/1740 2196/1126
f 754/3419 814/1364 2195/1367
f 2195/1367 755/3177 754/3419
f 2194/1356 1316/1822 60/2916
f 2177/2728 227/3367 226/3366
f 2193/1335 1697/1603 1266/1484
f 1266/1484 1265/1330 2193/1335
f 1794/1999 1774/1918 1313/3584
f 2192/3510 612/3447 2146/3564
f 2146/3564 2169/3526 2192/3510
f 2181/3529 2168/2105 2157/3581
f 2191/2078 2156/3554 2154/1098
f 2190/1166 1709/3585 1198/2551
f 1198/2551 1197/1167 2190/1166
f 2189/2611 2176/2610 261/3266
f 1544/1207 1543/1823 2159/179
f 2165/1106 293/3180 296/2303
f 2164/880 1481/1204 288/3218
f 288/3218 292/3260 2164/880
f 2163/1134 1983/523 591/2064
f 591/2064 590/3465 2163/1134
f 2161/1011 2162/2711 316/2375
f 2162/2711 1246/2376 316/2375
f 316/2375 315/1997 2161/1011
f 2065/1659 2160/2712 751/2278
f 2160/2712 748/3190 751/2278
f 2159/179 1802/178 1544/1207
f 1574/1107 2165/1106 296/2303
f 714/3006 713/3496 1695/310
f 1976/3528 2158/3524 2106/3572
f 2158/3527 2119/3565 2106/3574
f 2106/3572 1975/3571 1976/3528
f 2118/3562 2145/2356 2157/3581
f 2157/3581 2128/2150 2118/3562
f 2140/3559 2142/1583 2155/1585
f 2140/3557 2154/1098 2156/3554
f 2156/3554 2141/3558 2140/3557
f 2155/1585 2153/2051 2140/3559
f 500/1420 499/1459 2171/1458
f 226/3366 261/3266 2176/2610
f 2175/138 1633/137 596/3090
f 596/3090 1342/1431 2175/138
f 140/2949 1481/1203 2174/823
f 2174/823 1273/1361 140/2949
f 2173/122 1584/121 760/1994
f 760/1994 759/1426 2173/122
f 315/1997 1889/1008 2161/1011
f 1116/2392 1478/1524 2172/1400
f 2172/1400 1114/1399 1116/2392
f 2171/1458 1180/1635 500/1420
f 2292/1587 1365/1586 1367/2325
f 781/3020 2170/853 1238/857
f 1238/857 747/3481 781/3020
f 2119/3565 2158/3527 2169/3526
f 2169/3526 2146/3564 2119/3565
f 2128/2150 2157/3581 2168/2105
f 2155/1585 445/1665 2153/2051
f 42/2286 1618/1730 2167/688
f 2167/688 39/3336 42/2286
f 2166/113 1753/112 558/2257
f 558/2257 557/1445 2166/113
f 2401/1676 2203/2684 579/3444
f 1039/3157 2012/907 2406/906
f 2406/906 1010/1387 1039/3157
f 763/3084 1844/253 2405/210
f 2405/210 2267/209 763/3084
f 761/2959 2208/504 2404/1796
f 2404/1796 1378/1795 761/2959
f 2403/1453 2163/1134 590/3465
f 590/3465 622/1454 2403/1453
f 2220/826 1829/593 465/3319
f 535/3295 2052/1633 2402/529
f 2402/529 1797/528 535/3295
f 2407/147 1662/146 602/3132
f 579/3444 960/1550 2401/1676
f 1733/3509 532/3297 1264/2957
f 775/3485 2370/3586 802/3414
f 84/3333 2390/3587 49/3334
f 2400/3588 2389/3589 1282/3590
f 1282/3590 1330/3591 2400/3588
f 561/3476 1709/3585 2045/3592
f 792/3106 2103/369 2399/680
f 2399/680 1601/1620 792/3106
f 1149/3079 2397/2170 2398/568
f 2398/568 1832/567 1149/3079
f 613/3429 2203/2684 2412/1693
f 402/3251 1856/636 2418/254
f 2418/254 1844/253 402/3251
f 2416/3593 2417/1739 1188/3064
f 2417/1739 1440/1475 1188/3064
f 1188/3064 1191/3063 2416/3593
f 2415/842 2009/841 786/3493
f 786/3494 1996/1089 2415/1088
f 2414/492 1736/491 966/3112
f 966/3112 1596/1321 2414/492
f 2413/531 1803/577 994/3428
f 994/3428 1797/528 2413/531
f 1149/3079 659/3217 2397/2170
f 2412/1693 991/1692 613/3429
f 1137/2820 2411/1299 710/1806
f 1137/2820 2410/1331 2411/1299
f 1476/3182 2409/3594 2381/3595
f 2409/3596 2391/3597 2381/3598
f 2381/3595 1429/3183 1476/3182
f 831/2198 2390/3587 832/2873
f 2408/3599 2400/3588 1330/3591
f 1330/3591 1369/3600 2408/3599
f 602/3480 1835/3601 2407/3602
f 1590/3093 1211/3053 1214/3052
f 2386/582 1985/978 690/2992
f 690/2992 1357/583 2386/582
f 507/3282 2374/2661 2385/760
f 2385/760 1939/759 507/3282
f 2384/783 2205/782 1164/2915
f 1164/2915 902/3071 2384/783
f 901/3210 1531/56 2383/301
f 2383/301 899/3205 901/3210
f 531/3290 2028/616 2382/615
f 2382/1571 1852/1570 531/3296
f 1214/3052 1576/3099 1590/3093
f 2376/878 2043/877 1065/2383
f 1429/3183 2381/3595 2336/3603
f 2381/3598 2349/3604 2336/3605
f 2336/3603 1351/2998 1429/3183
f 2348/2197 2360/3606 831/2198
f 1172/3607 2380/3608 2369/3609
f 1172/3607 1233/3610 2380/3608
f 2379/708 2313/741 39/3336
f 39/3336 2167/688 2379/708
f 185/3179 1942/712 2378/716
f 2378/716 1443/1873 185/3179
f 1734/3611 533/3298 532/3297
f 2396/1316 1121/1814 1088/3002
f 1088/3002 1092/1317 2396/1316
f 543/3293 1953/643 2395/260
f 2395/260 1749/259 543/3293
f 2394/1142 2384/783 902/3071
f 902/3071 906/1143 2394/1142
f 748/3190 2160/2712 2393/1850
f 2393/1850 1414/1849 748/3190
f 1875/3612 1887/183 2392/186
f 2392/186 1876/1327 1875/3612
f 532/3297 1733/3509 1734/3611
f 2023/774 2013/874 1068/3031
f 2391/3597 2370/3586 2349/3604
f 2349/3604 2381/3598 2391/3597
f 2390/3587 831/2198 2360/3606
f 2360/3606 49/3334 2390/3587
f 2389/3589 2380/3608 1233/3610
f 1233/3610 1282/3590 2389/3589
f 2388/1493 2300/3613 1072/3016
f 1072/3016 1101/1494 2388/1493
f 2387/1276 2312/2625 697/3061
f 697/3061 1194/1277 2387/1276
f 805/3072 1138/1147 2441/1146
f 2446/441 2445/2905 220/2925
f 220/2925 1324/442 2446/441
f 2445/2905 258/3144 220/2925
f 2444/642 1535/641 1146/3080
f 1146/3080 1121/1814 2444/642
f 2443/1541 2364/2673 1377/2960
f 1377/2960 1029/1542 2443/1541
f 620/3204 1509/1711 2241/1710
f 2442/93 2007/664 871/3403
f 871/3403 1877/94 2442/93
f 805/3072 2441/1146 2361/1824
f 914/2946 1256/1645 2447/713
f 1576/3099 1214/3052 1826/3580
f 1826/3580 867/3422 1576/3099
f 802/3414 2421/1432 866/1358
f 832/2873 2420/3614 983/1464
f 1448/3615 1487/3616 83/3617
f 83/3617 48/3618 1448/3615
f 2226/3513 2431/3619 667/3424
f 2440/1862 2366/2716 1128/3027
f 1128/3027 1423/1863 2440/1862
f 973/3117 2011/834 2439/115
f 708/1551 779/1537 674/1922
f 2457/1279 1007/1278 258/3144
f 788/3492 1929/653 2456/96
f 2456/96 1843/95 788/3492
f 1062/3032 2232/885 2455/1521
f 2455/1521 428/1520 1062/3032
f 2454/1242 2186/659 651/3018
f 651/3018 1141/1243 2454/1242
f 899/3205 2383/301 2453/453
f 2453/453 1508/452 899/3205
f 2452/177 1579/1117 836/3095
f 836/3095 1802/178 2452/177
f 2439/115 1551/114 973/3117
f 1489/1406 2451/1392 2409/3594
f 2451/1405 2433/1433 2409/3596
f 2409/3594 1476/3182 1489/1406
f 2450/1377 983/1464 2420/3614
f 2420/3614 121/1434 2450/1377
f 1487/3616 2449/1436 83/3617
f 1487/3616 1522/1437 2449/1436
f 2448/3620 2259/3555 335/3274
f 335/3274 1970/1442 2448/3620
f 2447/713 1942/712 914/2946
f 1113/3004 675/1247 2422/1246
f 2428/85 2427/1499 254/3375
f 254/3375 1940/86 2428/85
f 2427/1499 1002/1498 254/3375
f 360/3111 2100/951 2426/1033
f 2426/1033 1597/1032 360/3111
f 2425/224 1878/606 586/3466
f 586/3466 1853/225 2425/224
f 2424/1744 2317/2602 618/3069
f 618/3069 1216/1745 2424/1744
f 1113/3004 2422/1246 2423/961
f 2423/961 1507/960 1113/3004
f 2429/1875 826/1856 825/3062
f 1924/3515 1112/1486 1696/1485
f 1696/1485 1292/2918 1924/3515
f 2421/1432 802/3414 2370/3586
f 2370/3586 2391/3597 2421/1432
f 2420/3614 832/2873 2390/3587
f 2390/3587 84/3333 2420/3614
f 47/3621 2408/3599 1369/3600
f 1369/3600 1404/3622 47/3621
f 192/3389 2212/3520 2419/3623
f 2419/3623 1835/3601 192/3389
f 2433/1433 2421/1432 2391/3597
f 2438/724 1766/723 847/3426
f 847/3426 1750/1649 2438/724
f 843/3158 2221/331 2437/88
f 2437/88 1613/87 843/3158
f 2436/1741 2329/2675 1028/2956
f 1028/2956 1271/1742 2436/1741
f 2435/173 1937/1072 648/3164
f 648/3164 1626/174 2435/173
f 711/3497 2283/963 2339/2588
f 958/2781 2434/2790 959/1680
f 2434/2790 1608/1681 959/1680
f 2377/1811 2376/878 1361/2382
f 2391/3597 2409/3596 2433/1433
f 121/1434 2420/3614 84/3333
f 1404/3622 1448/3615 48/3618
f 48/3618 47/3621 1404/3622
f 855/2954 2431/3619 2432/1869
f 2432/1869 1280/1871 855/2954
f 855/2954 667/3424 2431/3619
f 2430/75 1834/53 438/3304
f 438/3304 1808/535 2430/75
f 825/3062 2287/2685 2429/1875
f 2317/2602 2306/2601 615/3477
f 729/3089 1987/27 2323/26
f 2323/26 1588/1780 729/3089
f 2322/1029 1986/1028 107/2913
f 107/2913 1300/1646 2322/1029
f 2321/685 2021/684 821/2976
f 821/2976 1396/1757 2321/685
f 66/3361 2320/602 2319/1176
f 66/3361 2054/603 2320/602
f 2319/1176 1762/1175 66/3361
f 2318/1797 2149/527 283/2994
f 283/2994 1354/1798 2318/1797
f 2324/107 1484/106 1485/2399
f 615/3477 618/3069 2317/2602
f 1021/3438 2218/235 2316/418
f 2316/418 1747/417 1021/3438
f 126/3337 9/1205 838/1222
f 837/3410 242/3243 126/3337
f 838/1222 837/3410 126/3337
f 707/3499 2281/3548 741/3484
f 2315/3624 2279/3539 2278/3538
f 2278/3538 919/3625 2315/3624
f 80/3077 2313/741 2314/743
f 279/3081 1183/1245 2328/175
f 2333/820 2044/483 111/3068
f 111/3068 1230/1754 2333/820
f 551/3118 1551/114 2332/117
f 2332/117 1420/1700 551/3118
f 2331/838 2070/837 103/3324
f 103/3324 1035/1627 2331/838
f 936/3441 1842/521 2330/522
f 2330/489 1966/488 936/3440
f 2329/2675 2008/1712 358/3224
f 358/3224 1028/2956 2329/2675
f 2328/175 1626/174 279/3081
f 2314/743 1152/1683 80/3077
f 2327/337 1453/459 645/3168
f 645/3168 1430/338 2327/337
f 498/3094 348/2634 242/3243
f 242/3243 837/3410 498/3094
f 2326/3626 741/3484 2281/3548
f 2281/3548 2304/3627 2326/3626
f 2280/3550 2293/2179 2303/3628
f 2325/3629 2315/3624 919/3625
f 919/3625 918/3630 2325/3629
f 1485/2399 1788/953 2324/107
f 2296/1012 1926/1015 246/3378
f 1044/3045 2300/3613 2301/1752
f 2301/1752 1045/1751 1044/3045
f 1044/3045 1072/3016 2300/3613
f 2177/2728 2289/2727 227/3367
f 2299/746 2124/1240 31/3314
f 31/3314 1955/747 2299/746
f 2197/584 1357/583 725/2993
f 1678/2452 2113/728 2298/222
f 2298/222 1676/221 1678/2452
f 2297/284 1840/283 541/3294
f 541/3160 1612/1600 2297/1599
f 919/3407 2278/3541 888/3400
f 246/3378 1803/577 2296/1012
f 2295/534 2147/500 1778/2073
f 1778/2073 1777/532 2295/534
f 807/1206 10/2422 2282/2243
f 2282/2243 803/3491 807/1206
f 1350/2995 2294/3631 2251/3551
f 2294/3632 2261/3549 2251/3552
f 1352/2996 1350/2995 2251/3551
f 2293/2179 2280/3550 2260/2214
f 1367/2325 2291/1411 2292/1587
f 2307/494 1612/1596 932/3159
f 80/3077 39/3336 2313/741
f 2312/2625 2189/2611 298/3265
f 298/3265 697/3061 2312/2625
f 72/3360 1968/515 2311/518
f 2311/518 876/1171 72/3360
f 1515/2358 2010/2686 2310/1318
f 2310/1318 1092/1317 1515/2358
f 469/3316 2308/2632 2309/2631
f 2309/2631 470/3317 469/3316
f 469/3316 875/2977 2308/2632
f 932/3159 1736/491 2307/494
f 2334/599 2058/598 152/3382
f 2306/2601 2077/990 582/3467
f 582/3467 615/3477 2306/2601
f 894/3391 898/1528 2305/1548
f 2305/1548 926/1547 894/3391
f 807/1206 9/1205 10/2422
f 2261/3549 2294/3632 2304/3627
f 2304/3627 2281/3548 2261/3549
f 2303/3628 2302/2650 2270/3543
f 2270/3543 2280/3550 2303/3628
f 2302/2650 2271/2637 2270/3543
f 806/3119 805/3072 2361/1824
f 514/3028 1128/3027 2366/2716
f 1786/3633 2084/80 2365/1057
f 2365/1057 1752/1417 1786/3633
f 2265/555 1322/554 623/2926
f 875/2977 2364/2673 2308/2632
f 875/2977 1377/2960 2364/2673
f 755/3177 2195/1367 2363/1566
f 2363/1566 1456/1565 755/3177
f 2362/565 1912/1037 1901/2311
f 1901/2311 1580/363 2362/565
f 2361/1824 1543/1823 806/3119
f 514/3028 2366/2716 2258/2705
f 1212/3055 1620/2891 2351/2890
f 1181/3082 1212/3055 2351/2890
f 741/3484 2326/3626 775/3485
f 2360/3606 2348/2197 2303/3628
f 2303/3628 50/2178 2360/3606
f 2359/3634 2347/3635 1102/3636
f 1102/3636 1132/3637 2359/3634
f 481/3196 1943/478 2358/315
f 2358/315 1424/314 481/3196
f 148/3195 1918/1082 2357/1084
f 868/3423 1827/59 2371/58
f 1361/2382 1360/1812 2377/1811
f 2376/878 1065/2383 1361/2382
f 2375/946 1806/945 657/3449
f 657/3449 1799/1031 2375/946
f 2309/2631 2374/2661 470/3317
f 2374/2661 507/3282 470/3317
f 842/3427 1569/3124 2373/1365
f 2373/1365 814/1364 842/3427
f 839/3223 2109/455 2372/1867
f 2372/1867 1491/1866 839/3223
f 2371/1041 2076/1040 868/3420
f 2357/1084 1398/1778 148/3195
f 1211/3053 1590/3093 1620/3156
f 1212/3055 1211/3054 1620/2891
f 2370/3586 775/3485 2326/3626
f 2326/3626 2349/3604 2370/3586
f 49/3334 2360/3606 50/2178
f 2369/3609 2359/3634 1132/3637
f 1132/3637 1172/3607 2369/3609
f 2368/1719 2367/1618 1604/2370
f 1604/2370 1603/1717 2368/1719
f 2367/1618 1771/1617 1604/2370
f 746/3482 711/3497 2339/2588
f 293/3180 2165/1106 2344/401
f 2344/401 1442/400 293/3180
f 2343/881 2164/880 292/3260
f 292/3260 1737/1086 2343/881
f 2342/448 2206/2708 723/2955
f 723/2955 1272/449 2342/448
f 390/3046 2030/1848 2341/1217
f 2341/1217 1084/1216 390/3046
f 311/3277 1963/956 2340/959
f 2340/959 1828/931 311/3277
f 2339/2588 2338/2606 746/3482
f 479/2980 1382/1684 2345/247
f 2338/2606 780/3021 746/3482
f 497/1419 2337/1418 348/2634
f 498/3094 497/1419 348/2634
f 1351/2998 2336/3603 2294/3631
f 2336/3605 2304/3627 2294/3632
f 2294/3631 1350/2995 1351/2998
f 50/2178 2303/3628 2293/2179
f 918/3630 2335/3638 2325/3629
f 918/3630 982/3639 2335/3638
f 152/3382 2199/933 2334/599
f 2350/2649 2337/1418 1182/1430
f 2356/1415 2022/1647 1681/3145
f 1681/3145 1724/1416 2356/1415
f 2092/557 2244/2731 326/3272
f 2355/296 1628/981 396/2927
f 396/2927 1321/297 2355/296
f 2354/844 2053/843 683/3003
f 683/3003 1117/1219 2354/844
f 503/3033 2029/809 2353/808
f 2353/808 1748/1069 503/3033
f 780/3021 2338/2606 2352/1148
f 2352/1148 1138/1147 780/3021
f 2105/1832 2088/3640 2087/3579
f 1181/3082 2351/2890 2350/2649
f 2350/2649 1182/1430 1181/3082
f 2304/3627 2336/3605 2349/3604
f 2349/3604 2326/3626 2304/3627
f 2302/2650 2303/3628 2348/2197
f 2347/3635 2335/3638 982/3639
f 982/3639 1102/3636 2347/3635
f 229/3221 1956/150 2346/458
f 2346/458 1502/451 229/3221
f 2345/247 2057/231 479/2980
f 1792/3641 1812/3642 1837/3643
f 1843/95 27/3305 30/2884
f 1842/521 936/3441 935/2772
f 935/2772 1841/2065 1842/521
f 1840/283 1335/1293 542/1914
f 542/1914 541/3294 1840/283
f 1268/2406 1267/1256 1839/1255
f 1839/1255 1673/2407 1268/2406
f 1214/3052 1213/1369 1838/275
f 1838/275 1826/3580 1214/3052
f 1407/3644 1427/3521 89/3323
f 89/3323 56/2363 1407/3644
f 30/2884 788/3492 1843/95
f 1837/3643 344/3250 1792/3641
f 523/2787 1825/194 524/239
f 301/3262 1836/3645 1810/3646
f 304/2486 1836/3645 301/3262
f 193/2156 192/3389 1835/3601
f 1835/3601 602/3480 193/2156
f 1834/53 1833/1731 439/2554
f 439/2554 438/3304 1834/53
f 1833/1731 1660/2555 439/2554
f 1150/1960 1149/3079 1832/567
f 738/1119 1308/3647 771/2419
f 585/2067 1217/1544 1853/226
f 1853/225 586/3466 585/2068
f 1673/2407 1839/1255 1674/1602
f 532/3297 531/3296 1852/1570
f 1852/1570 1264/2957 532/3297
f 1451/3648 745/3649 310/3278
f 243/3270 1427/3521 1451/3648
f 310/3278 243/3270 1451/3648
f 1109/3000 1851/3650 1811/3651
f 1851/3652 1850/3653 1811/3654
f 1850/3653 1812/3642 1811/3654
f 1832/567 1276/2374 1150/1960
f 1848/3655 1849/3656 1836/3645
f 1849/3656 1810/3646 1836/3645
f 1836/3645 1847/3657 1848/3655
f 1836/3645 304/2486 1847/3657
f 631/2169 1280/1871 1846/1872
f 1846/1872 191/3388 631/2169
f 372/2467 979/2466 1845/1099
f 1845/1104 369/3228 372/3227
f 403/2614 402/3251 1844/253
f 1844/253 763/3084 403/2614
f 1812/3642 1792/3641 1758/3658
f 1818/1110 1819/2344 1820/2414
f 1513/2265 1798/1197 1514/1159
f 1704/1879 1703/3659 1816/3660
f 1816/3660 1817/2513 1704/1879
f 1815/132 1611/131 1610/2189
f 1610/2189 583/2479 1815/132
f 14/2420 129/3343 1814/47
f 1814/47 1566/2238 14/2420
f 1813/2350 1020/2280 1019/3439
f 1019/3439 1409/3661 1813/2350
f 1758/3658 1811/3654 1812/3642
f 1820/2414 1807/2413 1818/1110
f 1758/3658 1757/3662 1811/3654
f 452/1735 1791/3663 523/2787
f 1810/3646 1790/3664 1789/3665
f 1789/3665 301/3262 1810/3646
f 1789/3665 302/2702 301/3262
f 155/2221 1231/1257 1809/908
f 1809/934 156/3381 155/2227
f 1808/535 438/3304 437/1957
f 437/1957 1364/1958 1808/535
f 1785/2473 1037/2472 1786/3633
f 1409/3661 1407/3644 56/2363
f 1379/2449 1378/1795 1831/487
f 1831/487 727/2450 1379/2449
f 1830/1594 1805/1593 139/3340
f 139/3340 177/3369 1830/1594
f 1829/593 1719/592 466/2777
f 466/2777 465/3319 1829/593
f 312/2459 311/3277 1828/931
f 1828/931 1647/1880 312/2459
f 1827/59 868/3423 867/3422
f 867/3422 1826/3580 1827/59
f 56/2363 1813/2350 1409/3661
f 1166/1320 759/1426 758/2617
f 1109/3000 1811/3651 1757/3666
f 1110/3001 1109/3000 1757/3666
f 1791/3663 492/312 1825/194
f 1825/194 523/2787 1791/3663
f 1196/1976 1257/1859 1824/1861
f 1824/246 1197/1168 1196/1977
f 1821/2538 1822/574 1823/576
f 1823/576 1070/2553 1821/2538
f 1821/2538 1635/1901 1822/574
f 1800/1529 1360/1812 1359/2872
f 240/3037 274/3667 1885/1625
f 1323/2528 942/2527 1892/443
f 1765/1961 1764/1577 1880/374
f 1437/2187 1436/558 1890/560
f 1890/560 1891/2113 1437/2187
f 20/1996 19/1478 1889/1008
f 1889/1008 315/1997 20/1996
f 461/2093 717/1428 1888/271
f 1888/271 458/3313 461/2093
f 1887/183 1875/3612 1874/309
f 1874/309 1886/919 1887/183
f 1885/1625 1051/1373 240/3037
f 1892/443 1324/442 1323/2528
f 1883/3668 1884/3669 1837/3643
f 1884/3669 386/3256 1837/3643
f 1837/3643 1850/3653 1883/3668
f 1882/1954 1869/3670 1859/2485
f 1770/2371 1604/2370 1771/1617
f 1634/270 1822/574 1635/1901
f 1881/943 183/1337 147/2829
f 147/2829 146/3198 1881/943
f 1880/374 1721/467 1720/1962
f 1720/1962 1765/1961 1880/374
f 274/3667 346/3074 1898/1575
f 1685/279 1686/479 1683/2035
f 550/1908 1273/1361 1904/404
f 1904/404 547/3291 550/1908
f 1903/588 1830/1594 177/3369
f 177/3369 215/3368 1903/588
f 1902/1502 1533/1723 1060/2117
f 1060/2117 1059/1503 1902/1502
f 1580/363 1901/2311 1581/1985
f 1886/919 1900/1725 1887/183
f 1886/919 1899/915 1900/1725
f 1898/1575 1885/1625 274/3667
f 1297/1982 1296/35 1879/38
f 1897/3671 1883/3668 1850/3653
f 1850/3653 1851/3652 1897/3671
f 771/2419 1871/3672 772/2580
f 1896/3673 1870/3674 1869/3670
f 1869/3670 1895/3675 1896/3673
f 1869/3670 1882/1954 1895/3675
f 1894/987 915/1334 884/2532
f 884/2532 883/1178 1894/987
f 1658/2028 1657/1329 1893/207
f 1893/207 1381/1927 1658/2028
f 344/3250 1837/3643 386/3256
f 1003/2063 1002/1498 1865/444
f 1865/444 1854/2292 1003/2063
f 321/2810 1220/1394 1864/162
f 1864/162 318/2948 321/2810
f 1863/265 1217/1543 1219/2161
f 1219/2161 998/2162 1863/265
f 1492/2069 1491/1866 1861/43
f 1861/43 1862/2348 1492/2069
f 1696/1485 1266/1484 1697/1603
f 743/3100 1576/3099 867/3422
f 867/3422 744/3421 743/3100
f 510/2906 851/1260 1866/1001
f 1860/2253 1308/3647 1284/2296
f 1859/2485 1847/3657 304/2486
f 1858/1021 700/1347 699/2079
f 699/2079 915/1334 1858/1021
f 1857/866 978/1720 977/2094
f 977/2094 1011/1386 1857/866
f 405/2845 791/1239 1856/636
f 1856/636 402/3251 405/2845
f 1855/33 1464/1760 1463/1970
f 1463/1970 1854/2292 1855/33
f 1850/3653 1837/3643 1812/3642
f 1879/38 363/1983 1297/1982
f 1878/606 1354/1798 587/2091
f 587/2091 586/3466 1878/606
f 870/2157 1735/413 1877/94
f 1877/94 871/3403 870/2157
f 1873/9 1875/3612 1876/1327
f 1876/1327 1669/119 1873/9
f 1873/9 1874/309 1875/3612
f 202/3676 1872/1155 533/1154
f 533/3298 1734/3611 202/3677
f 202/3678 203/3047 1872/1253
f 658/2415 657/3449 1806/945
f 1308/3647 1860/2253 1871/3672
f 1871/3672 771/2419 1308/3647
f 1870/3674 1848/3655 1847/3657
f 1847/3657 1869/3670 1870/3674
f 1847/3657 1859/2485 1869/3670
f 1868/280 1685/279 1684/2201
f 1684/2201 734/2256 1868/280
f 1867/399 853/1199 409/2218
f 409/2218 408/2982 1867/399
f 1866/1001 511/1836 510/2906
f 1733/3509 1642/3679 201/3680
f 1737/1086 292/3260 291/2738
f 471/2663 470/3317 507/3282
f 934/2047 966/3112 1736/491
f 1736/491 932/3159 934/2047
f 1718/2377 1717/1674 1735/413
f 1735/413 870/2157 1718/2377
f 1387/1469 1714/1468 1388/794
f 747/3481 1238/857 1237/1118
f 1237/1118 712/3498 747/3481
f 201/3387 1734/3681 1733/3682
f 201/3387 202/3385 1734/3681
f 291/2738 474/1402 1737/1086
f 1692/3683 1691/475 1732/474
f 1731/3684 450/2469 1692/3683
f 1732/474 1730/3685 1692/3683
f 1692/3683 1730/3685 1731/3684
f 1729/3686 1688/3687 1687/3688
f 1687/3688 1728/3689 1729/3686
f 1687/3688 1710/2182 1728/3689
f 1727/23 883/1178 882/2409
f 882/2409 1520/2408 1727/23
f 1726/513 1469/1561 1468/2837
f 272/3152 1693/3690 307/3249
f 1750/1649 847/3426 548/1980
f 548/1981 547/3292 1750/1650
f 544/1934 543/3293 1749/259
f 1749/259 1439/1935 544/1934
f 1244/1764 997/1815 996/2839
f 1748/1069 717/1428 504/2853
f 504/2853 503/3033 1748/1069
f 1747/417 1391/1509 1390/2697
f 1390/2697 1022/2620 1747/417
f 1746/1943 1712/2120 1157/3691
f 1157/3691 1261/3692 1746/1943
f 1468/2837 1725/2373 1726/513
f 1730/3685 1745/2480 1744/2484
f 1730/3685 1732/474 1745/2480
f 1744/2484 1731/3684 1730/3685
f 1743/2173 1728/3689 1710/2182
f 443/2336 1742/1465 1741/396
f 1741/396 440/3303 443/2336
f 1483/2823 1482/1559 1501/1697
f 1740/3 1738/1516 1707/2049
f 1707/2049 1655/1388 1740/3
f 1738/1516 1739/3693 1707/2049
f 1694/1019 1695/310 713/3496
f 1706/294 474/1402 473/2021
f 473/2021 1251/2020 1706/294
f 1356/1964 1355/469 1705/377
f 1705/377 1032/1965 1356/1964
f 1700/1878 1702/3694 1703/3659
f 1703/3659 1704/1879 1700/1878
f 1700/1878 1701/1966 1702/3694
f 1671/2430 1670/1714 1698/1671
f 1698/1671 1699/2431 1671/2430
f 1292/2918 1697/1603 1293/1301
f 1292/2918 1696/1485 1697/1603
f 1655/1388 1707/2049 1656/3134
f 712/3498 1237/1118 1694/1019
f 1694/1019 713/3496 712/3498
f 1693/3690 272/3152 86/3151
f 86/3151 123/3142 1693/3690
f 1691/475 1692/3683 1689/966
f 1689/966 1692/3683 450/2469
f 1689/966 1690/2681 1691/475
f 1688/3687 1639/3163 1638/3135
f 1638/3135 1687/3688 1688/3687
f 1638/3135 1663/2216 1687/3688
f 1715/1482 1716/698 1713/671
f 1724/1416 1681/3145 1680/3148
f 1680/3148 1723/3695 1724/1416
f 1034/2206 1721/467 1722/328
f 1722/328 1035/1627 1034/2206
f 1034/2206 1720/1962 1721/467
f 1032/1965 1705/377 1033/380
f 1719/592 906/1143 905/2776
f 905/2776 466/2777 1719/592
f 1699/2431 1698/1671 1717/1674
f 1717/1674 1718/2377 1699/2431
f 1713/671 1714/1468 1715/1482
f 1723/3695 1751/3696 1752/1417
f 1713/671 1388/794 1714/1468
f 1712/2120 1666/2135 1135/3149
f 1135/3149 1157/3691 1712/2120
f 123/3142 1641/3139 1693/3690
f 1690/2681 1711/353 1691/475
f 1710/2182 1687/3688 1663/2216
f 1709/3585 561/3476 560/2552
f 560/2552 1198/2551 1709/3585
f 1708/230 1423/1863 1422/2038
f 1422/2038 480/2037 1708/230
f 451/3322 1773/3697 1791/3663
f 1569/3124 842/3427 841/1939
f 1797/528 994/3428 536/2176
f 536/2176 535/3295 1797/528
f 1564/2315 1563/1179 1795/1181
f 1795/1181 1796/2457 1564/2315
f 1793/2435 1794/1999 1311/3698
f 1794/1999 1313/3584 1311/3698
f 1311/3698 990/3431 1793/2435
f 1693/3690 1758/3658 1792/3641
f 1792/3641 307/3249 1693/3690
f 1791/3663 452/1735 451/3322
f 1798/1197 1513/2265 1763/2268
f 1790/3664 1756/3699 1755/3700
f 1755/3700 1789/3665 1790/3664
f 1755/3700 1772/2188 1789/3665
f 1153/2217 1152/1683 1788/953
f 1788/953 1485/2399 1153/2217
f 1787/937 1194/1277 1193/2402
f 1193/2402 1327/2924 1787/937
f 1751/3696 1786/3633 1752/1417
f 1751/3696 1785/2473 1786/3633
f 1341/2442 1340/1263 1783/1285
f 1773/3697 493/1783 492/312
f 1806/945 1807/2413 658/2415
f 1805/1593 1782/1215 99/3325
f 99/3325 139/3340 1805/1593
f 1804/169 1702/3694 1701/1966
f 1701/1966 425/2454 1804/169
f 245/1941 994/3428 1803/577
f 1803/577 246/3378 245/1941
f 1802/178 836/3095 838/1222
f 838/1222 1544/1207 1802/178
f 989/2515 1793/2435 990/3431
f 307/3249 1792/3641 344/3250
f 1783/1285 1784/2443 1341/2442
f 1773/3697 1744/2484 493/1783
f 492/312 1791/3663 1773/3697
f 302/2702 1789/3665 1772/2188
f 1589/2111 1588/1793 1801/366
f 1801/366 794/2393 1589/2111
f 1768/3701 1767/1515 1800/1529
f 1800/1529 1359/2872 1768/3701
f 1799/1031 657/3449 219/2833
f 219/2833 218/3222 1799/1031
f 1763/2268 1762/1175 1798/1197
f 1758/3658 1693/3690 1641/3139
f 1764/1623 1765/2327 848/2326
f 67/2329 66/3361 1762/1175
f 1762/1175 1763/2268 67/2329
f 1457/2200 1456/1565 1761/1568
f 1761/1568 1649/1865 1457/2200
f 209/2210 961/1506 1760/594
f 1760/594 206/3019 209/2210
f 1022/2620 1021/3438 1747/417
f 1759/1919 1746/1943 1261/3692
f 1261/3692 1285/3702 1759/1919
f 1757/3662 1758/3658 1641/3139
f 848/2326 847/3426 1766/723
f 1641/3139 1642/3138 1757/3662
f 450/2469 1731/3684 451/3322
f 1756/3699 1729/3686 1728/3689
f 1728/3689 1755/3700 1756/3699
f 1728/3689 1743/2173 1755/3700
f 1754/72 1346/1789 1345/2524
f 1345/2524 981/2523 1754/72
f 1753/112 945/1514 944/2258
f 944/2258 558/2257 1753/112
f 1752/1417 1724/1416 1723/3695
f 1110/3001 1757/3666 1642/3679
f 1782/1215 1497/1214 100/2305
f 100/2305 99/3325 1782/1215
f 1781/972 783/1456 720/2175
f 720/2175 719/1427 1781/972
f 1780/202 1162/1220 1161/2332
f 1161/2332 1779/2331 1780/202
f 1777/532 1778/2073 1775/2012
f 1775/2012 1776/2458 1777/532
f 1774/1918 1759/1919 1285/3702
f 1285/3702 1313/3584 1774/1918
f 1733/3509 1110/3001 1642/3679
f 1905/287 662/2205 1094/2204
f 1744/2484 1773/3697 1731/3684
f 1773/3697 451/3322 1731/3684
f 1772/2188 1755/3700 1743/2173
f 1771/1617 1401/1802 1400/2133
f 1400/2133 1770/2371 1771/1617
f 666/2656 1552/154 1769/153
f 1769/153 663/1258 666/2656
f 1738/1516 1767/1515 1739/3693
f 1767/1515 1768/3701 1739/3693
f 1766/723 1764/1623 848/2326
f 2041/778 1460/1844 1459/2561
f 2025/2802 2048/3703 2037/3704
f 2047/2774 2048/3703 2025/2802
f 562/2464 2045/3705 2046/1695
f 2046/1695 1637/1694 562/2464
f 562/2464 561/3475 2045/3705
f 2044/483 1682/482 112/2525
f 112/2525 111/3068 2044/483
f 2043/877 1093/1756 1066/2186
f 1066/2186 1065/2383 2043/877
f 2042/34 1855/33 1854/2292
f 1854/2292 1865/444 2042/34
f 2049/2424 2026/3706 2003/2396
f 1459/2560 1498/1500 2041/779
f 2040/658 1914/998 96/2499
f 96/2499 95/3327 2040/658
f 963/2319 1414/1849 2039/1507
f 2039/1507 961/1506 963/2319
f 1264/2957 1852/1570 2038/667
f 2038/667 1265/1330 1264/2957
f 1352/2996 896/3392 895/2997
f 455/3280 2004/3707 496/3281
f 1992/2783 2016/3708 799/860
f 23/3219 1480/1631 2054/627
f 2061/3709 2037/3704 2048/3703
f 2048/3703 2059/3710 2060/3711
f 2048/3703 2047/2774 2059/3710
f 2058/598 1257/1859 828/2945
f 828/2945 152/3382 2058/598
f 480/2037 2057/231 1708/230
f 480/2037 479/2980 2057/231
f 435/2556 434/1483 2056/683
f 2056/683 1192/2557 435/2556
f 2055/292 1250/291 1249/1993
f 1249/1992 1679/1729 2055/1728
f 2037/3704 2002/3712 2001/3713
f 2054/603 66/3361 23/3351
f 2053/843 1435/1632 684/2445
f 684/2445 683/3003 2053/843
f 538/2027 1593/1634 2052/1633
f 2052/1633 535/3295 538/2027
f 1716/698 1715/1482 2051/691
f 2051/691 1899/915 1716/698
f 1374/964 1288/236 673/2921
f 2050/3714 496/3281 2004/3707
f 2004/3707 2017/3715 2050/3714
f 22/2255 1533/1723 2019/1479
f 2025/2802 2001/3713 1991/2803
f 1446/2427 1445/509 2024/508
f 2024/508 1618/1730 1446/2427
f 1070/2553 1823/576 2023/774
f 2023/774 1068/3031 1070/2553
f 2022/1647 1616/1612 625/3146
f 625/3146 1681/3145 2022/1647
f 2021/684 1549/1734 822/2541
f 822/2541 821/2976 2021/684
f 2020/298 1321/297 1320/2089
f 1320/2089 724/2444 2020/298
f 1973/3716 2003/2396 2026/3706
f 2019/1479 19/1478 22/2255
f 1568/249 930/1480 929/2566
f 2018/5 1609/4 1181/3082
f 1181/3082 1180/1635 2018/5
f 2017/3715 2004/3707 1948/3717
f 1948/3717 1959/3718 2017/3715
f 2016/3708 1992/2783 1958/3719
f 1958/3719 1973/3716 2016/3708
f 337/690 336/3273 449/1897
f 1094/2204 1093/1756 1905/287
f 393/2215 1376/1845 2030/1848
f 2001/3713 2025/2802 2037/3704
f 2036/1718 1603/1717 1046/2489
f 1046/2489 1045/1751 2036/1718
f 1660/2555 1833/1731 1661/318
f 2035/717 2033/77 2034/2229
f 2034/2229 330/2412 2035/717
f 2033/77 1036/2230 2034/2229
f 2032/1688 1419/1685 972/2509
f 972/2511 971/1421 2032/1131
f 2031/1476 1119/1830 909/1963
f 909/1963 908/1477 2031/1476
f 2060/3711 2061/3709 2048/3703
f 2030/1848 390/3046 393/2215
f 1056/2536 1139/1803 2029/809
f 2029/809 503/3033 1056/2536
f 534/1152 1241/1401 2028/611
f 2028/616 531/3290 534/1153
f 896/3392 1352/2996 2005/3522
f 897/2987 896/3392 2005/3522
f 1974/3514 2027/3720 1959/3721
f 2027/3722 2017/3715 1959/3718
f 2026/3706 2016/3708 1973/3716
f 2089/307 1646/306 1645/422
f 2094/546 947/1312 950/2505
f 333/3107 1601/1622 2093/633
f 2093/632 1575/1170 333/2438
f 2033/77 2083/76 1036/2230
f 325/2475 1322/554 2092/557
f 2092/557 326/3272 325/2475
f 967/2496 1247/1758 2091/1060
f 2091/1065 968/1363 967/2497
f 1980/3723 2078/3724 213/2277
f 811/1917 1243/1144 2090/709
f 2090/709 812/1457 811/1917
f 950/2505 1554/543 2094/546
f 1645/422 1667/1295 2089/307
f 1561/1192 992/3191 644/3128
f 496/3281 2050/3714 527/3299
f 799/860 2062/3577 800/2153
f 2088/3640 2060/3711 2059/3710
f 2059/3710 2087/3579 2088/3640
f 2059/3710 2074/2462 2087/3579
f 1305/2547 1304/333 2086/365
f 2086/365 1519/1835 1305/2547
f 2085/1513 1537/1670 946/2287
f 1965/2389 1964/3725 2099/3570
f 2087/3579 858/2461 857/1833
f 2104/73 1754/72 981/2523
f 981/2523 980/1643 2104/73
f 794/2393 1801/366 2103/369
f 2103/369 792/3106 794/2393
f 2102/552 1917/551 1126/2340
f 1126/2340 1125/1510 2102/552
f 2101/949 1818/1110 1807/2413
f 1807/2413 1806/945 2101/949
f 363/1983 1879/38 2100/951
f 2100/951 360/3111 363/1983
f 946/2287 945/1514 2085/1513
f 2099/3570 251/2418 1965/2389
f 355/2349 1994/46 2098/609
f 2098/609 352/3233 355/2349
f 1669/119 1876/1327 2097/1296
f 2097/1296 1667/1295 1669/119
f 1578/2590 1542/2629 954/3097
f 2096/3561 527/3299 2050/3714
f 2050/3714 2064/3575 2096/3561
f 2095/2357 2075/3578 2049/2424
f 858/2461 2087/3579 2074/2462
f 175/2544 873/3402 2067/3546
f 1303/1925 1502/451 2073/334
f 880/2471 1443/1873 2072/1535
f 2072/1535 878/1534 880/2471
f 2071/1336 941/1344 184/2815
f 184/2815 183/1337 2071/1336
f 2070/837 1223/1173 104/2290
f 104/2290 103/3324 2070/837
f 655/2468 2068/804 2069/825
f 2069/825 1187/1704 655/2468
f 655/2468 654/3443 2068/804
f 2067/3546 2066/3536 175/2544
f 2073/334 1304/333 1303/1925
f 2066/3536 172/3125 175/2544
f 1434/2223 1433/1658 2065/1659
f 2065/1659 751/2278 1434/2223
f 1978/133 1777/532 1776/2458
f 1526/812 1452/814 834/3170
f 2017/3715 2063/3576 2064/3575
f 2064/3575 2050/3714 2017/3715
f 2017/3715 2027/3722 2063/3576
f 2062/3577 799/860 2016/3708
f 2016/3708 2026/3706 2062/3577
f 2077/990 1815/132 583/2479
f 1037/2472 2083/76 2084/80
f 2084/80 1786/3633 1037/2472
f 1037/2472 1036/2230 2083/76
f 910/2385 2081/755 2082/754
f 2082/754 1298/1339 910/2385
f 910/2385 592/3409 2081/755
f 1222/2022 1584/121 2080/124
f 2080/124 1220/1393 1222/2022
f 2078/3724 2079/3545 210/3372
f 2079/3545 873/3402 210/3372
f 210/3372 213/2277 2078/3724
f 518/1937 2014/317 2015/510
f 583/2479 582/3467 2077/990
f 457/1462 868/3420 2076/1040
f 2076/1045 456/3114 457/1449
f 992/3191 1561/1192 1506/1390
f 1506/1390 614/3209 992/3191
f 2027/3720 1974/3514 1977/3516
f 1977/3516 2063/3573 2027/3720
f 2075/3578 2062/3577 2026/3706
f 2026/3706 2049/2424 2075/3578
f 2074/2462 2059/3710 2047/2774
f 425/2454 424/3220 1938/170
f 484/2036 1686/479 1943/478
f 1943/478 481/3196 484/2036
f 188/2840 914/2946 1942/712
f 1942/712 185/3179 188/2840
f 1124/2494 1274/1759 1941/323
f 1941/322 1125/1510 1124/2812
f 257/2263 1223/1174 1940/83
f 1940/86 254/3375 257/2264
f 1939/759 908/1477 508/2817
f 508/2817 507/3282 1939/759
f 1938/170 1804/169 425/2454
f 1920/3726 1933/2271 1944/3727
f 1937/1072 1243/1144 649/2778
f 649/2778 648/3164 1937/1072
f 1936/539 1080/538 1490/2761
f 1490/2761 1528/2830 1936/539
f 1935/3728 419/3309 1884/3669
f 1884/3669 1883/3668 1935/3728
f 772/2580 1922/3729 1934/2577
f 1933/2271 1920/3726 1907/1953
f 1013/2184 1365/1586 1932/1589
f 1932/1589 1014/1668 1013/2184
f 1951/3730 1952/2390 1817/2513
f 2015/510 1445/509 518/1937
f 232/1899 1662/151 1956/150
f 1956/150 229/3221 232/1899
f 1516/438 1279/1497 1278/2317
f 34/2838 511/1836 1955/747
f 1955/747 31/3314 34/2838
f 1954/217 1063/1349 367/1932
f 367/1932 366/2914 1954/217
f 546/2174 1085/1864 1953/643
f 1953/643 543/3293 546/2174
f 1817/2513 1816/3660 1951/3730
f 1931/514 1726/513 1725/2373
f 1647/1880 1828/931 1950/986
f 1950/986 1648/1763 1647/1880
f 1949/912 1936/539 1528/2830
f 1528/2830 1527/1868 1949/912
f 1948/3717 1935/3728 1883/3668
f 1883/3668 1897/3671 1948/3717
f 1947/2284 1946/3731 1908/2252
f 1946/3731 1922/3729 1908/2252
f 1945/3732 1921/3733 1920/3726
f 1920/3726 1944/3727 1945/3732
f 1913/2119 1901/2311 1912/1037
f 1347/2822 1346/1789 1919/573
f 151/2054 878/1534 1918/1082
f 1918/1082 148/3195 151/2054
f 1917/550 329/3231 368/2342
f 368/2341 1126/2340 1917/551
f 1784/2443 1783/1285 1916/1004
f 1916/1004 181/2483 1784/2443
f 215/3368 1915/585 1903/588
f 215/3368 253/3376 1915/585
f 1914/998 1395/1504 1394/2477
f 1394/2477 96/2499 1914/998
f 1919/573 1383/572 1347/2822
f 1912/1037 1779/2331 1913/2119
f 1910/2646 1911/2846 1909/232
f 1909/232 1024/2647 1910/2646
f 1159/1677 1898/1575 346/3074
f 386/3256 1884/3669 419/3309
f 1908/2252 1871/3672 1860/2253
f 1907/1953 1895/3675 1882/1954
f 948/2109 947/1312 1906/1275
f 1906/1275 1328/1274 948/2109
f 1893/207 1382/1684 1381/1927
f 1082/2861 1081/1855 1925/993
f 1725/2373 515/2359 1931/514
f 662/2205 1905/287 1930/290
f 1930/290 659/1749 662/2205
f 790/2138 937/1463 1929/653
f 1929/653 788/3492 790/2138
f 1891/2113 1890/560 1928/886
f 1928/886 1417/2114 1891/2113
f 1927/890 1479/1820 784/2071
f 784/2071 783/1456 1927/890
f 1926/1015 1183/1245 247/2500
f 247/2500 246/3378 1926/1015
f 1957/1972 1944/3727 1933/2271
f 1925/993 1911/2846 1082/2861
f 1112/1486 1924/3515 1851/3650
f 1924/3515 1923/3734 1851/3650
f 1923/3735 1897/3671 1851/3652
f 1851/3650 1109/3000 1112/1486
f 1871/3672 1908/2252 1922/3729
f 1922/3729 772/2580 1871/3672
f 1921/3733 1896/3673 1895/3675
f 1895/3675 1920/3726 1921/3733
f 1895/3675 1907/1953 1920/3726
f 998/2162 997/1815 1995/266
f 1971/3736 1991/2803 2001/3713
f 701/2335 700/1347 2000/1346
f 2000/1346 1742/1465 701/2335
f 1987/27 729/3089 76/3359
f 1999/373 1536/372 1421/1978
f 1421/1978 1420/1700 1999/373
f 1819/2344 1818/1110 1997/1111
f 1997/1111 1998/2343 1819/2344
f 1996/1089 786/3494 687/2139
f 687/2140 686/3103 1996/1035
f 1995/266 1863/265 998/2162
f 1971/3736 2001/3713 2002/3712
f 1862/2348 1861/43 1994/46
f 1994/46 355/2349 1862/2348
f 1566/2238 1814/47 1993/50
f 1993/50 1567/1429 1566/2238
f 419/3309 1935/3728 455/3280
f 1934/2577 1958/3719 1992/2783
f 1991/2803 1971/3736 1957/1972
f 413/2008 1989/3547 1990/1853
f 1990/1853 1538/1443 413/2008
f 1922/3729 1946/3731 1958/3719
f 359/2024 358/3224 2008/1712
f 518/1937 517/3197 2014/317
f 2013/874 2012/907 1041/2202
f 1041/2202 1068/3031 2013/874
f 2012/907 1039/3157 1041/2202
f 975/2827 1252/1626 2011/834
f 2011/834 973/3117 975/2827
f 1998/2343 1997/1111 2010/2686
f 2010/2686 1515/2358 1998/2343
f 2009/841 1000/1740 787/2160
f 787/2160 786/3493 2009/841
f 2008/1712 1509/1711 359/2024
f 413/2008 412/2990 1989/3547
f 2007/664 1294/1357 872/2545
f 872/2545 871/3403 2007/664
f 128/3237 351/3236 2006/733
f 2006/733 129/3343 128/3237
f 897/2987 2005/3522 1976/3528
f 1976/3528 1315/2930 897/2987
f 2004/3707 455/3280 1935/3728
f 1935/3728 1948/3717 2004/3707
f 2003/2396 1973/3716 1947/2284
f 2002/3712 1972/3737 1971/3736
f 1967/1003 178/3390 181/2483
f 1988/28 1987/27 79/2491
f 1972/3737 1945/3732 1944/3727
f 1944/3727 1971/3736 1972/3737
f 1944/3727 1957/1972 1971/3736
f 334/2053 375/1439 1970/1442
f 1970/1442 335/3274 334/2053
f 1969/155 1552/154 38/2080
f 38/2080 37/3208 1969/155
f 75/2900 826/1856 1968/515
f 1968/515 72/3360 75/2900
f 181/2483 1916/1004 1967/1003
f 1946/3731 1947/2284 1973/3716
f 1966/589 1915/585 253/3376
f 253/3268 936/3440 1966/488
f 1952/2390 1951/3730 1964/3725
f 1964/3725 1965/2389 1952/2390
f 314/2048 1114/1399 1963/956
f 1963/956 311/3277 314/2048
f 1961/1888 1962/1884 1960/499
f 1960/499 1530/2211 1961/1888
f 1959/3718 1948/3717 1897/3671
f 1897/3671 1923/3735 1959/3718
f 1958/3719 1934/2577 1922/3729
f 1974/3514 1959/3721 1923/3734
f 79/2491 1301/1259 1988/28
f 1987/27 76/3359 79/2491
f 1986/1028 1380/1262 108/2841
f 108/2841 107/2913 1986/1028
f 1985/978 1984/977 401/2816
f 401/2816 690/2992 1985/978
f 1984/977 398/2984 401/2816
f 1983/523 1842/521 1841/2065
f 1841/2065 591/2064 1983/523
f 1982/3519 1980/3723 1981/2276
f 1981/2276 1295/2533 1982/3519
f 1980/3723 213/2277 1981/2276
f 1979/650 1267/1256 1083/2836
f 1083/2836 808/1368 1979/650
f 1796/2457 1795/1181 1978/133
f 1978/133 1776/2458 1796/2457
f 1975/3571 1977/3516 1290/2919
f 1315/2930 1976/3528 1975/3571
f 1975/3571 1290/2919 1315/2930
f 1924/3515 1974/3514 1923/3734
f 1973/3716 1958/3719 1946/3731
