# Blender 4.5.0
# www.blender.org
mtllib mesh.mtl
o Mesh_001
v -0.933514 0.011127 -0.027863
v -0.945755 0.000610 -0.012415
v -0.932782 0.026224 -0.028129
v -0.932959 0.025927 -0.028049
v -0.917146 0.017557 -0.029543
v -0.934618 0.859171 0.023993
v -0.934712 0.878159 0.020337
v -0.916471 0.876388 0.022233
v -0.916892 0.852852 0.025816
v -0.888394 0.488754 -0.022315
v -0.904222 0.508182 -0.000994
v -0.887540 0.510534 -0.023723
v -0.863952 0.834775 -0.011077
v -0.857577 0.834176 0.011285
v -0.844424 0.820849 -0.001398
v -0.850084 0.860065 -0.001732
v -0.871630 0.861714 -0.012091
v -0.393247 0.081079 -0.008363
v -0.407717 0.065132 -0.022382
v -0.422283 0.080785 -0.009210
v -0.406910 0.077911 0.012812
v -0.083138 0.805075 0.012172
v -0.095650 0.808514 -0.009560
v -0.108292 0.801377 0.014501
v -0.095182 0.780611 0.010099
v 0.213913 0.903893 0.012264
v 0.198496 0.903346 -0.014990
v 0.191226 0.903807 0.012429
v 0.207198 0.878219 0.020273
v 0.505374 0.907651 -0.003778
v 0.519157 0.898115 0.017852
v 0.534567 0.907672 0.001148
v 0.521614 0.898149 -0.019908
v 0.824408 0.153584 -0.000768
v 0.807307 0.143139 -0.015892
v 0.787522 0.170515 -0.005750
v 0.876618 0.414710 0.026501
v 0.876317 0.405971 -0.002682
v 0.876540 0.391015 0.025165
v 0.898733 0.398649 0.033076
v 0.942844 0.757951 -0.026647
v 0.927954 0.737282 -0.035169
v 0.922957 0.762720 -0.035191
v 0.939553 0.784087 -0.033850
v -0.943802 0.000000 0.007973
v -0.940288 0.031890 -0.003381
v -0.934408 0.027295 -0.003304
v -0.934956 0.898380 0.000438
v -0.935189 0.877248 -0.005687
v -0.923684 0.879323 -0.026638
v -0.934635 0.898043 -0.024173
v -0.904252 0.527436 0.003035
v -0.866325 0.859846 0.010854
v -0.696645 0.038411 -0.003700
v -0.709845 0.048350 0.017843
v -0.723212 0.038252 -0.002109
v -0.709788 0.052233 -0.021501
v -0.396539 0.128923 -0.012963
v -0.410320 0.126479 0.007803
v -0.424163 0.130880 -0.014416
v -0.410209 0.150894 -0.010485
v 0.223773 0.057248 0.021028
v 0.205427 0.076221 0.014853
v 0.197022 0.051712 0.019718
v 0.215478 0.038933 0.004878
v 0.530623 0.048584 0.018078
v 0.513655 0.072226 0.018089
v 0.504475 0.049055 0.018352
v 0.519198 0.038216 -0.001058
v 0.879404 0.401182 -0.033487
v 0.876989 0.422353 -0.029875
v 0.902534 0.416299 -0.034775
v 0.907859 0.382525 -0.034837
v 0.923413 0.802951 -0.035133
v 0.935806 0.826328 -0.034832
v 0.942872 0.807465 -0.019764
v -0.944964 0.000356 0.032692
v -0.940277 0.030058 0.024766
v -0.934298 0.029558 0.021586
v -0.922853 0.877653 -0.034813
v -0.915730 0.903840 -0.034791
v -0.898277 0.888935 -0.034634
v -0.903444 0.860951 -0.034744
v -0.835520 0.872469 0.016913
v -0.867165 0.879350 0.020605
v -0.424216 0.147143 0.012343
v -0.397967 0.148651 0.011245
v -0.102855 0.900358 0.016203
v -0.088009 0.877256 0.019870
v -0.075870 0.899883 0.016631
v -0.089208 0.907424 -0.005172
v 0.221888 0.132249 -0.015155
v 0.208737 0.125537 0.005853
v 0.195498 0.132173 -0.015141
v 0.209199 0.152704 -0.006915
v 0.505304 0.125919 0.006784
v 0.518995 0.133078 -0.015650
v 0.531347 0.124699 0.003155
v 0.517058 0.145975 0.013078
v 0.797408 0.683173 -0.002556
v 0.800443 0.656969 -0.002257
v 0.812258 0.668729 0.019091
v 0.823579 0.668765 -0.009541
v 0.825657 0.681437 0.001004
v 0.876449 0.430163 -0.000755
v 0.921445 0.851110 0.033157
v 0.942464 0.843444 0.029685
v 0.941497 0.871814 0.031268
v -0.923658 0.016148 0.027306
v -0.934455 0.898261 0.023667
v -0.860155 0.884635 -0.023546
v -0.838355 0.872822 -0.019254
v -0.720622 0.788299 0.015178
v -0.705691 0.777708 -0.006548
v -0.690918 0.789153 0.015512
v -0.705915 0.809855 0.004689
v -0.424255 0.789129 0.015521
v -0.411707 0.777076 -0.004236
v -0.400060 0.792009 0.016000
v -0.412096 0.810608 0.001463
v -0.102097 0.039353 -0.007914
v -0.093485 0.061747 -0.022844
v -0.078606 0.041023 -0.011919
v -0.088604 0.045390 0.015620
v 0.195390 0.146321 0.012900
v 0.222677 0.145432 0.013337
v 0.533608 0.874111 0.018255
v 0.506971 0.876412 0.019532
v 0.522284 0.861439 -0.001323
v 0.809313 0.776297 -0.003589
v 0.824046 0.757387 0.000783
v 0.876695 0.438249 0.027257
v 0.900227 0.423309 0.033089
v 0.938998 0.922307 -0.030127
v 0.942917 0.900151 -0.027817
v 0.921002 0.923705 -0.040965
v -0.936009 0.922247 -0.031785
v -0.938323 0.921441 -0.014372
v -0.920558 0.930153 -0.011119
v -0.939761 0.898017 -0.030665
v -0.916060 0.929227 -0.038354
v -0.910844 0.905800 -0.024672
v -0.912882 0.855006 -0.027371
v -0.890565 0.870337 -0.025427
v -0.893263 0.891989 -0.023582
v -0.847792 0.894635 0.019805
v -0.871349 0.907826 0.008096
v -0.690960 0.800024 -0.016730
v -0.720667 0.799031 -0.017049
v -0.399308 0.795828 -0.017653
v -0.423943 0.798093 -0.017303
v -0.101335 0.074855 0.016171
v -0.077358 0.068879 0.019754
v -0.086222 0.081838 -0.005004
v 0.197465 0.797333 -0.017433
v 0.210445 0.810722 -0.001761
v 0.224673 0.792967 -0.017746
v 0.214060 0.776813 -0.002097
v 0.510040 0.784532 0.013451
v 0.522861 0.778421 -0.008575
v 0.534991 0.787191 0.014769
v 0.522053 0.808676 0.007320
v 0.826485 0.806794 0.009971
v 0.800478 0.810120 0.003752
v 0.803504 0.790289 0.015667
v 0.828907 0.781240 0.010866
v 0.876959 0.442858 -0.029801
v 0.904000 0.444450 -0.034809
v 0.919962 0.922120 0.030720
v 0.924239 0.897318 0.033153
v 0.938234 0.921597 0.029785
v -0.946725 0.924710 0.007198
v -0.940082 0.895896 -0.003561
v -0.860606 0.905409 -0.011669
v -0.835429 0.899456 -0.018936
v -0.715968 0.137781 0.014733
v -0.702574 0.124448 -0.004057
v -0.688532 0.133360 0.013685
v -0.703068 0.153416 0.002148
v -0.396870 0.899835 -0.018697
v -0.410863 0.875006 -0.020810
v -0.424069 0.896774 -0.020713
v -0.412880 0.907775 0.000253
v -0.101298 0.132636 0.013418
v -0.088321 0.126422 -0.009906
v -0.075118 0.129612 0.011541
v -0.087910 0.151879 0.007120
v 0.202641 0.046413 -0.018220
v 0.207823 0.070398 -0.020703
v 0.226213 0.045982 -0.017846
v 0.534471 0.800714 -0.016525
v 0.509477 0.802866 -0.015485
v 0.813914 0.801664 -0.016038
v 0.876470 0.454054 -0.001234
v -0.940337 0.903440 0.020557
v -0.937687 0.922892 0.030112
v -0.924181 0.930154 0.013666
v -0.836658 0.907342 0.003486
v -0.698521 0.891703 0.020665
v -0.712809 0.906270 0.007247
v -0.719270 0.876452 0.019497
v -0.705670 0.862001 -0.003143
v -0.688004 0.870479 0.015303
v -0.391999 0.056592 0.020956
v -0.417854 0.055788 0.020826
v -0.404216 0.039056 0.005373
v -0.074423 0.148190 -0.013307
v -0.101947 0.145690 -0.015022
v 0.224119 0.800191 0.015114
v 0.200267 0.791084 0.015884
v 0.509998 0.874204 -0.020360
v 0.536227 0.877483 -0.021932
v 0.823898 0.905438 -0.011380
v 0.814416 0.878332 -0.022251
v 0.800673 0.901898 -0.016724
v 0.812788 0.903868 0.012274
v 0.876634 0.462127 0.026521
v 0.898805 0.449530 0.033088
v -0.923338 0.900365 0.033145
v -0.916583 0.922374 0.030913
v -0.915197 0.902050 0.015839
v -0.873720 0.578063 0.014165
v -0.875677 0.598611 0.031845
v -0.888876 0.579459 0.033157
v -0.873792 0.557122 0.027183
v -0.687842 0.880404 -0.022969
v -0.715733 0.878873 -0.022432
v -0.699964 0.902250 -0.016276
v -0.414747 0.875457 0.019067
v -0.399276 0.861568 -0.002130
v -0.386854 0.872329 0.016956
v -0.399780 0.895410 0.019389
v -0.102157 0.862048 0.001733
v -0.088650 0.872350 -0.019046
v -0.075005 0.861968 0.001521
v 0.223015 0.861842 0.001311
v 0.198440 0.861475 -0.001658
v 0.210763 0.877046 -0.021767
v 0.542224 0.069754 0.019461
v 0.527629 0.082195 0.000657
v 0.832616 0.137886 -0.016550
v 0.814264 0.124256 -0.003498
v 0.883305 0.464156 -0.027300
v -0.934492 0.883470 0.025228
v -0.913579 0.872890 0.033156
v -0.900468 0.899092 0.033120
v -0.904669 0.606573 0.000866
v -0.904391 0.626516 0.002680
v -0.890739 0.624172 -0.021127
v -0.829409 0.068686 0.019837
v -0.844953 0.082139 -0.003072
v -0.853307 0.065747 0.020716
v -0.838818 0.044032 0.014062
v -0.689423 0.144205 -0.015636
v -0.715297 0.139264 -0.016600
v -0.383208 0.128321 0.010323
v -0.074913 0.894005 -0.021944
v -0.102721 0.893507 -0.022119
v 0.221002 0.904015 -0.014060
v 0.515794 0.072234 -0.019682
v 0.542452 0.072676 -0.019424
v 0.532454 0.049740 -0.020527
v 0.876485 0.477484 -0.001928
v 0.937012 0.027357 0.006517
v 0.925730 0.003350 0.031070
v 0.929886 0.036972 0.027185
v 0.935869 0.064042 0.023523
v 0.936994 0.051387 -0.002891
v -0.933736 0.044839 -0.026953
v -0.908307 0.035820 -0.035231
v -0.902022 0.930176 0.010482
v -0.904056 0.645095 -0.004680
v -0.839795 0.252304 0.011819
v -0.851025 0.246291 -0.010213
v -0.854735 0.233217 0.016474
v -0.840050 0.213696 0.011945
v -0.829236 0.233549 -0.002443
v -0.383578 0.149932 -0.011623
v 0.221663 0.082084 -0.003562
v 0.235916 0.067768 -0.021672
v 0.808054 0.861234 -0.000868
v 0.836253 0.863580 -0.006166
v 0.822354 0.876437 0.019548
v 0.876621 0.486839 0.026331
v 0.897835 0.474225 0.033086
v 0.942736 0.306788 -0.021583
v 0.938477 0.284849 -0.034360
v 0.925982 0.307375 -0.035202
v 0.938671 0.331092 -0.034258
v -0.920475 0.035346 0.033214
v -0.940322 0.055082 -0.000388
v -0.940146 0.052755 0.026918
v -0.904768 0.014112 0.033350
v -0.914724 0.035769 0.027281
v -0.849310 0.144934 0.013574
v -0.845749 0.124398 0.002366
v -0.824328 0.135191 0.014239
v -0.835071 0.164294 0.010458
v -0.852741 0.166916 -0.004010
v -0.683937 0.906753 0.005828
v -0.386955 0.776818 -0.001674
v -0.072528 0.803396 -0.015155
v -0.085828 0.781018 -0.012518
v 0.237765 0.076552 0.014529
v 0.547147 0.038242 -0.002092
v 0.830303 0.780493 -0.012203
v 0.881619 0.485635 -0.034602
v 0.908582 0.470790 -0.034890
v 0.926794 0.428257 -0.035273
v 0.931888 0.455333 -0.035204
v 0.942805 0.437655 -0.022653
v 0.942801 0.409012 -0.026656
v -0.898406 0.027879 0.033229
v -0.898441 0.049560 0.033253
v -0.850982 0.713612 -0.015117
v -0.843594 0.735440 -0.017695
v -0.826260 0.714827 -0.004479
v -0.842119 0.692133 -0.013441
v -0.849329 0.701661 0.008301
v -0.684515 0.048976 0.018253
v -0.699010 0.074709 0.016274
v -0.387592 0.810695 0.000700
v -0.070016 0.066953 -0.021907
v 0.548219 0.134371 -0.016016
v 0.532235 0.152592 -0.007109
v 0.815061 0.042493 0.012183
v 0.828037 0.040264 -0.010163
v 0.843085 0.043377 0.013306
v 0.829448 0.063601 0.021029
v 0.876529 0.497889 -0.015587
v 0.876522 0.504544 0.006999
v 0.942791 0.502638 -0.021964
v 0.937175 0.481347 -0.034670
v 0.927480 0.505288 -0.035257
v 0.939351 0.527925 -0.033870
v -0.940271 0.064543 -0.027913
v -0.915790 0.058989 -0.035197
v -0.920936 0.167377 0.033197
v -0.908132 0.143095 0.033232
v -0.898457 0.166705 0.033225
v -0.906867 0.191097 0.033195
v -0.873664 0.647719 -0.019745
v -0.878994 0.625906 -0.034696
v -0.888651 0.649707 -0.034955
v -0.877872 0.672730 -0.034284
v -0.818537 0.894051 0.020035
v -0.700754 0.077179 -0.015250
v -0.684545 0.054482 -0.022173
v -0.384065 0.878402 -0.022281
v -0.070598 0.783296 0.012638
v 0.541468 0.143589 0.014026
v 0.814944 0.080244 0.008762
v 0.844176 0.080873 0.007527
v 0.828542 0.078410 -0.013457
v 0.882959 0.512379 -0.034909
v 0.906012 0.496289 -0.034963
v 0.942795 0.733602 -0.017163
v 0.942218 0.714149 -0.031260
v -0.940385 0.076417 0.020630
v -0.940351 0.079905 -0.007471
v -0.897733 0.244805 0.033225
v -0.919524 0.263057 0.033138
v -0.920245 0.236768 0.033200
v -0.900906 0.217226 0.033219
v -0.848242 0.039709 -0.008902
v -0.842857 0.059836 -0.022923
v -0.823409 0.040252 -0.010260
v -0.674994 0.126055 -0.009120
v -0.384364 0.907310 0.003737
v -0.061701 0.127250 -0.011105
v 0.235612 0.125690 0.006234
v 0.548049 0.894273 0.019893
v 0.839195 0.125550 0.006384
v 0.818555 0.138639 0.014717
v 0.878167 0.514800 0.031077
v 0.897726 0.498058 0.033080
v 0.942890 0.896927 0.024289
v -0.921210 0.061771 0.033228
v -0.930075 0.235513 0.000677
v -0.914384 0.234080 -0.011260
v -0.904611 0.233925 0.007033
v -0.904233 0.680093 -0.001352
v -0.903949 0.699043 0.000459
v -0.889873 0.687565 -0.021940
v -0.826955 0.128189 -0.012366
v -0.847973 0.139877 -0.016519
v -0.832478 0.155341 -0.010124
v -0.677623 0.777388 -0.005483
v -0.378626 0.064627 -0.022500
v -0.392444 0.044287 -0.016163
v -0.061117 0.150401 0.009441
v 0.236157 0.152145 -0.008219
v 0.549799 0.900730 -0.017930
v 0.876538 0.523489 -0.012665
v -0.932262 0.083397 -0.035124
v -0.925838 0.257803 -0.002219
v -0.915143 0.264502 0.014460
v -0.910046 0.278648 -0.002625
v -0.851309 0.197073 -0.008423
v -0.849551 0.222673 -0.017080
v -0.830495 0.206933 -0.007226
v -0.841744 0.188344 0.011704
v -0.832545 0.181070 -0.010031
v -0.675273 0.810181 0.003593
v -0.378866 0.077198 0.013765
v -0.060342 0.779168 -0.010167
v 0.802884 0.242922 -0.005724
v 0.803138 0.216674 -0.004028
v 0.815930 0.221663 0.014654
v 0.826569 0.220793 -0.010531
v 0.830027 0.239555 0.010050
v 0.876510 0.531386 0.009946
v 0.944030 0.010289 0.017956
v 0.942706 0.026079 0.026849
v 0.945073 0.008586 -0.001374
v 0.949418 0.000719 0.029178
v -0.940332 0.102008 -0.000289
v -0.940231 0.100965 0.026345
v -0.924037 0.086978 0.033242
v -0.896212 0.271071 0.033141
v -0.919170 0.288224 0.033112
v -0.679775 0.864487 -0.007672
v -0.377255 0.039544 0.006907
v -0.061173 0.872462 -0.019123
v 0.238459 0.809899 -0.006512
v 0.548037 0.777773 -0.006930
v 0.881901 0.536793 -0.034675
v 0.909199 0.524293 -0.035021
v 0.935904 0.032806 -0.026678
v 0.934766 0.066243 -0.027853
v 0.933412 0.049254 -0.028743
v 0.935066 0.010705 -0.027730
v -0.940180 0.102306 -0.028753
v -0.892525 0.282599 -0.035048
v -0.907409 0.254576 -0.035263
v -0.916988 0.279136 -0.035148
v -0.906254 0.305626 -0.035058
v -0.890688 0.720921 -0.034895
v -0.881563 0.748139 -0.034997
v -0.871716 0.728445 -0.022300
v -0.875575 0.701256 -0.032741
v -0.853006 0.269963 -0.000744
v -0.832138 0.260591 -0.009870
v -0.682090 0.082231 -0.000399
v -0.668909 0.073254 -0.019006
v -0.370328 0.150168 0.009703
v -0.060485 0.877486 0.019973
v 0.230478 0.883197 0.021277
v 0.546933 0.809849 0.004896
v 0.881874 0.540563 0.032916
v 0.904069 0.521988 0.033098
v 0.936997 0.080025 -0.002160
v 0.935469 0.095099 -0.027217
v -0.911298 0.104086 -0.035253
v -0.904931 0.080405 -0.035264
v -0.896271 0.296578 0.033113
v -0.919702 0.313984 0.033111
v -0.837308 0.755795 -0.003880
v -0.825604 0.734853 -0.001813
v -0.676125 0.151957 0.006849
v -0.061964 0.907569 -0.004383
v 0.245801 0.778884 -0.009663
v 0.236536 0.781411 0.010979
v 0.547709 0.862496 -0.003998
v 0.876527 0.549892 -0.010727
v 0.936981 0.109644 -0.000987
v 0.935430 0.121710 -0.027218
v -0.940361 0.124259 0.014308
v -0.940333 0.125963 -0.011975
v -0.897447 0.322148 0.033109
v -0.915854 0.339810 0.033100
v -0.892316 0.724141 0.033189
v -0.878040 0.697212 0.032676
v -0.873620 0.716817 0.023258
v -0.874833 0.741343 0.030794
v -0.844210 0.746436 0.016247
v -0.839245 0.721833 0.012884
v -0.065014 0.042466 0.012408
v 0.232626 0.882487 -0.023443
v 0.554565 0.082159 0.001117
v 0.876495 0.558005 0.011799
v 0.935719 0.090039 0.023830
v 0.933991 0.112943 0.025778
v 0.935606 0.133580 0.023922
v -0.926297 0.117731 0.033242
v -0.919131 0.328529 -0.035091
v -0.907129 0.353315 -0.034870
v -0.891892 0.330370 -0.034941
v -0.823724 0.072944 -0.019231
v -0.807624 0.056006 -0.022495
v -0.375044 0.793453 0.016068
v -0.062219 0.082142 0.000805
v 0.239821 0.039283 0.006135
v 0.558581 0.046836 0.016820
v 0.881746 0.559524 -0.034661
v 0.910428 0.548089 -0.035050
v 0.936930 0.138005 -0.002092
v 0.934912 0.147374 -0.027578
v -0.902416 0.097535 0.033282
v -0.900218 0.073235 0.033285
v -0.878967 0.338049 0.032906
v -0.903847 0.358001 0.033091
v -0.819470 0.082083 0.002041
v -0.668774 0.887718 0.021347
v -0.375112 0.794197 -0.017771
v -0.059562 0.809184 0.006265
v 0.238386 0.905676 0.008913
v 0.556860 0.126410 0.007714
v 0.885008 0.564983 0.033133
v 0.910242 0.547437 0.033113
v -0.933088 0.122587 -0.035076
v -0.919614 0.428759 0.033150
v -0.906905 0.403903 0.033095
v -0.894385 0.425514 0.033133
v -0.906479 0.450739 0.033129
v -0.900959 0.838929 -0.006324
v -0.887794 0.849234 -0.024805
v -0.887285 0.827454 -0.023894
v -0.671534 0.900682 -0.017967
v -0.372638 0.863279 -0.005545
v -0.055167 0.043398 -0.015198
v 0.250955 0.081292 -0.007545
v 0.559180 0.153526 0.001638
v 0.876522 0.577150 -0.009242
v 0.936925 0.165154 -0.002358
v 0.934746 0.171991 -0.027864
v -0.940272 0.148296 0.001118
v -0.932405 0.145576 -0.028256
v -0.917941 0.472550 0.033168
v -0.885013 0.467993 0.033169
v -0.902111 0.488649 0.033143
v -0.671082 0.038417 -0.003762
v -0.371667 0.891797 0.020652
v -0.052528 0.064880 0.020846
v 0.249271 0.130645 -0.014237
v 0.559937 0.050484 -0.020841
v 0.876504 0.584215 0.017619
v 0.936884 0.192707 -0.002872
v 0.933854 0.195117 -0.028625
v -0.936728 0.141096 0.032549
v -0.895461 0.489357 -0.034999
v -0.907639 0.461729 -0.034904
v -0.918844 0.486102 -0.035132
v -0.909983 0.513205 -0.035068
v -0.819683 0.821830 -0.001800
v -0.839874 0.795457 -0.017735
v -0.835780 0.798745 0.015503
v -0.671184 0.070198 0.019239
v -0.365083 0.081233 -0.007809
v -0.048915 0.899992 0.016554
v 0.249827 0.146561 0.012735
v 0.559532 0.788739 0.015388
v 0.882566 0.580809 -0.034829
v 0.911024 0.571818 -0.035130
v 0.935043 0.222861 -0.025924
v -0.907595 0.130229 -0.035280
v -0.897370 0.555080 0.033151
v -0.916773 0.570766 0.033169
v -0.917731 0.544422 0.033169
v -0.913162 0.522115 0.033166
v -0.884268 0.534005 0.033156
v -0.818483 0.861466 -0.001948
v -0.370027 0.127337 -0.011234
v -0.048422 0.128524 0.010472
v 0.252162 0.055861 0.020825
v 0.559615 0.798595 -0.017182
v 0.890649 0.589811 0.033089
v 0.912779 0.572874 0.033114
v 0.935235 0.228586 0.022115
v 0.936137 0.221745 -0.000789
v 0.934165 0.200549 0.025535
v 0.936595 0.178658 0.020846
v -0.902111 0.119963 0.033270
v -0.913953 0.593761 0.033154
v -0.894318 0.922640 0.031053
v -0.875502 0.899455 0.031389
v -0.876749 0.922467 0.029005
v -0.877476 0.930042 0.009484
v -0.813536 0.046262 0.016227
v -0.661235 0.790737 0.015809
v -0.369561 0.901928 -0.016694
v -0.047501 0.149133 -0.012529
v 0.258748 0.795757 -0.017658
v 0.560341 0.871584 0.016362
v 0.878295 0.601613 -0.032272
v 0.876505 0.601978 -0.002220
v -0.940297 0.162669 0.025450
v -0.919253 0.704879 0.025227
v -0.917851 0.729726 0.025482
v -0.891894 0.723112 0.024529
v -0.890855 0.702681 0.025667
v -0.915300 0.685117 0.027614
v -0.888514 0.058267 -0.035239
v -0.881602 0.087144 -0.035213
v -0.869275 0.069601 -0.021654
v -0.870411 0.050233 -0.021605
v -0.879296 0.031883 -0.034906
v -0.661614 0.797318 -0.017417
v -0.364706 0.043326 -0.015093
v -0.047245 0.800592 -0.016581
v 0.251978 0.802157 0.014071
v 0.562874 0.879073 -0.022538
v 0.909153 0.596152 -0.035121
v 0.934511 0.262880 0.033252
v 0.940988 0.241462 0.031934
v 0.942668 0.263294 0.010175
v 0.941503 0.283993 0.031301
v -0.940403 0.165312 -0.020546
v -0.924604 0.171317 -0.035183
v -0.906335 0.153938 -0.035257
v -0.917114 0.729126 0.033213
v -0.904549 0.704013 0.033167
v -0.900579 0.749920 0.033174
v -0.873439 0.104639 -0.021913
v -0.885862 0.113846 -0.035315
v -0.879448 0.137662 -0.034975
v -0.869166 0.126196 -0.012434
v -0.662856 0.148212 -0.013168
v -0.363379 0.056847 0.020998
v -0.049228 0.862042 0.001718
v 0.248710 0.868349 0.012772
v 0.243681 0.865830 -0.010316
v 0.563076 0.907041 0.004742
v 0.876962 0.609671 0.028323
v 0.942726 0.465175 -0.016359
v -0.940332 0.175569 0.002932
v -0.917998 0.754717 0.024413
v -0.891901 0.743058 0.025285
v -0.882556 0.196280 -0.028210
v -0.882314 0.173581 -0.028010
v -0.879429 0.175566 -0.001769
v -0.879428 0.198888 -0.002041
v -0.880789 0.219207 -0.026685
v -0.832721 0.278161 0.008416
v -0.047740 0.894298 -0.021853
v 0.245180 0.903816 -0.014342
v 0.570194 0.070812 0.018918
v 0.902977 0.620339 0.033096
v 0.914023 0.598673 0.033112
v 0.942706 0.484866 0.000277
v -0.940042 0.188850 -0.029550
v -0.908677 0.901018 -0.003952
v -0.932090 0.920388 0.006964
v -0.932429 0.918904 -0.008689
v -0.905505 0.923837 -0.008063
v -0.906465 0.923372 -0.024553
v -0.886296 0.236646 -0.035276
v -0.876161 0.262215 -0.033603
v -0.871284 0.242081 -0.018792
v -0.872836 0.216797 -0.024563
v -0.850183 0.295147 0.007341
v -0.840015 0.285841 -0.013398
v -0.660356 0.863375 0.003713
v -0.046650 0.069576 -0.020983
v 0.251750 0.044562 -0.016478
v 0.568047 0.073061 -0.019147
v 0.876482 0.621988 -0.019890
v 0.897391 0.619819 -0.035032
v 0.942714 0.527502 0.018574
v 0.937074 0.544667 0.032986
v 0.927575 0.520880 0.033248
v 0.942697 0.502088 0.026106
v -0.939186 0.187650 0.030663
v -0.909359 0.922076 0.023488
v -0.904143 0.923849 0.009410
v -0.881898 0.237778 0.025445
v -0.888808 0.234609 -0.008076
v -0.879485 0.221003 0.002987
v -0.882297 0.208404 0.025104
v -0.848063 0.310749 -0.011372
v -0.829283 0.303033 0.000427
v -0.656854 0.876391 -0.021432
v -0.363172 0.810737 -0.001831
v -0.047558 0.788380 0.015294
v 0.876505 0.627263 0.005984
v 0.934044 0.616300 0.033279
v 0.939804 0.591866 0.032409
v 0.942744 0.610142 0.012128
v 0.942636 0.636925 0.027983
v -0.940331 0.198242 -0.004417
v -0.895189 0.930143 -0.013987
v -0.885643 0.245568 -0.028403
v -0.842826 0.320125 0.011495
v -0.661647 0.129162 0.011100
v -0.359644 0.869460 0.014265
v -0.041182 0.040376 0.008904
v 0.256450 0.893008 0.020307
v 0.577553 0.039317 -0.007696
v 0.880202 0.634142 0.032532
v 0.936366 0.054522 0.032943
v 0.931687 0.037356 0.033210
v 0.942836 0.054954 0.020406
v 0.942868 0.039493 -0.002419
v -0.916507 0.200248 -0.035171
v -0.900424 0.180985 -0.035256
v -0.897773 0.000816 -0.036805
v -0.907704 0.035197 -0.029610
v -0.852359 0.335225 -0.005513
v -0.830612 0.328550 -0.007311
v -0.356386 0.129340 0.011361
v 0.257476 0.885467 -0.023644
v 0.577256 0.124758 -0.005386
v 0.571680 0.142934 -0.016092
v 0.876488 0.649461 -0.009211
v 0.881214 0.638003 -0.034424
v 0.935796 0.031591 -0.026822
v 0.942622 0.060470 -0.029745
v -0.939278 0.212872 -0.031678
v -0.907429 0.061131 0.027266
v -0.894814 0.032710 0.027267
v -0.873668 0.377555 -0.019510
v -0.875720 0.353045 -0.033141
v -0.889076 0.377224 -0.034954
v -0.875309 0.400443 -0.032700
v -0.836533 0.345334 0.010857
v -0.656813 0.046597 0.016630
v -0.357075 0.148756 -0.012816
v -0.038483 0.082024 0.002073
v 0.264623 0.064725 -0.022491
v 0.571299 0.810373 0.003083
v 0.817441 0.640603 -0.004641
v 0.876505 0.652929 0.017345
v -0.940373 0.209988 0.018456
v -0.926138 0.210792 0.033167
v -0.853000 0.357600 -0.000448
v -0.833679 0.354559 -0.011167
v -0.656164 0.050556 -0.020846
v -0.035334 0.128075 -0.012201
v 0.265252 0.076965 0.014097
v 0.574083 0.863125 -0.005144
v 0.828767 0.656839 -0.000005
v 0.881375 0.659924 -0.034482
v 0.909545 0.645969 -0.035128
v 0.942878 0.098299 -0.000039
v 0.942421 0.109967 0.029668
v 0.935236 0.082580 0.024599
v 0.942872 0.071279 -0.002320
v -0.940377 0.223774 -0.004813
v -0.912633 0.227943 -0.035272
v -0.892930 0.210060 -0.035258
v -0.882399 0.444561 -0.035039
v -0.880180 0.467373 -0.034923
v -0.873646 0.457018 -0.013090
v -0.873644 0.425566 -0.023056
v -0.851433 0.378364 -0.007673
v -0.837726 0.371714 0.011319
v -0.655334 0.082129 0.001210
v -0.362331 0.776828 -0.001068
v -0.035161 0.150059 0.009806
v 0.263295 0.126504 0.007899
v 0.577380 0.892241 0.020546
v 0.896537 0.653662 0.033090
v -0.940418 0.233615 0.024600
v -0.876252 0.444865 0.032183
v -0.873671 0.462200 0.013382
v -0.873841 0.489324 0.027727
v -0.849954 0.395308 0.007716
v -0.840318 0.401156 -0.013333
v -0.830889 0.379061 -0.007766
v -0.657783 0.906474 0.006666
v -0.357237 0.881205 -0.023159
v 0.263221 0.150923 -0.010506
v 0.572519 0.777279 -0.005024
v 0.876493 0.674805 -0.000928
v 0.935415 0.155249 0.024179
v -0.933358 0.236094 -0.027764
v -0.908400 0.240799 -0.029050
v -0.885878 0.528872 -0.035000
v -0.877553 0.550932 -0.034196
v -0.873659 0.531029 -0.015090
v -0.875885 0.508527 -0.033135
v -0.852649 0.416328 -0.004802
v -0.840319 0.421151 0.012482
v -0.830421 0.400689 0.005009
v -0.650794 0.776979 -0.003078
v -0.356604 0.906666 0.006164
v -0.036655 0.777130 -0.004500
v 0.265439 0.780499 0.009920
v 0.577043 0.902182 -0.016405
v 0.835689 0.805359 -0.013525
v 0.877841 0.672355 0.030679
v 0.942858 0.145690 0.009839
v 0.939337 0.160793 0.032508
v 0.938075 0.134083 0.032770
v 0.942909 0.125177 -0.003010
v -0.907682 0.275548 0.026549
v -0.895133 0.270947 0.016132
v -0.873701 0.512971 0.025952
v -0.873714 0.534678 0.010611
v -0.831473 0.426305 -0.008822
v -0.646235 0.810670 0.000540
v -0.350727 0.064368 -0.022554
v -0.033845 0.873654 -0.019979
v 0.267327 0.810638 -0.003272
v 0.582598 0.082242 -0.001172
v 0.836304 0.884574 -0.023611
v 0.877271 0.680738 -0.030635
v 0.910837 0.670559 -0.035203
v -0.940362 0.247628 -0.002602
v -0.916497 0.289435 0.026390
v -0.915804 0.312957 0.027609
v -0.893200 0.289727 0.022851
v -0.852331 0.437746 -0.005648
v -0.350084 0.077322 0.013629
v -0.032802 0.877566 0.020008
v 0.265779 0.039187 0.005857
v 0.838798 0.900842 0.015744
v 0.876590 0.694409 0.025337
v 0.876552 0.700269 -0.003300
v 0.942842 0.174548 0.008639
v 0.940643 0.189358 0.032065
v -0.940394 0.257478 0.025412
v -0.914718 0.340740 0.027672
v -0.890620 0.330096 0.024300
v -0.890672 0.309592 0.022264
v -0.834498 0.443093 0.010481
v -0.647836 0.128422 -0.012458
v -0.349896 0.039542 0.006920
v -0.034744 0.907362 -0.005571
v 0.267094 0.864338 -0.007308
v 0.843392 0.058238 -0.022849
v 0.815261 0.059193 -0.022842
v 0.902555 0.681594 0.033089
v 0.936848 0.173976 -0.034708
v 0.936432 0.204057 -0.034821
v 0.942871 0.188418 -0.013842
v 0.942887 0.158640 -0.011941
v 0.941686 0.144649 -0.032122
v -0.938633 0.257739 -0.032617
v -0.914587 0.374954 0.027678
v -0.890682 0.352504 0.025373
v -0.852497 0.457150 0.003297
v -0.835336 0.454441 -0.012164
v -0.649671 0.149611 0.010186
v -0.351011 0.794195 0.016073
v -0.034767 0.810169 0.003663
v 0.265489 0.907652 -0.003884
v 0.584287 0.047869 0.017569
v 0.845346 0.146949 0.013083
v 0.881661 0.701861 -0.034551
v 0.906001 0.693341 -0.035184
v 0.938212 0.232148 -0.034407
v 0.942799 0.217592 -0.013497
v -0.940237 0.271740 -0.001787
v -0.913428 0.370291 -0.028143
v -0.912925 0.345833 -0.027976
v -0.887560 0.354340 -0.023632
v -0.888401 0.376266 -0.024073
v -0.912395 0.398016 -0.028158
v -0.888329 0.875880 0.033124
v -0.874573 0.854290 0.030619
v -0.852295 0.475947 -0.005799
v -0.834065 0.466966 0.009522
v -0.646375 0.903415 -0.014853
v -0.343067 0.150674 0.009078
v -0.030776 0.045666 -0.017558
v 0.590017 0.063234 -0.022704
v 0.819225 0.193807 -0.001490
v 0.828287 0.205325 0.008462
v 0.877228 0.717637 0.029365
v 0.899379 0.706227 0.033078
v -0.940242 0.280391 -0.028567
v -0.914484 0.376949 -0.034950
v -0.907441 0.402418 -0.034918
v -0.841754 0.488364 0.011700
v -0.851663 0.500133 -0.007311
v -0.832359 0.479603 -0.009926
v -0.641872 0.038346 -0.003090
v -0.350404 0.792877 -0.017753
v -0.028979 0.065507 0.020711
v 0.278645 0.780340 -0.011755
v 0.577592 0.140121 0.014756
v 0.876452 0.718827 -0.024075
v 0.876542 0.726356 0.002020
v -0.940369 0.281425 0.025126
v -0.913665 0.435593 -0.035097
v -0.892649 0.421503 -0.034981
v -0.880917 0.014487 0.023482
v -0.874666 0.032550 0.030689
v -0.885031 0.003865 0.038408
v -0.879457 0.033908 0.016842
v -0.838969 0.511549 0.011642
v -0.829722 0.500204 -0.004585
v -0.643715 0.068324 0.019964
v -0.345020 0.864783 -0.008262
v -0.021394 0.127468 0.009331
v 0.278383 0.081216 -0.007820
v 0.588284 0.153480 -0.003927
v 0.900045 0.725335 -0.035121
v 0.938987 0.259401 -0.034135
v 0.942720 0.247298 -0.011436
v -0.940190 0.296631 -0.004495
v -0.890650 0.421138 0.024543
v -0.913213 0.406943 0.027692
v -0.913160 0.435899 0.027696
v -0.912881 0.467648 0.027695
v -0.890189 0.447118 0.024684
v -0.879384 0.036949 -0.006203
v -0.880369 0.059450 -0.025861
v -0.883484 0.034405 -0.028746
v -0.882317 0.013402 -0.027979
v -0.874328 0.001605 -0.013628
v -0.852262 0.525576 0.003928
v -0.838002 0.519394 -0.013015
v -0.641283 0.072278 -0.019634
v -0.344149 0.888970 0.021210
v -0.025801 0.861350 -0.000603
v 0.276700 0.128929 -0.012948
v 0.587182 0.871579 0.016366
v 0.876778 0.738625 -0.029104
v 0.940519 0.215372 0.032164
v 0.942725 0.232453 0.008160
v -0.935955 0.302720 -0.034958
v -0.895134 0.509524 0.033154
v -0.883483 0.056504 0.025946
v -0.880979 0.081187 0.023479
v -0.879446 0.060129 0.002158
v -0.829621 0.532837 0.002390
v -0.341512 0.903133 -0.015310
v -0.023696 0.901915 0.014791
v 0.276548 0.148895 0.011009
v 0.878363 0.740308 0.031244
v 0.909118 0.728575 0.033114
v 0.942690 0.276118 -0.011430
v -0.940316 0.305155 0.025838
v -0.915726 0.527341 0.027635
v -0.915868 0.553579 0.027627
v -0.891378 0.543336 0.024465
v -0.890890 0.517949 0.025600
v -0.879441 0.083695 -0.003185
v -0.880391 0.107485 -0.025730
v -0.882353 0.083561 -0.027987
v -0.842756 0.548290 0.011503
v -0.848231 0.541186 -0.011257
v -0.343546 0.127190 -0.011054
v -0.022290 0.072614 -0.019360
v 0.273931 0.873178 0.017621
v 0.876513 0.751347 0.001421
v -0.940416 0.324180 -0.025288
v -0.940159 0.319672 0.001864
v -0.890368 0.556088 -0.024246
v -0.914705 0.567500 -0.028025
v -0.913675 0.541830 -0.027987
v -0.912094 0.514156 -0.028336
v -0.890280 0.532955 -0.022637
v -0.883085 0.106947 0.025594
v -0.879487 0.107358 0.001869
v -0.852895 0.563974 -0.002576
v -0.831584 0.555781 -0.008786
v -0.645922 0.875113 0.018848
v -0.637155 0.898449 0.017591
v -0.336711 0.043712 -0.015538
v -0.019616 0.149308 -0.012536
v 0.584092 0.790592 0.015787
v 0.877074 0.758966 -0.030148
v 0.901519 0.752249 -0.035121
v 0.942672 0.344200 -0.014192
v 0.936367 0.357739 -0.034864
v 0.941515 0.381718 -0.032422
v 0.942678 0.370237 -0.004573
v -0.915852 0.579727 0.027616
v -0.891320 0.567971 0.023891
v -0.871586 0.082967 -0.008586
v -0.833634 0.571018 0.009285
v -0.334913 0.055987 0.020860
v -0.023449 0.791160 0.015904
v 0.279035 0.043469 -0.015280
v 0.584187 0.797107 -0.017458
v 0.833484 0.668912 0.027321
v 0.881420 0.762435 0.032849
v 0.909887 0.752228 0.033112
v 0.938808 0.552949 -0.034204
v 0.942692 0.537530 -0.009497
v 0.942710 0.512747 -0.000650
v -0.940133 0.331618 0.027719
v -0.890194 0.578844 -0.023325
v -0.913316 0.593272 -0.028178
v -0.879443 0.129372 -0.007449
v -0.850513 0.587074 0.006899
v -0.839270 0.579058 -0.013209
v -0.634701 0.127162 0.008764
v -0.336779 0.080940 -0.008681
v -0.023767 0.794206 -0.017716
v 0.279402 0.055827 0.020819
v 0.589480 0.880263 -0.022932
v 0.942721 0.553876 0.009295
v 0.939462 0.567590 0.032476
v -0.940202 0.343926 -0.001497
v -0.916328 0.606791 0.027605
v -0.891187 0.592688 0.025343
v -0.880270 0.132456 0.021970
v -0.848312 0.602316 -0.011179
v -0.843358 0.610637 0.011377
v -0.829330 0.594546 0.001072
v -0.635900 0.150795 -0.010565
v -0.338927 0.810724 -0.001847
v -0.019022 0.894959 -0.021575
v 0.280814 0.802139 0.014085
v 0.592668 0.906640 0.006171
v 0.882382 0.780780 -0.034704
v 0.939138 0.578286 -0.034046
v 0.942723 0.567651 -0.011700
v -0.933220 0.348562 -0.027298
v -0.900107 0.610949 0.033145
v -0.880373 0.130490 0.033127
v -0.875148 0.106541 0.031152
v -0.868924 0.129109 0.012597
v -0.876686 0.151538 0.032447
v -0.632029 0.796011 0.015981
v -0.338149 0.776837 -0.000310
v -0.018445 0.042660 0.012570
v 0.289295 0.804443 -0.014440
v 0.846669 0.219529 0.017266
v 0.908998 0.777002 0.033106
v 0.883937 0.787228 0.033068
v 0.936902 0.600518 -0.034745
v 0.942742 0.599367 -0.010261
v -0.939796 0.356395 0.029383
v -0.916280 0.634187 0.027612
v -0.891387 0.616814 0.025272
v -0.879608 0.163249 -0.034998
v -0.870577 0.149109 -0.013262
v -0.852213 0.626498 -0.006150
v -0.830412 0.618256 -0.006761
v -0.633194 0.794523 -0.017733
v -0.334216 0.867422 0.011370
v -0.013896 0.084143 0.002363
v 0.280908 0.900239 0.016306
v 0.598146 0.070027 0.019341
v 0.892402 0.803416 -0.035039
v 0.908396 0.781493 -0.035223
v 0.942852 0.622446 -0.024593
v -0.940223 0.367272 -0.001939
v -0.918598 0.653833 0.024016
v -0.896198 0.660170 0.027612
v -0.891109 0.639958 0.022648
v -0.880917 0.161348 0.023426
v -0.881692 0.185259 0.024472
v -0.879415 0.151757 -0.000093
v -0.838132 0.634902 0.011642
v -0.634977 0.863407 -0.005579
v -0.329557 0.129005 0.011025
v -0.010088 0.128249 -0.013155
v 0.279199 0.884721 -0.023625
v 0.599623 0.135890 -0.016413
v 0.913474 0.801382 0.033120
v 0.889164 0.810654 0.033092
v 0.942773 0.679487 -0.001889
v 0.941063 0.666780 -0.033008
v 0.939988 0.689349 -0.033618
v 0.942768 0.704962 -0.006233
v -0.934204 0.370824 -0.027264
v -0.890397 0.681054 0.023711
v -0.875960 0.190566 -0.033394
v -0.873428 0.173913 -0.013080
v -0.853010 0.651563 -0.001579
v -0.833255 0.642736 -0.010774
v -0.628135 0.046681 0.016726
v -0.329881 0.148811 -0.012773
v -0.012284 0.149189 0.010716
v 0.291787 0.064387 -0.022554
v 0.595762 0.810599 0.001280
v 0.878229 0.826871 -0.032224
v 0.907651 0.822012 -0.035139
v 0.942754 0.727235 0.008713
v 0.941333 0.747305 0.031502
v 0.936546 0.723546 0.033080
v 0.942751 0.701910 0.021165
v -0.940333 0.381345 0.020485
v -0.923359 0.378237 0.033134
v -0.915365 0.712867 -0.034998
v -0.909719 0.738796 -0.034786
v -0.902639 0.689797 -0.034768
v -0.880428 0.151588 -0.025791
v -0.833619 0.660004 0.009651
v -0.627419 0.050493 -0.020849
v -0.012044 0.776817 -0.000324
v 0.292712 0.076686 0.014408
v 0.599904 0.125956 0.006806
v 0.909922 0.827236 0.033127
v 0.876919 0.829784 0.028234
v 0.934373 0.770032 0.033250
v 0.942778 0.774334 0.013809
v 0.939794 0.794529 0.032351
v -0.940255 0.391456 -0.008815
v -0.936136 0.394130 -0.034525
v -0.917496 0.779109 0.025116
v -0.891812 0.761318 0.023922
v -0.852155 0.676361 0.004106
v -0.836382 0.668171 -0.012913
v -0.631105 0.888275 -0.023496
v -0.330526 0.881240 -0.023194
v -0.013283 0.813748 -0.005210
v 0.290148 0.128054 0.010045
v 0.597104 0.776930 -0.002691
v 0.876541 0.842783 -0.002152
v 0.878900 0.850723 -0.033013
v 0.907766 0.845311 -0.035012
v 0.938920 0.819468 0.032651
v 0.942823 0.800968 0.006337
v 0.942845 0.826025 0.006349
v -0.918314 0.805412 0.025874
v -0.892054 0.797298 0.027475
v -0.892496 0.780013 0.023815
v -0.830517 0.687543 0.005890
v -0.623232 0.907709 -0.002980
v -0.329497 0.905581 0.009191
v -0.005651 0.872406 -0.019060
v 0.290490 0.149862 -0.011785
v 0.599903 0.863838 -0.006498
v 0.876694 0.851992 0.027495
v 0.898119 0.850640 0.033055
v 0.934738 0.852112 -0.034899
v 0.942869 0.837195 -0.014162
v -0.940240 0.406593 0.010722
v -0.933782 0.403828 0.033099
v -0.917426 0.826008 0.026100
v -0.894623 0.816265 0.023247
v -0.879099 0.197678 0.032977
v -0.875723 0.174964 0.031875
v -0.873429 0.183289 0.009317
v -0.863864 0.206499 0.014846
v -0.875535 0.222367 0.031556
v -0.630133 0.082115 0.001477
v -0.322793 0.064111 -0.022593
v -0.006227 0.868674 0.013279
v -0.005948 0.888578 0.021212
v 0.294171 0.781927 0.011468
v 0.602049 0.038595 0.003157
v 0.605945 0.045733 -0.017588
v 0.838518 0.667001 -0.028283
v 0.938583 0.877949 -0.034201
v 0.942879 0.863401 -0.015749
v -0.940260 0.418591 -0.009340
v -0.896107 0.836872 0.027592
v -0.622424 0.147262 0.012233
v -0.322006 0.077297 0.013677
v -0.005574 0.907735 -0.002673
v 0.288555 0.905452 -0.011518
v 0.603716 0.148434 0.011402
v 0.846567 0.869992 0.014664
v 0.908670 0.871278 -0.034859
v 0.942840 0.880806 0.000193
v -0.934465 0.415794 -0.034927
v -0.900586 0.872885 0.022772
v -0.916387 0.881395 0.026839
v -0.894476 0.857505 0.023186
v -0.873917 0.312673 0.028094
v -0.873621 0.330764 0.007733
v -0.873967 0.358380 0.028083
v -0.627530 0.776860 -0.001488
v -0.002308 0.060067 -0.022807
v -0.008526 0.040139 -0.010029
v 0.293416 0.039597 0.007117
v 0.609797 0.892378 0.020496
v 0.840196 0.169701 -0.013009
v 0.833581 0.177178 0.007697
v -0.940346 0.428479 0.024274
v -0.898903 0.849601 0.033152
v -0.873643 0.486825 -0.024695
v -0.620727 0.130502 -0.014088
v -0.321925 0.038959 0.005006
v 0.604582 0.901929 -0.016687
v 0.892934 0.898182 -0.034723
v 0.899339 0.923172 -0.031802
v 0.918038 0.897021 -0.034724
v -0.895123 0.923063 -0.040914
v -0.877528 0.573664 -0.034301
v -0.873682 0.557968 -0.005199
v -0.811702 0.794021 -0.017671
v -0.833601 0.776433 -0.000396
v -0.327145 0.794730 0.016070
v -0.005751 0.066454 0.020383
v 0.289697 0.861873 -0.002791
v 0.606463 0.081963 -0.004477
v 0.849022 0.688283 0.012671
v 0.839246 0.691026 -0.013383
v 0.829334 0.704814 0.006727
v -0.940266 0.437204 -0.028337
v -0.877576 0.598054 -0.034208
v -0.873688 0.586352 -0.009874
v -0.816782 0.884051 -0.023581
v -0.617411 0.809857 -0.006518
v -0.326470 0.793087 -0.017753
v -0.012656 0.850759 -0.002037
v 0.303104 0.127939 -0.012052
v 0.849500 0.795403 0.016075
v 0.854798 0.810697 -0.002195
v -0.940245 0.442387 0.000148
v -0.873670 0.616479 -0.013759
v -0.802245 0.872274 0.016807
v -0.621262 0.874436 0.018420
v -0.316625 0.127446 -0.011358
v 0.003100 0.088430 -0.012526
v 0.303613 0.149668 0.010223
v 0.617185 0.047832 0.017540
v 0.847869 0.905723 -0.010784
v -0.938868 0.453107 0.031034
v -0.873652 0.684937 -0.012974
v -0.873658 0.662968 0.001464
v -0.809949 0.907653 -0.003823
v -0.316214 0.150232 0.009659
v -0.010942 0.108502 0.001647
v 0.004889 0.133084 0.013504
v 0.608705 0.794045 0.016055
v 0.853931 0.039648 -0.008804
v 0.935982 0.089523 -0.026407
v -0.931682 0.457287 -0.027026
v -0.875064 0.772485 -0.032163
v -0.870943 0.748686 -0.009578
v -0.816103 0.160040 0.003020
v -0.807521 0.141686 -0.016282
v -0.612935 0.038434 -0.003913
v -0.315586 0.863019 -0.004909
v 0.000489 0.788694 -0.016221
v 0.608414 0.794643 -0.017739
v 0.857758 0.063901 0.021000
v 0.885510 0.024791 0.026197
v 0.882150 0.031093 -0.002146
v 0.885132 0.047539 0.026022
v 0.905850 0.036549 0.027308
v 0.907709 0.019718 0.027357
v 0.942280 0.115843 -0.031052
v -0.940242 0.465958 -0.001065
v -0.865611 0.797640 -0.017208
v -0.882215 0.795233 -0.034984
v -0.873933 0.819720 -0.029718
v -0.616145 0.069420 0.019551
v -0.317371 0.880551 0.020858
v -0.001592 0.800112 0.014879
v 0.304890 0.779408 -0.010490
v 0.610657 0.869754 0.014570
v 0.856168 0.077942 -0.014421
v 0.885614 0.040083 -0.028905
v 0.882153 0.056692 -0.000214
v -0.940343 0.478640 0.024736
v -0.907015 0.209602 -0.029555
v -0.879843 0.843941 -0.034842
v -0.878610 0.871985 -0.034498
v -0.614303 0.072994 -0.019168
v -0.313321 0.904842 -0.012650
v 0.298016 0.877761 0.020087
v 0.618774 0.067012 -0.021891
v 0.834572 0.195554 -0.010407
v 0.847999 0.196187 0.010427
v 0.882261 0.060915 -0.018815
v 0.886276 0.071082 -0.029067
v 0.911621 0.049459 -0.029503
v 0.909838 0.015700 -0.035206
v -0.940217 0.478550 -0.028818
v -0.307357 0.044560 -0.016473
v 0.005961 0.042484 0.012138
v 0.305516 0.043119 -0.014858
v 0.619907 0.152016 -0.008481
v 0.840582 0.239607 -0.013201
v 0.851186 0.214788 -0.017635
v 0.883374 0.073389 0.024587
v 0.910386 0.056533 0.027269
v -0.940228 0.491354 -0.004813
v -0.890020 0.308164 -0.023461
v -0.912805 0.321383 -0.027846
v -0.912545 0.295506 -0.027584
v -0.906039 0.266177 -0.024511
v -0.890502 0.284067 -0.021997
v -0.309130 0.081022 -0.008426
v 0.011416 0.133257 -0.015866
v 0.004285 0.158804 -0.001820
v 0.307823 0.055701 0.020814
v 0.853610 0.244106 0.018176
v 0.831649 0.260897 -0.006305
v 0.842814 0.262848 0.011886
v 0.882218 0.084424 -0.003255
v -0.940277 0.504730 0.016268
v -0.928292 0.500390 0.033206
v -0.889831 0.331582 -0.023347
v -0.872927 0.034427 -0.007637
v -0.610316 0.899134 0.017123
v -0.314227 0.776827 -0.000926
v 0.008150 0.895195 -0.021417
v 0.305389 0.081381 -0.007261
v 0.853040 0.664101 0.013647
v 0.851859 0.649415 -0.009553
v 0.834390 0.633564 -0.010704
v 0.843920 0.641013 0.011757
v 0.884050 0.098770 -0.028323
v 0.910001 0.082275 -0.029549
v 0.942816 0.203719 0.007816
v -0.939021 0.504307 -0.032109
v -0.607467 0.125674 0.006117
v -0.314835 0.810719 -0.001439
v 0.016777 0.042054 -0.013369
v 0.617000 0.879144 -0.022532
v 0.840229 0.757910 0.012525
v 0.847787 0.762906 -0.012511
v 0.838917 0.742230 -0.013473
v 0.829304 0.732306 0.006633
v -0.940214 0.518539 -0.005534
v -0.871160 0.080617 0.011149
v -0.878455 0.082873 0.032919
v -0.874673 0.058665 0.030603
v -0.608716 0.152072 -0.008315
v -0.308347 0.054872 0.020654
v 0.008260 0.089616 0.008849
v 0.304682 0.807953 0.008610
v 0.622059 0.907316 0.003537
v 0.854554 0.772850 0.006140
v 0.942643 0.294914 0.004568
v 0.941945 0.307016 0.030733
v -0.938279 0.528706 -0.033142
v -0.890620 0.395701 0.025043
v -0.890090 0.373708 0.023339
v -0.873354 0.106775 0.003973
v 0.011942 0.110738 -0.002930
v 0.301382 0.877310 -0.021882
v 0.623888 0.072082 0.018149
v 0.853634 0.788367 -0.017132
v 0.893693 0.098240 0.014384
v 0.910043 0.082019 0.027313
v 0.942656 0.321335 0.000078
v 0.942666 0.328027 0.026858
v -0.940114 0.527557 0.027803
v -0.887626 0.419918 -0.023864
v -0.913047 0.427750 -0.028065
v -0.890041 0.398123 -0.021964
v -0.604817 0.783333 -0.014458
v -0.302509 0.128473 0.010479
v 0.305080 0.904114 0.011903
v 0.621816 0.126058 -0.008970
v 0.624149 0.137327 0.014730
v 0.855368 0.126138 -0.010088
v 0.856086 0.150694 -0.011013
v 0.882215 0.112271 -0.003064
v -0.872441 0.154998 0.007476
v -0.609043 0.782507 0.011884
v -0.601203 0.805970 0.011241
v -0.302572 0.149341 -0.012318
v 0.010785 0.779729 0.008986
v 0.315578 0.801202 -0.016389
v 0.858613 0.881270 -0.023178
v 0.867853 0.864795 -0.008750
v 0.883583 0.126275 -0.027882
v 0.909673 0.110752 -0.029583
v 0.942643 0.348139 0.008919
v 0.942647 0.369389 0.027447
v 0.937872 0.348490 0.032902
v -0.940210 0.541888 -0.001125
v -0.887476 0.442623 -0.023990
v -0.911447 0.456824 -0.028422
v -0.614469 0.874102 -0.020254
v -0.606807 0.861675 0.000606
v -0.307245 0.881872 -0.023335
v 0.014074 0.821868 0.002048
v 0.015639 0.805637 -0.013220
v 0.311776 0.903308 -0.015035
v 0.621214 0.776967 0.000844
v 0.826487 0.559055 0.005826
v 0.830203 0.585401 0.000823
v 0.844392 0.565903 -0.013325
v 0.850091 0.573404 0.009194
v 0.840267 0.540907 -0.013306
v 0.833684 0.532636 0.007919
v 0.853460 0.549043 0.005308
v 0.883344 0.123033 0.024124
v 0.908825 0.107601 0.027296
v 0.942680 0.394828 -0.002096
v -0.933556 0.551987 -0.027371
v -0.910325 0.539864 -0.035062
v -0.887932 0.466123 -0.024770
v -0.912996 0.485422 -0.028203
v -0.304988 0.901278 0.015378
v 0.014506 0.857235 -0.001029
v 0.022391 0.873732 -0.020025
v 0.322127 0.039225 0.005979
v 0.620563 0.810664 -0.002597
v 0.881996 0.138396 -0.001641
v 0.942547 0.389826 0.028243
v -0.940215 0.552862 0.027074
v -0.889891 0.471239 0.022729
v -0.892483 0.494769 0.027424
v -0.872580 0.200393 -0.008331
v -0.302024 0.793947 -0.017756
v 0.020335 0.876240 0.019433
v 0.317866 0.065140 -0.022397
v 0.629847 0.039871 -0.009322
v 0.855372 0.673879 -0.009244
v 0.883042 0.148449 0.023909
v 0.909000 0.132507 0.027297
v 0.941868 0.454984 0.030807
v 0.942667 0.431894 0.027144
v 0.942700 0.452564 0.004468
v 0.942674 0.477865 0.027237
v -0.940225 0.566826 -0.003143
v -0.873648 0.286240 -0.023541
v -0.873620 0.271507 -0.001729
v -0.604328 0.900611 -0.018014
v -0.303289 0.793376 0.016051
v 0.012071 0.901336 0.015240
v 0.320288 0.076122 0.014955
v 0.883188 0.152660 -0.027541
v 0.909257 0.137086 -0.029550
v 0.942743 0.581863 0.008548
v -0.936848 0.574106 -0.034383
v -0.907413 0.563540 -0.035008
v -0.873600 0.303104 -0.001236
v -0.876147 0.308529 -0.033554
v -0.873653 0.330043 -0.018687
v -0.598882 0.053695 -0.021952
v -0.293723 0.038747 0.004190
v 0.023485 0.907528 -0.004607
v 0.316741 0.128318 0.010313
v 0.626420 0.862892 -0.004810
v 0.919687 0.133389 -0.035254
v 0.912951 0.106064 -0.035252
v 0.895540 0.132531 -0.035280
v 0.910772 0.161906 -0.035208
v -0.940275 0.576071 0.026326
v -0.873637 0.355027 -0.002203
v -0.810704 0.791342 0.015912
v -0.798599 0.776792 -0.003231
v -0.601089 0.047812 0.017532
v -0.294280 0.065837 -0.022220
v 0.019870 0.071284 -0.020195
v 0.317010 0.149636 -0.011990
v 0.860295 0.889071 0.021263
v 0.868694 0.907465 0.004057
v 0.882145 0.165368 -0.001070
v 0.939363 0.644467 -0.033982
v 0.942768 0.654649 -0.005854
v 0.942786 0.631515 -0.000082
v -0.940209 0.591171 0.001435
v -0.873646 0.406344 -0.002151
v -0.604580 0.082198 0.000468
v -0.295002 0.076896 0.014191
v 0.017005 0.065375 0.020678
v 0.313611 0.862359 0.002363
v 0.633646 0.081999 -0.004272
v 0.874663 0.042937 0.013837
v 0.884285 0.173361 0.025582
v 0.908398 0.154899 0.027273
v -0.907941 0.588096 -0.035063
v -0.940178 0.594026 -0.028972
v -0.875378 0.402062 0.031322
v -0.874947 0.379565 0.030876
v -0.873658 0.381604 0.005663
v -0.873637 0.422570 0.023069
v -0.289850 0.128001 -0.012109
v 0.319907 0.785857 0.014180
v 0.868634 0.128288 0.012756
v 0.882853 0.177268 -0.027049
v 0.908956 0.162665 -0.029556
v 0.942437 0.680628 0.029499
v 0.942762 0.658563 0.022959
v -0.939178 0.599471 0.030876
v -0.873643 0.435644 0.001469
v -0.595192 0.144632 0.013634
v -0.289187 0.150100 0.009801
v 0.321894 0.884774 0.021392
v 0.632434 0.899860 -0.018661
v 0.841000 0.392614 -0.013412
v 0.835048 0.385712 0.009007
v 0.827819 0.409357 -0.002669
v 0.846134 0.410095 0.011401
v 0.856112 0.417074 -0.010707
v 0.843231 0.432327 0.011791
v 0.835503 0.428512 -0.011291
v 0.882143 0.191767 -0.001216
v 0.942781 0.752731 0.001305
v -0.940254 0.612716 -0.011101
v -0.940281 0.618506 0.014614
v -0.900904 0.612585 -0.034947
v -0.873646 0.507793 -0.001755
v -0.589339 0.906457 0.006738
v -0.296079 0.869396 0.014217
v -0.289855 0.866347 -0.011336
v 0.024516 0.804357 0.012653
v 0.323503 0.880186 -0.022938
v 0.634289 0.873461 0.017803
v 0.640200 0.896234 0.018960
v 0.850603 0.589230 -0.010635
v 0.848365 0.599690 0.010207
v 0.836178 0.607723 -0.011999
v 0.883065 0.197118 0.023811
v 0.906199 0.194472 0.028002
v 0.914376 0.175362 0.027315
v 0.942817 0.779563 -0.009627
v -0.926256 0.610651 -0.035163
v -0.890068 0.601666 -0.023356
v -0.912605 0.621002 -0.028226
v -0.593312 0.132840 -0.015478
v 0.329836 0.128042 -0.012113
v 0.633040 0.789450 -0.017242
v 0.836452 0.715762 -0.012354
v 0.848830 0.719129 0.012066
v 0.883233 0.200220 -0.027635
v 0.908563 0.187903 -0.029606
v -0.926765 0.622472 0.033215
v -0.895726 0.645118 -0.027142
v -0.873707 0.606430 0.007864
v -0.874821 0.623353 0.030774
v -0.590236 0.804718 -0.014132
v -0.289849 0.776812 -0.001385
v 0.024828 0.781236 -0.012712
v 0.330655 0.149755 0.010115
v 0.633297 0.798107 0.015717
v 0.854802 0.702543 -0.003351
v 0.853702 0.727562 -0.007218
v 0.882558 0.220349 -0.002435
v 0.942839 0.855091 0.007289
v -0.939405 0.628826 -0.031586
v -0.940213 0.637768 -0.004273
v -0.911240 0.636311 -0.035096
v -0.911124 0.664948 -0.034894
v -0.874058 0.672394 0.028514
v -0.873675 0.691921 0.008789
v -0.802074 0.072553 0.017711
v -0.594443 0.879521 0.020618
v -0.291049 0.810725 -0.000215
v 0.330685 0.779262 -0.010265
v 0.642410 0.045452 0.015640
v 0.856431 0.744741 0.008418
v 0.885946 0.222241 0.021356
v -0.873358 0.715659 -0.005948
v -0.796735 0.080349 -0.010137
v -0.590250 0.073208 0.017345
v -0.285888 0.892127 -0.022590
v -0.287364 0.907816 -0.001746
v 0.328966 0.810603 0.001378
v 0.872546 0.054140 -0.022867
v 0.887752 0.220915 -0.022936
v 0.909191 0.215976 -0.029333
v -0.940364 0.643224 0.024154
v -0.878660 0.765167 0.032903
v -0.867236 0.756932 0.010874
v -0.873859 0.785012 0.027761
v -0.804667 0.124113 -0.001671
v -0.585125 0.077940 -0.014250
v -0.278657 0.045914 -0.017799
v 0.028025 0.081827 0.003072
v 0.330685 0.044424 -0.016329
v 0.875189 0.084010 0.008177
v 0.907959 0.215837 -0.002585
v -0.938136 0.650478 -0.033294
v -0.913970 0.727039 -0.028048
v -0.894087 0.706759 -0.026921
v -0.890823 0.726720 -0.022191
v -0.894391 0.746480 -0.026898
v -0.871698 0.784745 -0.002303
v -0.590834 0.875732 -0.021132
v -0.282307 0.054714 0.020593
v 0.029295 0.149235 0.010731
v 0.024549 0.125735 0.006176
v 0.336205 0.052742 0.020102
v 0.643406 0.061434 -0.022871
v 0.853282 0.168618 0.005375
v 0.872708 0.150911 0.009951
v 0.911271 0.215942 0.022927
v -0.921245 0.650164 0.033206
v -0.900355 0.634562 0.033162
v -0.905643 0.764676 -0.034745
v -0.874652 0.831362 0.030627
v -0.874124 0.809485 0.029039
v -0.871403 0.811763 0.001235
v -0.586700 0.038391 -0.003448
v -0.280910 0.081587 -0.006420
v 0.023741 0.156633 -0.019491
v 0.331804 0.081298 -0.007585
v 0.642488 0.138767 -0.016622
v 0.642874 0.152495 0.005540
v 0.853640 0.190563 -0.006827
v 0.942695 0.410194 0.020254
v -0.940170 0.661667 -0.001151
v -0.891001 0.785730 -0.024287
v -0.913362 0.798414 -0.028165
v -0.912963 0.769102 -0.028404
v -0.890429 0.765325 -0.022067
v -0.875928 0.900400 -0.033148
v 0.330457 0.906349 0.007101
v 0.645906 0.876461 -0.021487
v 0.917419 0.229120 0.033197
v 0.907758 0.252788 0.033133
v 0.894664 0.222512 0.033148
v 0.912854 0.201736 0.033124
v 0.942701 0.423762 -0.001413
v -0.940298 0.668134 0.026223
v -0.909290 0.789539 -0.034921
v -0.899650 0.815840 -0.035033
v -0.876943 0.923036 -0.031563
v -0.867445 0.924930 -0.012211
v -0.580007 0.124900 0.003888
v 0.029506 0.041683 0.011185
v 0.643857 0.125883 0.006645
v -0.934549 0.671034 -0.026786
v -0.890165 0.807012 -0.023475
v -0.911422 0.827942 -0.027581
v -0.581555 0.153038 -0.005820
v 0.867957 0.204269 0.009371
v 0.874360 0.224546 0.019825
v -0.940153 0.686608 -0.006140
v -0.866032 0.042368 0.011901
v -0.879439 0.021802 0.005211
v -0.585896 0.783470 0.012736
v -0.281694 0.889623 0.021107
v 0.037121 0.781989 0.011552
v 0.336391 0.901923 -0.016680
v 0.645212 0.778194 0.006070
v 0.853724 0.259976 -0.006455
v 0.861976 0.232989 0.000334
v -0.940346 0.691592 0.021160
v -0.920367 0.678031 0.033208
v -0.910782 0.836917 -0.034945
v -0.797081 0.038596 -0.004812
v -0.577526 0.779002 -0.009748
v -0.276107 0.128442 0.010444
v 0.644935 0.809306 -0.007898
v 0.833375 0.284354 0.007487
v 0.842454 0.281064 -0.013373
v -0.932297 0.689740 -0.035279
v -0.874162 0.244290 0.029145
v -0.798026 0.140147 0.014601
v -0.581150 0.862691 0.002753
v -0.275639 0.149478 -0.012195
v 0.036434 0.895758 -0.021230
v 0.344793 0.800216 -0.016739
v 0.651078 0.907775 -0.000192
v 0.853729 0.285008 0.004723
v 0.941586 0.924202 -0.009392
v 0.942981 0.903510 -0.001162
v -0.940256 0.709248 -0.028518
v -0.940135 0.710781 -0.001469
v -0.873682 0.288612 0.025407
v -0.873707 0.265804 0.026347
v -0.578030 0.900602 -0.018003
v -0.279197 0.792932 0.016036
v 0.036880 0.898286 0.017786
v 0.340010 0.869928 0.014753
v 0.334474 0.864591 -0.007818
v 0.649410 0.071922 0.018236
v 0.832353 0.300967 -0.007807
v 0.853529 0.305617 -0.006898
v 0.940100 0.921988 0.013348
v -0.898496 0.890770 0.014386
v -0.278146 0.794386 -0.017771
v 0.344188 0.063608 -0.022677
v 0.841080 0.309943 0.011823
v -0.940358 0.718578 0.024758
v -0.926915 0.703107 0.033214
v -0.271268 0.864217 0.005230
v 0.037822 0.129320 -0.013263
v 0.346111 0.075690 0.015407
v 0.834284 0.322947 -0.010388
v -0.934533 0.731034 -0.026771
v -0.266775 0.038726 0.004133
v 0.343744 0.128022 0.010019
v 0.652023 0.861476 -0.001722
v 0.837532 0.335052 0.010786
v 0.854809 0.328598 -0.002565
v -0.940173 0.735343 0.000081
v -0.873637 0.482579 -0.000061
v -0.798104 0.715264 -0.000773
v -0.575155 0.808510 0.007621
v -0.264984 0.069064 -0.021247
v 0.036037 0.053641 -0.021956
v 0.046543 0.039299 -0.007690
v 0.343705 0.149433 -0.012226
v 0.656511 0.039683 -0.008738
v 0.835469 0.346293 -0.011353
v -0.912471 0.924682 -0.007670
v -0.885930 0.923836 -0.001350
v -0.905874 0.924666 0.008463
v -0.873686 0.635157 0.004513
v -0.874155 0.648112 0.029109
v -0.576278 0.051366 0.019574
v -0.267463 0.075928 0.015170
v 0.038456 0.805830 -0.013205
v 0.346849 0.779778 0.009046
v 0.342951 0.799600 0.015309
v 0.836425 0.359924 0.010126
v 0.854882 0.351294 -0.001248
v -0.939811 0.741184 0.029395
v -0.906063 0.060369 -0.029583
v -0.796336 0.736383 -0.003185
v -0.816622 0.760169 0.000133
v -0.797325 0.754719 -0.002294
v -0.573049 0.053351 -0.021859
v 0.036530 0.861879 0.001198
v 0.350209 0.038690 -0.005323
v 0.658957 0.081286 -0.007541
v 0.836588 0.369902 -0.012086
v -0.940275 0.757744 -0.011096
v -0.933805 0.750924 -0.035299
v -0.907448 0.086347 -0.029563
v -0.795306 0.813286 0.001665
v -0.262848 0.127990 -0.012060
v 0.040599 0.063975 0.020959
v 0.348600 0.895584 0.019286
v 0.657856 0.783769 -0.014908
v 0.854698 0.373378 0.000943
v -0.940314 0.761006 0.015236
v -0.906050 0.086238 0.027292
v -0.863259 0.729303 0.009984
v -0.796854 0.870216 -0.017030
v -0.782888 0.861436 -0.000803
v -0.261889 0.149807 0.010093
v 0.045523 0.076279 -0.016239
v 0.348836 0.881913 -0.023348
v 0.657800 0.803042 0.013494
v -0.924063 0.758940 0.033208
v -0.859029 0.792015 0.015971
v -0.791281 0.899224 0.017153
v -0.567958 0.142770 0.014274
v -0.265963 0.776828 -0.002161
v 0.049342 0.873340 -0.019758
v 0.659093 0.898503 -0.019696
v 0.855312 0.395222 -0.000307
v -0.936369 0.772080 -0.034485
v -0.906982 0.111605 -0.029571
v -0.792282 0.153700 -0.002515
v -0.267223 0.810720 -0.000211
v 0.049601 0.876807 0.019693
v 0.357121 0.081260 -0.007735
v -0.940233 0.782673 -0.001081
v -0.908211 0.109584 0.027284
v -0.794491 0.895542 -0.021304
v -0.570882 0.885740 0.021386
v -0.265357 0.873894 -0.020141
v 0.047819 0.151123 -0.010267
v 0.357362 0.128095 -0.012198
v 0.660316 0.875952 0.019334
v 0.831129 0.447401 -0.004288
v 0.853382 0.445727 -0.007156
v 0.920547 0.493302 0.033165
v -0.938208 0.780241 0.031876
v -0.907715 0.130946 0.027287
v -0.787824 0.049370 0.018430
v -0.568597 0.079393 0.010557
v -0.263837 0.902576 -0.015997
v -0.263360 0.905019 0.010484
v 0.048016 0.129203 0.011164
v 0.060355 0.149764 0.010115
v 0.357234 0.149393 0.010498
v 0.668499 0.900680 0.015880
v 0.843081 0.457998 0.011841
v -0.905715 0.776896 0.033183
v -0.890452 0.130763 -0.029498
v -0.781254 0.789890 0.015649
v -0.566206 0.135143 -0.016230
v 0.359440 0.779087 -0.010015
v 0.667728 0.047435 0.017262
v 0.834611 0.467754 -0.010640
v -0.934328 0.792192 -0.027300
v -0.900255 0.149942 0.027286
v -0.781221 0.796868 -0.017488
v -0.563742 0.799609 -0.016893
v -0.256759 0.055435 0.020762
v 0.049842 0.780219 -0.011569
v 0.359033 0.810437 0.002906
v 0.664167 0.150625 -0.010781
v 0.664319 0.125296 -0.007168
v 0.837713 0.481850 0.010811
v 0.835819 0.491569 -0.011527
v 0.854541 0.472811 -0.004045
v -0.940355 0.801971 0.018442
v -0.922165 0.800474 0.033196
v -0.778629 0.907224 -0.006100
v -0.566541 0.875185 -0.020846
v -0.251469 0.082237 -0.001324
v 0.050018 0.807085 0.009985
v 0.357550 0.907163 -0.006403
v 0.664000 0.140565 0.014684
v -0.940250 0.807263 -0.011006
v -0.783911 0.057358 -0.022716
v -0.563601 0.906608 0.006274
v -0.257276 0.878700 0.020415
v 0.050389 0.907800 -0.000963
v 0.359700 0.047481 0.017305
v 0.669660 0.059326 -0.022882
v 0.836091 0.507165 0.009864
v 0.854863 0.498303 -0.000509
v -0.927132 0.811941 -0.035180
v -0.906989 0.153128 -0.029528
v -0.907485 0.181257 -0.029531
v -0.873106 0.242489 0.002956
v -0.783269 0.138041 -0.016575
v -0.562254 0.038306 0.001098
v -0.252094 0.045140 -0.017091
v 0.052722 0.080975 0.007003
v 0.358207 0.863594 -0.005993
v 0.837978 0.515741 -0.012720
v -0.940200 0.825812 0.002907
v -0.936683 0.821991 0.032626
v -0.907409 0.171598 0.027276
v -0.907452 0.195080 0.027299
v -0.559872 0.076665 -0.015832
v -0.255120 0.792883 0.016025
v 0.364559 0.873309 0.017710
v 0.669849 0.781075 0.010560
v 0.854578 0.523793 0.001907
v -0.940192 0.829934 -0.029116
v -0.776866 0.076311 0.014746
v -0.561098 0.787111 0.014763
v -0.254116 0.795886 -0.017641
v 0.055976 0.044255 0.014514
v 0.669243 0.806266 -0.012646
v -0.780241 0.125058 0.004340
v -0.552672 0.124552 0.002409
v -0.248994 0.128117 0.010109
v 0.061211 0.057519 -0.022759
v 0.371330 0.127779 0.009773
v 0.675682 0.880489 -0.022992
v -0.940377 0.843842 0.019902
v -0.921592 0.842874 0.033185
v -0.904110 0.822842 0.033185
v -0.906988 0.218439 0.027375
v -0.554109 0.153570 -0.003236
v -0.249092 0.149495 -0.012160
v 0.062286 0.128072 -0.012187
v 0.370577 0.150093 -0.011435
v 0.674600 0.074709 0.016281
v -0.940168 0.848659 -0.008307
v -0.550335 0.777346 -0.005373
v -0.245991 0.861771 -0.002564
v -0.934044 0.853210 -0.035003
v -0.906724 0.245021 0.027600
v -0.557617 0.861974 0.001477
v -0.240898 0.040520 0.009264
v 0.062560 0.784783 0.013608
v 0.370627 0.789030 0.015496
v 0.834896 0.618833 0.009109
v 0.854750 0.622031 -0.003144
v -0.940148 0.870365 0.004986
v -0.937867 0.862147 0.032063
v -0.552835 0.058200 0.021128
v -0.238811 0.068209 -0.021550
v 0.061825 0.861931 0.001413
v 0.371731 0.799891 -0.016865
v 0.681795 0.905844 -0.010519
v -0.940387 0.873768 -0.021869
v -0.236305 0.069018 0.019769
v 0.062575 0.897067 -0.020582
v 0.366795 0.058955 -0.022900
v 0.676449 0.861771 -0.002715
v -0.242559 0.776898 -0.002875
v 0.065471 0.897806 0.018070
v 0.369641 0.072295 0.018043
v 0.682655 0.038507 -0.004225
v -0.904831 0.298408 -0.001011
v -0.550639 0.810551 0.001951
v -0.242702 0.810656 0.000969
v 0.062432 0.803414 -0.015193
v -0.552994 0.900659 -0.017970
v -0.244220 0.887042 -0.023605
v 0.072039 0.039440 -0.008147
v 0.372470 0.899936 0.016563
v 0.682781 0.780252 -0.011531
v 0.922205 0.622149 -0.035286
v -0.898318 0.381972 0.033103
v -0.548609 0.048594 -0.019786
v -0.239800 0.907075 -0.006855
v 0.066531 0.067421 0.020286
v 0.374852 0.039343 -0.007855
v 0.681804 0.807157 0.009763
v -0.540516 0.902956 0.013463
v -0.547218 0.878110 0.020217
v -0.239671 0.898654 0.017491
v 0.071210 0.080635 -0.009295
v 0.370536 0.885759 -0.023640
v 0.684668 0.079552 -0.011713
v -0.543720 0.080919 0.007234
v -0.235431 0.128106 -0.012190
v 0.384372 0.046400 0.016523
v 0.872306 0.867299 0.011342
v -0.539479 0.141074 0.014648
v -0.234964 0.149446 0.010472
v 0.074596 0.128555 0.010503
v 0.379703 0.081574 -0.006518
v 0.685455 0.877620 0.020027
v -0.929522 0.921112 -0.025189
v -0.932489 0.919029 -0.008532
v -0.911896 0.684561 -0.028213
v -0.891118 0.665564 -0.025888
v -0.231503 0.872979 0.017491
v 0.074542 0.149532 -0.012124
v 0.384152 0.128711 -0.012802
v -0.931990 0.920500 0.008363
v -0.539294 0.136719 -0.016509
v 0.383959 0.148940 0.010952
v 0.685774 0.127674 0.009595
v 0.685543 0.135058 -0.016184
v 0.918149 0.640281 0.033140
v 0.921443 0.665950 0.033160
v -0.929685 0.920105 0.023508
v -0.896661 0.799009 0.033166
v 0.076204 0.809089 0.006525
v 0.383451 0.777217 -0.004901
v 0.684365 0.153097 0.003688
v -0.230710 0.791797 0.015996
v 0.074890 0.874322 -0.020447
v 0.384010 0.810037 0.004325
v -0.933113 0.046076 -0.027902
v -0.537259 0.794805 -0.017730
v -0.230259 0.795340 -0.017701
v 0.079259 0.876121 0.019412
v 0.380606 0.863341 -0.005549
v 0.692830 0.052574 0.019991
v -0.934465 0.047189 -0.000272
v -0.886612 0.922373 0.022286
v -0.542034 0.875675 -0.021091
v -0.227635 0.041659 -0.012948
v 0.381978 0.906119 -0.009854
v 0.694744 0.785326 0.013876
v -0.933201 0.054581 0.024320
v -0.885950 0.923102 -0.022959
v -0.225689 0.082182 -0.002538
v 0.388140 0.875690 0.019209
v 0.694157 0.802336 -0.015761
v -0.932432 0.065985 -0.028253
v -0.538407 0.039427 0.006498
v -0.221565 0.127859 0.009843
v 0.074631 0.778497 -0.008931
v 0.390555 0.062294 -0.022832
v 0.692231 0.901862 0.014756
v 0.873887 0.803732 0.016495
v 0.875066 0.777002 0.012660
v -0.934482 0.068505 -0.000847
v -0.536093 0.072372 -0.019578
v -0.222306 0.150018 -0.011544
v 0.077481 0.907740 -0.002786
v 0.393248 0.072385 0.017983
v 0.695408 0.055345 -0.022368
v 0.874954 0.900565 -0.019561
v 0.919354 0.328939 0.033161
v 0.897596 0.343484 0.033078
v 0.897851 0.317996 0.033085
v 0.916170 0.300730 0.033144
v -0.931728 0.078421 0.025396
v -0.536771 0.794145 0.016058
v 0.080990 0.046127 0.016306
v 0.398292 0.127450 0.009348
v 0.699547 0.870878 -0.017694
v 0.705165 0.894235 -0.021846
v 0.876213 0.032345 -0.005906
v 0.915798 0.359250 0.033130
v -0.934044 0.086403 -0.026669
v -0.532192 0.862020 0.001596
v -0.227264 0.871315 -0.018164
v -0.214674 0.861770 0.000945
v 0.087769 0.150149 0.009721
v 0.397212 0.150387 -0.011147
v 0.699113 0.079620 0.010189
v 0.875883 0.135526 -0.020671
v 0.876213 0.110969 -0.003260
v 0.925135 0.410531 0.033217
v 0.917211 0.383654 0.033137
v -0.934410 0.090125 0.000299
v -0.528815 0.062227 0.021180
v -0.217888 0.045306 0.015544
v 0.084881 0.059732 -0.022906
v 0.702022 0.865271 0.007241
v 0.920256 0.437994 0.033167
v -0.525242 0.124414 0.001726
v -0.217954 0.776842 -0.002313
v 0.088503 0.127907 -0.011914
v 0.396959 0.790119 0.015710
v 0.706063 0.809381 0.005818
v 0.863761 0.217078 -0.018338
v 0.919615 0.466185 0.033157
v -0.932599 0.102542 0.024833
v -0.526051 0.153710 -0.002175
v -0.218616 0.810680 0.000776
v 0.087632 0.788583 0.015338
v 0.396523 0.797111 -0.017493
v 0.708860 0.907770 -0.002069
v -0.933739 0.107581 -0.026979
v -0.529908 0.904521 -0.013229
v -0.218861 0.896093 -0.021070
v 0.087400 0.800882 -0.016465
v 0.393575 0.881566 -0.023254
v 0.707760 0.038466 -0.004010
v -0.934440 0.111990 -0.001232
v -0.524103 0.044684 -0.016576
v -0.215253 0.907495 0.002696
v -0.215550 0.892705 0.020405
v 0.085654 0.861305 -0.000429
v 0.399198 0.039376 -0.007935
v 0.711752 0.076752 -0.015739
v -0.933266 0.125962 0.024070
v -0.525307 0.777151 0.002221
v -0.214800 0.061815 -0.022851
v 0.089889 0.894874 -0.021604
v 0.395933 0.902309 0.014300
v 0.707536 0.124703 -0.005127
v 0.705234 0.144506 0.013680
v -0.926403 0.128979 -0.029464
v -0.898350 0.658705 0.033162
v -0.525015 0.810576 -0.003607
v -0.211162 0.071671 0.018412
v 0.092238 0.900361 0.016217
v 0.705947 0.148970 -0.012592
v 0.874779 0.801883 -0.019964
v 0.874080 0.775307 -0.010936
v 0.923166 0.698941 0.033169
v -0.934673 0.134045 -0.001912
v -0.521260 0.881982 0.021100
v 0.086885 0.075874 0.015193
v 0.403366 0.081618 -0.006386
v 0.876226 0.819413 -0.001903
v -0.929994 0.149298 0.026182
v -0.897395 0.681697 0.033167
v -0.208063 0.128903 -0.012927
v 0.096292 0.038923 -0.006306
v 0.879453 0.063564 0.032139
v 0.919842 0.711380 -0.035279
v -0.934289 0.147615 -0.025982
v -0.207978 0.149305 0.010615
v 0.095741 0.080473 -0.009910
v 0.403213 0.861519 -0.002100
v 0.707502 0.777808 -0.006917
v 0.876210 0.083350 -0.021208
v 0.911344 0.875086 0.033118
v -0.934365 0.158259 0.000289
v -0.766602 0.777373 -0.005258
v -0.520197 0.082105 0.001753
v -0.200074 0.875272 0.018983
v 0.101529 0.128865 0.010857
v 0.405972 0.904516 -0.013309
v 0.712871 0.887973 0.021311
v 0.876298 0.164481 -0.010231
v 0.897773 0.930151 -0.001928
v 0.918928 0.930122 -0.015665
v -0.933195 0.168489 -0.027811
v -0.903253 0.877854 -0.002279
v -0.774373 0.876812 0.019661
v -0.512746 0.139290 -0.016629
v -0.206278 0.792660 0.016041
v 0.101862 0.149551 -0.012140
v 0.409162 0.047073 0.017009
v 0.718372 0.070602 0.019009
v 0.717145 0.048398 0.017871
v 0.899147 0.924435 0.030157
v 0.919794 0.930151 0.010257
v -0.933025 0.171977 0.024547
v -0.510562 0.142802 0.014263
v -0.201065 0.875180 -0.020871
v 0.411098 0.128743 -0.012834
v 0.874071 0.248825 0.011898
v -0.934346 0.182488 -0.001346
v -0.519324 0.880262 -0.022918
v -0.203490 0.039090 -0.006971
v 0.098732 0.777190 -0.004831
v 0.410709 0.149228 0.010664
v 0.723025 0.052507 -0.021601
v 0.917776 0.047113 -0.035190
v 0.899501 0.031195 -0.035211
v -0.933221 0.189652 -0.027802
v -0.513943 0.905437 0.009490
v -0.202315 0.080573 -0.009721
v 0.103304 0.809939 0.004532
v 0.409203 0.776954 -0.003413
v 0.902811 0.303779 -0.034784
v 0.909393 0.331281 -0.034800
v 0.913175 0.275916 -0.034932
v -0.933240 0.193991 0.024165
v -0.513814 0.041402 0.010853
v -0.206258 0.795391 -0.017687
v 0.101486 0.871564 -0.018406
v 0.409088 0.810625 0.001318
v 0.720257 0.789512 0.015596
v 0.922583 0.401446 -0.035333
v -0.934408 0.206873 -0.000940
v -0.511739 0.068705 -0.021359
v -0.194820 0.127119 0.008773
v 0.108384 0.864087 0.005112
v 0.106325 0.880477 0.020845
v 0.413579 0.057754 -0.022797
v 0.718656 0.798001 -0.017283
v -0.933985 0.208389 -0.026934
v -0.195353 0.150746 -0.010707
v 0.104930 0.907373 -0.005490
v 0.411564 0.877902 0.020148
v 0.730034 0.081987 0.002547
v -0.933077 0.215359 0.024568
v -0.512545 0.786859 -0.016431
v 0.103295 0.051067 0.019493
v 0.416754 0.073350 0.017315
v 0.721531 0.863160 -0.005286
v 0.730870 0.871685 0.016357
v -0.934733 0.229419 -0.001177
v -0.511718 0.799922 0.015212
v -0.191900 0.048918 0.018289
v 0.108790 0.056929 -0.022700
v 0.728684 0.879332 -0.022627
v -0.930161 0.226679 -0.029012
v -0.194192 0.810670 0.000346
v 0.111139 0.077054 0.013930
v 0.416686 0.878103 -0.022187
v 0.727564 0.153392 0.002302
v 0.725173 0.129765 0.011628
v -0.931150 0.240871 0.025273
v -0.770345 0.882620 -0.023499
v -0.509439 0.862347 -0.003708
v -0.187048 0.861434 0.000090
v 0.114799 0.127979 -0.012051
v 0.424794 0.127968 0.009968
v 0.728557 0.136813 -0.016506
v 0.900183 0.900406 0.033065
v -0.933636 0.248371 -0.019829
v -0.772487 0.038615 -0.004764
v -0.505694 0.067572 0.020283
v -0.196149 0.905024 -0.012304
v 0.115428 0.150248 0.009616
v 0.424056 0.150165 -0.011455
v 0.734715 0.902584 -0.015930
v -0.935071 0.250559 0.014991
v -0.935094 0.255551 -0.002844
v -0.903732 0.662031 0.003994
v -0.772300 0.080087 -0.010699
v -0.504351 0.901356 -0.017259
v -0.190260 0.057323 -0.022716
v 0.113302 0.787223 0.014838
v 0.422650 0.793042 0.016055
v 0.733390 0.038669 0.003566
v -0.772023 0.146656 0.012625
v -0.499624 0.041640 -0.012878
v 0.111300 0.793959 -0.017763
v 0.422226 0.794081 -0.017775
v -0.929563 0.269545 -0.015799
v -0.501016 0.124413 -0.003936
v -0.193616 0.776880 -0.002622
v 0.419030 0.903667 0.012606
v 0.732770 0.777101 -0.004018
v -0.932080 0.270483 0.017332
v -0.904396 0.718361 0.000064
v -0.494554 0.153125 -0.005413
v -0.189112 0.901129 0.015502
v 0.424180 0.038520 -0.004441
v 0.730542 0.810561 0.001296
v 0.917907 0.043767 0.033230
v -0.935273 0.280299 -0.000602
v -0.905810 0.738120 0.000103
v -0.907804 0.757687 -0.000769
v -0.499627 0.779287 0.008161
v 0.116815 0.889476 -0.023294
v 0.729978 0.905557 0.009070
v -0.934772 0.285221 -0.026185
v -0.500410 0.808044 -0.010463
v -0.189390 0.077018 0.014003
v 0.120267 0.900568 0.016039
v 0.425460 0.079970 -0.011045
v 0.741467 0.073872 -0.018555
v -0.934944 0.297100 0.020843
v -0.895815 0.836933 0.011032
v -0.491365 0.893966 0.019961
v -0.498847 0.871619 0.016410
v -0.181154 0.130289 -0.013970
v 0.119628 0.078854 -0.012923
v 0.426438 0.861357 -0.000030
v 0.879858 0.875092 -0.033767
v -0.935280 0.302238 -0.001790
v -0.496351 0.082242 -0.001594
v -0.181114 0.146747 0.012641
v 0.429173 0.902598 -0.015936
v 0.745762 0.892931 0.020331
v 0.876976 0.900767 0.028163
v 0.883412 0.876451 0.033023
v 0.919941 0.140189 0.033202
v 0.909438 0.123825 0.033215
v 0.908624 0.151425 0.033139
v 0.912980 0.098535 0.033242
v -0.934782 0.309112 -0.026022
v -0.765974 0.810191 0.003553
v -0.493802 0.876040 -0.021305
v -0.181783 0.792012 0.016003
v 0.119762 0.038200 -0.000643
v 0.434570 0.050919 0.019434
v 0.742762 0.060499 0.021256
v 0.876360 0.245727 -0.014778
v -0.934841 0.325148 0.021617
v -0.489456 0.043978 0.014231
v -0.178596 0.038765 -0.005679
v 0.437756 0.128483 -0.012605
v -0.935267 0.323147 -0.001484
v -0.480353 0.132752 -0.015460
v -0.177957 0.079253 -0.012278
v 0.437919 0.149363 0.010522
v 0.882905 0.134673 0.033122
v 0.884439 0.109080 0.025114
v 0.916897 0.175599 0.033114
v -0.934883 0.333002 -0.024739
v -0.486854 0.782331 -0.013688
v -0.181666 0.795229 -0.017697
v 0.126109 0.777134 -0.004569
v 0.434917 0.776933 0.000816
v 0.746010 0.792791 0.016013
v 0.876333 0.192884 -0.010548
v 0.880489 0.200795 0.032633
v 0.876292 0.179946 0.014245
v -0.935249 0.345443 0.000384
v -0.933790 0.352814 0.024329
v -0.486861 0.805695 0.011564
v -0.173450 0.877693 0.020056
v 0.126620 0.865252 -0.009085
v 0.434465 0.810633 -0.003514
v 0.744281 0.795406 -0.017679
v 0.872334 0.928401 -0.012699
v 0.874247 0.929257 0.012022
v -0.487528 0.907663 0.001408
v -0.180960 0.890367 -0.023066
v -0.170514 0.870199 -0.017086
v 0.127700 0.053683 0.020365
v 0.745545 0.863725 -0.006286
v 0.872881 0.000332 0.006912
v 0.878501 0.023803 0.031423
v 0.893892 0.043324 0.033228
v -0.934925 0.356918 -0.024518
v -0.762136 0.900874 0.015715
v -0.488153 0.063474 -0.022680
v -0.167729 0.125605 0.005998
v 0.127999 0.128276 0.010235
v 0.434414 0.879471 0.020621
v 0.746807 0.044049 -0.015832
v 0.878400 0.029705 -0.032467
v 0.891903 0.059271 -0.035220
v -0.935219 0.369012 -0.002034
v -0.763626 0.051210 0.019454
v -0.488216 0.131352 0.012750
v -0.169481 0.152563 -0.007246
v 0.129300 0.149952 -0.011684
v 0.437548 0.057970 -0.022827
v 0.744274 0.124371 -0.003425
v 0.747214 0.142533 0.014310
v 0.886003 0.086502 0.033240
v 0.910375 0.191878 -0.035253
v 0.909869 0.220319 -0.035259
v -0.934931 0.375862 0.020559
v -0.759527 0.152399 -0.007583
v 0.126231 0.808884 -0.008892
v 0.131299 0.803620 0.013177
v 0.439137 0.077709 0.013134
v 0.754969 0.080538 0.008246
v 0.880274 0.159944 0.032583
v 0.914391 0.246835 -0.035158
v -0.934805 0.382644 -0.025312
v -0.171298 0.907417 -0.005234
v 0.132627 0.874064 0.018212
v 0.440592 0.877579 -0.021987
v 0.751067 0.151073 -0.010214
v 0.882346 0.204855 -0.034816
v 0.882230 0.229583 -0.034747
v 0.909055 0.277848 0.033121
v -0.935181 0.393437 -0.001169
v -0.481744 0.861476 -0.001576
v -0.166762 0.050160 0.018981
v 0.446986 0.799767 0.015264
v 0.882476 0.245104 0.033026
v -0.934289 0.398496 0.023663
v -0.758199 0.862497 -0.003904
v -0.481672 0.069519 0.019552
v -0.168592 0.776848 -0.002224
v 0.129641 0.906547 -0.008577
v 0.441617 0.904921 0.010605
v 0.755868 0.884972 -0.023653
v 0.908532 0.357033 -0.034798
v -0.934766 0.406418 -0.026017
v -0.903641 0.320262 -0.000639
v -0.761863 0.129603 -0.013425
v -0.478266 0.896164 -0.021019
v -0.169858 0.810677 0.000229
v 0.131727 0.050732 -0.020963
v 0.447724 0.039302 -0.007711
v 0.757661 0.907767 -0.000998
v -0.750904 0.789135 0.015510
v -0.159281 0.899785 0.016703
v 0.135255 0.078819 0.011446
v 0.449879 0.080410 -0.010223
v 0.755355 0.810629 0.000845
v -0.935152 0.416505 -0.000262
v -0.903503 0.341865 -0.000116
v -0.750703 0.798652 -0.017153
v -0.163870 0.058012 -0.022795
v 0.141999 0.790386 -0.017452
v 0.451447 0.127561 0.009516
v 0.758432 0.870209 0.014968
v -0.934428 0.423518 0.023702
v -0.903569 0.363887 -0.000014
v -0.759780 0.057463 -0.022736
v -0.474274 0.782836 0.012246
v -0.168667 0.075984 0.015119
v 0.141544 0.128751 -0.012801
v 0.451083 0.150169 -0.011426
v 0.880376 0.922238 -0.031529
v -0.934940 0.427512 -0.023283
v -0.903377 0.408796 0.001145
v -0.903574 0.386236 0.000086
v -0.754737 0.126803 0.008211
v -0.474774 0.805037 -0.013920
v -0.157742 0.863048 0.003315
v 0.142930 0.148553 0.011353
v 0.758838 0.041280 0.010482
v 0.883621 0.110287 -0.027973
v 0.882348 0.156856 -0.034850
v -0.935149 0.441078 0.000584
v -0.471521 0.875280 0.018972
v -0.155012 0.135135 -0.016242
v 0.447553 0.788578 -0.017054
v 0.758086 0.777057 0.001413
v 0.876514 0.268952 0.002529
v 0.879859 0.270136 0.032398
v -0.933902 0.450007 0.024223
v -0.903524 0.430984 0.000971
v -0.474776 0.040329 -0.010593
v -0.154099 0.143468 0.014091
v 0.145066 0.782327 0.011814
v 0.449589 0.861514 -0.001753
v 0.762050 0.060953 -0.022905
v 0.771437 0.079826 -0.011142
v -0.934777 0.447625 -0.025722
v -0.753114 0.905471 -0.011364
v -0.474028 0.081400 -0.007211
v 0.142370 0.076950 -0.015515
v 0.452941 0.903999 -0.014057
v 0.770832 0.061873 0.021200
v 0.881684 0.008478 -0.021412
v -0.935162 0.466875 -0.000911
v -0.903642 0.452102 0.000022
v -0.749890 0.075844 0.015229
v -0.157142 0.793513 0.016041
v 0.140512 0.882641 -0.023490
v 0.459830 0.808711 -0.009324
v 0.767359 0.126679 0.007997
v 0.764453 0.132187 -0.015124
v -0.934210 0.467891 -0.027366
v -0.475572 0.148809 0.011083
v -0.464436 0.151527 -0.009484
v -0.157021 0.794373 -0.017746
v 0.144143 0.901179 0.015477
v 0.461191 0.071400 0.018574
v 0.457169 0.044778 0.015018
v 0.771774 0.892322 0.020543
v 0.892876 0.087101 -0.035240
v -0.934617 0.475451 0.022891
v -0.903018 0.489379 0.003933
v -0.466130 0.873564 -0.019901
v -0.155771 0.892308 -0.022522
v 0.145078 0.038475 0.002669
v 0.464361 0.128773 -0.012868
v 0.773479 0.040616 -0.011009
v -0.934986 0.487228 -0.020298
v -0.935158 0.493716 0.005708
v -0.461427 0.898640 0.017489
v -0.154768 0.038210 -0.001951
v 0.155125 0.126718 0.008132
v 0.464742 0.148703 0.011204
v 0.770142 0.149717 0.010059
v -0.464518 0.044257 0.014530
v -0.154598 0.081507 -0.006628
v 0.459583 0.779162 0.008064
v 0.775198 0.795804 0.016021
v -0.921316 0.497120 0.027515
v -0.905222 0.546363 -0.000598
v -0.463157 0.061610 -0.022879
v -0.142947 0.870802 -0.017665
v 0.151725 0.810165 -0.005777
v 0.456114 0.879831 0.020692
v 0.767849 0.790631 -0.017517
v -0.934456 0.506049 -0.027039
v -0.746807 0.875564 0.019082
v -0.464619 0.125342 0.005365
v -0.143713 0.877918 0.020166
v 0.149516 0.861667 -0.002305
v 0.462608 0.060525 -0.022946
v 0.769849 0.865366 -0.009353
v 0.883244 0.001245 0.033413
v -0.934708 0.516159 0.021269
v -0.935180 0.516488 -0.002757
v -0.749620 0.038242 -0.001768
v -0.461744 0.779651 -0.010716
v -0.144447 0.907492 -0.004829
v 0.152257 0.059493 0.021205
v 0.781032 0.150295 -0.011277
v -0.905082 0.565889 -0.000375
v -0.748567 0.080060 -0.010747
v -0.461413 0.807952 0.008601
v -0.147171 0.071951 0.018211
v 0.154659 0.054181 -0.022127
v 0.464256 0.882363 -0.023411
v -0.934714 0.529667 -0.025605
v -0.904769 0.585845 0.001268
v -0.743735 0.145627 0.013187
v -0.463998 0.907531 -0.004579
v -0.141565 0.124211 0.000063
v 0.155510 0.150892 -0.010518
v 0.472002 0.804541 0.012550
v 0.785333 0.079581 0.010237
v 0.912468 0.070244 0.033231
v -0.934741 0.541424 0.021092
v -0.935186 0.541491 -0.001949
v -0.459164 0.074375 0.016565
v -0.141664 0.153618 -0.002838
v 0.465929 0.903302 0.013068
v 0.882179 0.180869 -0.034801
v -0.743563 0.880608 -0.023043
v -0.451105 0.131693 -0.014894
v -0.143609 0.776840 -0.000158
v 0.160026 0.802962 0.013612
v 0.472048 0.040274 -0.010422
v 0.778236 0.810268 -0.004950
v 0.880217 0.922551 0.030430
v -0.934822 0.554944 -0.024366
v -0.145026 0.810698 -0.000667
v 0.158646 0.877436 0.019998
v 0.775721 0.899143 -0.019194
v 0.789047 0.875595 -0.021077
v -0.934725 0.566956 0.021055
v -0.935202 0.567990 -0.001858
v -0.454279 0.861802 0.001060
v -0.140179 0.047367 0.017229
v 0.152309 0.905074 -0.012292
v 0.472109 0.782180 -0.013545
v 0.787062 0.042422 0.012178
v -0.450601 0.146011 0.013046
v -0.141068 0.048241 -0.019643
v -0.136782 0.072322 -0.019651
v 0.160066 0.081031 0.006863
v 0.473392 0.081681 -0.006024
v 0.783813 0.776977 0.000978
v -0.934839 0.580981 -0.024080
v -0.735965 0.777542 -0.005985
v -0.129397 0.862875 0.003077
v 0.167150 0.076422 -0.016140
v 0.478601 0.127043 0.008775
v 0.784968 0.866222 0.009196
v -0.934727 0.592171 0.021256
v -0.935179 0.595863 -0.001322
v -0.735566 0.810004 0.004228
v -0.130711 0.900055 0.016476
v 0.168796 0.130212 -0.013921
v 0.477652 0.150635 -0.010779
v 0.786268 0.906825 0.005577
v 0.917254 0.075660 -0.035211
v -0.736082 0.901610 0.015008
v -0.450329 0.894606 -0.021707
v -0.128079 0.140213 -0.016596
v 0.169084 0.147411 0.012163
v 0.471071 0.861955 0.001541
v 0.787852 0.060088 -0.022900
v -0.934732 0.604895 -0.025596
v -0.738359 0.049129 0.018338
v -0.449115 0.040354 -0.010653
v -0.132078 0.794767 0.016071
v 0.161206 0.777900 -0.007484
v 0.175641 0.784824 0.013664
v 0.477548 0.906072 -0.009970
v 0.788449 0.127635 -0.011601
v -0.934671 0.618865 0.021472
v -0.935159 0.622565 -0.000460
v -0.739839 0.136188 -0.016432
v -0.449226 0.081333 -0.007516
v -0.133025 0.791812 -0.017636
v 0.171256 0.799479 -0.016966
v 0.479852 0.047731 0.017490
v -0.729460 0.153624 -0.002601
v -0.448899 0.785916 0.014204
v -0.129717 0.893767 -0.022021
v 0.163325 0.879452 -0.022685
v 0.800091 0.079186 -0.012269
v -0.934828 0.626370 -0.023818
v -0.907929 0.777540 -0.000234
v -0.448879 0.802125 -0.015897
v -0.126593 0.038227 -0.002159
v 0.170776 0.044746 0.015001
v 0.167964 0.039938 -0.009630
v 0.486933 0.073053 0.017542
v 0.791958 0.129013 0.010975
v -0.934808 0.646766 0.019806
v -0.128653 0.081825 0.003547
v 0.168017 0.902894 0.013623
v 0.485138 0.782386 0.011850
v -0.935169 0.647197 -0.005705
v -0.904510 0.797372 0.000673
v -0.443809 0.877368 0.019912
v -0.128397 0.136976 0.014690
v 0.173922 0.861528 -0.001763
v 0.484156 0.804986 -0.013964
v -0.925488 0.644730 -0.026994
v -0.736897 0.050086 -0.020642
v -0.437137 0.125783 0.006464
v 0.178854 0.070700 0.018979
v 0.480530 0.878360 0.020309
v -0.935260 0.670454 0.001826
v -0.925896 0.670567 0.026221
v -0.731999 0.861884 -0.002930
v -0.437148 0.152010 -0.008614
v -0.123243 0.066134 0.020620
v 0.182207 0.126060 0.007067
v 0.487341 0.063817 -0.022641
v -0.930283 0.663628 -0.027049
v -0.730187 0.124407 0.001639
v -0.437979 0.872402 -0.019084
v -0.120853 0.810357 -0.004734
v 0.181994 0.151773 -0.009066
v 0.491441 0.129836 -0.013687
v 0.792512 0.792627 -0.017707
v -0.905261 0.817509 -0.000706
v -0.443641 0.053404 0.020304
v -0.116364 0.871763 -0.018586
v 0.183747 0.810035 0.004248
v 0.491171 0.147757 0.011901
v 0.800908 0.062341 0.021174
v -0.934906 0.683617 -0.024240
v -0.437512 0.062878 -0.022782
v -0.115175 0.878093 0.020228
v 0.175176 0.904265 -0.013733
v 0.483789 0.871193 -0.018039
v 0.493302 0.893273 -0.022194
v 0.795292 0.149497 0.010275
v 0.892368 0.180371 0.033074
v -0.436789 0.777916 -0.007397
v -0.116732 0.907497 -0.004773
v 0.182238 0.058656 -0.022877
v 0.491522 0.900792 0.015786
v -0.934869 0.692097 0.018775
v -0.935274 0.695809 -0.003161
v -0.436496 0.809559 0.005563
v -0.117088 0.054998 -0.022311
v 0.493255 0.038376 -0.003404
v -0.904580 0.858539 0.000979
v -0.440052 0.907802 -0.000690
v -0.428928 0.897420 0.018291
v -0.111521 0.046456 0.016587
v 0.188045 0.777743 -0.007014
v -0.929768 0.705305 -0.026998
v -0.110738 0.079454 -0.011933
v 0.497363 0.779930 -0.011101
v -0.934798 0.719295 0.019110
v -0.727782 0.903152 -0.015190
v -0.433398 0.076815 0.014264
v -0.114621 0.124654 -0.004959
v 0.183547 0.877464 0.019975
v 0.496762 0.807657 0.009093
v 0.797454 0.884402 0.021407
v -0.115080 0.153095 0.003837
v 0.189047 0.081824 -0.005208
v 0.496798 0.861924 0.001476
v 0.800303 0.040427 -0.010583
v -0.935225 0.717567 -0.003099
v -0.722790 0.082090 0.001738
v -0.724107 0.068409 0.019952
v -0.426336 0.861883 0.001260
v -0.118111 0.777168 0.002497
v 0.498979 0.082030 -0.004136
v 0.891752 0.253262 -0.035060
v -0.934819 0.727202 -0.024605
v -0.726786 0.071728 -0.020012
v -0.109041 0.788948 -0.017152
v 0.190097 0.038200 -0.000645
v 0.503974 0.151714 -0.009107
v 0.876402 0.265742 -0.025771
v -0.935166 0.739542 -0.002504
v 0.186798 0.879260 -0.022619
v -0.934744 0.745298 0.019936
v 0.888411 0.281179 -0.035074
v -0.930392 0.749247 -0.026937
v 0.876486 0.287005 -0.011804
v -0.935111 0.760895 -0.002324
v -0.431009 0.039063 0.005434
v -0.420341 0.044469 -0.016362
v 0.876520 0.292208 0.014689
v -0.934714 0.769970 0.020021
v 0.886525 0.295209 0.033111
v -0.934787 0.771366 -0.025128
v 0.877246 0.301614 -0.030548
v 0.876502 0.310948 -0.002872
v -0.935098 0.783789 -0.001606
v -0.934783 0.792438 -0.025641
v 0.876573 0.319424 0.025204
v -0.934681 0.793851 0.020691
v 0.506543 0.049378 -0.020316
v -0.935190 0.807110 -0.002368
v 0.878846 0.322332 -0.032990
v -0.934449 0.815450 -0.027036
v 0.876497 0.334004 -0.002117
v -0.934806 0.816388 0.019575
v 0.876612 0.344635 0.025833
v 0.879306 0.342278 -0.033415
v -0.935214 0.830720 -0.002290
v 0.876474 0.356848 -0.005270
v -0.934605 0.838439 -0.026590
v 0.879363 0.362220 -0.033475
v -0.934729 0.838260 0.020982
v 0.876489 0.367691 0.018513
v 0.891310 0.370550 0.033071
v -0.935267 0.854586 -0.000144
v 0.876469 0.382346 -0.005207
v -0.934848 0.860510 -0.024097
v -0.903808 0.471596 -0.001888
v 0.879143 0.381517 -0.033279
vt 0.028890 0.131479
vt 0.016627 0.128554
vt 0.024463 0.116123
vt 0.037683 0.447741
vt 0.050260 0.456075
vt 0.036709 0.460590
vt 0.602482 0.099122
vt 0.611475 0.106003
vt 0.602470 0.113028
vt 0.411840 0.405399
vt 0.422680 0.411715
vt 0.412120 0.418774
vt 0.391488 0.294448
vt 0.402549 0.283607
vt 0.402619 0.295507
vt 0.397133 0.306945
vt 0.272786 0.400639
vt 0.271859 0.391303
vt 0.285987 0.390049
vt 0.616634 0.526697
vt 0.628473 0.518045
vt 0.630436 0.527042
vt 0.091429 0.359411
vt 0.085200 0.348507
vt 0.096619 0.343010
vt 0.603307 0.938479
vt 0.611428 0.948385
vt 0.594378 0.949359
vt 0.353459 0.437342
vt 0.343214 0.433172
vt 0.350516 0.421189
vt 0.916318 0.508083
vt 0.928756 0.516671
vt 0.915887 0.520844
vt 0.459115 0.441915
vt 0.468379 0.448472
vt 0.457676 0.454534
vt 0.446523 0.448829
vt 0.970750 0.589355
vt 0.959039 0.581744
vt 0.972026 0.575437
vt 0.929321 0.361361
vt 0.917505 0.351274
vt 0.931399 0.347677
vt 0.272030 0.067503
vt 0.259629 0.062109
vt 0.271146 0.053780
vt 0.666021 0.070728
vt 0.654959 0.066174
vt 0.666997 0.057076
vt 0.389837 0.229323
vt 0.402487 0.216789
vt 0.401980 0.227876
vt 0.401755 0.239404
vt 0.299053 0.397325
vt 0.286009 0.401533
vt 0.299552 0.384329
vt 0.158685 0.325751
vt 0.147410 0.318930
vt 0.158523 0.312121
vt 0.472094 0.284712
vt 0.483725 0.291397
vt 0.472234 0.298118
vt 0.434232 0.570711
vt 0.422142 0.563102
vt 0.434084 0.555939
vt 0.443374 0.562963
vt 0.566073 0.160409
vt 0.551703 0.153176
vt 0.563127 0.147840
vt 0.510310 0.195948
vt 0.497702 0.189800
vt 0.509908 0.183983
vt 0.551388 0.291861
vt 0.564898 0.298941
vt 0.555552 0.306604
vt 0.031495 0.920969
vt 0.018201 0.919763
vt 0.025013 0.907006
vt 0.167794 0.975480
vt 0.160732 0.963941
vt 0.175411 0.963150
vt 0.604383 0.316256
vt 0.605284 0.303206
vt 0.617709 0.314556
vt 0.617548 0.326492
vt 0.091412 0.024748
vt 0.075981 0.021165
vt 0.085859 0.013454
vt 0.099266 0.010779
vt 0.044161 0.506194
vt 0.033433 0.515108
vt 0.033240 0.502586
vt 0.150069 0.489763
vt 0.141960 0.478879
vt 0.153680 0.477589
vt 0.137539 0.488517
vt 0.628850 0.499900
vt 0.616830 0.494503
vt 0.627998 0.486444
vt 0.023802 0.292928
vt 0.011528 0.286417
vt 0.025577 0.280729
vt 0.354928 0.265428
vt 0.343192 0.257759
vt 0.355809 0.252731
vt 0.528365 0.121786
vt 0.530243 0.106566
vt 0.541100 0.116551
vt 0.686419 0.951313
vt 0.672666 0.942248
vt 0.685808 0.938948
vt 0.044003 0.136074
vt 0.038398 0.125806
vt 0.048453 0.119736
vt 0.056997 0.129565
vt 0.332249 0.249476
vt 0.331706 0.262396
vt 0.502001 0.680554
vt 0.489924 0.672374
vt 0.503185 0.668225
vt 0.990844 0.427621
vt 0.980027 0.419758
vt 0.992179 0.412971
vt 0.998808 0.421035
vt 0.257856 0.273293
vt 0.268884 0.280809
vt 0.258009 0.287164
vt 0.060641 0.169393
vt 0.072057 0.176128
vt 0.060935 0.183505
vt 0.535927 0.132889
vt 0.700666 0.947558
vt 0.621375 0.349529
vt 0.631219 0.343696
vt 0.631645 0.358476
vt 0.630053 0.536547
vt 0.272268 0.410176
vt 0.616886 0.540948
vt 0.086641 0.319801
vt 0.097351 0.326829
vt 0.087024 0.334080
vt 0.253728 0.022968
vt 0.239832 0.020591
vt 0.247953 0.008271
vt 0.262241 0.010918
vt 0.441011 0.067093
vt 0.430506 0.060524
vt 0.441198 0.053625
vt 0.123899 0.060060
vt 0.134825 0.065917
vt 0.121768 0.073426
vt 0.931572 0.504921
vt 0.637109 0.954912
vt 0.624691 0.946598
vt 0.634969 0.938576
vt 0.646191 0.944342
vt 0.336547 0.422380
vt 0.331683 0.438286
vt 0.506305 0.848526
vt 0.497359 0.839096
vt 0.510449 0.833324
vt 0.918537 0.669259
vt 0.931751 0.677578
vt 0.918157 0.681626
vt 0.037556 0.285708
vt 0.050730 0.292973
vt 0.036922 0.298164
vt 0.970899 0.429663
vt 0.959181 0.421577
vt 0.972352 0.417701
vt 0.482267 0.140126
vt 0.470910 0.133659
vt 0.482492 0.126610
vt 0.611816 0.294454
vt 0.602607 0.287475
vt 0.616316 0.280383
vt 0.156818 0.492947
vt 0.167991 0.498471
vt 0.157430 0.506129
vt 0.402624 0.169357
vt 0.390934 0.172707
vt 0.390145 0.159305
vt 0.402390 0.158644
vt 0.401679 0.147685
vt 0.604370 0.327180
vt 0.298748 0.408207
vt 0.617648 0.338489
vt 0.161895 0.156729
vt 0.170528 0.167560
vt 0.159878 0.170538
vt 0.682043 0.357663
vt 0.686967 0.345386
vt 0.692879 0.356087
vt 0.100148 0.411495
vt 0.086951 0.408246
vt 0.094572 0.396883
vt 0.351307 0.183351
vt 0.363885 0.174333
vt 0.363885 0.187242
vt 0.127660 0.235220
vt 0.119890 0.228519
vt 0.129050 0.221212
vt 0.138265 0.228115
vt 0.201693 0.672444
vt 0.211703 0.680822
vt 0.202337 0.685375
vt 0.132276 0.390285
vt 0.141315 0.396945
vt 0.128736 0.403351
vt 0.466437 0.775803
vt 0.453824 0.769319
vt 0.467949 0.762881
vt 0.955994 0.739951
vt 0.968649 0.747500
vt 0.953903 0.753010
vt 0.657569 0.296666
vt 0.666286 0.306403
vt 0.653994 0.310498
vt 0.431656 0.690027
vt 0.440316 0.684315
vt 0.441408 0.695812
vt 0.160534 0.522047
vt 0.152571 0.535257
vt 0.148555 0.524213
vt 0.162410 0.538173
vt 0.171634 0.533445
vt 0.699507 0.339861
vt 0.698063 0.347465
vt 0.441608 0.671633
vt 0.427073 0.680064
vt 0.428724 0.669798
vt 0.617756 0.300971
vt 0.959977 0.094882
vt 0.949955 0.086639
vt 0.963982 0.081176
vt 0.971162 0.089757
vt 0.344064 0.082785
vt 0.354329 0.091688
vt 0.341025 0.095306
vt 0.090731 0.421254
vt 0.479836 0.019232
vt 0.463257 0.015092
vt 0.471288 0.005556
vt 0.633865 0.617654
vt 0.646241 0.609500
vt 0.647237 0.626991
vt 0.482318 0.005910
vt 0.634346 0.628850
vt 0.134907 0.052168
vt 0.059949 0.055113
vt 0.070742 0.060207
vt 0.060361 0.068783
vt 0.489440 0.684526
vt 0.982201 0.245317
vt 0.995700 0.252291
vt 0.981151 0.257649
vt 0.422966 0.216495
vt 0.433276 0.223910
vt 0.422758 0.230638
vt 0.621778 0.112651
vt 0.621761 0.098795
vt 0.486410 0.456225
vt 0.475570 0.449665
vt 0.485815 0.442715
vt 0.645574 0.383857
vt 0.634484 0.378312
vt 0.645604 0.371054
vt 0.247730 0.134798
vt 0.257899 0.141415
vt 0.250647 0.147397
vt 0.402431 0.377147
vt 0.390308 0.382351
vt 0.389812 0.370612
vt 0.402382 0.364808
vt 0.690645 0.365651
vt 0.278790 0.369530
vt 0.285253 0.376733
vt 0.276590 0.380307
vt 0.427854 0.699507
vt 0.171653 0.521309
vt 0.183081 0.524641
vt 0.145542 0.151927
vt 0.156724 0.158542
vt 0.145551 0.165842
vt 0.579351 0.227536
vt 0.589848 0.234708
vt 0.578977 0.241651
vt 0.323984 0.290840
vt 0.313073 0.284043
vt 0.323598 0.276543
vt 0.012157 0.604092
vt 0.028034 0.606645
vt 0.017035 0.616066
vt 0.998829 0.585834
vt 0.988105 0.583874
vt 0.995506 0.573686
vt 0.921401 0.184139
vt 0.933211 0.191975
vt 0.918778 0.196313
vt 0.232796 0.234024
vt 0.221146 0.226455
vt 0.233820 0.221645
vt 0.960646 0.898889
vt 0.950242 0.891727
vt 0.960653 0.885749
vt 0.972516 0.893823
vt 0.592771 0.083958
vt 0.582005 0.076820
vt 0.593194 0.070262
vt 0.617329 0.510961
vt 0.630234 0.506260
vt 0.490202 0.937682
vt 0.503309 0.943501
vt 0.491843 0.950331
vt 0.479252 0.948129
vt 0.478064 0.937183
vt 0.079432 0.637391
vt 0.079987 0.646897
vt 0.067421 0.640106
vt 0.068330 0.653456
vt 0.307542 0.116978
vt 0.318623 0.123936
vt 0.307629 0.130685
vt 0.530045 0.159263
vt 0.529164 0.146166
vt 0.541956 0.148372
vt 0.642664 0.422506
vt 0.633063 0.416380
vt 0.642403 0.408926
vt 0.264794 0.472718
vt 0.253624 0.467892
vt 0.263359 0.459027
vt 0.574090 0.515990
vt 0.563797 0.510169
vt 0.573836 0.502208
vt 0.457031 0.612647
vt 0.446918 0.606081
vt 0.459360 0.599693
vt 0.468755 0.606636
vt 0.996056 0.751840
vt 0.984445 0.743311
vt 0.997697 0.738207
vt 0.014633 0.766694
vt 0.025867 0.774565
vt 0.012941 0.780180
vt 0.213266 0.078801
vt 0.226813 0.089242
vt 0.213186 0.091856
vt 0.448053 0.906801
vt 0.460241 0.912899
vt 0.447943 0.919692
vt 0.455861 0.293266
vt 0.445399 0.286527
vt 0.458220 0.281112
vt 0.163453 0.551122
vt 0.152099 0.549067
vt 0.174481 0.548476
vt 0.294312 0.379358
vt 0.270452 0.652402
vt 0.270854 0.663841
vt 0.259579 0.653456
vt 0.012089 0.112973
vt 0.998585 0.092617
vt 0.990210 0.090606
vt 0.996651 0.076822
vt 0.286414 0.426299
vt 0.299612 0.430970
vt 0.285179 0.438622
vt 0.994144 0.265093
vt 0.010666 0.299076
vt 0.313297 0.297970
vt 0.483627 0.305131
vt 0.502100 0.358761
vt 0.492915 0.350657
vt 0.503361 0.342220
vt 0.442352 0.579768
vt 0.223971 0.213850
vt 0.211333 0.218056
vt 0.535814 0.418248
vt 0.547222 0.427170
vt 0.537157 0.435869
vt 0.603542 0.482417
vt 0.614581 0.490505
vt 0.604676 0.500320
vt 0.490777 0.828258
vt 0.502775 0.824649
vt 0.272990 0.431598
vt 0.515721 0.948766
vt 0.515922 0.936493
vt 0.528038 0.942655
vt 0.057478 0.052998
vt 0.046841 0.042745
vt 0.061825 0.042419
vt 0.443996 0.037069
vt 0.459432 0.038959
vt 0.446775 0.047631
vt 0.133820 0.079386
vt 0.072029 0.073921
vt 0.059740 0.082296
vt 0.345300 0.245337
vt 0.044858 0.534780
vt 0.037841 0.543912
vt 0.032220 0.533808
vt 0.932091 0.664534
vt 0.589532 0.248651
vt 0.147550 0.333091
vt 0.475459 0.436080
vt 0.422270 0.398338
vt 0.066796 0.349487
vt 0.057738 0.342482
vt 0.065551 0.335581
vt 0.257740 0.127588
vt 0.574087 0.309525
vt 0.575429 0.294083
vt 0.499947 0.056623
vt 0.488570 0.047771
vt 0.502509 0.041946
vt 0.049798 0.469075
vt 0.037197 0.523296
vt 0.616645 0.555093
vt 0.630049 0.547189
vt 0.630616 0.557511
vt 0.272168 0.420955
vt 0.260957 0.684675
vt 0.270938 0.676990
vt 0.272499 0.688908
vt 0.001051 0.014735
vt 0.015032 0.016255
vt 0.001225 0.026159
vt 0.259572 0.670502
vt 0.684974 0.583251
vt 0.686932 0.598611
vt 0.675410 0.591993
vt 0.401366 0.688660
vt 0.413174 0.695966
vt 0.401366 0.699507
vt 0.032818 0.471348
vt 0.400364 0.390222
vt 0.392946 0.404021
vt 0.386589 0.393744
vt 0.604581 0.361936
vt 0.606177 0.349972
vt 0.617625 0.359259
vt 0.298389 0.442855
vt 0.617442 0.370174
vt 0.685679 0.643594
vt 0.676916 0.631280
vt 0.688908 0.632209
vt 0.309228 0.648672
vt 0.315969 0.655886
vt 0.304882 0.660516
vt 0.616830 0.480977
vt 0.050629 0.305518
vt 0.445460 0.299012
vt 0.920142 0.497364
vt 0.992989 0.596980
vt 0.499732 0.176134
vt 0.487566 0.179703
vt 0.120959 0.962251
vt 0.136030 0.963421
vt 0.127075 0.976514
vt 0.110644 0.970256
vt 0.285428 0.449857
vt 0.271231 0.441051
vt 0.093702 0.226111
vt 0.086819 0.214837
vt 0.098606 0.212827
vt 0.579035 0.942029
vt 0.590568 0.936859
vt 0.626591 0.567219
vt 0.616659 0.575977
vt 0.608190 0.566346
vt 0.446465 0.461771
vt 0.268962 0.266926
vt 0.533407 0.403237
vt 0.522476 0.396242
vt 0.533462 0.389333
vt 0.349718 0.234662
vt 0.362119 0.245534
vt 0.352830 0.244741
vt 0.402029 0.412570
vt 0.400041 0.424937
vt 0.388651 0.417182
vt 0.970780 0.267569
vt 0.958071 0.259739
vt 0.970989 0.254318
vt 0.112940 0.015019
vt 0.105608 0.025485
vt 0.122473 0.022294
vt 0.031830 0.040324
vt 0.037436 0.051905
vt 0.923670 0.913626
vt 0.935247 0.922468
vt 0.922802 0.925053
vt 0.468171 0.461270
vt 0.958195 0.434534
vt 0.072362 0.190457
vt 0.255307 0.299790
vt 0.243470 0.292760
vt 0.254908 0.285550
vt 0.325990 0.011161
vt 0.342596 0.017870
vt 0.327916 0.023380
vt 0.355732 0.077069
vt 0.611505 0.119667
vt 0.966439 0.760662
vt 0.934604 0.179027
vt 0.517148 0.114995
vt 0.402131 0.064017
vt 0.388858 0.071718
vt 0.389782 0.059628
vt 0.402136 0.050692
vt 0.604553 0.338420
vt 0.298845 0.419420
vt 0.285692 0.413951
vt 0.028062 0.461051
vt 0.017218 0.453170
vt 0.029445 0.447014
vt 0.313402 0.019949
vt 0.138408 0.242122
vt 0.632579 0.429985
vt 0.212443 0.666095
vt 0.253164 0.453389
vt 0.221022 0.383802
vt 0.233376 0.391386
vt 0.217696 0.396326
vt 0.445995 0.618411
vt 0.486733 0.193683
vt 0.982069 0.757500
vt 0.467706 0.288663
vt 0.502247 0.505722
vt 0.509935 0.521003
vt 0.499916 0.519973
vt 0.490060 0.512596
vt 0.333909 0.079296
vt 0.522110 0.382459
vt 0.243973 0.306663
vt 0.211085 0.231061
vt 0.451900 0.782173
vt 0.400167 0.076600
vt 0.389801 0.048556
vt 0.096226 0.311461
vt 0.276387 0.013098
vt 0.268576 0.023698
vt 0.286380 0.020837
vt 0.659458 0.441819
vt 0.669978 0.447968
vt 0.659120 0.455716
vt 0.441404 0.230859
vt 0.431610 0.237709
vt 0.547717 0.561509
vt 0.550082 0.576852
vt 0.537311 0.566659
vt 0.975453 0.088510
vt 0.980730 0.099493
vt 0.156869 0.172509
vt 0.470997 0.147396
vt 0.030071 0.620459
vt 0.423484 0.577166
vt 0.137054 0.631190
vt 0.145583 0.621673
vt 0.152275 0.632214
vt 0.636044 0.363095
vt 0.698252 0.309799
vt 0.698954 0.301091
vt 0.708339 0.306441
vt 0.708327 0.317115
vt 0.505639 0.338159
vt 0.514032 0.347929
vt 0.505639 0.351520
vt 0.089096 0.268113
vt 0.099720 0.274547
vt 0.091236 0.284593
vt 0.929254 0.826832
vt 0.931675 0.839613
vt 0.920088 0.840306
vt 0.972116 0.102711
vt 0.916249 0.830181
vt 0.140914 0.410065
vt 0.396756 0.036796
vt 0.471680 0.024709
vt 0.459057 0.132417
vt 0.447641 0.123823
vt 0.460500 0.117842
vt 0.949436 0.101373
vt 0.581527 0.090469
vt 0.318917 0.137765
vt 0.561587 0.523121
vt 0.467528 0.619382
vt 0.955756 0.594632
vt 0.028293 0.786538
vt 0.552937 0.165760
vt 0.707984 0.294469
vt 0.155725 0.641659
vt 0.141882 0.646760
vt 0.146455 0.635929
vt 0.487923 0.063105
vt 0.449158 0.108143
vt 0.464836 0.105278
vt 0.953398 0.073992
vt 0.512565 0.688321
vt 0.501196 0.692580
vt 0.312305 0.270373
vt 0.483368 0.277910
vt 0.521192 0.368495
vt 0.532475 0.375482
vt 0.255891 0.313796
vt 0.245325 0.320741
vt 0.446359 0.761211
vt 0.456567 0.756868
vt 0.636503 0.153680
vt 0.640516 0.140300
vt 0.650047 0.151245
vt 0.980718 0.875800
vt 0.992848 0.884592
vt 0.979764 0.891361
vt 0.392886 0.572943
vt 0.383532 0.584324
vt 0.381500 0.573720
vt 0.383505 0.561781
vt 0.322210 0.566291
vt 0.316280 0.554979
vt 0.328383 0.555005
vt 0.274681 0.325004
vt 0.287305 0.330965
vt 0.274460 0.337184
vt 0.334549 0.566357
vt 0.634540 0.536332
vt 0.647098 0.525864
vt 0.647484 0.539985
vt 0.634137 0.547875
vt 0.647940 0.131214
vt 0.639841 0.120211
vt 0.650047 0.121050
vt 0.640026 0.390381
vt 0.137539 0.468465
vt 0.149081 0.466852
vt 0.351250 0.172089
vt 0.446306 0.274871
vt 0.458070 0.268467
vt 0.949260 0.239122
vt 0.959953 0.246393
vt 0.949303 0.251929
vt 0.589982 0.220700
vt 0.147064 0.304710
vt 0.270060 0.294640
vt 0.259333 0.300497
vt 0.059734 0.155841
vt 0.071447 0.162038
vt 0.125281 0.631493
vt 0.129055 0.619453
vt 0.933189 0.932609
vt 0.972959 0.880879
vt 0.926736 0.060578
vt 0.914194 0.053659
vt 0.927734 0.047842
vt 0.389771 0.119432
vt 0.401083 0.111611
vt 0.401583 0.123515
vt 0.286181 0.318949
vt 0.299549 0.327317
vt 0.260083 0.623847
vt 0.272969 0.633986
vt 0.263167 0.638183
vt 0.252238 0.635590
vt 0.456885 0.028761
vt 0.472456 0.035838
vt 0.045525 0.668979
vt 0.034099 0.664909
vt 0.046053 0.656108
vt 0.433060 0.047053
vt 0.441029 0.039534
vt 0.119704 0.214721
vt 0.435831 0.209948
vt 0.020050 0.438956
vt 0.032593 0.433738
vt 0.348771 0.105434
vt 0.511134 0.365563
vt 0.500803 0.372775
vt 0.489101 0.364577
vt 0.271437 0.081348
vt 0.258475 0.075879
vt 0.654665 0.052364
vt 0.667711 0.043570
vt 0.057943 0.665449
vt 0.125055 0.046100
vt 0.577524 0.569361
vt 0.578062 0.555123
vt 0.587856 0.561267
vt 0.298028 0.341399
vt 0.286251 0.342312
vt 0.587302 0.575526
vt 0.283458 0.637047
vt 0.283318 0.623196
vt 0.294427 0.623093
vt 0.675937 0.146382
vt 0.678639 0.133331
vt 0.688530 0.144476
vt 0.665372 0.140257
vt 0.681607 0.157212
vt 0.977474 0.731286
vt 0.988908 0.729207
vt 0.625321 0.130550
vt 0.343654 0.446413
vt 0.962212 0.409035
vt 0.972678 0.404640
vt 0.927373 0.529516
vt 0.020028 0.596062
vt 0.030557 0.590516
vt 0.424710 0.546854
vt 0.669264 0.096409
vt 0.659656 0.081625
vt 0.675371 0.081982
vt 0.623885 0.699507
vt 0.621300 0.682848
vt 0.627164 0.691723
vt 0.604075 0.625221
vt 0.604664 0.614732
vt 0.611999 0.632383
vt 0.647342 0.552654
vt 0.634108 0.560209
vt 0.692441 0.551507
vt 0.692053 0.564379
vt 0.681149 0.555754
vt 0.677587 0.543147
vt 0.677587 0.567975
vt 0.959724 0.568445
vt 0.972319 0.561995
vt 0.297720 0.315564
vt 0.286733 0.306513
vt 0.299412 0.304049
vt 0.809085 0.958150
vt 0.800196 0.944859
vt 0.812010 0.941069
vt 0.819792 0.954431
vt 0.840578 0.933384
vt 0.828885 0.927018
vt 0.840787 0.922690
vt 0.851822 0.925881
vt 0.323053 0.618101
vt 0.321111 0.607154
vt 0.333588 0.611228
vt 0.473725 0.647829
vt 0.482236 0.656968
vt 0.469264 0.660495
vt 0.417587 0.124152
vt 0.406898 0.118690
vt 0.419626 0.110771
vt 0.424311 0.203088
vt 0.503548 0.533794
vt 0.490034 0.527343
vt 0.577472 0.543351
vt 0.577802 0.531690
vt 0.587921 0.543710
vt 0.928668 0.374590
vt 0.915222 0.362734
vt 0.552780 0.139106
vt 0.564329 0.132541
vt 0.573757 0.141886
vt 0.360465 0.535405
vt 0.355207 0.523353
vt 0.368330 0.524143
vt 0.274396 0.311897
vt 0.824960 0.940335
vt 0.837209 0.945369
vt 0.831006 0.957792
vt 0.980134 0.404797
vt 0.993650 0.399783
vt 0.313449 0.004502
vt 0.062880 0.601836
vt 0.049691 0.607597
vt 0.050559 0.595463
vt 0.036904 0.590834
vt 0.047776 0.583343
vt 0.058967 0.585623
vt 0.021463 0.101790
vt 0.032418 0.107194
vt 0.489039 0.696409
vt 0.983394 0.233258
vt 0.996786 0.239912
vt 0.322711 0.593473
vt 0.331028 0.583277
vt 0.337388 0.591504
vt 0.010803 0.432207
vt 0.010358 0.445244
vt 0.611567 0.092002
vt 0.621772 0.084547
vt 0.486987 0.470119
vt 0.476514 0.463248
vt 0.931603 0.204800
vt 0.917897 0.208954
vt 0.232326 0.246869
vt 0.219569 0.239214
vt 0.563128 0.285293
vt 0.402514 0.193455
vt 0.390291 0.198781
vt 0.390903 0.185727
vt 0.402635 0.180910
vt 0.380067 0.970657
vt 0.366037 0.967198
vt 0.376320 0.960060
vt 0.036053 0.112866
vt 0.045508 0.106478
vt 0.058258 0.113835
vt 0.929583 0.690956
vt 0.916363 0.693406
vt 0.040442 0.273870
vt 0.053049 0.281296
vt 0.426175 0.376762
vt 0.438657 0.379536
vt 0.431677 0.392148
vt 0.256814 0.482752
vt 0.123872 0.382315
vt 0.123320 0.394789
vt 0.173110 0.150190
vt 0.539997 0.652965
vt 0.543788 0.638281
vt 0.553370 0.641177
vt 0.390294 0.961673
vt 0.665538 0.125053
vt 0.676298 0.117802
vt 0.396317 0.005223
vt 0.402730 0.018963
vt 0.386925 0.019218
vt 0.371926 0.019529
vt 0.380456 0.005489
vt 0.688908 0.083276
vt 0.684543 0.095367
vt 0.688242 0.071021
vt 0.980619 0.569934
vt 0.992170 0.560414
vt 0.367075 0.034125
vt 0.380117 0.034026
vt 0.373447 0.043841
vt 0.652453 0.146643
vt 0.661061 0.153254
vt 0.092480 0.638858
vt 0.088736 0.653580
vt 0.012544 0.274174
vt 0.025814 0.268115
vt 0.354658 0.278594
vt 0.341916 0.270544
vt 0.334168 0.108687
vt 0.010748 0.590980
vt 0.309871 0.566028
vt 0.303360 0.555036
vt 0.357934 0.017183
vt 0.365632 0.004593
vt 0.688497 0.122610
vt 0.688814 0.109073
vt 0.307697 0.636816
vt 0.294933 0.636732
vt 0.304976 0.623915
vt 0.491687 0.205551
vt 0.067175 0.542112
vt 0.078436 0.548776
vt 0.067207 0.551127
vt 0.055974 0.548748
vt 0.578944 0.597476
vt 0.577473 0.583765
vt 0.586948 0.587615
vt 0.295632 0.369213
vt 0.286505 0.364139
vt 0.297505 0.355680
vt 0.591474 0.594738
vt 0.587638 0.600587
vt 0.010599 0.200924
vt 0.001356 0.206673
vt 0.001356 0.196476
vt 0.084355 0.432275
vt 0.096308 0.434943
vt 0.088167 0.445864
vt 0.316743 0.623025
vt 0.320807 0.636186
vt 0.575857 0.154178
vt 0.230528 0.403066
vt 0.647095 0.578726
vt 0.633944 0.586425
vt 0.633903 0.573063
vt 0.389519 0.468071
vt 0.402120 0.458512
vt 0.402160 0.470217
vt 0.395013 0.481483
vt 0.286000 0.352960
vt 0.273508 0.361513
vt 0.647247 0.565498
vt 0.023253 0.047576
vt 0.012997 0.038982
vt 0.026641 0.036364
vt 0.358517 0.520650
vt 0.344364 0.513822
vt 0.353117 0.508948
vt 0.512632 0.676100
vt 0.051752 0.443435
vt 0.447386 0.436225
vt 0.503569 0.201564
vt 0.127224 0.524069
vt 0.120959 0.536036
vt 0.116448 0.521465
vt 0.942838 0.958247
vt 0.933014 0.945244
vt 0.945998 0.939822
vt 0.352736 0.637368
vt 0.344111 0.638325
vt 0.343891 0.626001
vt 0.954134 0.949274
vt 0.361065 0.628122
vt 0.668213 0.434949
vt 0.110293 0.535540
vt 0.976957 0.584066
vt 0.058209 0.325999
vt 0.138085 0.521453
vt 0.131726 0.536030
vt 0.142250 0.536249
vt 0.002113 0.154462
vt 0.010599 0.148659
vt 0.010599 0.160745
vt 0.646993 0.593023
vt 0.604160 0.273470
vt 0.060602 0.975130
vt 0.045750 0.964723
vt 0.058436 0.961565
vt 0.071443 0.965900
vt 0.695974 0.576151
vt 0.695974 0.593521
vt 0.688549 0.588724
vt 0.685079 0.576074
vt 0.699507 0.365238
vt 0.634371 0.600973
vt 0.984151 0.079337
vt 0.169297 0.484439
vt 0.106198 0.524144
vt 0.273699 0.349345
vt 0.677751 0.105707
vt 0.582398 0.062935
vt 0.318258 0.109871
vt 0.216728 0.409348
vt 0.447617 0.593229
vt 0.069074 0.318648
vt 0.256979 0.158209
vt 0.047574 0.548453
vt 0.099436 0.477716
vt 0.087686 0.473476
vt 0.098625 0.464346
vt 0.350935 0.683398
vt 0.338302 0.688908
vt 0.338427 0.676364
vt 0.354197 0.671971
vt 0.361347 0.684463
vt 0.156728 0.144723
vt 0.470970 0.120070
vt 0.156744 0.479142
vt 0.068789 0.046469
vt 0.360546 0.591079
vt 0.349323 0.583991
vt 0.359030 0.577063
vt 0.482065 0.650047
vt 0.472923 0.643837
vt 0.482907 0.636102
vt 0.407981 0.132482
vt 0.563888 0.495457
vt 0.141063 0.382057
vt 0.618847 0.265754
vt 0.949808 0.574552
vt 0.388705 0.493335
vt 0.401677 0.493350
vt 0.391898 0.505156
vt 0.340575 0.555060
vt 0.347597 0.566495
vt 0.091307 0.486596
vt 0.872643 0.956759
vt 0.864880 0.944984
vt 0.877354 0.940582
vt 0.886421 0.956040
vt 0.883182 0.946513
vt 0.891615 0.940953
vt 0.904692 0.942765
vt 0.899200 0.958273
vt 0.028030 0.761092
vt 0.313556 0.374174
vt 0.303824 0.365399
vt 0.312038 0.357373
vt 0.536157 0.613589
vt 0.524515 0.605459
vt 0.534700 0.596766
vt 0.022046 0.974518
vt 0.004139 0.972909
vt 0.015943 0.962743
vt 0.030953 0.964116
vt 0.352659 0.555070
vt 0.362119 0.569849
vt 0.423259 0.425116
vt 0.502550 0.928809
vt 0.490444 0.925467
vt 0.497128 0.916659
vt 0.509381 0.922921
vt 0.973581 0.000881
vt 0.986939 0.005290
vt 0.975564 0.009816
vt 0.494967 0.856409
vt 0.976617 0.070941
vt 0.970311 0.734460
vt 0.011783 0.911404
vt 0.049000 0.522321
vt 0.088163 0.458648
vt 0.329206 0.601079
vt 0.938143 0.848122
vt 0.925146 0.853120
vt 0.972085 0.240709
vt 0.949616 0.414778
vt 0.923433 0.171493
vt 0.913480 0.163231
vt 0.927065 0.159144
vt 0.618231 0.286831
vt 0.628850 0.290815
vt 0.618231 0.298527
vt 0.989266 0.121448
vt 0.979999 0.112164
vt 0.994323 0.105059
vt 0.998074 0.117198
vt 0.441472 0.259312
vt 0.432438 0.251449
vt 0.441475 0.244491
vt 0.126391 0.248729
vt 0.137716 0.255199
vt 0.126486 0.263381
vt 0.511307 0.496499
vt 0.501799 0.490120
vt 0.511298 0.483191
vt 0.343477 0.055717
vt 0.355452 0.062981
vt 0.343218 0.069654
vt 0.212856 0.362873
vt 0.221457 0.370023
vt 0.213003 0.376852
vt 0.453675 0.625324
vt 0.465793 0.632294
vt 0.453259 0.639133
vt 0.935659 0.166472
vt 0.604120 0.227706
vt 0.603978 0.241809
vt 0.593128 0.233606
vt 0.377730 0.464642
vt 0.369271 0.474376
vt 0.367957 0.463853
vt 0.178401 0.079022
vt 0.172130 0.069632
vt 0.186054 0.065405
vt 0.192879 0.076549
vt 0.080598 0.395326
vt 0.092354 0.383886
vt 0.682814 0.344454
vt 0.683896 0.330875
vt 0.693600 0.338334
vt 0.558192 0.372299
vt 0.547033 0.365899
vt 0.558005 0.358328
vt 0.139548 0.107667
vt 0.139548 0.123650
vt 0.130110 0.112400
vt 0.422738 0.245128
vt 0.424334 0.260327
vt 0.234258 0.377936
vt 0.230721 0.361350
vt 0.040946 0.993333
vt 0.028036 0.987467
vt 0.036814 0.977201
vt 0.079017 0.494821
vt 0.091998 0.498180
vt 0.627904 0.277113
vt 0.545921 0.353913
vt 0.341572 0.394843
vt 0.354015 0.408151
vt 0.341992 0.408308
vt 0.330650 0.399437
vt 0.455236 0.317731
vt 0.445678 0.310926
vt 0.457659 0.305797
vt 0.468102 0.314506
vt 0.998758 0.449565
vt 0.989923 0.442081
vt 0.998590 0.435608
vt 0.016087 0.467583
vt 0.028608 0.474528
vt 0.016827 0.481373
vt 0.219948 0.640380
vt 0.229636 0.644920
vt 0.221541 0.655346
vt 0.915496 0.321658
vt 0.925564 0.327254
vt 0.918686 0.338042
vt 0.635380 0.678134
vt 0.643593 0.683230
vt 0.636241 0.696111
vt 0.389616 0.507627
vt 0.399214 0.517944
vt 0.393402 0.525701
vt 0.378016 0.522592
vt 0.371209 0.534464
vt 0.199842 0.063657
vt 0.206515 0.074235
vt 0.101480 0.449179
vt 0.257933 0.245852
vt 0.268894 0.253073
vt 0.257784 0.259509
vt 0.102927 0.260507
vt 0.092094 0.253419
vt 0.592258 0.259590
vt 0.602291 0.254915
vt 0.600847 0.268498
vt 0.591941 0.246173
vt 0.919327 0.804026
vt 0.932121 0.813612
vt 0.918135 0.817282
vt 0.040049 0.149027
vt 0.053041 0.157489
vt 0.038497 0.162368
vt 0.592581 0.111279
vt 0.581510 0.104114
vt 0.592577 0.097556
vt 0.145835 0.179647
vt 0.157307 0.186392
vt 0.146317 0.193573
vt 0.158215 0.352028
vt 0.146825 0.346950
vt 0.158728 0.339341
vt 0.472154 0.311483
vt 0.484002 0.318674
vt 0.471615 0.323948
vt 0.203563 0.086163
vt 0.187125 0.088280
vt 0.061119 0.197528
vt 0.072319 0.204809
vt 0.061030 0.211425
vt 0.057723 0.357171
vt 0.067517 0.363580
vt 0.057939 0.371541
vt 0.174895 0.621049
vt 0.167291 0.632383
vt 0.160385 0.621729
vt 0.517071 0.267840
vt 0.532235 0.267239
vt 0.523833 0.274357
vt 0.524584 0.254907
vt 0.630360 0.319635
vt 0.630745 0.331467
vt 0.386814 0.454413
vt 0.369888 0.453928
vt 0.377433 0.442997
vt 0.572465 0.543196
vt 0.560143 0.536435
vt 0.573388 0.529498
vt 0.264873 0.445512
vt 0.253188 0.439352
vt 0.265881 0.431824
vt 0.965014 0.615543
vt 0.953409 0.607678
vt 0.967643 0.601696
vt 0.934436 0.335554
vt 0.935809 0.321930
vt 0.566701 0.187454
vt 0.553107 0.179306
vt 0.566022 0.174458
vt 0.509887 0.170607
vt 0.495620 0.163701
vt 0.509337 0.158229
vt 0.630467 0.304622
vt 0.053140 0.996538
vt 0.049503 0.981035
vt 0.103929 0.354785
vt 0.511088 0.334550
vt 0.500059 0.328676
vt 0.509003 0.321266
vt 0.567847 0.016210
vt 0.553415 0.012893
vt 0.563660 0.002273
vt 0.383061 0.639246
vt 0.394272 0.643079
vt 0.383209 0.654114
vt 0.544221 0.540047
vt 0.555916 0.546968
vt 0.544275 0.555089
vt 0.604120 0.533283
vt 0.603204 0.521609
vt 0.952032 0.766076
vt 0.963633 0.773420
vt 0.950728 0.779099
vt 0.416146 0.600828
vt 0.415767 0.589747
vt 0.427887 0.598355
vt 0.428112 0.073876
vt 0.439920 0.080790
vt 0.425567 0.087094
vt 0.671244 0.473966
vt 0.658542 0.469316
vt 0.671125 0.460959
vt 0.467759 0.301507
vt 0.958134 0.272747
vt 0.971164 0.280741
vt 0.959529 0.285915
vt 0.921799 0.483714
vt 0.932659 0.491756
vt 0.041360 0.478756
vt 0.031830 0.485092
vt 0.011057 0.627122
vt 0.021885 0.629432
vt 0.013607 0.639802
vt 0.997109 0.609824
vt 0.983769 0.609557
vt 0.462021 0.801643
vt 0.449614 0.794723
vt 0.464461 0.788740
vt 0.420374 0.608261
vt 0.386964 0.217084
vt 0.399893 0.206877
vt 0.029913 0.996704
vt 0.017259 0.996416
vt 0.190438 0.052297
vt 0.204348 0.051209
vt 0.091326 0.201162
vt 0.089034 0.187682
vt 0.102372 0.193741
vt 0.097192 0.178093
vt 0.161257 0.026724
vt 0.147450 0.020351
vt 0.159995 0.013636
vt 0.173722 0.020482
vt 0.169577 0.061832
vt 0.169230 0.077584
vt 0.160809 0.067923
vt 0.052593 0.482746
vt 0.391879 0.251555
vt 0.385374 0.240520
vt 0.091711 0.298818
vt 0.102580 0.293660
vt 0.653997 0.663070
vt 0.653040 0.674441
vt 0.643425 0.663376
vt 0.055124 0.143891
vt 0.446144 0.138115
vt 0.457004 0.146008
vt 0.445205 0.151680
vt 0.023688 0.316533
vt 0.010100 0.311964
vt 0.021631 0.305090
vt 0.033069 0.311551
vt 0.458876 0.467019
vt 0.448907 0.475321
vt 0.132215 0.092977
vt 0.119836 0.087013
vt 0.979278 0.596927
vt 0.487415 0.325517
vt 0.490072 0.337975
vt 0.986286 0.769815
vt 0.975656 0.773751
vt 0.278640 0.978608
vt 0.268553 0.970832
vt 0.279598 0.961651
vt 0.291899 0.968880
vt 0.381893 0.479963
vt 0.376821 0.493991
vt 0.371018 0.484599
vt 0.081042 0.246497
vt 0.092440 0.238657
vt 0.959879 0.108296
vt 0.970918 0.116168
vt 0.957441 0.122261
vt 0.690681 0.493127
vt 0.678742 0.487711
vt 0.688618 0.480005
vt 0.312768 0.497576
vt 0.303908 0.490036
vt 0.316191 0.483521
vt 0.365237 0.548534
vt 0.375459 0.544852
vt 0.175600 0.058697
vt 0.694208 0.323983
vt 0.467167 0.152907
vt 0.467679 0.139109
vt 0.410303 0.378818
vt 0.421628 0.384988
vt 0.411445 0.392214
vt 0.036716 0.310678
vt 0.051055 0.317498
vt 0.038363 0.323169
vt 0.916975 0.644463
vt 0.931400 0.651557
vt 0.918524 0.656839
vt 0.978735 0.434052
vt 0.978958 0.449312
vt 0.490855 0.483470
vt 0.491139 0.498511
vt 0.621784 0.139985
vt 0.611193 0.133250
vt 0.621756 0.126660
vt 0.485253 0.429053
vt 0.474278 0.422555
vt 0.484656 0.416063
vt 0.644748 0.671530
vt 0.598906 0.587515
vt 0.597911 0.597253
vt 0.329685 0.977833
vt 0.316613 0.970294
vt 0.328086 0.961952
vt 0.072424 0.087433
vt 0.059740 0.095818
vt 0.492805 0.647464
vt 0.504509 0.655812
vt 0.490876 0.660028
vt 0.979671 0.270178
vt 0.992514 0.278129
vt 0.977685 0.282930
vt 0.468277 0.474721
vt 0.970049 0.443045
vt 0.958464 0.448156
vt 0.034893 0.630316
vt 0.028798 0.640562
vt 0.998010 0.777537
vt 0.997990 0.764174
vt 0.015085 0.792357
vt 0.028584 0.799467
vt 0.015154 0.805566
vt 0.341808 0.970554
vt 0.427682 0.664178
vt 0.422906 0.649939
vt 0.434542 0.653408
vt 0.434542 0.640999
vt 0.640235 0.449103
vt 0.630094 0.442706
vt 0.642918 0.436410
vt 0.127593 0.416954
vt 0.140271 0.423563
vt 0.126492 0.430016
vt 0.201959 0.645893
vt 0.214126 0.651835
vt 0.201623 0.658905
vt 0.602481 0.126740
vt 0.602464 0.140702
vt 0.552935 0.192725
vt 0.561415 0.640132
vt 0.568835 0.634198
vt 0.571079 0.647353
vt 0.675509 0.252483
vt 0.669067 0.240838
vt 0.684019 0.240853
vt 0.481568 0.685526
vt 0.470362 0.693705
vt 0.470362 0.679980
vt 0.985444 0.292590
vt 0.997118 0.289439
vt 0.215505 0.637954
vt 0.253689 0.425660
vt 0.218703 0.354326
vt 0.028337 0.812285
vt 0.561490 0.655391
vt 0.991744 0.901309
vt 0.999119 0.893092
vt 0.397704 0.537538
vt 0.405174 0.524118
vt 0.027990 0.171344
vt 0.027990 0.160647
vt 0.035329 0.167054
vt 0.384744 0.107380
vt 0.387873 0.095574
vt 0.399169 0.100931
vt 0.385982 0.430956
vt 0.369096 0.432541
vt 0.494291 0.315852
vt 0.564090 0.422736
vt 0.573441 0.416112
vt 0.573894 0.429255
vt 0.659955 0.410193
vt 0.648354 0.402033
vt 0.660250 0.396617
vt 0.455932 0.159862
vt 0.972428 0.293248
vt 0.928354 0.639210
vt 0.991779 0.456443
vt 0.367969 0.442335
vt 0.466390 0.721058
vt 0.455566 0.714433
vt 0.466441 0.706340
vt 0.986037 0.783553
vt 0.460986 0.925407
vt 0.950439 0.904407
vt 0.409684 0.977644
vt 0.395411 0.974566
vt 0.404730 0.963557
vt 0.418223 0.963433
vt 0.189176 0.110429
vt 0.179154 0.100520
vt 0.194268 0.097803
vt 0.202569 0.105562
vt 0.080937 0.065259
vt 0.092577 0.057371
vt 0.092528 0.073588
vt 0.137917 0.270837
vt 0.630292 0.371463
vt 0.083728 0.994435
vt 0.073008 0.993385
vt 0.074486 0.980176
vt 0.206281 0.115881
vt 0.087590 0.978214
vt 0.055912 0.486892
vt 0.056830 0.475973
vt 0.067867 0.486796
vt 0.660645 0.383810
vt 0.648598 0.389272
vt 0.651774 0.378326
vt 0.970164 0.129713
vt 0.933248 0.800286
vt 0.630300 0.457880
vt 0.097203 0.670870
vt 0.099998 0.659888
vt 0.109193 0.670089
vt 0.019251 0.651424
vt 0.068611 0.377777
vt 0.257543 0.113578
vt 0.246668 0.106319
vt 0.257069 0.099463
vt 0.525276 0.622345
vt 0.614636 0.506966
vt 0.112193 0.657093
vt 0.123650 0.661466
vt 0.603048 0.577698
vt 0.376448 0.421793
vt 0.433295 0.267991
vt 0.172236 0.111685
vt 0.067225 0.472247
vt 0.056369 0.463228
vt 0.044215 0.639196
vt 0.044325 0.653200
vt 0.032182 0.645894
vt 0.675954 0.384398
vt 0.668537 0.373148
vt 0.681843 0.372597
vt 0.685376 0.252820
vt 0.565627 0.436309
vt 0.139990 0.437176
vt 0.559532 0.549871
vt 0.925896 0.313812
vt 0.304676 0.474868
vt 0.557901 0.532193
vt 0.544644 0.410461
vt 0.556111 0.418858
vt 0.101311 0.682054
vt 0.612050 0.146931
vt 0.062703 0.989623
vt 0.056398 0.450253
vt 0.064871 0.444960
vt 0.066209 0.458580
vt 0.056451 0.436732
vt 0.647959 0.414983
vt 0.659118 0.423864
vt 0.647901 0.428461
vt 0.437835 0.094155
vt 0.118355 0.100260
vt 0.013052 0.323125
vt 0.934255 0.477820
vt 0.968415 0.457213
vt 0.679238 0.501304
vt 0.395689 0.656453
vt 0.915789 0.040392
vt 0.228675 0.075741
vt 0.515658 0.161953
vt 0.523626 0.173228
vt 0.604005 0.544678
vt 0.243222 0.264398
vt 0.254855 0.271290
vt 0.243363 0.278497
vt 0.171831 0.090254
vt 0.562886 0.409243
vt 0.562124 0.395732
vt 0.573407 0.402945
vt 0.026085 0.159791
vt 0.014413 0.152866
vt 0.023939 0.144088
vt 0.353167 0.391702
vt 0.308253 0.144615
vt 0.319516 0.151573
vt 0.308825 0.158868
vt 0.482721 0.167928
vt 0.471399 0.161056
vt 0.482537 0.153867
vt 0.460948 0.480294
vt 0.949593 0.440195
vt 0.950217 0.453674
vt 0.522516 0.410374
vt 0.533439 0.417111
vt 0.522599 0.424344
vt 0.206534 0.095448
vt 0.247401 0.120533
vt 0.646131 0.356577
vt 0.635892 0.348031
vt 0.646468 0.342141
vt 0.261642 0.333809
vt 0.270242 0.345410
vt 0.258453 0.346929
vt 0.667711 0.293354
vt 0.515023 0.184887
vt 0.531838 0.185327
vt 0.521784 0.195764
vt 0.385400 0.131884
vt 0.399829 0.135219
vt 0.388497 0.145225
vt 0.972879 0.780781
vt 0.961227 0.786486
vt 0.664753 0.384274
vt 0.346866 0.219942
vt 0.356131 0.228085
vt 0.345683 0.233000
vt 0.334696 0.222928
vt 0.043320 0.491877
vt 0.465436 0.646310
vt 0.953016 0.621865
vt 0.554665 0.630563
vt 0.547073 0.624932
vt 0.448021 0.624600
vt 0.437675 0.631890
vt 0.438262 0.618761
vt 0.527572 0.021455
vt 0.515435 0.033564
vt 0.513986 0.022387
vt 0.603048 0.555526
vt 0.473673 0.409190
vt 0.658542 0.482690
vt 0.072112 0.100897
vt 0.333094 0.236469
vt 0.506491 0.642886
vt 0.481680 0.330680
vt 0.421127 0.371811
vt 0.212516 0.205348
vt 0.225717 0.200534
vt 0.212980 0.191854
vt 0.448956 0.808047
vt 0.530014 0.036526
vt 0.286108 0.461001
vt 0.298867 0.467070
vt 0.285425 0.472007
vt 0.513177 0.819851
vt 0.234168 0.208797
vt 0.272364 0.462770
vt 0.097193 0.163390
vt 0.087197 0.155816
vt 0.098241 0.148234
vt 0.749551 0.935887
vt 0.757337 0.945578
vt 0.743454 0.949802
vt 0.736806 0.936724
vt 0.676863 0.604897
vt 0.688908 0.611185
vt 0.665373 0.104606
vt 0.182582 0.670654
vt 0.190775 0.662441
vt 0.189417 0.671214
vt 0.162637 0.377549
vt 0.173110 0.383444
vt 0.162637 0.393914
vt 0.433346 0.592768
vt 0.443374 0.600305
vt 0.432627 0.607958
vt 0.377950 0.065862
vt 0.378333 0.052370
vt 0.086172 0.171551
vt 0.729253 0.947291
vt 0.723250 0.936029
vt 0.087369 0.141156
vt 0.098413 0.133351
vt 0.260369 0.047833
vt 0.269377 0.040591
vt 0.392351 0.630023
vt 0.387716 0.084124
vt 0.401883 0.088512
vt 0.604849 0.398400
vt 0.605524 0.386200
vt 0.618001 0.394926
vt 0.298192 0.479212
vt 0.614356 0.407907
vt 0.791237 0.935257
vt 0.785621 0.946592
vt 0.778062 0.935175
vt 0.994373 0.016414
vt 0.998192 0.001972
vt 0.010184 0.053275
vt 0.948998 0.115098
vt 0.271485 0.473158
vt 0.578426 0.255638
vt 0.324250 0.305013
vt 0.432032 0.587415
vt 0.616908 0.588677
vt 0.630517 0.588357
vt 0.629703 0.598776
vt 0.001144 0.560497
vt 0.007066 0.546475
vt 0.007066 0.563492
vt 0.616210 0.601743
vt 0.769949 0.944784
vt 0.466887 0.048750
vt 0.470661 0.036981
vt 0.959126 0.004933
vt 0.969150 0.005648
vt 0.957264 0.016784
vt 0.010367 0.140895
vt 0.388900 0.346229
vt 0.394737 0.330152
vt 0.401595 0.339801
vt 0.656249 0.079489
vt 0.165659 0.512265
vt 0.402038 0.352329
vt 0.388771 0.358286
vt 0.666825 0.396102
vt 0.681237 0.396136
vt 0.674620 0.408046
vt 0.604999 0.373888
vt 0.298679 0.454785
vt 0.618623 0.382094
vt 0.326327 0.665815
vt 0.313627 0.669342
vt 0.044161 0.519331
vt 0.056099 0.647906
vt 0.055440 0.637572
vt 0.602530 0.302060
vt 0.630353 0.577737
vt 0.272307 0.451982
vt 0.140626 0.500382
vt 0.153656 0.501163
vt 0.710483 0.935570
vt 0.714681 0.947012
vt 0.415609 0.669798
vt 0.418230 0.687540
vt 0.387863 0.283790
vt 0.396748 0.273245
vt 0.033162 0.299732
vt 0.402531 0.434571
vt 0.696360 0.438655
vt 0.698259 0.431007
vt 0.709775 0.438695
vt 0.708632 0.430998
vt 0.294030 0.038104
vt 0.301768 0.038369
vt 0.301690 0.049509
vt 0.699692 0.446855
vt 0.289857 0.049342
vt 0.617731 0.935256
vt 0.083386 0.962091
vt 0.096278 0.965484
vt 0.710106 0.447266
vt 0.285414 0.038776
vt 0.148052 0.512265
vt 0.390686 0.442243
vt 0.402393 0.447189
vt 0.709831 0.439405
vt 0.000988 0.180185
vt 0.010599 0.180185
vt 0.005060 0.190775
vt 0.037095 0.144847
vt 0.027978 0.140016
vt 0.037095 0.132560
vt 0.277328 0.049399
vt 0.676754 0.229673
vt 0.608485 0.635232
vt 0.617473 0.645784
vt 0.601659 0.646405
vt 0.684424 0.280942
vt 0.695246 0.285982
vt 0.691167 0.294994
vt 0.592785 0.635821
vt 0.014214 0.983748
vt 0.314100 0.311696
vt 0.385594 0.264435
vt 0.401301 0.261340
vt 0.491224 0.815771
vt 0.503649 0.811419
vt 0.081907 0.306346
vt 0.331876 0.502025
vt 0.333427 0.516198
vt 0.507606 0.909389
vt 0.913073 0.176319
vt 0.151118 0.566758
vt 0.160491 0.577447
vt 0.148998 0.578086
vt 0.568708 0.682978
vt 0.561477 0.671533
vt 0.574090 0.673977
vt 0.588523 0.262270
vt 0.443374 0.593521
vt 0.139780 0.575912
vt 0.708495 0.455739
vt 0.276980 0.037629
vt 0.696728 0.455415
vt 0.710082 0.447345
vt 0.548059 0.696043
vt 0.556890 0.708339
vt 0.548362 0.708283
vt 0.031329 0.557654
vt 0.042886 0.555031
vt 0.039015 0.567261
vt 0.012365 0.222570
vt 0.002500 0.222570
vt 0.007896 0.212194
vt 0.215796 0.694208
vt 0.219319 0.679116
vt 0.225424 0.691614
vt 0.330206 0.413298
vt 0.686330 0.443617
vt 0.686752 0.431602
vt 0.630060 0.608754
vt 0.285621 0.482866
vt 0.271564 0.483302
vt 0.617061 0.614402
vt 0.086947 0.126274
vt 0.097441 0.118158
vt 0.412147 0.576406
vt 0.425286 0.583526
vt 0.529759 0.052939
vt 0.541342 0.044179
vt 0.697756 0.317958
vt 0.686379 0.454587
vt 0.604370 0.411228
vt 0.633604 0.669159
vt 0.623803 0.658444
vt 0.636222 0.652322
vt 0.619519 0.418848
vt 0.624543 0.409404
vt 0.629643 0.423944
vt 0.386496 0.041540
vt 0.296672 0.491947
vt 0.673505 0.644282
vt 0.554129 0.561725
vt 0.423660 0.621373
vt 0.430973 0.611831
vt 0.432796 0.628204
vt 0.304163 0.505199
vt 0.421927 0.636900
vt 0.629990 0.618900
vt 0.283987 0.492985
vt 0.271399 0.493563
vt 0.621901 0.623260
vt 0.443374 0.614718
vt 0.609855 0.417959
vt 0.086332 0.111551
vt 0.299409 0.005759
vt 0.696262 0.293846
vt 0.092883 0.101086
vt 0.957313 0.383281
vt 0.949389 0.375523
vt 0.962159 0.371457
vt 0.287228 0.141418
vt 0.276327 0.136410
vt 0.287632 0.130228
vt 0.298549 0.140640
vt 0.351255 0.004225
vt 0.310776 0.602369
vt 0.312425 0.587827
vt 0.318893 0.583222
vt 0.664351 0.623940
vt 0.669174 0.635313
vt 0.655663 0.636784
vt 0.355423 0.621784
vt 0.349323 0.610280
vt 0.362119 0.606982
vt 0.650264 0.629055
vt 0.593521 0.042900
vt 0.582104 0.035740
vt 0.593130 0.029447
vt 0.144322 0.110509
vt 0.155787 0.116903
vt 0.145032 0.124148
vt 0.531008 0.514320
vt 0.520194 0.507297
vt 0.531625 0.500732
vt 0.970202 0.381705
vt 0.429700 0.435878
vt 0.441464 0.439030
vt 0.431362 0.448698
vt 0.613509 0.064308
vt 0.602742 0.057371
vt 0.615131 0.050653
vt 0.069728 0.303341
vt 0.059054 0.295956
vt 0.070246 0.289241
vt 0.256315 0.187417
vt 0.245276 0.180630
vt 0.256618 0.173412
vt 0.219694 0.118234
vt 0.209834 0.116191
vt 0.213335 0.104534
vt 0.452534 0.882781
vt 0.463973 0.888082
vt 0.448032 0.894279
vt 0.630255 0.397230
vt 0.632383 0.408896
vt 0.609935 0.229939
vt 0.621254 0.237246
vt 0.607618 0.244135
vt 0.536972 0.171333
vt 0.339684 0.960594
vt 0.352511 0.961889
vt 0.577506 0.367135
vt 0.577531 0.353778
vt 0.586209 0.361686
vt 0.299089 0.127399
vt 0.585491 0.374440
vt 0.797242 0.958429
vt 0.816002 0.925692
vt 0.129643 0.565684
vt 0.129231 0.554966
vt 0.140522 0.557566
vt 0.997852 0.054943
vt 0.986102 0.049288
vt 0.996940 0.041617
vt 0.012363 0.078173
vt 0.026319 0.084269
vt 0.013892 0.091335
vt 0.971163 0.216544
vt 0.960461 0.209488
vt 0.971543 0.203376
vt 0.930810 0.727728
vt 0.918446 0.718547
vt 0.931523 0.714770
vt 0.025257 0.414402
vt 0.012016 0.408183
vt 0.025321 0.402018
vt 0.356523 0.138781
vt 0.344307 0.131427
vt 0.356701 0.125850
vt 0.476197 0.490906
vt 0.487535 0.498176
vt 0.473324 0.504258
vt 0.422688 0.465437
vt 0.410997 0.459006
vt 0.423944 0.452338
vt 0.271369 0.169581
vt 0.260386 0.162794
vt 0.272030 0.156012
vt 0.059488 0.127354
vt 0.066491 0.134221
vt 0.059218 0.141273
vt 0.287096 0.152500
vt 0.275072 0.147537
vt 0.466532 0.091198
vt 0.456424 0.083652
vt 0.466585 0.077045
vt 0.956320 0.045432
vt 0.968355 0.052458
vt 0.956104 0.059763
vt 0.512283 0.725341
vt 0.501904 0.716839
vt 0.512203 0.711806
vt 0.340829 0.295133
vt 0.351943 0.302318
vt 0.340717 0.309308
vt 0.042180 0.421853
vt 0.034705 0.411811
vt 0.048675 0.406577
vt 0.053401 0.418268
vt 0.056392 0.650905
vt 0.261216 0.314837
vt 0.272030 0.321765
vt 0.264440 0.328556
vt 0.962047 0.859421
vt 0.972442 0.867397
vt 0.962248 0.873530
vt 0.951646 0.866664
vt 0.522182 0.135580
vt 0.070657 0.665487
vt 0.065940 0.655932
vt 0.003983 0.963312
vt 0.378371 0.380486
vt 0.440730 0.005546
vt 0.456092 0.002001
vt 0.448204 0.015411
vt 0.445002 0.236082
vt 0.454908 0.242205
vt 0.445254 0.249582
vt 0.271371 0.622599
vt 0.354578 0.029137
vt 0.051036 0.255849
vt 0.037885 0.248504
vt 0.050292 0.242270
vt 0.260801 0.103980
vt 0.272030 0.109099
vt 0.262725 0.117451
vt 0.487377 0.483999
vt 0.442253 0.452846
vt 0.565752 0.117360
vt 0.554149 0.108289
vt 0.565845 0.101918
vt 0.510249 0.239674
vt 0.500378 0.230536
vt 0.510248 0.224973
vt 0.227318 0.103646
vt 0.230952 0.117358
vt 0.914449 0.067850
vt 0.927979 0.073866
vt 0.917887 0.081405
vt 0.298825 0.608618
vt 0.301499 0.595006
vt 0.321574 0.248844
vt 0.310039 0.242400
vt 0.320685 0.235261
vt 0.150428 0.424555
vt 0.161236 0.431019
vt 0.153414 0.438075
vt 0.249869 0.519331
vt 0.241305 0.512084
vt 0.250240 0.505393
vt 0.216969 0.264421
vt 0.228948 0.272720
vt 0.216361 0.278821
vt 0.447132 0.722135
vt 0.456806 0.730150
vt 0.446858 0.736349
vt 0.534268 0.200070
vt 0.577545 0.341116
vt 0.586130 0.348877
vt 0.287821 0.119354
vt 0.299245 0.114834
vt 0.649836 0.957891
vt 0.578115 0.186686
vt 0.589515 0.193777
vt 0.578326 0.200121
vt 0.310180 0.617752
vt 0.044568 0.090367
vt 0.036745 0.082042
vt 0.045618 0.074680
vt 0.056155 0.082708
vt 0.503047 0.730745
vt 0.490777 0.722663
vt 0.157137 0.284144
vt 0.145829 0.277404
vt 0.156012 0.270313
vt 0.470135 0.243551
vt 0.481718 0.250302
vt 0.470909 0.257175
vt 0.241303 0.341287
vt 0.250924 0.348353
vt 0.241749 0.355345
vt 0.318365 0.388810
vt 0.328045 0.395661
vt 0.321110 0.402746
vt 0.119711 0.575748
vt 0.108428 0.566194
vt 0.118319 0.557237
vt 0.441608 0.354790
vt 0.431787 0.347889
vt 0.441538 0.340376
vt 0.654665 0.011711
vt 0.665231 0.016777
vt 0.654774 0.024987
vt 0.168755 0.457101
vt 0.156894 0.452163
vt 0.167637 0.443930
vt 0.026026 0.892872
vt 0.013993 0.884577
vt 0.026890 0.878186
vt 0.552129 0.261714
vt 0.563682 0.270820
vt 0.551723 0.277078
vt 0.525058 0.210499
vt 0.336800 0.535912
vt 0.342452 0.523419
vt 0.348566 0.535624
vt 0.106972 0.554974
vt 0.276262 0.113914
vt 0.275295 0.125158
vt 0.953951 0.697574
vt 0.965810 0.703286
vt 0.957200 0.712972
vt 0.616295 0.959573
vt 0.626986 0.959468
vt 0.802987 0.929251
vt 0.297318 0.618193
vt 0.994157 0.214081
vt 0.980138 0.206629
vt 0.991163 0.199223
vt 0.009578 0.233972
vt 0.017461 0.240330
vt 0.010548 0.248654
vt 0.500273 0.085612
vt 0.487671 0.076813
vt 0.500711 0.071122
vt 0.354426 0.548246
vt 0.775582 0.956374
vt 0.765326 0.958923
vt 0.339860 0.030943
vt 0.347877 0.037250
vt 0.575157 0.278863
vt 0.575330 0.263639
vt 0.106775 0.197840
vt 0.109563 0.186086
vt 0.118351 0.197840
vt 0.123720 0.643302
vt 0.113263 0.651858
vt 0.109123 0.639280
vt 0.112712 0.627959
vt 0.304952 0.075408
vt 0.316753 0.082366
vt 0.306127 0.089185
vt 0.481790 0.099190
vt 0.470225 0.092696
vt 0.480760 0.085592
vt 0.972373 0.367619
vt 0.928611 0.565982
vt 0.918828 0.556462
vt 0.932615 0.552154
vt 0.980116 0.523894
vt 0.991919 0.531288
vt 0.979946 0.538763
vt 0.489692 0.395301
vt 0.500711 0.403434
vt 0.489625 0.409957
vt 0.304535 0.583181
vt 0.468517 0.736230
vt 0.973077 0.709898
vt 0.159878 0.126956
vt 0.170858 0.134193
vt 0.161601 0.141703
vt 0.654099 0.325648
vt 0.666225 0.333202
vt 0.657696 0.340609
vt 0.754683 0.958914
vt 0.851360 0.942911
vt 0.327119 0.262571
vt 0.337844 0.267184
vt 0.327304 0.275696
vt 0.353212 0.316797
vt 0.029056 0.245312
vt 0.027464 0.231491
vt 0.445597 0.399600
vt 0.458096 0.403167
vt 0.448646 0.411151
vt 0.232570 0.450081
vt 0.217359 0.445254
vt 0.224907 0.435596
vt 0.235897 0.438313
vt 0.999054 0.709390
vt 0.989990 0.703866
vt 0.998824 0.695367
vt 0.016981 0.724333
vt 0.029830 0.731634
vt 0.018179 0.738184
vt 0.285581 0.177247
vt 0.274849 0.168765
vt 0.289520 0.165437
vt 0.030206 0.575973
vt 0.018141 0.569031
vt 0.029673 0.561950
vt 0.424412 0.517882
vt 0.436219 0.525141
vt 0.424665 0.532108
vt 0.970439 0.721134
vt 0.926239 0.228930
vt 0.915730 0.220802
vt 0.931486 0.217921
vt 0.077719 0.535608
vt 0.072370 0.523190
vt 0.083493 0.523384
vt 0.088690 0.536367
vt 0.066068 0.532600
vt 0.437162 0.365507
vt 0.425831 0.360959
vt 0.545088 0.958303
vt 0.532165 0.957894
vt 0.541410 0.944471
vt 0.872942 0.925684
vt 0.885957 0.927017
vt 0.317089 0.488900
vt 0.328255 0.493825
vt 0.317351 0.502682
vt 0.339155 0.281720
vt 0.470756 0.106506
vt 0.156454 0.130934
vt 0.589822 0.207310
vt 0.146434 0.291128
vt 0.161582 0.557308
vt 0.995358 0.387688
vt 0.981677 0.379303
vt 0.995983 0.375485
vt 0.011602 0.420248
vt 0.500743 0.388420
vt 0.510226 0.395900
vt 0.457515 0.743678
vt 0.151214 0.554930
vt 0.276313 0.158610
vt 0.170940 0.575080
vt 0.412601 0.445701
vt 0.505250 0.959356
vt 0.405431 0.033951
vt 0.392767 0.034077
vt 0.418246 0.026954
vt 0.924504 0.867890
vt 0.935479 0.876378
vt 0.924332 0.883714
vt 0.916458 0.875542
vt 0.317574 0.096014
vt 0.582275 0.049237
vt 0.298573 0.177583
vt 0.302060 0.165465
vt 0.260186 0.148751
vt 0.059219 0.310243
vt 0.538842 0.021248
vt 0.437675 0.642981
vt 0.448674 0.640094
vt 0.611215 0.655176
vt 0.088777 0.551107
vt 0.098191 0.549107
vt 0.577509 0.404344
vt 0.582085 0.392034
vt 0.585832 0.400653
vt 0.917524 0.384940
vt 0.930343 0.388567
vt 0.920348 0.397520
vt 0.587026 0.410681
vt 0.659524 0.943635
vt 0.662377 0.957661
vt 0.429883 0.033204
vt 0.432177 0.017728
vt 0.501052 0.703997
vt 0.489689 0.709200
vt 0.924343 0.542449
vt 0.031870 0.425902
vt 0.171123 0.559777
vt 0.183227 0.566405
vt 0.602482 0.071130
vt 0.029273 0.746488
vt 0.553658 0.123835
vt 0.256446 0.360634
vt 0.270049 0.368707
vt 0.259833 0.373792
vt 0.664640 0.320021
vt 0.274851 0.178377
vt 0.355532 0.291681
vt 0.064640 0.013275
vt 0.074545 0.004730
vt 0.899974 0.927761
vt 0.456686 0.255249
vt 0.467160 0.250230
vt 0.310893 0.256384
vt 0.482299 0.264099
vt 0.233692 0.425571
vt 0.862363 0.932089
vt 0.257867 0.498101
vt 0.267800 0.505989
vt 0.255703 0.510913
vt 0.447404 0.557765
vt 0.460470 0.561084
vt 0.451322 0.571499
vt 0.214154 0.431359
vt 0.991971 0.716650
vt 0.303772 0.382893
vt 0.313979 0.391599
vt 0.303795 0.400107
vt 0.550418 0.460480
vt 0.538250 0.452752
vt 0.549217 0.443935
vt 0.473022 0.603450
vt 0.485769 0.608694
vt 0.472999 0.617044
vt 0.562431 0.462176
vt 0.573199 0.468731
vt 0.562223 0.476598
vt 0.140336 0.362981
vt 0.128654 0.357739
vt 0.140141 0.348385
vt 0.930941 0.403642
vt 0.971495 0.547817
vt 0.961584 0.540660
vt 0.971174 0.532514
vt 0.978778 0.697950
vt 0.979371 0.715295
vt 0.489581 0.221308
vt 0.490205 0.238404
vt 0.523744 0.570700
vt 0.534754 0.579335
vt 0.524162 0.588060
vt 0.614563 0.473535
vt 0.603151 0.465278
vt 0.614440 0.456604
vt 0.230284 0.258932
vt 0.974883 0.043371
vt 0.976414 0.057058
vt 0.495319 0.870093
vt 0.509952 0.876967
vt 0.499386 0.883588
vt 0.428664 0.175681
vt 0.440568 0.182624
vt 0.426406 0.189312
vt 0.420411 0.097160
vt 0.407943 0.091407
vt 0.420265 0.083787
vt 0.333200 0.123044
vt 0.333073 0.136764
vt 0.501732 0.560592
vt 0.489176 0.552466
vt 0.501689 0.547491
vt 0.248320 0.334336
vt 0.257660 0.341477
vt 0.914753 0.234360
vt 0.526184 0.093715
vt 0.539256 0.091612
vt 0.995317 0.870979
vt 0.981172 0.861892
vt 0.996967 0.857464
vt 0.012750 0.897943
vt 0.577472 0.381097
vt 0.298254 0.154491
vt 0.587524 0.384545
vt 0.352089 0.470558
vt 0.335049 0.468079
vt 0.345277 0.459833
vt 0.134945 0.193965
vt 0.122433 0.187646
vt 0.135873 0.180209
vt 0.156744 0.465624
vt 0.688900 0.133499
vt 0.981893 0.220285
vt 0.460486 0.417710
vt 0.467786 0.410662
vt 0.010617 0.562191
vt 0.010662 0.576814
vt 0.991959 0.546081
vt 0.530266 0.079910
vt 0.620322 0.251455
vt 0.377915 0.366259
vt 0.152505 0.454345
vt 0.141499 0.442432
vt 0.152412 0.440619
vt 0.482236 0.681843
vt 0.470643 0.675824
vt 0.480588 0.669032
vt 0.023277 0.255638
vt 0.597333 0.397346
vt 0.055373 0.536537
vt 0.060504 0.522690
vt 0.129561 0.343465
vt 0.652457 0.133804
vt 0.468022 0.239035
vt 0.956653 0.220813
vt 0.950077 0.535475
vt 0.951827 0.548338
vt 0.464028 0.573723
vt 0.666622 0.030008
vt 0.271732 0.095371
vt 0.501240 0.417724
vt 0.411736 0.002624
vt 0.426911 0.002267
vt 0.417756 0.014216
vt 0.265607 0.598368
vt 0.260036 0.610588
vt 0.252504 0.598402
vt 0.262857 0.583909
vt 0.293678 0.680475
vt 0.302078 0.691497
vt 0.289488 0.692441
vt 0.684941 0.678310
vt 0.676965 0.672295
vt 0.687493 0.666811
vt 0.123352 0.173856
vt 0.136394 0.166327
vt 0.473041 0.589718
vt 0.485158 0.595320
vt 0.344108 0.144934
vt 0.332811 0.149800
vt 0.501366 0.573037
vt 0.488873 0.564677
vt 0.510847 0.410228
vt 0.073228 0.555055
vt 0.078625 0.566976
vt 0.064933 0.566221
vt 0.271809 0.122621
vt 0.663485 0.003877
vt 0.518368 0.674777
vt 0.517625 0.664402
vt 0.528734 0.664846
vt 0.168515 0.120151
vt 0.530326 0.303130
vt 0.523424 0.288696
vt 0.534091 0.284402
vt 0.697741 0.425710
vt 0.688401 0.422620
vt 0.697741 0.407279
vt 0.096407 0.662007
vt 0.086625 0.668531
vt 0.079809 0.653474
vt 0.289357 0.071645
vt 0.300046 0.080057
vt 0.288156 0.083791
vt 0.275826 0.079745
vt 0.048091 0.389275
vt 0.055209 0.396745
vt 0.272234 0.002438
vt 0.286718 0.003078
vt 0.297111 0.035840
vt 0.286932 0.035985
vt 0.252940 0.584009
vt 0.299822 0.020443
vt 0.446555 0.062206
vt 0.456853 0.069190
vt 0.446171 0.077218
vt 0.056856 0.067635
vt 0.429733 0.161764
vt 0.441064 0.168698
vt 0.407783 0.077955
vt 0.419155 0.070232
vt 0.037748 0.397751
vt 0.281361 0.660740
vt 0.282629 0.672523
vt 0.010620 0.547670
vt 0.018239 0.554788
vt 0.992104 0.516596
vt 0.965759 0.688971
vt 0.935208 0.249624
vt 0.925013 0.242502
vt 0.935138 0.235528
vt 0.685515 0.409722
vt 0.266383 0.548521
vt 0.266137 0.534954
vt 0.276756 0.535994
vt 0.269177 0.522677
vt 0.061839 0.554927
vt 0.277193 0.068515
vt 0.492021 0.737199
vt 0.299229 0.091190
vt 0.586418 0.312268
vt 0.585964 0.322841
vt 0.577492 0.317303
vt 0.281690 0.682833
vt 0.307627 0.035839
vt 0.273105 0.583938
vt 0.147045 0.427916
vt 0.135366 0.493387
vt 0.126225 0.483056
vt 0.134608 0.479276
vt 0.577531 0.306058
vt 0.978697 0.191885
vt 0.443374 0.426154
vt 0.485421 0.511026
vt 0.914388 0.248296
vt 0.228238 0.286883
vt 0.211741 0.130091
vt 0.449548 0.869052
vt 0.462813 0.873783
vt 0.158492 0.100687
vt 0.159715 0.085365
vt 0.168485 0.090967
vt 0.288259 0.536510
vt 0.294345 0.523170
vt 0.300344 0.536605
vt 0.029328 0.547329
vt 0.280039 0.652402
vt 0.764059 0.931924
vt 0.778131 0.924129
vt 0.258619 0.618231
vt 0.271884 0.614349
vt 0.950942 0.202324
vt 0.961698 0.195625
vt 0.422934 0.338851
vt 0.435063 0.333199
vt 0.577587 0.295282
vt 0.586689 0.298496
vt 0.424433 0.503059
vt 0.435829 0.510576
vt 0.621680 0.222963
vt 0.156910 0.438644
vt 0.270264 0.381907
vt 0.262862 0.388615
vt 0.666400 0.347987
vt 0.234030 0.633684
vt 0.245534 0.627131
vt 0.245370 0.641837
vt 0.239963 0.657335
vt 0.233168 0.647134
vt 0.668793 0.301738
vt 0.681843 0.310974
vt 0.668793 0.316829
vt 0.563981 0.086973
vt 0.574998 0.095380
vt 0.190413 0.495904
vt 0.203035 0.498840
vt 0.195113 0.511945
vt 0.951070 0.852164
vt 0.961172 0.845228
vt 0.286639 0.060077
vt 0.029081 0.073290
vt 0.033562 0.062910
vt 0.033562 0.079489
vt 0.604247 0.959455
vt 0.594065 0.959654
vt 0.581699 0.956449
vt 0.276564 0.035878
vt 0.037186 0.066913
vt 0.935505 0.891108
vt 0.923759 0.898731
vt 0.553062 0.093285
vt 0.744939 0.959024
vt 0.733047 0.959062
vt 0.228376 0.130814
vt 0.928494 0.088865
vt 0.915047 0.094618
vt 0.322489 0.164097
vt 0.323843 0.148248
vt 0.335622 0.154313
vt 0.525523 0.650047
vt 0.515072 0.635431
vt 0.529330 0.636741
vt 0.335622 0.167861
vt 0.954045 0.682670
vt 0.299899 0.059732
vt 0.301676 0.069420
vt 0.709276 0.959160
vt 0.696866 0.959221
vt 0.248050 0.614008
vt 0.240363 0.599700
vt 0.528487 0.317165
vt 0.534787 0.329142
vt 0.523093 0.328850
vt 0.246208 0.535439
vt 0.256849 0.524010
vt 0.256454 0.538134
vt 0.052579 0.560663
vt 0.276125 0.058890
vt 0.148179 0.004617
vt 0.159643 0.002737
vt 0.171372 0.005848
vt 0.242836 0.583906
vt 0.466623 0.062413
vt 0.956530 0.030615
vt 0.968333 0.037498
vt 0.950794 0.188478
vt 0.462458 0.232051
vt 0.450381 0.227205
vt 0.462231 0.218381
vt 0.952416 0.364714
vt 0.965047 0.357882
vt 0.160269 0.417398
vt 0.253549 0.362045
vt 0.270463 0.183079
vt 0.259434 0.176639
vt 0.977926 0.682397
vt 0.989488 0.689362
vt 0.766931 0.924103
vt 0.754223 0.924186
vt 0.355484 0.505361
vt 0.354785 0.491955
vt 0.365651 0.491283
vt 0.365651 0.512265
vt 0.342087 0.323359
vt 0.512865 0.738745
vt 0.565057 0.448191
vt 0.574051 0.455442
vt 0.140304 0.334227
vt 0.931638 0.415695
vt 0.916326 0.409058
vt 0.958451 0.527571
vt 0.970692 0.520280
vt 0.501514 0.245821
vt 0.491202 0.253736
vt 0.401941 0.666095
vt 0.399353 0.649464
vt 0.411474 0.646403
vt 0.418644 0.653164
vt 0.413316 0.666944
vt 0.355815 0.151961
vt 0.503741 0.896670
vt 0.490254 0.891685
vt 0.513569 0.889090
vt 0.048054 0.227047
vt 0.057058 0.233477
vt 0.037677 0.234335
vt 0.012485 0.395879
vt 0.026440 0.389370
vt 0.306208 0.524175
vt 0.446003 0.544830
vt 0.456882 0.548642
vt 0.220790 0.458316
vt 0.985801 0.849459
vt 0.997393 0.842618
vt 0.014443 0.869899
vt 0.544867 0.380624
vt 0.552754 0.376959
vt 0.558608 0.391532
vt 0.544505 0.394884
vt 0.143703 0.095864
vt 0.154005 0.102637
vt 0.024855 0.070890
vt 0.352719 0.484566
vt 0.340207 0.480804
vt 0.972193 0.852170
vt 0.539398 0.231947
vt 0.526800 0.225421
vt 0.536287 0.215719
vt 0.324805 0.535968
vt 0.330065 0.523292
vt 0.577559 0.328851
vt 0.586386 0.336349
vt 0.288292 0.107696
vt 0.299696 0.102673
vt 0.844468 0.957492
vt 0.284840 0.614023
vt 0.289195 0.599597
vt 0.293994 0.585385
vt 0.283353 0.584150
vt 0.489323 0.877730
vt 0.982232 0.035138
vt 0.918879 0.732605
vt 0.916439 0.570449
vt 0.325686 0.479613
vt 0.528386 0.239868
vt 0.318119 0.523044
vt 0.288009 0.095815
vt 0.276097 0.103179
vt 0.786763 0.958847
vt 0.791223 0.924056
vt 0.316509 0.960661
vt 0.982407 0.366913
vt 0.526080 0.653941
vt 0.304603 0.961795
vt 0.936360 0.952481
vt 0.927524 0.954978
vt 0.660050 0.645579
vt 0.264933 0.519331
vt 0.329031 0.036862
vt 0.318140 0.036051
vt 0.096376 0.554972
vt 0.857924 0.957504
vt 0.028442 0.717332
vt 0.277347 0.599987
vt 0.581581 0.022513
vt 0.315562 0.069008
vt 0.309246 0.228700
vt 0.481057 0.236785
vt 0.239906 0.497552
vt 0.327324 0.381625
vt 0.111385 0.003216
vt 0.486075 0.089057
vt 0.535885 0.251280
vt 0.312632 0.536025
vt 0.588879 0.179868
vt 0.084884 0.555139
vt 0.275496 0.091451
vt 0.093598 0.565984
vt 0.013239 0.003130
vt 0.025051 0.005386
vt 0.014811 0.225399
vt 0.998724 0.205707
vt 0.998194 0.190582
vt 0.145185 0.263306
vt 0.563547 0.256271
vt 0.124503 0.004355
vt 0.539331 0.469436
vt 0.996497 0.363040
vt 0.603871 0.043025
vt 0.409222 0.472879
vt 0.520788 0.493484
vt 0.244595 0.194582
vt 0.720751 0.958693
vt 0.602852 0.448343
vt 0.319506 0.548843
vt 0.468477 0.553142
vt 0.124068 0.497124
vt 0.127609 0.653580
vt 0.469015 0.078631
vt 0.451831 0.389686
vt 0.464450 0.392382
vt 0.519750 0.521454
vt 0.059766 0.281860
vt 0.314277 0.408591
vt 0.534805 0.562338
vt 0.958455 0.926220
vt 0.959389 0.939449
vt 0.951224 0.937998
vt 0.456006 0.097266
vt 0.967525 0.067549
vt 0.145410 0.137918
vt 0.482213 0.113027
vt 0.950809 0.402571
vt 0.963944 0.395503
vt 0.937008 0.538606
vt 0.937418 0.525283
vt 0.018957 0.582775
vt 0.017389 0.752926
vt 0.464112 0.958524
vt 0.453897 0.957954
vt 0.459027 0.944002
vt 0.469434 0.946804
vt 0.253557 0.551049
vt 0.240938 0.550076
vt 0.577995 0.505248
vt 0.577625 0.492211
vt 0.588788 0.496142
vt 0.299936 0.277815
vt 0.287200 0.269111
vt 0.299365 0.264851
vt 0.588647 0.512434
vt 0.134480 0.019708
vt 0.961716 0.555713
vt 0.569584 0.959014
vt 0.354080 0.659943
vt 0.369699 0.664968
vt 0.338579 0.664085
vt 0.139942 0.455858
vt 0.593483 0.056467
vt 0.306881 0.103210
vt 0.322479 0.262348
vt 0.471611 0.271075
vt 0.949715 0.560447
vt 0.136394 0.003753
vt 0.501487 0.215951
vt 0.446652 0.959186
vt 0.446964 0.945131
vt 0.232774 0.972420
vt 0.222606 0.962120
vt 0.233918 0.960899
vt 0.244343 0.964324
vt 0.277424 0.258654
vt 0.290692 0.255471
vt 0.273746 0.268468
vt 0.023622 0.426444
vt 0.270573 0.555038
vt 0.280837 0.566213
vt 0.266184 0.567030
vt 0.132175 0.519331
vt 0.124068 0.509859
vt 0.136015 0.506393
vt 0.099930 0.649410
vt 0.120583 0.200910
vt 0.131772 0.207384
vt 0.438637 0.195998
vt 0.274484 0.278799
vt 0.423582 0.438612
vt 0.412563 0.432094
vt 0.476283 0.476962
vt 0.072387 0.661835
vt 0.171344 0.100687
vt 0.076046 0.675100
vt 0.281979 0.523105
vt 0.489827 0.539905
vt 0.442207 0.028290
vt 0.656122 0.096016
vt 0.989636 0.064557
vt 0.507266 0.863021
vt 0.933241 0.702827
vt 0.919141 0.705003
vt 0.958159 0.233813
vt 0.969999 0.228690
vt 0.980497 0.392050
vt 0.566810 0.942482
vt 0.602479 0.085268
vt 0.612054 0.077970
vt 0.262189 0.133286
vt 0.270843 0.143156
vt 0.532652 0.536995
vt 0.523401 0.533637
vt 0.532131 0.527197
vt 0.111726 0.680404
vt 0.279520 0.549580
vt 0.260493 0.555325
vt 0.344750 0.117984
vt 0.054612 0.021620
vt 0.042323 0.021595
vt 0.052289 0.006772
vt 0.628421 0.116882
vt 0.625771 0.172371
vt 0.622657 0.160159
vt 0.636356 0.160283
vt 0.640155 0.176245
vt 0.332219 0.453465
vt 0.031563 0.094375
vt 0.446024 0.261988
vt 0.467668 0.263060
vt 0.357424 0.113313
vt 0.298724 0.244111
vt 0.301985 0.253798
vt 0.489745 0.380270
vt 0.510050 0.380988
vt 0.242303 0.154109
vt 0.245844 0.166333
vt 0.227108 0.549455
vt 0.213690 0.549145
vt 0.225408 0.535646
vt 0.235720 0.537634
vt 0.251716 0.566229
vt 0.241185 0.555192
vt 0.250047 0.554927
vt 0.605929 0.258877
vt 0.943422 0.924469
vt 0.954897 0.926921
vt 0.362119 0.649903
vt 0.350158 0.648751
vt 0.036955 0.262143
vt 0.052856 0.268344
vt 0.915272 0.533532
vt 0.979804 0.554014
vt 0.274084 0.249035
vt 0.169577 0.470703
vt 0.950208 0.878834
vt 0.525104 0.067307
vt 0.538824 0.066932
vt 0.390324 0.317706
vt 0.402572 0.318168
vt 0.286486 0.243833
vt 0.231393 0.414125
vt 0.219508 0.421800
vt 0.584454 0.481021
vt 0.557650 0.955402
vt 0.554004 0.942065
vt 0.676584 0.613975
vt 0.678904 0.625476
vt 0.350762 0.597490
vt 0.472178 0.630310
vt 0.485305 0.622541
vt 0.407357 0.105294
vt 0.556345 0.486846
vt 0.572383 0.485186
vt 0.446306 0.580905
vt 0.458958 0.585770
vt 0.232767 0.523817
vt 0.244989 0.523255
vt 0.957252 0.726682
vt 0.668760 0.203189
vt 0.677323 0.213336
vt 0.663785 0.214497
vt 0.670818 0.225809
vt 0.512705 0.700499
vt 0.483476 0.034067
vt 0.650532 0.165128
vt 0.528163 0.008040
vt 0.521785 0.014993
vt 0.513445 0.001113
vt 0.513445 0.017664
vt 0.653580 0.181471
vt 0.328556 0.508184
vt 0.317089 0.515798
vt 0.336473 0.295648
vt 0.327119 0.289191
vt 0.122868 0.368464
vt 0.133901 0.373555
vt 0.436038 0.540293
vt 0.446855 0.749435
vt 0.468568 0.749768
vt 0.220166 0.522941
vt 0.226389 0.021986
vt 0.234218 0.005521
vt 0.369547 0.676404
vt 0.372717 0.688908
vt 0.588622 0.527294
vt 0.343258 0.549357
vt 0.331053 0.549942
vt 0.274146 0.299785
vt 0.287301 0.294768
vt 0.915694 0.373636
vt 0.221615 0.010673
vt 0.014458 0.029501
vt 0.688859 0.574090
vt 0.001742 0.036162
vt 0.009093 0.100866
vt 0.158007 0.298262
vt 0.654947 0.038647
vt 0.460149 0.900167
vt 0.577727 0.518849
vt 0.299544 0.291305
vt 0.998922 0.724298
vt 0.052050 0.037149
vt 0.064441 0.029637
vt 0.065045 0.038924
vt 0.076388 0.034888
vt 0.468066 0.275479
vt 0.462321 0.429803
vt 0.344591 0.651114
vt 0.532254 0.643090
vt 0.268152 0.356831
vt 0.295867 0.566554
vt 0.291418 0.555051
vt 0.039361 0.434973
vt 0.363357 0.651694
vt 0.035951 0.609556
vt 0.044468 0.618180
vt 0.541737 0.923628
vt 0.536566 0.931700
vt 0.527127 0.925291
vt 0.032448 0.618251
vt 0.327289 0.303826
vt 0.211617 0.020347
vt 0.376824 0.227422
vt 0.287844 0.282256
vt 0.275632 0.289054
vt 0.674170 0.956358
vt 0.057200 0.618038
vt 0.445859 0.092336
vt 0.055466 0.097890
vt 0.342738 0.283310
vt 0.280500 0.554960
vt 0.268498 0.489563
vt 0.271043 0.308544
vt 0.531068 0.361550
vt 0.293670 0.549496
vt 0.995996 0.227222
vt 0.183082 0.004634
vt 0.186552 0.019458
vt 0.626676 0.145835
vt 0.936172 0.861525
vt 0.036460 0.097986
vt 0.011741 0.261636
vt 0.052981 0.431400
vt 0.448395 0.424225
vt 0.216941 0.251170
vt 0.402653 0.249075
vt 0.259248 0.089918
vt 0.416472 0.037321
vt 0.659944 0.109555
vt 0.652431 0.120949
vt 0.578582 0.213479
vt 0.209638 0.004445
vt 0.307525 0.549767
vt 0.199066 0.019735
vt 0.196447 0.004769
vt 0.134588 0.038400
vt 0.688908 0.616221
vt 0.520071 0.959805
vt 0.069043 0.148337
vt 0.257268 0.327430
vt 0.574981 0.126753
vt 0.266199 0.960805
vt 0.256379 0.965460
vt 0.287579 0.203413
vt 0.275265 0.198698
vt 0.288139 0.189817
vt 0.299296 0.191801
vt 0.299064 0.205396
vt 0.655845 0.269160
vt 0.651473 0.256658
vt 0.664526 0.258877
vt 0.587004 0.424740
vt 0.587251 0.438628
vt 0.577556 0.432339
vt 0.592339 0.676309
vt 0.605167 0.689932
vt 0.591353 0.689788
vt 0.633865 0.522147
vt 0.433237 0.461494
vt 0.667711 0.271359
vt 0.668283 0.178235
vt 0.679082 0.188095
vt 0.668268 0.191205
vt 0.698301 0.263198
vt 0.687482 0.260394
vt 0.699507 0.252198
vt 0.582020 0.623526
vt 0.569825 0.614591
vt 0.582194 0.609717
vt 0.108376 0.549171
vt 0.118322 0.549911
vt 0.573009 0.601288
vt 0.552561 0.668920
vt 0.558192 0.681335
vt 0.544780 0.681843
vt 0.541639 0.670288
vt 0.140318 0.550128
vt 0.129186 0.549498
vt 0.577559 0.445281
vt 0.587245 0.452046
vt 0.028625 0.021158
vt 0.039482 0.036832
vt 0.515720 0.925218
vt 0.197231 0.566044
vt 0.191112 0.555032
vt 0.203048 0.554983
vt 0.275927 0.210886
vt 0.210236 0.565335
vt 0.577582 0.418637
vt 0.910852 0.928548
vt 0.919316 0.942437
vt 0.695974 0.272367
vt 0.099479 0.535831
vt 0.095082 0.522930
vt 0.276268 0.187769
vt 0.337838 0.004533
vt 0.679982 0.173291
vt 0.670731 0.164369
vt 0.682957 0.161107
vt 0.407731 0.137965
vt 0.419223 0.128389
vt 0.420103 0.141355
vt 0.684424 0.268084
vt 0.412475 0.151761
vt 0.180094 0.554981
vt 0.520026 0.355010
vt 0.527947 0.348279
vt 0.618251 0.687746
vt 0.605323 0.675285
vt 0.616838 0.675285
vt 0.245764 0.623307
vt 0.687482 0.245655
vt 0.950014 0.390293
vt 0.200228 0.549939
vt 0.187086 0.549900
vt 0.192614 0.536454
vt 0.203904 0.536671
vt 0.577573 0.471345
vt 0.577554 0.458383
vt 0.587321 0.465511
vt 0.195342 0.523433
vt 0.207772 0.523446
vt 0.214772 0.535770
vt 0.287011 0.231103
vt 0.298748 0.231242
vt 0.274918 0.237014
vt 0.688896 0.541887
vt 0.223200 0.565869
vt 0.216228 0.554996
vt 0.229117 0.555056
vt 0.275663 0.224145
vt 0.237213 0.566687
vt 0.635103 0.609586
vt 0.478968 0.927220
vt 0.038694 0.007375
vt 0.443295 0.466338
vt 0.600071 0.470358
vt 0.599256 0.482227
vt 0.969420 0.935674
vt 0.287178 0.217607
vt 0.330071 0.622942
vt 0.246952 0.663837
vt 0.249643 0.653486
vt 0.914634 0.546584
vt 0.681852 0.201621
vt 0.298846 0.218238
vt 0.913837 0.954431
vt 0.681152 0.227004
vt 0.333869 0.636004
vt 0.970474 0.921117
vt 0.930806 0.020998
vt 0.918897 0.013428
vt 0.931817 0.006674
vt 0.181752 0.537447
vt 0.251011 0.684832
vt 0.246456 0.676289
vt 0.216329 0.053007
vt 0.213178 0.038819
vt 0.223696 0.038912
vt 0.230785 0.048326
vt 0.638915 0.084604
vt 0.638675 0.070771
vt 0.652276 0.079200
vt 0.501173 0.432205
vt 0.510970 0.438074
vt 0.501190 0.446770
vt 0.229146 0.317231
vt 0.217432 0.309370
vt 0.229027 0.301855
vt 0.914726 0.263050
vt 0.924571 0.271164
vt 0.914741 0.278192
vt 0.552770 0.229199
vt 0.567235 0.231213
vt 0.560922 0.241948
vt 0.319889 0.097698
vt 0.320018 0.086166
vt 0.331287 0.092342
vt 0.120937 0.401405
vt 0.111082 0.398503
vt 0.121683 0.389311
vt 0.189998 0.385137
vt 0.202838 0.391084
vt 0.191135 0.397385
vt 0.176037 0.392332
vt 0.489900 0.438334
vt 0.650915 0.091165
vt 0.140123 0.035235
vt 0.129093 0.037429
vt 0.109879 0.583436
vt 0.102214 0.600624
vt 0.099168 0.585369
vt 0.021551 0.059351
vt 0.032355 0.059337
vt 0.010379 0.065922
vt 0.047999 0.212765
vt 0.037451 0.204357
vt 0.049378 0.197921
vt 0.057256 0.205772
vt 0.121396 0.305606
vt 0.129799 0.310125
vt 0.122142 0.321298
vt 0.437457 0.317788
vt 0.425412 0.310371
vt 0.435816 0.301904
vt 0.175617 0.380080
vt 0.966533 0.674560
vt 0.954638 0.667856
vt 0.966520 0.659943
vt 0.071762 0.420554
vt 0.060275 0.414122
vt 0.070674 0.406332
vt 0.255343 0.071072
vt 0.243178 0.063895
vt 0.253526 0.056929
vt 0.416606 0.228977
vt 0.409203 0.215394
vt 0.420411 0.218126
vt 0.419387 0.206454
vt 0.112419 0.386148
vt 0.600201 0.577330
vt 0.600227 0.566778
vt 0.378447 0.155202
vt 0.367970 0.165024
vt 0.367957 0.152762
vt 0.029229 0.532833
vt 0.017734 0.525781
vt 0.028572 0.518417
vt 0.074815 0.119246
vt 0.075027 0.133824
vt 0.092140 0.614120
vt 0.089129 0.599407
vt 0.103478 0.616877
vt 0.980019 0.021262
vt 0.994652 0.029210
vt 0.491536 0.905366
vt 0.936599 0.602113
vt 0.926482 0.595002
vt 0.936463 0.588457
vt 0.965683 0.344872
vt 0.953393 0.338488
vt 0.965520 0.331004
vt 0.604861 0.417642
vt 0.614718 0.423365
vt 0.603481 0.432646
vt 0.675912 0.657570
vt 0.688908 0.654901
vt 0.997511 0.175530
vt 0.986657 0.168422
vt 0.996909 0.160984
vt 0.012547 0.196159
vt 0.024849 0.203602
vt 0.013377 0.210531
vt 0.672753 0.035480
vt 0.684913 0.041414
vt 0.674743 0.050495
vt 0.642504 0.507274
vt 0.631656 0.502664
vt 0.641641 0.492043
vt 0.620581 0.022922
vt 0.608494 0.015470
vt 0.621647 0.009432
vt 0.430777 0.396222
vt 0.441689 0.400322
vt 0.429700 0.409331
vt 0.986262 0.659325
vt 0.997425 0.666258
vt 0.987615 0.674141
vt 0.976772 0.667400
vt 0.540098 0.484919
vt 0.551417 0.493090
vt 0.540796 0.499721
vt 0.300150 0.670308
vt 0.308186 0.681587
vt 0.655346 0.469060
vt 0.646199 0.478703
vt 0.646199 0.464050
vt 0.654034 0.454600
vt 0.113564 0.413136
vt 0.125417 0.410133
vt 0.546369 0.159638
vt 0.547467 0.170175
vt 0.546945 0.181660
vt 0.378599 0.995112
vt 0.366284 0.992022
vt 0.370666 0.981080
vt 0.204914 0.402986
vt 0.121884 0.175272
vt 0.111507 0.183709
vt 0.111507 0.172608
vt 0.424456 0.473745
vt 0.436381 0.482285
vt 0.424677 0.488371
vt 0.455790 0.699084
vt 0.446788 0.691956
vt 0.455885 0.684364
vt 0.466889 0.691703
vt 0.311901 0.442793
vt 0.303883 0.433943
vt 0.313644 0.426151
vt 0.323257 0.434142
vt 0.409851 0.240490
vt 0.406734 0.228790
vt 0.326563 0.105986
vt 0.512054 0.172847
vt 0.934927 0.278205
vt 0.934865 0.263811
vt 0.375385 0.141938
vt 0.074696 0.105615
vt 0.076222 0.093325
vt 0.608263 0.925455
vt 0.619608 0.924696
vt 0.113456 0.610010
vt 0.461802 0.203882
vt 0.449857 0.199637
vt 0.455061 0.188033
vt 0.205386 0.379952
vt 0.189576 0.372758
vt 0.203323 0.368316
vt 0.354951 0.994841
vt 0.343673 0.983456
vt 0.356613 0.978364
vt 0.597384 0.924836
vt 0.584985 0.925225
vt 0.080206 0.616199
vt 0.167811 0.319724
vt 0.160618 0.308547
vt 0.167811 0.304304
vt 0.160163 0.666093
vt 0.169577 0.660159
vt 0.161977 0.674298
vt 0.698040 0.047694
vt 0.687855 0.036117
vt 0.700499 0.032580
vt 0.632383 0.645854
vt 0.621319 0.643744
vt 0.622118 0.630443
vt 0.467463 0.194563
vt 0.342946 0.995723
vt 0.952974 0.489429
vt 0.967312 0.494993
vt 0.954352 0.502475
vt 0.466384 0.528393
vt 0.452655 0.523943
vt 0.465187 0.515529
vt 0.268779 0.211308
vt 0.258224 0.203955
vt 0.269326 0.197287
vt 0.533129 0.472981
vt 0.522804 0.465709
vt 0.533440 0.458938
vt 0.998042 0.827447
vt 0.986105 0.820087
vt 0.996794 0.814010
vt 0.013726 0.841627
vt 0.028094 0.847118
vt 0.015253 0.854898
vt 0.699507 0.059002
vt 0.689302 0.065904
vt 0.689206 0.052815
vt 0.699507 0.049571
vt 0.319896 0.075567
vt 0.319963 0.065576
vt 0.329147 0.077235
vt 0.406001 0.482040
vt 0.663914 0.565169
vt 0.674322 0.572211
vt 0.663820 0.579451
vt 0.378820 0.168618
vt 0.075723 0.602142
vt 0.079591 0.588734
vt 0.088328 0.583407
vt 0.481080 0.059303
vt 0.474447 0.048959
vt 0.484002 0.048608
vt 0.311816 0.037802
vt 0.317645 0.047166
vt 0.304496 0.048750
vt 0.630094 0.485351
vt 0.138976 0.316991
vt 0.137883 0.299147
vt 0.236702 0.488663
vt 0.224762 0.483774
vt 0.236689 0.476081
vt 0.921133 0.434721
vt 0.934995 0.440626
vt 0.920875 0.447111
vt 0.612159 0.202138
vt 0.602483 0.195330
vt 0.612910 0.188071
vt 0.961121 0.831570
vt 0.951456 0.823527
vt 0.961460 0.815964
vt 0.971590 0.823852
vt 0.330704 0.063631
vt 0.320256 0.052561
vt 0.161583 0.303826
vt 0.160439 0.291653
vt 0.170496 0.298658
vt 0.171344 0.284937
vt 0.292082 0.982284
vt 0.304534 0.978367
vt 0.107749 0.111017
vt 0.109131 0.125964
vt 0.634484 0.290771
vt 0.645530 0.298940
vt 0.634730 0.304771
vt 0.699291 0.070657
vt 0.600194 0.555263
vt 0.210441 0.631065
vt 0.217863 0.619626
vt 0.224452 0.629596
vt 0.109196 0.141310
vt 0.457314 0.054346
vt 0.032130 0.371980
vt 0.021957 0.364739
vt 0.032835 0.359623
vt 0.346956 0.182813
vt 0.336227 0.172621
vt 0.348811 0.169942
vt 0.010576 0.518936
vt 0.010490 0.533296
vt 0.991705 0.502053
vt 0.979862 0.495103
vt 0.992278 0.487525
vt 0.135520 0.681918
vt 0.126576 0.672136
vt 0.137782 0.667391
vt 0.317496 0.579335
vt 0.306462 0.578898
vt 0.108964 0.155647
vt 0.118007 0.035148
vt 0.385276 0.983081
vt 0.360337 0.478041
vt 0.970790 0.174489
vt 0.958071 0.164448
vt 0.971122 0.160745
vt 0.931679 0.769714
vt 0.919656 0.762349
vt 0.932228 0.756187
vt 0.984456 0.341736
vt 0.976848 0.332123
vt 0.991320 0.327267
vt 0.996206 0.338120
vt 0.417254 0.505954
vt 0.407611 0.499444
vt 0.418254 0.492326
vt 0.471087 0.531449
vt 0.481788 0.537674
vt 0.471414 0.545224
vt 0.471087 0.355993
vt 0.482232 0.362570
vt 0.471258 0.369351
vt 0.419480 0.332519
vt 0.407451 0.326340
vt 0.419082 0.319361
vt 0.082167 0.042475
vt 0.092013 0.041609
vt 0.077649 0.050527
vt 0.004232 0.498917
vt 0.013707 0.489600
vt 0.014131 0.503045
vt 0.002232 0.485781
vt 0.120117 0.062284
vt 0.108740 0.055191
vt 0.119303 0.048699
vt 0.481537 0.983135
vt 0.471979 0.978503
vt 0.490448 0.972893
vt 0.400546 0.987309
vt 0.391236 0.995477
vt 0.522076 0.479523
vt 0.074623 0.065019
vt 0.627838 0.926621
vt 0.640892 0.924861
vt 0.123124 0.617852
vt 0.126645 0.604171
vt 0.135687 0.615652
vt 0.961126 0.180694
vt 0.950572 0.173789
vt 0.498747 0.585296
vt 0.507297 0.594847
vt 0.493829 0.598979
vt 0.488357 0.589488
vt 0.933518 0.428096
vt 0.969099 0.507705
vt 0.681671 0.378134
vt 0.695974 0.379058
vt 0.695502 0.389663
vt 0.410181 0.267323
vt 0.419725 0.258396
vt 0.420024 0.271807
vt 0.111326 0.041833
vt 0.547473 0.091393
vt 0.546128 0.103496
vt 0.291465 0.960742
vt 0.203832 0.415317
vt 0.190933 0.410494
vt 0.682635 0.393748
vt 0.695974 0.404513
vt 0.505208 0.274793
vt 0.493009 0.268521
vt 0.503400 0.260486
vt 0.159913 0.037750
vt 0.151683 0.035286
vt 0.115238 0.596365
vt 0.121143 0.583462
vt 0.129356 0.590877
vt 0.153200 0.087495
vt 0.148653 0.075376
vt 0.157883 0.072393
vt 0.142958 0.081897
vt 0.468699 0.063724
vt 0.023563 0.377845
vt 0.012156 0.371249
vt 0.243353 0.208697
vt 0.254471 0.215544
vt 0.242842 0.222654
vt 0.558508 0.693173
vt 0.568791 0.695601
vt 0.564697 0.708289
vt 0.026048 0.863474
vt 0.551747 0.246291
vt 0.648424 0.521097
vt 0.646216 0.507484
vt 0.657113 0.513170
vt 0.657113 0.499717
vt 0.008223 0.512265
vt 0.118806 0.075752
vt 0.108740 0.068867
vt 0.398340 0.619766
vt 0.409595 0.613308
vt 0.409812 0.628320
vt 0.392602 0.626767
vt 0.684544 0.301875
vt 0.408290 0.312926
vt 0.378090 0.119775
vt 0.368604 0.129882
vt 0.368022 0.116624
vt 0.172914 0.415936
vt 0.187162 0.422135
vt 0.175604 0.428758
vt 0.684468 0.959273
vt 0.074629 0.315086
vt 0.074612 0.302921
vt 0.170845 0.036769
vt 0.139833 0.584534
vt 0.139639 0.599954
vt 0.450104 0.213140
vt 0.057169 0.219343
vt 0.573971 0.079997
vt 0.562007 0.072243
vt 0.572614 0.064988
vt 0.643752 0.284646
vt 0.242045 0.049946
vt 0.561725 0.432798
vt 0.551100 0.440203
vt 0.551100 0.427694
vt 0.559814 0.418715
vt 0.383160 0.618889
vt 0.382263 0.632383
vt 0.056449 0.678747
vt 0.070147 0.676449
vt 0.414351 0.280863
vt 0.077117 0.362171
vt 0.074523 0.351622
vt 0.074892 0.339174
vt 0.314065 0.056424
vt 0.484283 0.524750
vt 0.442491 0.412832
vt 0.602466 0.209231
vt 0.326383 0.367790
vt 0.315177 0.361553
vt 0.325844 0.354378
vt 0.179192 0.404463
vt 0.171484 0.404100
vt 0.638846 0.056310
vt 0.637839 0.041239
vt 0.651199 0.045987
vt 0.605886 0.001405
vt 0.595922 0.014131
vt 0.594919 0.001405
vt 0.554597 0.596246
vt 0.567025 0.601039
vt 0.559029 0.611185
vt 0.976484 0.160821
vt 0.977109 0.176472
vt 0.493872 0.752393
vt 0.505973 0.758809
vt 0.494924 0.767821
vt 0.309092 0.200479
vt 0.319951 0.207122
vt 0.308946 0.214806
vt 0.481176 0.223082
vt 0.470525 0.216147
vt 0.481915 0.208958
vt 0.239162 0.469401
vt 0.250337 0.476350
vt 0.238960 0.483235
vt 0.673955 0.586455
vt 0.481709 0.348896
vt 0.219897 0.154271
vt 0.210561 0.147108
vt 0.218861 0.139989
vt 0.230719 0.145641
vt 0.010599 0.606923
vt 0.001347 0.612861
vt 0.001618 0.598001
vt 0.111082 0.426470
vt 0.122065 0.422903
vt 0.117738 0.434542
vt 0.002149 0.473814
vt 0.003210 0.462917
vt 0.012369 0.475814
vt 0.547437 0.126391
vt 0.547350 0.138247
vt 0.986587 0.834047
vt 0.975986 0.825998
vt 0.651847 0.068165
vt 0.136465 0.152630
vt 0.125191 0.146549
vt 0.136454 0.139311
vt 0.472267 0.563046
vt 0.483285 0.568807
vt 0.472569 0.576205
vt 0.589752 0.166124
vt 0.578837 0.158905
vt 0.591025 0.152337
vt 0.145903 0.235298
vt 0.156533 0.242433
vt 0.145365 0.249331
vt 0.026633 0.703200
vt 0.014119 0.695580
vt 0.025128 0.689050
vt 0.551449 0.063605
vt 0.552079 0.078452
vt 0.014131 0.462782
vt 0.009367 0.451028
vt 0.514736 0.149669
vt 0.512052 0.138555
vt 0.512450 0.126568
vt 0.432191 0.134665
vt 0.441336 0.141125
vt 0.431170 0.148072
vt 0.459771 0.982487
vt 0.448462 0.976790
vt 0.460111 0.968095
vt 0.637070 0.026661
vt 0.650685 0.032749
vt 0.010599 0.620018
vt 0.418085 0.056894
vt 0.407311 0.051239
vt 0.416765 0.043861
vt 0.454764 0.359711
vt 0.465325 0.366468
vt 0.453190 0.374861
vt 0.445819 0.366939
vt 0.214482 0.479503
vt 0.223922 0.471103
vt 0.061116 0.254057
vt 0.072252 0.260914
vt 0.060384 0.267924
vt 0.258828 0.190330
vt 0.929638 0.116760
vt 0.917151 0.109252
vt 0.928187 0.102193
vt 0.972365 0.838631
vt 0.343461 0.337390
vt 0.354338 0.345983
vt 0.343970 0.351932
vt 0.078895 0.079331
vt 0.091367 0.087373
vt 0.406410 0.515090
vt 0.418644 0.515090
vt 0.408196 0.524492
vt 0.175762 0.367785
vt 0.332642 0.344330
vt 0.916372 0.587462
vt 0.916262 0.601924
vt 0.038649 0.366042
vt 0.050229 0.373777
vt 0.038182 0.380610
vt 0.159730 0.403604
vt 0.148346 0.396349
vt 0.159194 0.389941
vt 0.254776 0.389615
vt 0.243056 0.382812
vt 0.254189 0.375896
vt 0.461599 0.860469
vt 0.451627 0.852247
vt 0.463606 0.845489
vt 0.950590 0.838660
vt 0.506603 0.288163
vt 0.494478 0.282993
vt 0.189647 0.323709
vt 0.202589 0.333340
vt 0.189422 0.335695
vt 0.109180 0.343580
vt 0.920083 0.777053
vt 0.037321 0.189537
vt 0.504381 0.608132
vt 0.490539 0.611857
vt 0.979884 0.319051
vt 0.224800 0.496915
vt 0.215082 0.492518
vt 0.173565 0.329295
vt 0.560426 0.056973
vt 0.571105 0.050958
vt 0.559569 0.501122
vt 0.550809 0.508849
vt 0.354979 0.463793
vt 0.365651 0.456259
vt 0.364759 0.468990
vt 0.354412 0.450430
vt 0.171344 0.234640
vt 0.160015 0.227832
vt 0.171194 0.221105
vt 0.656816 0.197259
vt 0.656757 0.183871
vt 0.599806 0.419629
vt 0.599911 0.432009
vt 0.562105 0.217201
vt 0.548666 0.928902
vt 0.142927 0.066814
vt 0.152174 0.060858
vt 0.022317 0.353276
vt 0.009943 0.360534
vt 0.148122 0.381896
vt 0.158997 0.376857
vt 0.255261 0.402746
vt 0.243581 0.396860
vt 0.522715 0.451884
vt 0.254353 0.229315
vt 0.242983 0.236605
vt 0.575002 0.223122
vt 0.380725 0.207799
vt 0.368280 0.215910
vt 0.368105 0.203099
vt 0.119516 0.232259
vt 0.122609 0.245284
vt 0.113453 0.240344
vt 0.112113 0.253301
vt 0.162325 0.214760
vt 0.395850 0.596547
vt 0.396675 0.584375
vt 0.408691 0.589254
vt 0.407915 0.574486
vt 0.409248 0.601477
vt 0.599945 0.407792
vt 0.683487 0.026380
vt 0.692441 0.200899
vt 0.691517 0.213418
vt 0.381706 0.337456
vt 0.319803 0.995880
vt 0.306964 0.992122
vt 0.317627 0.984662
vt 0.201638 0.345833
vt 0.108877 0.319316
vt 0.108794 0.332244
vt 0.087831 0.037653
vt 0.985852 0.152628
vt 0.425382 0.294506
vt 0.692096 0.189875
vt 0.017338 0.510630
vt 0.602490 0.181527
vt 0.407948 0.339608
vt 0.058984 0.400000
vt 0.203616 0.620051
vt 0.001564 0.115468
vt 0.012365 0.120177
vt 0.001564 0.127183
vt 0.304743 0.507727
vt 0.314425 0.500933
vt 0.314425 0.514032
vt 0.160069 0.240961
vt 0.169915 0.247375
vt 0.124716 0.293601
vt 0.174424 0.342015
vt 0.378726 0.194615
vt 0.561497 0.927527
vt 0.154294 0.654866
vt 0.166026 0.649236
vt 0.444719 0.191964
vt 0.933506 0.452596
vt 0.969142 0.482822
vt 0.674777 0.558222
vt 0.482728 0.375998
vt 0.322605 0.450894
vt 0.691228 0.540528
vt 0.681084 0.536778
vt 0.690939 0.524463
vt 0.112536 0.367418
vt 0.110715 0.354059
vt 0.121884 0.360695
vt 0.121884 0.347875
vt 0.358385 0.476937
vt 0.202581 0.321906
vt 0.193175 0.311292
vt 0.206328 0.309933
vt 0.021819 0.833552
vt 0.034666 0.835547
vt 0.365563 0.429063
vt 0.365651 0.442942
vt 0.355574 0.436793
vt 0.234548 0.679933
vt 0.243276 0.670674
vt 0.245534 0.684039
vt 0.357613 0.423386
vt 0.395741 0.608468
vt 0.599573 0.345495
vt 0.599529 0.354845
vt 0.295225 0.992675
vt 0.283048 0.993734
vt 0.551416 0.048845
vt 0.074936 0.442569
vt 0.074545 0.430055
vt 0.075347 0.418481
vt 0.681784 0.349103
vt 0.668649 0.349085
vt 0.675345 0.336720
vt 0.527491 0.681997
vt 0.538762 0.691212
vt 0.529090 0.694208
vt 0.038641 0.351483
vt 0.050549 0.359239
vt 0.926561 0.609333
vt 0.916438 0.616370
vt 0.670416 0.330664
vt 0.680247 0.322614
vt 0.679243 0.335622
vt 0.599447 0.326978
vt 0.599220 0.335903
vt 0.178137 0.316483
vt 0.074797 0.455291
vt 0.076267 0.467533
vt 0.268498 0.405331
vt 0.259047 0.399690
vt 0.268106 0.392153
vt 0.125754 0.133172
vt 0.136357 0.125938
vt 0.472178 0.549809
vt 0.482068 0.555682
vt 0.309672 0.186569
vt 0.320558 0.193282
vt 0.471186 0.202173
vt 0.482869 0.195250
vt 0.185259 0.673466
vt 0.196330 0.675453
vt 0.185259 0.686606
vt 0.122588 0.458228
vt 0.133513 0.463734
vt 0.124612 0.469871
vt 0.013420 0.680783
vt 0.025069 0.674958
vt 0.454903 0.345379
vt 0.465842 0.352070
vt 0.238960 0.457196
vt 0.250833 0.461495
vt 0.314114 0.347604
vt 0.325137 0.342564
vt 0.258069 0.217945
vt 0.061187 0.239821
vt 0.072424 0.247053
vt 0.929650 0.131848
vt 0.918110 0.123700
vt 0.971616 0.808529
vt 0.171344 0.207146
vt 0.445822 0.352468
vt 0.657595 0.169564
vt 0.600071 0.375559
vt 0.600307 0.386687
vt 0.108573 0.388909
vt 0.107345 0.401568
vt 0.108247 0.377398
vt 0.367994 0.227786
vt 0.564237 0.582922
vt 0.556345 0.575895
vt 0.566440 0.569688
vt 0.452109 0.837670
vt 0.463596 0.830323
vt 0.951437 0.808169
vt 0.123650 0.258539
vt 0.111946 0.266808
vt 0.238652 0.692441
vt 0.382406 0.595575
vt 0.114931 0.983264
vt 0.101245 0.980324
vt 0.409703 0.561453
vt 0.397619 0.561679
vt 0.074600 0.406345
vt 0.433166 0.121206
vt 0.441257 0.127610
vt 0.422656 0.127680
vt 0.382119 0.300879
vt 0.981023 0.481637
vt 0.489136 0.451604
vt 0.996863 0.651283
vt 0.411351 0.176122
vt 0.406734 0.165966
vt 0.419830 0.170097
vt 0.415003 0.158773
vt 0.235238 0.405426
vt 0.244558 0.414042
vt 0.235238 0.416878
vt 0.409812 0.535671
vt 0.408611 0.548281
vt 0.580291 0.145288
vt 0.331262 0.993499
vt 0.190964 0.359978
vt 0.206555 0.356867
vt 0.075093 0.160407
vt 0.074980 0.147095
vt 0.108907 0.037916
vt 0.098543 0.037778
vt 0.069419 0.586155
vt 0.506035 0.772930
vt 0.332487 0.359118
vt 0.157272 0.228207
vt 0.599817 0.457348
vt 0.450990 0.511094
vt 0.245534 0.400357
vt 0.157346 0.693368
vt 0.167811 0.688045
vt 0.164757 0.699507
vt 0.157346 0.680407
vt 0.382299 0.549563
vt 0.383375 0.537230
vt 0.395005 0.549591
vt 0.511608 0.450395
vt 0.379004 0.181464
vt 0.368009 0.189406
vt 0.367981 0.177222
vt 0.175394 0.355601
vt 0.108818 0.169553
vt 0.108941 0.182535
vt 0.573084 0.925871
vt 0.068559 0.617178
vt 0.419864 0.182423
vt 0.408515 0.187083
vt 0.677373 0.298527
vt 0.668600 0.288358
vt 0.680450 0.282548
vt 0.685376 0.291752
vt 0.231543 0.160301
vt 0.418843 0.193771
vt 0.160436 0.278508
vt 0.415111 0.609758
vt 0.415111 0.628850
vt 0.412052 0.618685
vt 0.007066 0.267409
vt 0.000993 0.275563
vt 0.000993 0.260107
vt 0.261156 0.981942
vt 0.247361 0.978803
vt 0.381834 0.524443
vt 0.382211 0.513702
vt 0.435425 0.469747
vt 0.976089 0.652718
vt 0.210566 0.161866
vt 0.332089 0.052438
vt 0.327582 0.042241
vt 0.319889 0.038672
vt 0.164972 0.270496
vt 0.333650 0.186536
vt 0.600437 0.506720
vt 0.600203 0.520054
vt 0.215637 0.577854
vt 0.204054 0.577940
vt 0.187698 0.348149
vt 0.108698 0.306551
vt 0.567025 0.588556
vt 0.586043 0.604931
vt 0.598820 0.614105
vt 0.586043 0.616941
vt 0.954061 0.323918
vt 0.480787 0.551127
vt 0.439817 0.387419
vt 0.925093 0.286139
vt 0.408385 0.512265
vt 0.599844 0.444714
vt 0.074860 0.326788
vt 0.024187 0.189567
vt 0.354460 0.360655
vt 0.118343 0.334517
vt 0.112058 0.341753
vt 0.612146 0.002104
vt 0.217224 0.324493
vt 0.446913 0.677023
vt 0.244281 0.077893
vt 0.646143 0.313213
vt 0.231316 0.306008
vt 0.240359 0.299460
vt 0.242001 0.312914
vt 0.652033 0.241491
vt 0.662412 0.233768
vt 0.662412 0.247709
vt 0.162798 0.254366
vt 0.466651 0.676934
vt 0.494381 0.112204
vt 0.501193 0.124197
vt 0.489274 0.128856
vt 0.979367 0.809094
vt 0.508712 0.116561
vt 0.231316 0.319067
vt 0.240589 0.325450
vt 0.234484 0.332089
vt 0.167429 0.674855
vt 0.954363 0.652897
vt 0.227170 0.577904
vt 0.109230 0.219716
vt 0.107921 0.231965
vt 0.655968 0.254366
vt 0.656753 0.223700
vt 0.664036 0.232818
vt 0.952618 0.352123
vt 0.108890 0.206128
vt 0.406898 0.038001
vt 0.376675 0.041997
vt 0.421463 0.479277
vt 0.407451 0.485601
vt 0.606875 0.029864
vt 0.619567 0.037434
vt 0.611229 0.215914
vt 0.621784 0.208869
vt 0.471281 0.342071
vt 0.481240 0.335148
vt 0.976891 0.841866
vt 0.660564 0.282658
vt 0.645785 0.276526
vt 0.694899 0.239229
vt 0.368105 0.060651
vt 0.368036 0.048854
vt 0.174857 0.485192
vt 0.188876 0.483997
vt 0.175965 0.496845
vt 0.010599 0.174877
vt 0.001557 0.168561
vt 0.010599 0.163671
vt 0.326066 0.002313
vt 0.717333 0.924383
vt 0.704578 0.924427
vt 0.198808 0.614616
vt 0.203614 0.600094
vt 0.211507 0.614711
vt 0.343067 0.496387
vt 0.329637 0.488717
vt 0.257067 0.002478
vt 0.408198 0.299500
vt 0.418728 0.305661
vt 0.086934 0.682976
vt 0.072387 0.687127
vt 0.202441 0.489279
vt 0.243253 0.033913
vt 0.232039 0.034839
vt 0.210488 0.587133
vt 0.199444 0.583364
vt 0.315061 0.692441
vt 0.661189 0.657942
vt 0.649716 0.650159
vt 0.971400 0.189410
vt 0.925682 0.580069
vt 0.982495 0.354803
vt 0.996098 0.351025
vt 0.012083 0.384005
vt 0.017931 0.540117
vt 0.255455 0.201769
vt 0.532393 0.487214
vt 0.245534 0.620157
vt 0.238747 0.627560
vt 0.231898 0.619453
vt 0.062310 0.428045
vt 0.072424 0.434994
vt 0.064815 0.441608
vt 0.917518 0.026006
vt 0.230102 0.061110
vt 0.380328 0.505010
vt 0.178060 0.048423
vt 0.367977 0.494343
vt 0.254532 0.037229
vt 0.221410 0.585776
vt 0.215655 0.600449
vt 0.133218 0.637244
vt 0.137782 0.646206
vt 0.931139 0.741484
vt 0.920087 0.747632
vt 0.036837 0.219181
vt 0.476968 0.991397
vt 0.464636 0.379944
vt 0.055545 0.381861
vt 0.071350 0.274787
vt 0.425710 0.150096
vt 0.420234 0.161053
vt 0.094842 0.624920
vt 0.086238 0.634798
vt 0.086238 0.617956
vt 0.043872 0.680594
vt 0.034099 0.676587
vt 0.602503 0.223182
vt 0.467135 0.991929
vt 0.641530 0.014292
vt 0.652111 0.018932
vt 0.653580 0.001769
vt 0.126665 0.685375
vt 0.367975 0.072122
vt 0.492957 0.960132
vt 0.479656 0.957740
vt 0.698164 0.935562
vt 0.689663 0.925303
vt 0.184444 0.617073
vt 0.189709 0.604684
vt 0.431009 0.045539
vt 0.419669 0.052993
vt 0.419669 0.039111
vt 0.544152 0.658890
vt 0.988610 0.183639
vt 0.504421 0.744752
vt 0.319855 0.221169
vt 0.470058 0.230097
vt 0.148975 0.410300
vt 0.242569 0.368937
vt 0.998187 0.680841
vt 0.250849 0.042572
vt 0.578089 0.172754
vt 0.579384 0.636615
vt 0.105986 0.040181
vt 0.105986 0.056526
vt 0.095871 0.046418
vt 0.588363 0.647547
vt 0.132509 0.213310
vt 0.143081 0.213310
vt 0.139802 0.224337
vt 0.456768 0.995407
vt 0.446923 0.991214
vt 0.203004 0.479139
vt 0.192510 0.471252
vt 0.206616 0.469487
vt 0.179974 0.594582
vt 0.185705 0.583223
vt 0.193129 0.593079
vt 0.025719 0.217659
vt 0.957688 0.912950
vt 0.155846 0.256634
vt 0.250158 0.490705
vt 0.316245 0.375331
vt 0.446920 0.706815
vt 0.551951 0.476823
vt 0.614607 0.439982
vt 0.569654 0.626566
vt 0.557228 0.617993
vt 0.222786 0.002584
vt 0.977586 0.905922
vt 0.987940 0.915565
vt 0.977796 0.921536
vt 0.490555 0.018034
vt 0.502323 0.024441
vt 0.490900 0.033424
vt 0.148198 0.969073
vt 0.148991 0.961154
vt 0.547228 0.220600
vt 0.547489 0.232934
vt 0.935001 0.905855
vt 0.968870 0.022517
vt 0.478904 0.072336
vt 0.454087 0.536267
vt 0.467622 0.540753
vt 0.469131 0.933704
vt 0.178086 0.473042
vt 0.109519 0.413328
vt 0.104987 0.423917
vt 0.217938 0.034173
vt 0.342356 0.158463
vt 0.046538 0.059193
vt 0.581077 0.010043
vt 0.592574 0.015001
vt 0.303581 0.061979
vt 0.472152 0.518296
vt 0.430547 0.423114
vt 0.015295 0.709986
vt 0.595522 0.628850
vt 0.033128 0.588222
vt 0.033128 0.574859
vt 0.045927 0.579513
vt 0.282629 0.512705
vt 0.269965 0.519331
vt 0.269965 0.505951
vt 0.979819 0.509491
vt 0.489889 0.424153
vt 0.571431 0.345044
vt 0.564483 0.336083
vt 0.574152 0.327910
vt 0.498334 0.007811
vt 0.509373 0.008201
vt 0.289486 0.506966
vt 0.184626 0.512265
vt 0.302060 0.506902
vt 0.171950 0.512078
vt 0.061996 0.003007
vt 0.223778 0.615089
vt 0.227932 0.600693
vt 0.235874 0.614697
vt 0.331433 0.314952
vt 0.331874 0.329614
vt 0.956224 0.515013
vt 0.418373 0.292407
vt 0.166121 0.431055
vt 0.524346 0.553676
vt 0.554224 0.329517
vt 0.558711 0.347987
vt 0.036016 0.960404
vt 0.024086 0.954392
vt 0.030218 0.942870
vt 0.660357 0.692472
vt 0.660645 0.702632
vt 0.651364 0.691355
vt 0.448674 0.484383
vt 0.442747 0.491068
vt 0.439345 0.474297
vt 0.439345 0.490402
vt 0.231947 0.585737
vt 0.216965 0.294328
vt 0.088213 0.002950
vt 0.741844 0.924277
vt 0.488895 0.576613
vt 0.162248 0.335622
vt 0.162248 0.320698
vt 0.173110 0.324547
vt 0.529758 0.342321
vt 0.651890 0.679117
vt 0.660645 0.682562
vt 0.028330 0.174816
vt 0.035221 0.177763
vt 0.028330 0.183709
vt 0.035329 0.177908
vt 0.033532 0.079317
vt 0.265347 0.037182
vt 0.936713 0.575648
vt 0.729603 0.924367
vt 0.111400 0.136887
vt 0.120117 0.132505
vt 0.120117 0.148380
vt 0.279083 0.506567
vt 0.995512 0.928356
vt 0.985641 0.934080
vt 0.681957 0.068891
vt 0.672223 0.062565
vt 0.685376 0.056024
vt 0.424601 0.325704
vt 0.924643 0.256107
vt 0.503842 0.102044
vt 0.492322 0.096561
vt 0.573291 0.246417
vt 0.998445 0.914934
vt 0.046391 0.692441
vt 0.184986 0.037479
vt 0.034540 0.687655
vt 0.173125 0.038445
vt 0.441299 0.154953
vt 0.124284 0.160243
vt 0.650114 0.704806
vt 0.511726 0.581301
vt 0.512152 0.568368
vt 0.510970 0.424512
vt 0.436007 0.496062
vt 0.512115 0.196443
vt 0.512630 0.206432
vt 0.369361 0.505199
vt 0.354081 0.331284
vt 0.045887 0.576305
vt 0.121904 0.336538
vt 0.131663 0.328626
vt 0.235404 0.462841
vt 0.919117 0.421665
vt 0.264933 0.130716
vt 0.303848 0.417134
vt 0.484831 0.005653
vt 0.057001 0.577694
vt 0.004492 0.994474
vt 0.000881 0.983963
vt 0.065853 0.686911
vt 0.195967 0.039187
vt 0.204880 0.038782
vt 0.056910 0.688088
vt 0.001595 0.005232
vt 0.159949 0.112394
vt 0.241718 0.035712
vt 0.016162 0.941367
vt 0.012950 0.954655
vt 0.641164 0.639745
vt 0.473404 0.438075
vt 0.462548 0.438075
vt 0.466887 0.424846
vt 0.407862 0.064452
vt 0.484370 0.581933
vt 0.145942 0.618249
vt 0.148767 0.610146
vt 0.158680 0.618208
vt 0.380241 0.325718
vt 0.375305 0.094434
vt 0.369883 0.106297
vt 0.639033 0.098646
vt 0.653580 0.102260
vt 0.640488 0.113411
vt 0.652238 0.116584
vt 0.663538 0.929008
vt 0.650722 0.932027
vt 0.401026 0.504868
vt 0.564283 0.318610
vt 0.188095 0.436138
vt 0.171923 0.439847
vt 0.627691 0.114330
vt 0.152398 0.596345
vt 0.150539 0.583265
vt 0.379744 0.312269
vt 0.525355 0.536666
vt 0.534959 0.544775
vt 0.971505 0.907589
vt 0.929498 0.034306
vt 0.035143 0.655699
vt 0.234528 0.984752
vt 0.181327 0.448479
vt 0.171454 0.451880
vt 0.625996 0.088446
vt 0.625919 0.100240
vt 0.162236 0.607154
vt 0.220220 0.980119
vt 0.355804 0.395681
vt 0.355804 0.381388
vt 0.365651 0.392997
vt 0.379637 0.275575
vt 0.422190 0.978272
vt 0.435982 0.980186
vt 0.426256 0.991710
vt 0.414027 0.991381
vt 0.193073 0.034885
vt 0.181849 0.034485
vt 0.161474 0.583341
vt 0.599535 0.365092
vt 0.323447 0.178410
vt 0.559959 0.405139
vt 0.382331 0.607178
vt 0.655280 0.485020
vt 0.646527 0.493704
vt 0.561148 0.447021
vt 0.552898 0.453973
vt 0.199216 0.427401
vt 0.109467 0.269493
vt 0.109130 0.282781
vt 0.655099 0.924555
vt 0.684365 0.309482
vt 0.214194 0.467016
vt 0.621017 0.663809
vt 0.621784 0.674777
vt 0.609214 0.667904
vt 0.110760 0.083022
vt 0.541857 0.008109
vt 0.547594 0.018379
vt 0.546598 0.031691
vt 0.403513 0.995627
vt 0.074504 0.171315
vt 0.588222 0.667357
vt 0.576971 0.671705
vt 0.577869 0.657891
vt 0.588222 0.680138
vt 0.587765 0.653877
vt 0.474006 0.963191
vt 0.444872 0.964492
vt 0.656598 0.209742
vt 0.356869 0.164063
vt 0.579788 0.643633
vt 0.380059 0.406572
vt 0.203087 0.437562
vt 0.075413 0.182107
vt 0.171218 0.618061
vt 0.175915 0.606200
vt 0.676175 0.927309
vt 0.597957 0.658499
vt 0.100687 0.635915
vt 0.106455 0.960251
vt 0.188822 0.459903
vt 0.203431 0.459751
vt 0.094127 0.674783
vt 0.166405 0.595579
vt 0.636110 0.519331
vt 0.634843 0.276538
vt 0.624687 0.017528
vt 0.436865 0.995417
vt 0.624539 0.034581
vt 0.625270 0.049268
vt 0.701273 0.021738
vt 0.686173 0.021738
vt 0.376480 0.078733
vt 0.368059 0.085208
vt 0.175149 0.460439
vt 0.120117 0.164278
vt 0.112574 0.161812
vt 0.120117 0.152370
vt 0.014131 0.128847
vt 0.002590 0.144847
vt 0.002020 0.128847
vt 0.637338 0.004808
vt 0.951874 0.958900
vt 0.169964 0.651813
vt 0.169964 0.634553
vt 0.180176 0.635463
vt 0.621319 0.658879
vt 0.695420 0.390282
vt 0.205061 0.034769
vt 0.173156 0.583334
vt 0.194818 0.447604
vt 0.206598 0.449363
vt 0.378769 0.253217
vt 0.219161 0.066588
vt 0.209381 0.064410
vt 0.445385 0.382392
vt 0.625803 0.075902
vt 0.588680 0.001150
vt 0.558192 0.657035
vt 0.294994 0.658172
vt 0.294994 0.673010
vt 0.285448 0.666357
vt 0.652490 0.057634
vt 0.282417 0.654153
vt 0.402653 0.399318
vt 0.625637 0.062823
vt 0.452028 0.933925
vt 0.053772 0.496376
vt 0.052035 0.505199
vt 0.129242 0.577590
vt 0.159236 0.995816
vt 0.147842 0.995181
vt 0.155300 0.980970
vt 0.204837 0.189421
vt 0.190825 0.184828
vt 0.205698 0.178309
vt 0.605496 0.703040
vt 0.594811 0.700729
vt 0.617612 0.700835
vt 0.333254 0.372045
vt 0.343479 0.380764
vt 0.331521 0.385082
vt 0.953421 0.296316
vt 0.965542 0.300898
vt 0.954282 0.309771
vt 0.465980 0.338098
vt 0.454463 0.331621
vt 0.465276 0.324822
vt 0.041271 0.502307
vt 0.165590 0.196074
vt 0.160138 0.184743
vt 0.171344 0.184743
vt 0.466173 0.661449
vt 0.455020 0.654586
vt 0.965062 0.629941
vt 0.953805 0.637208
vt 0.461881 0.815273
vt 0.451684 0.823437
vt 0.210902 0.176278
vt 0.219867 0.181388
vt 0.549833 0.646655
vt 0.514741 0.303262
vt 0.512131 0.292939
vt 0.916738 0.630878
vt 0.926691 0.624285
vt 0.249038 0.648577
vt 0.126576 0.656494
vt 0.137628 0.652880
vt 0.413345 0.681297
vt 0.228866 0.669685
vt 0.215796 0.666883
vt 0.140751 0.678986
vt 0.152089 0.678576
vt 0.140681 0.690215
vt 0.453013 0.172866
vt 0.444817 0.165033
vt 0.467117 0.166975
vt 0.936694 0.631758
vt 0.513176 0.280576
vt 0.312221 0.323895
vt 0.324520 0.321073
vt 0.316962 0.333920
vt 0.303923 0.330670
vt 0.328556 0.333901
vt 0.915029 0.307171
vt 0.925750 0.300113
vt 0.935732 0.307753
vt 0.029219 0.824752
vt 0.015189 0.819440
vt 0.565580 0.201642
vt 0.553507 0.205797
vt 0.537989 0.309847
vt 0.545874 0.296751
vt 0.971085 0.143169
vt 0.957142 0.136506
vt 0.168856 0.988853
vt 0.180722 0.979156
vt 0.075474 0.482004
vt 0.261878 0.650047
vt 0.623027 0.260532
vt 0.635911 0.273018
vt 0.623663 0.273441
vt 0.668132 0.668909
vt 0.665232 0.680874
vt 0.546175 0.259750
vt 0.540706 0.273885
vt 0.919196 0.790599
vt 0.931775 0.787022
vt 0.642981 0.463211
vt 0.630486 0.471493
vt 0.138103 0.284865
vt 0.126241 0.279277
vt 0.602461 0.154267
vt 0.612300 0.160526
vt 0.602486 0.167810
vt 0.408664 0.352785
vt 0.420573 0.358630
vt 0.409805 0.365779
vt 0.501640 0.137169
vt 0.510016 0.144726
vt 0.498857 0.151292
vt 0.489026 0.142977
vt 0.684761 0.013710
vt 0.673235 0.006780
vt 0.684223 0.000993
vt 0.140194 0.980953
vt 0.176233 0.182026
vt 0.181132 0.194717
vt 0.171435 0.192729
vt 0.660399 0.533549
vt 0.658035 0.522721
vt 0.646311 0.273797
vt 0.649249 0.263314
vt 0.375047 0.352122
vt 0.441444 0.275382
vt 0.429093 0.281359
vt 0.995709 0.636230
vt 0.990472 0.622365
vt 0.999104 0.621622
vt 0.980753 0.631785
vt 0.024703 0.662676
vt 0.012435 0.665911
vt 0.917646 0.138207
vt 0.929047 0.146081
vt 0.915963 0.151835
vt 0.229909 0.188899
vt 0.231378 0.175036
vt 0.115885 0.691805
vt 0.103632 0.692441
vt 0.078064 0.293380
vt 0.077486 0.281021
vt 0.171342 0.678222
vt 0.180559 0.683391
vt 0.677162 0.361141
vt 0.664753 0.362427
vt 0.921050 0.471304
vt 0.933694 0.465436
vt 0.968902 0.469784
vt 0.955335 0.464045
vt 0.245567 0.092045
vt 0.635650 0.333620
vt 0.646514 0.327627
vt 0.123650 0.685421
vt 0.368008 0.374759
vt 0.367973 0.361841
vt 0.175169 0.169236
vt 0.189220 0.172557
vt 0.077530 0.257567
vt 0.148863 0.666387
vt 0.140681 0.658673
vt 0.088804 0.577913
vt 0.078517 0.579390
vt 0.067602 0.579124
vt 0.191779 0.159752
vt 0.202317 0.167768
vt 0.032000 0.497600
vt 0.032681 0.653471
vt 0.058382 0.385765
vt 0.189253 0.620466
vt 0.181656 0.632367
vt 0.099633 0.577487
vt 0.136896 0.993316
vt 0.960997 0.800503
vt 0.950681 0.792898
vt 0.682802 0.265181
vt 0.668421 0.262758
vt 0.150482 0.038653
vt 0.157050 0.049304
vt 0.143602 0.050418
vt 0.050471 0.344918
vt 0.038475 0.336861
vt 0.050808 0.330917
vt 0.445695 0.324283
vt 0.445686 0.338219
vt 0.577706 0.271483
vt 0.593521 0.274667
vt 0.584863 0.284396
vt 0.144224 0.359461
vt 0.156340 0.365736
vt 0.142927 0.369548
vt 0.217541 0.339261
vt 0.229887 0.346649
vt 0.446452 0.647547
vt 0.446824 0.662436
vt 0.518546 0.554954
vt 0.507684 0.550080
vt 0.518197 0.540815
vt 0.971973 0.794068
vt 0.513267 0.327336
vt 0.513272 0.339246
vt 0.514083 0.315974
vt 0.109728 0.577786
vt 0.024730 0.175046
vt 0.013722 0.166933
vt 0.354031 0.375805
vt 0.489022 0.624576
vt 0.498126 0.633394
vt 0.488394 0.637926
vt 0.996467 0.302574
vt 0.982672 0.306140
vt 0.486306 0.154016
vt 0.541217 0.355053
vt 0.535414 0.343112
vt 0.547139 0.348425
vt 0.512236 0.257642
vt 0.076967 0.236105
vt 0.229636 0.680218
vt 0.170677 0.692441
vt 0.660646 0.545017
vt 0.660532 0.557421
vt 0.193670 0.978840
vt 0.188274 0.963087
vt 0.200261 0.963066
vt 0.368596 0.340154
vt 0.368023 0.327767
vt 0.231045 0.666234
vt 0.076350 0.384467
vt 0.079680 0.373211
vt 0.635085 0.319195
vt 0.649486 0.251564
vt 0.636492 0.244874
vt 0.650304 0.238994
vt 0.521097 0.604101
vt 0.510309 0.598790
vt 0.519308 0.588506
vt 0.672223 0.020415
vt 0.642044 0.476853
vt 0.072394 0.232960
vt 0.061004 0.225524
vt 0.072214 0.218943
vt 0.254899 0.257248
vt 0.243224 0.250668
vt 0.254503 0.243318
vt 0.383061 0.669066
vt 0.397447 0.668840
vt 0.392360 0.679923
vt 0.011570 0.927927
vt 0.024330 0.931507
vt 0.070657 0.502007
vt 0.063732 0.515798
vt 0.055912 0.507313
vt 0.187898 0.208752
vt 0.172774 0.204494
vt 0.194332 0.197690
vt 0.203506 0.207286
vt 0.635955 0.258375
vt 0.622657 0.248346
vt 0.674934 0.424481
vt 0.674865 0.412085
vt 0.685375 0.424931
vt 0.059129 0.496873
vt 0.660386 0.370058
vt 0.647901 0.368253
vt 0.652257 0.357944
vt 0.512882 0.104337
vt 0.682965 0.437182
vt 0.364714 0.644653
vt 0.376540 0.640987
vt 0.370286 0.653580
vt 0.997008 0.146285
vt 0.987291 0.136938
vt 0.997735 0.131424
vt 0.012643 0.181629
vt 0.501825 0.620816
vt 0.511559 0.628967
vt 0.268880 0.239029
vt 0.258057 0.231996
vt 0.268959 0.225125
vt 0.533385 0.445101
vt 0.522507 0.437947
vt 0.533445 0.431176
vt 0.196038 0.631862
vt 0.206249 0.217526
vt 0.190250 0.221251
vt 0.914812 0.292964
vt 0.220217 0.167731
vt 0.540528 0.627589
vt 0.238600 0.579317
vt 0.249468 0.578882
vt 0.175123 0.216505
vt 0.229375 0.332229
vt 0.094375 0.371214
vt 0.108763 0.366009
vt 0.637411 0.231096
vt 0.624105 0.235645
vt 0.464188 0.179600
vt 0.286819 0.650047
vt 0.274027 0.649414
vt 0.513107 0.092652
vt 0.206161 0.980339
vt 0.211920 0.967425
vt 0.188133 0.994385
vt 0.177549 0.996169
vt 0.051199 0.185294
vt 0.038387 0.175898
vt 0.051286 0.170883
vt 0.444880 0.179374
vt 0.344232 0.195223
vt 0.355377 0.201891
vt 0.341289 0.208377
vt 0.332376 0.199834
vt 0.909660 0.466738
vt 0.920470 0.459333
vt 0.571246 0.557373
vt 0.557354 0.562901
vt 0.674441 0.544383
vt 0.663896 0.537172
vt 0.674195 0.530280
vt 0.484012 0.402806
vt 0.472851 0.395826
vt 0.483371 0.389276
vt 0.308128 0.459309
vt 0.318548 0.468587
vt 0.545632 0.524861
vt 0.559959 0.517040
vt 0.513177 0.219287
vt 0.192528 0.578001
vt 0.180945 0.577653
vt 0.136239 0.450488
vt 0.126829 0.442421
vt 0.678375 0.679195
vt 0.676629 0.692441
vt 0.110461 0.494864
vt 0.121985 0.490944
vt 0.119848 0.504586
vt 0.113473 0.479839
vt 0.514345 0.244763
vt 0.206531 0.198800
vt 0.126852 0.119974
vt 0.117782 0.113525
vt 0.129416 0.106529
vt 0.159846 0.054342
vt 0.169540 0.048212
vt 0.161792 0.039968
vt 0.125417 0.476592
vt 0.423711 0.100588
vt 0.435221 0.107560
vt 0.422980 0.114129
vt 0.670684 0.500691
vt 0.659282 0.495609
vt 0.670826 0.487324
vt 0.581449 0.117684
vt 0.592192 0.124901
vt 0.581082 0.131484
vt 0.320457 0.179284
vt 0.309421 0.172819
vt 0.320073 0.165307
vt 0.255016 0.411602
vt 0.266636 0.417667
vt 0.616651 0.434724
vt 0.616722 0.422111
vt 0.627083 0.429946
vt 0.161154 0.356819
vt 0.161154 0.342197
vt 0.171344 0.354140
vt 0.627083 0.443374
vt 0.494930 0.784876
vt 0.505028 0.797720
vt 0.493157 0.800877
vt 0.977818 0.127280
vt 0.976515 0.143517
vt 0.507208 0.785275
vt 0.355967 0.214110
vt 0.026165 0.341561
vt 0.012334 0.336113
vt 0.024631 0.329895
vt 0.245272 0.420462
vt 0.562593 0.382516
vt 0.562124 0.368670
vt 0.572572 0.376050
vt 0.558634 0.026482
vt 0.572560 0.029865
vt 0.562342 0.040720
vt 0.551297 0.035976
vt 0.575696 0.041530
vt 0.998028 0.791574
vt 0.991238 0.801644
vt 0.979691 0.794767
vt 0.060183 0.109196
vt 0.071282 0.114078
vt 0.061607 0.122330
vt 0.157645 0.214515
vt 0.146335 0.207411
vt 0.157465 0.200659
vt 0.471514 0.175088
vt 0.482926 0.181690
vt 0.471617 0.188717
vt 0.303581 0.342514
vt 0.250833 0.430438
vt 0.247428 0.443613
vt 0.238231 0.433156
vt 0.505389 0.308235
vt 0.488775 0.303614
vt 0.498924 0.297064
vt 0.069711 0.392135
vt 0.256263 0.085187
vt 0.546955 0.206137
vt 0.615864 0.155446
vt 0.620503 0.143166
vt 0.627083 0.155446
vt 0.108704 0.437242
vt 0.631452 0.384649
vt 0.180802 0.121553
vt 0.194319 0.123228
vt 0.188582 0.134729
vt 0.173530 0.131732
vt 0.684126 0.451245
vt 0.674698 0.458549
vt 0.673103 0.446257
vt 0.365342 0.632609
vt 0.377120 0.627289
vt 0.975143 0.297212
vt 0.368262 0.412361
vt 0.171399 0.122671
vt 0.084635 0.507598
vt 0.242156 0.091125
vt 0.242984 0.103010
vt 0.232548 0.093792
vt 0.234168 0.081474
vt 0.451641 0.488849
vt 0.551297 0.317508
vt 0.104966 0.245894
vt 0.362119 0.230713
vt 0.405587 0.277149
vt 0.418644 0.287155
vt 0.405587 0.291461
vt 0.333856 0.219038
vt 0.323405 0.205244
vt 0.333856 0.203888
vt 0.514035 0.232150
vt 0.367974 0.400371
vt 0.175918 0.143336
vt 0.685375 0.464835
vt 0.676468 0.471065
vt 0.365692 0.620077
vt 0.377455 0.614078
vt 0.229636 0.630755
vt 0.423028 0.273041
vt 0.201623 0.633522
vt 0.243695 0.115217
vt 0.232726 0.106493
vt 0.604064 0.589942
vt 0.603057 0.601865
vt 0.206673 0.126752
vt 0.202305 0.136962
vt 0.105254 0.993400
vt 0.094893 0.993051
vt 0.410228 0.437002
vt 0.502051 0.474722
vt 0.513868 0.471591
vt 0.344605 0.043553
vt 0.355769 0.048136
vt 0.523430 0.342157
vt 0.518379 0.352286
vt 0.572776 0.661615
vt 0.976204 0.619380
vt 0.010661 0.652215
vt 0.028446 0.488748
vt 0.671134 0.434513
vt 0.663884 0.523355
vt 0.673765 0.516463
vt 0.395963 0.638859
vt 0.561415 0.685375
vt 0.544593 0.321291
vt 0.076375 0.037609
vt 0.241765 0.079396
vt 0.168429 0.180176
vt 0.565150 0.634739
vt 0.520675 0.306945
vt 0.998790 0.464664
vt 0.105593 0.496466
vt 0.096214 0.508732
vt 0.106822 0.507758
vt 0.539898 0.577394
vt 0.542474 0.590115
vt 0.562712 0.360181
vt 0.572324 0.355781
vt 0.572324 0.367418
vt 0.017170 0.496295
vt 0.648508 0.286746
vt 0.238632 0.141315
vt 0.232548 0.130875
vt 0.243768 0.127665
vt 0.364624 0.585421
vt 0.375599 0.587179
vt 0.367488 0.596020
vt 0.980697 0.462547
vt 0.489472 0.470421
vt 0.515924 0.045411
vt 0.514533 0.057909
vt 0.189379 0.147341
vt 0.203265 0.148127
vt 0.177767 0.157192
vt 0.206651 0.158171
vt 0.367979 0.386245
vt 0.180530 0.656255
vt 0.190191 0.647411
vt 0.178870 0.643880
vt 0.692441 0.507155
vt 0.681076 0.513720
vt 0.083022 0.622057
vt 0.073050 0.632266
vt 0.071777 0.619482
vt 0.083022 0.632383
vt 0.127157 0.992162
vt 0.187226 0.635023
vt 0.368231 0.574746
vt 0.378016 0.575721
vt 0.148380 0.037968
vt 0.140453 0.049460
vt 0.137392 0.037968
vt 0.552893 0.588923
vt 0.236702 0.036821
vt 0.921540 0.002185
vt 0.466956 0.490432
vt 0.098920 0.692441
vt 0.567482 0.685462
vt 0.537311 0.603530
vt 0.547766 0.602206
vt 0.544052 0.614718
vt 0.685281 0.478703
vt 0.366164 0.607685
vt 0.378016 0.600732
vt 0.374967 0.393290
vt 0.077668 0.204576
vt 0.232860 0.119051
vt 0.563007 0.345248
vt 0.482236 0.697741
vt 0.422177 0.532989
vt 0.412318 0.544061
vt 0.412318 0.530610
vt 0.641508 0.698973
vt 0.643407 0.689426
vt 0.116778 0.996387
vt 0.076275 0.507393
vt 0.548059 0.684696
vt 0.470187 0.337388
vt 0.514544 0.081651
vt 0.368761 0.265445
vt 0.638574 0.189288
vt 0.625338 0.184006
vt 0.344601 0.366171
vt 0.175947 0.266529
vt 0.189191 0.273040
vt 0.172700 0.279643
vt 0.199607 0.687394
vt 0.487103 0.290721
vt 0.547432 0.308546
vt 0.508416 0.534769
vt 0.519331 0.527107
vt 0.975891 0.472196
vt 0.990821 0.471953
vt 0.984541 0.644858
vt 0.547332 0.333854
vt 0.605679 0.508515
vt 0.415792 0.698639
vt 0.367989 0.277870
vt 0.577538 0.685375
vt 0.547427 0.284085
vt 0.430798 0.966781
vt 0.260244 0.995975
vt 0.249619 0.991477
vt 0.203193 0.287803
vt 0.188570 0.285142
vt 0.202425 0.277523
vt 0.106518 0.068073
vt 0.104901 0.082875
vt 0.028050 0.144029
vt 0.037095 0.148618
vt 0.028050 0.155446
vt 0.670801 0.514032
vt 0.660819 0.508468
vt 0.171344 0.103278
vt 0.167236 0.114818
vt 0.160087 0.103278
vt 0.011244 0.829417
vt 0.118007 0.127009
vt 0.107193 0.096322
vt 0.338502 0.648950
vt 0.647982 0.191880
vt 0.998851 0.479168
vt 0.029173 0.503540
vt 0.471539 0.382614
vt 0.663923 0.551322
vt 0.408049 0.253521
vt 0.419910 0.244384
vt 0.626141 0.671530
vt 0.340806 0.578079
vt 0.328965 0.578171
vt 0.374258 0.289793
vt 0.171466 0.255404
vt 0.180291 0.253133
vt 0.191113 0.260001
vt 0.591823 0.138433
vt 0.652936 0.197327
vt 0.639484 0.203538
vt 0.612790 0.174444
vt 0.238446 0.996013
vt 0.224911 0.995423
vt 0.203437 0.266575
vt 0.205111 0.253355
vt 0.164395 0.635403
vt 0.659144 0.598538
vt 0.660217 0.584558
vt 0.651942 0.211461
vt 0.369184 0.416564
vt 0.358478 0.420411
vt 0.358478 0.406470
vt 0.682814 0.318189
vt 0.552741 0.345549
vt 0.319329 0.408230
vt 0.330323 0.422177
vt 0.316399 0.422177
vt 0.556426 0.581201
vt 0.365885 0.553476
vt 0.376870 0.563403
vt 0.364647 0.563416
vt 0.671657 0.273996
vt 0.966152 0.316233
vt 0.957220 0.477575
vt 0.455979 0.669626
vt 0.965508 0.645006
vt 0.170677 0.664033
vt 0.321467 0.675030
vt 0.333856 0.661986
vt 0.333856 0.680076
vt 0.659554 0.614087
vt 0.352839 0.577836
vt 0.936325 0.616656
vt 0.247001 0.448599
vt 0.325276 0.649859
vt 0.625494 0.197252
vt 0.538762 0.676611
vt 0.994952 0.314962
vt 0.011184 0.348365
vt 0.108902 0.485126
vt 0.227042 0.653399
vt 0.597362 0.306669
vt 0.598124 0.317308
vt 0.183145 0.303520
vt 0.193443 0.297360
vt 0.393688 0.692441
vt 0.383452 0.684460
vt 0.151663 0.692441
vt 0.519331 0.572324
vt 0.511474 0.563177
vt 0.457630 0.500535
vt 0.467953 0.503777
vt 0.678742 0.524396
vt 0.109304 0.471932
vt 0.512101 0.071075
vt 0.598195 0.296146
vt 0.271627 0.992885
vt 0.206514 0.298817
vt 0.371407 0.240485
vt 0.171588 0.304963
vt 0.109255 0.458781
vt 0.146342 0.221158
vt 0.425301 0.458695
vt 0.333856 0.472202
vt 0.322344 0.475170
vt 0.322344 0.461274
vt 0.326023 0.409111
vt 0.115544 0.516324
vt 0.111118 0.508261
vt 0.125417 0.519331
vt 0.952489 0.149241
vt 0.963864 0.151351
vt 0.506506 0.460725
vt 0.495440 0.460922
vt 0.116840 0.296761
vt 0.112630 0.281697
vt 0.122894 0.285027
vt 0.123650 0.272216
vt 0.692260 0.165740
vt 0.691519 0.152812
vt 0.691768 0.177616
vt 0.176188 0.292283
vt 0.517253 0.457287
vt 0.338327 0.612952
vt 0.335061 0.599974
vt 0.346221 0.606878
vt 0.547001 0.193468
vt 0.547004 0.244926
vt 0.367988 0.252217
vt 0.442506 0.497719
vt 0.216648 0.506105
vt 0.574787 0.209502
vt 0.440878 0.289834
vt 0.935479 0.292917
vt 0.688908 0.686943
vt 0.598413 0.600713
vt 0.034032 0.347691
vt 0.236570 0.501077
vt 0.419900 0.345584
vt 0.407184 0.681918
vt 0.212059 0.995070
vt 0.199685 0.992610
vt 0.355336 0.032670
vt 0.346221 0.590419
vt 0.272932 0.579361
vt 0.261135 0.579122
vt 0.205631 0.240830
vt 0.189216 0.234056
vt 0.202615 0.228894
vt 0.312690 0.644580
vt 0.299841 0.649886
vt 0.630002 0.210220
vt 0.638742 0.217772
vt 0.624581 0.222645
vt 0.575857 0.389045
vt 0.648166 0.441835
vt 0.658157 0.438063
vt 0.368109 0.303142
vt 0.662208 0.155814
vt 0.600587 0.494371
vt 0.368055 0.315990
vt 0.174740 0.228421
vt 0.174367 0.241414
vt 0.077371 0.225678
vt 0.651085 0.225513
vt 0.205036 0.514032
vt 0.205036 0.500147
vt 0.215505 0.507959
vt 0.191481 0.246043
vt 0.074647 0.215002
vt 0.660391 0.570704
vt 0.193987 0.699507
vt 0.655760 0.452207
vt 0.071301 0.127183
vt 0.117782 0.443432
vt 0.284390 0.579289
vt 0.546575 0.055749
vt 0.395963 0.685375
vt 0.515072 0.615369
vt 0.546358 0.078874
vt 0.075673 0.269345
vt 0.411924 0.641554
vt 0.159846 0.081256
vt 0.600221 0.533101
vt 0.600494 0.544412
vt 0.295218 0.578052
vt 0.407330 0.200464
vt 0.050692 0.627518
vt 0.061825 0.619782
vt 0.061825 0.632383
vt 0.075699 0.193855
vt 0.238231 0.446907
vt 0.227566 0.508732
vt 0.530404 0.667596
vt 0.167811 0.365349
vt 0.356810 0.189744
vt 0.321697 0.680987
vt 0.326790 0.692160
vt 0.119438 0.466744
vt 0.692441 0.225809
vt 0.691321 0.238468
vt 0.510309 0.611185
vt 0.664072 0.600538
vt 0.665668 0.583251
vt 0.591941 0.223761
vt 0.545921 0.376250
vt 0.007066 0.081256
vt 0.001750 0.066651
vt 0.007066 0.056777
vt 0.445141 0.528163
vt 0.438167 0.519753
vt 0.445141 0.505907
vt 0.134381 0.091922
vt 0.139548 0.091922
vt 0.135672 0.098920
vt 0.595057 0.288260
vt 0.413918 0.528163
vt 0.032491 0.590167
vt 0.037095 0.599434
vt 0.032491 0.607653
s 1
usemtl Material
f 1939/1 1940/2 2091/3
f 2094/4 2015/5 2004/6
f 2093/7 2064/8 1969/9
f 1969/10 2034/11 2093/12
f 914/13 756/14 788/15
f 788/15 561/16 914/13
f 2076/17 2092/18 2087/19
f 1237/20 2092/21 2076/22
f 1429/23 678/24 1017/25
f 823/26 1890/27 2001/28
f 2091/29 2085/30 1939/31
f 2004/32 2083/33 2094/34
f 2090/35 2010/36 1957/37
f 1957/37 2015/38 2090/35
f 1956/39 2048/40 2089/41
f 2089/42 1996/43 1956/44
f 2088/45 1995/46 1936/47
f 1936/48 1987/49 2088/50
f 1856/51 1150/52 1443/53
f 1443/53 1442/54 1856/51
f 2087/19 2081/55 2069/56
f 2081/55 2087/19 2098/57
f 1962/58 2035/59 2102/60
f 2102/61 2024/62 1962/63
f 1946/64 2043/65 2101/66
f 2101/66 2023/67 1946/64
f 1944/68 2047/69 2100/70
f 2100/71 2003/72 1944/73
f 2099/74 1702/75 1701/76
f 1701/77 1723/78 2099/79
f 1470/80 343/81 1180/82
f 2081/83 2098/84 1813/85
f 2069/56 2076/17 2087/19
f 1813/85 1792/86 2081/83
f 956/87 1031/88 43/89
f 956/87 43/89 42/90
f 1306/91 2000/92 1923/93
f 1992/94 2097/95 2096/96
f 1992/94 1991/97 2097/95
f 2096/98 1998/99 1992/100
f 1977/101 2025/102 2095/103
f 2095/104 2016/105 1977/106
f 1454/107 1431/108 744/109
f 661/110 510/111 451/112
f 1949/113 2037/114 2080/115
f 2080/115 1985/116 1949/113
f 1914/117 2016/105 2079/118
f 2079/119 1990/120 1914/121
f 1927/122 1997/123 2078/124
f 2078/124 1989/125 1927/122
f 1926/126 2014/127 2077/128
f 2077/129 2009/130 1926/131
f 743/132 1454/107 744/109
f 451/112 1731/133 661/110
f 1751/134 1037/135 991/136
f 1237/20 2076/22 2054/137
f 2076/17 2069/56 2054/138
f 2054/137 1781/139 1237/20
f 986/140 1002/141 1401/142
f 168/143 308/144 310/145
f 310/145 309/146 168/143
f 1915/147 1964/148 2075/149
f 2075/150 2017/151 1915/152
f 2083/33 2004/32 1937/153
f 1401/142 1017/25 678/24
f 676/154 1889/155 638/156
f 638/156 639/157 676/154
f 1958/158 2085/30 2086/159
f 2086/160 2026/161 1958/162
f 1958/158 1939/31 2085/30
f 1928/163 2036/164 2084/165
f 2084/166 2005/167 1928/168
f 1937/169 2010/170 2083/171
f 1938/172 2044/173 2103/174
f 1900/175 1995/176 2082/177
f 2082/178 1987/179 1900/180
f 1631/181 420/182 361/183
f 361/183 1618/184 1631/181
f 361/183 1123/185 1618/184
f 2062/186 2081/83 1792/86
f 2062/187 2069/56 2081/55
f 1792/86 1791/188 2062/186
f 1017/25 1401/142 1002/141
f 2122/189 1717/190 1619/191
f 2106/192 379/193 396/194
f 357/195 1065/196 1051/197
f 2104/198 2097/199 1991/200
f 1971/201 2066/202 2125/203
f 2125/203 2058/204 1971/201
f 1976/205 2057/206 2124/207
f 2124/208 2049/209 1976/210
f 1980/211 2070/212 2123/213
f 2123/214 2063/215 1980/216
f 1619/217 1804/218 2122/219
f 380/220 379/221 2106/222
f 1880/223 382/224 384/225
f 1880/223 2115/226 382/224
f 1880/223 272/227 2115/226
f 2098/228 2113/229 379/193
f 2098/230 381/231 1823/232
f 1823/233 1813/85 2098/84
f 2098/230 379/221 381/231
f 1978/234 2051/235 2121/236
f 2121/236 2038/237 1978/234
f 1983/238 2065/239 2072/240
f 1065/196 357/195 1467/241
f 1249/242 2052/243 706/244
f 429/245 1248/246 1249/247
f 1249/242 706/244 432/248
f 432/249 429/245 1249/247
f 2017/151 2075/150 2130/250
f 2130/251 2067/252 2017/253
f 1990/120 2079/119 2129/254
f 2129/255 2025/256 1990/257
f 2120/258 2066/259 1963/260
f 1961/261 2064/8 2128/262
f 2128/263 2034/264 1961/265
f 2127/266 2042/267 1960/268
f 1960/269 2033/270 2127/271
f 1513/272 2008/273 1994/274
f 1994/274 1671/275 1513/272
f 396/194 2126/276 2106/192
f 2126/277 2114/278 2106/279
f 767/280 380/220 2106/222
f 1497/281 249/282 272/227
f 2111/283 2044/284 1948/285
f 2110/286 2035/287 1947/288
f 1947/289 2024/290 2110/291
f 2109/292 2043/293 1975/294
f 1975/295 1981/296 2109/297
f 1955/298 2063/299 2108/300
f 2108/301 2022/302 1955/303
f 1611/304 1771/305 2107/306
f 2107/306 1734/307 1611/304
f 272/227 1880/223 1497/281
f 1948/308 2050/309 2111/310
f 767/311 2106/312 2092/21
f 2106/279 2087/19 2092/18
f 1237/20 767/311 2092/21
f 2105/313 2019/314 170/315
f 169/316 2039/317 2105/313
f 170/315 169/316 2105/313
f 2096/318 2104/319 1998/320
f 2104/319 1991/321 1998/320
f 2103/322 2050/323 1938/324
f 1471/325 1658/326 1160/327
f 1963/328 2058/329 2120/330
f 2119/331 2057/332 1970/333
f 1970/334 2049/335 2119/336
f 1988/337 2056/338 2118/339
f 2118/339 2048/340 1988/337
f 1974/341 2055/342 2117/343
f 2117/344 2047/345 1974/346
f 1523/347 1799/348 2116/349
f 2116/350 1771/351 1523/352
f 1920/353 2005/354 2074/355
f 1658/326 743/132 1160/327
f 1035/356 1053/357 2115/226
f 2115/226 1036/358 1035/356
f 2114/278 2113/359 2087/19
f 2087/19 2106/279 2114/278
f 2113/359 2098/57 2087/19
f 169/360 2040/361 2039/362
f 2112/363 2091/3 1940/2
f 1940/364 1972/365 2112/366
f 2020/367 2007/368 2002/369
f 1909/370 1990/257 2025/256
f 2025/102 1977/101 1909/371
f 2024/290 1947/289 1874/372
f 1874/373 1962/63 2024/62
f 2023/374 1982/375 1881/376
f 1881/377 1946/64 2023/67
f 1868/378 1955/303 2022/302
f 2022/302 1925/379 1868/378
f 1419/380 1752/381 2021/382
f 2021/383 1745/384 1419/385
f 2026/161 1921/386 1876/387
f 2002/369 2013/388 2020/367
f 106/389 2019/314 1112/390
f 1112/390 1080/391 106/389
f 1233/392 1540/393 2018/394
f 2018/395 1528/396 1233/397
f 1854/398 1915/152 2017/151
f 2017/253 1910/399 1854/400
f 1903/401 1977/106 2016/105
f 2016/105 1914/117 1903/401
f 2031/402 1641/403 642/404
f 2036/164 1928/163 1870/405
f 1882/406 1947/288 2035/287
f 2035/59 1962/58 1882/407
f 1896/408 1961/265 2034/264
f 2034/11 1969/10 1896/409
f 1885/410 1968/411 2033/412
f 2033/270 1960/269 1885/413
f 1191/414 1702/75 2032/415
f 2032/416 1709/417 1191/418
f 1865/419 2004/6 2015/5
f 642/404 145/420 2031/402
f 1780/421 2030/422 2013/423
f 2030/424 2020/367 2013/388
f 1165/425 2029/426 136/427
f 136/428 1166/429 1165/430
f 1165/425 2028/431 2029/426
f 2027/432 1950/433 1331/434
f 1331/435 1555/436 2027/437
f 1876/387 1958/162 2026/161
f 2004/6 1865/419 1859/438
f 473/439 472/440 612/441
f 1986/442 2007/443 1733/444
f 1986/445 2002/369 2007/368
f 1733/444 1722/446 1986/442
f 1188/447 1922/448 2006/449
f 2006/450 1999/451 1188/452
f 1895/453 1992/100 1998/99
f 1875/454 1928/168 2005/167
f 2005/354 1920/353 1875/455
f 1859/456 1937/153 2004/32
f 612/441 2008/273 473/439
f 1981/296 1975/295 1858/457
f 1863/458 1944/73 2003/72
f 2003/72 1862/459 1863/458
f 441/460 345/461 1073/462
f 1073/462 438/463 441/460
f 1979/464 1993/465 2002/369
f 2002/369 1986/445 1979/464
f 960/466 1343/467 957/468
f 2001/28 923/469 861/470
f 1993/471 1716/472 1744/473
f 2015/38 1957/37 1865/474
f 2014/127 1926/126 1873/475
f 1873/476 1918/477 2014/478
f 1682/479 1681/480 1683/481
f 475/482 1532/483 613/484
f 613/484 472/440 475/482
f 1780/421 2013/423 1993/471
f 2013/388 2002/369 1993/465
f 1744/473 1780/421 1993/471
f 1870/485 1984/486 2036/487
f 42/90 2012/488 889/489
f 2012/488 841/490 889/489
f 889/489 956/87 42/90
f 2011/491 1540/393 1217/492
f 1217/493 1437/494 2011/495
f 1852/496 1957/37 2010/36
f 2010/170 1937/169 1852/497
f 1869/498 1926/131 2009/130
f 2009/499 1918/500 1869/501
f 288/502 2061/503 2059/504
f 2065/239 1983/238 1897/505
f 2064/8 1961/261 1901/506
f 1901/506 1969/9 2064/8
f 1917/507 1980/216 2063/215
f 2063/299 1955/298 1917/508
f 1445/509 1431/108 1454/107
f 1300/510 500/511 314/512
f 314/512 879/513 1300/510
f 2041/514 2062/186 1791/188
f 2041/515 2046/516 2062/187
f 1897/517 1989/518 2065/519
f 2059/504 2060/520 288/502
f 1894/521 1971/201 2058/204
f 2058/329 1963/328 1894/522
f 2057/206 1976/205 1893/523
f 1893/524 1970/333 2057/332
f 1913/525 1996/526 2056/527
f 2056/338 1988/337 1913/528
f 1862/459 2003/72 2055/529
f 2055/342 1974/341 1862/530
f 2069/56 2062/187 2046/516
f 2074/355 1984/531 1920/353
f 1902/532 2072/533 2073/534
f 2073/534 1997/535 1902/532
f 1902/536 1983/238 2072/240
f 2071/537 2014/478 1918/477
f 1918/500 2009/499 2071/538
f 1925/379 2022/302 2070/539
f 2070/212 1980/211 1925/540
f 1300/510 1299/541 500/511
f 879/513 314/512 313/542
f 2046/516 2054/138 2069/56
f 1002/141 986/140 973/543
f 309/146 2068/544 72/545
f 2068/544 73/546 72/545
f 72/545 168/143 309/146
f 2067/547 1964/548 1910/549
f 1910/399 2017/253 2067/252
f 2066/259 1971/550 1898/551
f 1898/551 1963/260 2066/259
f 2007/443 2041/514 1791/188
f 1607/552 1606/553 1269/554
f 2026/555 1972/365 1921/556
f 1883/557 1948/285 2044/284
f 2044/173 1938/172 1883/558
f 1945/559 1975/294 2043/293
f 2043/65 1946/64 1945/560
f 2042/561 1968/562 1872/563
f 1872/564 1960/268 2042/267
f 645/565 665/566 1668/567
f 645/565 1668/567 1912/568
f 2045/569 1607/570 1269/571
f 2007/368 2020/367 2041/515
f 2007/443 1791/188 1751/134
f 1751/134 1733/444 2007/443
f 1390/572 625/573 640/574
f 2040/361 2029/426 2028/431
f 2028/431 2039/362 2040/361
f 1904/575 2038/576 2037/577
f 1904/578 1978/234 2038/237
f 2037/577 1949/579 1904/575
f 1919/580 1976/210 2049/209
f 313/542 880/581 879/513
f 1781/139 2054/137 2030/422
f 2054/138 2046/516 2030/424
f 2030/422 1780/421 1781/139
f 2052/243 1249/242 2053/582
f 1929/583 1985/584 2051/585
f 2051/235 1978/234 1929/586
f 2050/309 1948/308 1886/587
f 1886/588 1938/324 2050/323
f 396/194 379/193 2113/229
f 2049/335 1970/334 1919/589
f 1908/590 1988/337 2048/340
f 2048/40 1956/39 1908/591
f 1907/592 1974/346 2047/345
f 2047/69 1944/68 1907/593
f 1906/594 1668/567 665/566
f 2046/516 2041/515 2020/367
f 2020/367 2030/424 2046/516
f 1269/595 1597/596 2045/597
f 1709/417 2032/416 2215/598
f 2051/585 2149/599 2220/600
f 2220/601 2121/236 2051/235
f 2079/119 2156/602 2219/603
f 2219/603 2129/254 2079/119
f 2218/604 2110/291 2024/290
f 2024/62 2102/61 2218/605
f 2217/606 2160/607 2071/537
f 2071/538 2154/608 2217/609
f 2070/212 2159/610 2216/611
f 2216/611 2123/213 2070/212
f 2221/612 1941/613 1528/614
f 2215/615 1764/616 1709/617
f 978/618 1074/619 1744/620
f 1744/620 931/621 978/618
f 846/622 2214/623 2188/624
f 2214/625 2197/626 2188/627
f 2188/624 1261/628 846/622
f 539/629 1530/630 1495/631
f 1495/631 526/632 539/629
f 1437/633 2212/634 2213/635
f 2042/267 2127/266 2225/636
f 2097/95 2229/637 2230/638
f 2230/638 2096/96 2097/95
f 2097/199 2104/198 2229/639
f 2074/355 2148/640 2228/641
f 2228/642 2135/643 2074/644
f 2035/287 2110/286 2227/645
f 2227/646 2102/60 2035/59
f 2077/128 2160/647 2226/648
f 2226/649 2154/650 2077/129
f 2225/651 2133/652 2042/561
f 2213/653 2011/495 1437/494
f 1734/307 2107/306 2224/654
f 2224/655 1799/656 1734/657
f 340/658 1008/659 1120/660
f 2197/626 2214/625 2223/661
f 2223/661 2198/662 2197/626
f 571/663 1484/664 1483/665
f 1483/665 1556/666 571/663
f 2222/667 2221/668 1528/396
f 1528/396 2018/395 2222/667
f 271/669 575/670 578/671
f 2075/149 2136/672 2203/673
f 2202/674 2125/203 2066/202
f 2066/259 2120/258 2202/675
f 2065/519 2142/676 2201/677
f 2201/678 2072/240 2065/239
f 2023/374 2101/679 2200/680
f 2200/680 2134/681 2023/374
f 2199/682 2145/683 2088/45
f 2088/50 2141/684 2199/685
f 578/671 681/686 271/669
f 2203/687 2130/250 2075/150
f 2177/688 2198/689 813/690
f 2177/691 2197/626 2198/662
f 2177/691 2181/692 2197/626
f 813/690 801/693 2177/688
f 1439/694 1484/664 765/695
f 765/695 484/696 1439/694
f 1596/697 2196/698 2195/699
f 2194/700 2196/698 1596/697
f 2195/699 1597/701 1596/697
f 2055/342 2152/702 2206/703
f 1437/633 2211/704 2212/634
f 1437/633 1941/613 2211/704
f 2210/705 2086/159 2085/30
f 2085/30 2091/29 2210/705
f 2083/171 2173/706 2209/707
f 2209/708 2094/34 2083/33
f 2043/293 2207/709 2208/710
f 2208/711 2101/66 2043/65
f 2043/293 2109/292 2207/709
f 1951/712 2018/713 1540/714
f 2206/703 2117/343 2055/342
f 696/715 597/716 901/717
f 901/718 900/719 696/720
f 2181/692 2188/627 2197/626
f 526/632 1495/631 1450/721
f 1450/721 498/722 526/632
f 2205/723 2204/724 1425/725
f 1425/725 2163/726 2205/723
f 2204/724 1930/727 1425/725
f 2089/41 2179/728 2252/729
f 2234/730 2250/731 2255/732
f 607/733 1934/734 2249/735
f 2249/735 604/736 607/733
f 1581/737 2254/738 1597/739
f 1597/739 2195/740 1581/737
f 2254/741 2045/742 1597/743
f 2096/744 2230/745 2246/746
f 2120/747 2192/748 2253/749
f 2253/750 2202/675 2120/258
f 2244/751 2147/752 2073/534
f 2234/753 2255/754 830/755
f 2252/756 2146/757 2089/42
f 2100/70 2171/758 2251/759
f 2251/759 2153/760 2100/70
f 1846/761 1260/762 1264/763
f 2223/661 2242/764 2250/731
f 2250/731 2234/730 2223/661
f 1580/765 1579/766 605/767
f 604/736 2249/735 1580/765
f 605/767 604/736 1580/765
f 2078/124 2147/768 2259/769
f 289/770 288/502 2060/520
f 938/771 1923/772 2000/773
f 2000/773 1999/774 1000/775
f 1000/775 955/776 2000/773
f 955/776 938/771 2000/773
f 2261/777 2210/778 2091/3
f 2091/3 2112/363 2261/777
f 2129/254 2219/603 2260/779
f 2260/780 2161/781 2129/255
f 2176/782 2248/783 1965/784
f 2259/785 2142/676 2078/786
f 2128/262 2190/787 2258/788
f 2258/789 2172/790 2128/263
f 2108/300 2178/791 2257/792
f 2257/793 2159/794 2108/301
f 1702/75 2099/74 2256/795
f 2256/795 2032/415 1702/75
f 1148/796 470/797 456/798
f 456/798 1630/799 1148/796
f 740/800 647/801 650/802
f 2080/115 2175/803 2239/804
f 2239/804 2149/805 2080/115
f 2084/165 2174/806 2238/807
f 2238/808 2148/809 2084/166
f 2237/810 2236/811 2057/812
f 2057/332 2119/331 2237/813
f 2236/814 2124/208 2057/815
f 1717/190 2122/189 2235/816
f 2235/817 1783/818 1717/819
f 650/802 1054/820 740/800
f 2196/698 2027/821 1555/822
f 2198/689 2234/753 830/755
f 2198/662 2223/661 2234/730
f 830/755 813/690 2198/689
f 824/823 1415/824 2232/825
f 2232/825 2233/826 825/827
f 825/827 824/823 2232/825
f 1540/714 2231/828 2186/829
f 1540/714 2011/830 2231/828
f 2186/829 1951/712 1540/714
f 2109/297 2134/831 2243/832
f 2248/833 2247/834 1965/835
f 2247/836 2194/700 1965/837
f 2246/838 2229/839 2104/319
f 2104/319 2096/318 2246/838
f 2095/103 2161/840 2245/841
f 2245/842 2156/843 2095/104
f 2072/240 2201/678 2244/844
f 2244/751 2073/534 2072/533
f 2243/845 2207/709 2109/292
f 1596/697 1965/837 2194/700
f 1630/799 456/798 420/182
f 1631/181 1630/799 420/182
f 845/846 2242/847 2214/623
f 2242/764 2223/661 2214/625
f 846/622 845/846 2214/623
f 2233/826 2241/848 842/849
f 842/849 825/827 2233/826
f 1555/822 2240/850 2196/698
f 1555/822 2185/851 2240/850
f 1364/852 1387/853 483/854
f 2152/855 2055/529 2003/72
f 2151/856 1118/857 1135/858
f 1135/858 1147/859 2151/856
f 2131/860 2150/861 800/862
f 2131/863 2138/864 2150/865
f 2131/860 800/862 786/866
f 786/866 397/867 2131/860
f 397/868 396/869 2131/870
f 1083/871 1485/872 1100/873
f 482/874 1318/875 1364/852
f 2003/876 2100/70 2153/760
f 1364/852 483/854 482/874
f 1985/116 2080/115 2149/805
f 2149/599 2051/585 1985/584
f 2005/167 2084/166 2148/809
f 2148/640 2074/355 2005/354
f 2147/768 2078/124 1997/123
f 1997/535 2073/534 2147/752
f 1996/43 2089/42 2146/757
f 2146/877 2056/527 1996/526
f 1342/878 453/879 467/880
f 2160/647 2077/128 2014/127
f 2014/478 2071/537 2160/607
f 2022/302 2108/301 2159/794
f 2159/794 2070/539 2022/302
f 1159/881 1560/882 851/883
f 851/883 850/884 1159/881
f 2158/885 2150/865 2138/864
f 2138/864 2144/886 2158/885
f 467/880 1400/887 1342/878
f 1995/46 2088/45 2145/683
f 1339/888 1930/889 2157/890
f 2157/891 1340/892 1339/893
f 2016/105 2095/104 2156/843
f 2156/602 2079/119 2016/894
f 2015/5 2094/4 2155/895
f 2155/896 2090/35 2015/38
f 2009/130 2077/129 2154/650
f 2154/608 2071/538 2009/499
f 2003/72 2153/897 2152/855
f 2135/643 2036/487 1984/486
f 1545/898 2139/899 1546/900
f 2138/864 2131/863 2114/278
f 2114/278 2126/277 2138/864
f 414/901 2137/902 1222/903
f 1222/904 1221/905 266/906
f 1222/903 265/907 414/901
f 1222/904 266/906 265/908
f 2136/672 2075/149 1964/148
f 1964/548 2067/547 2136/909
f 1984/486 2074/644 2135/643
f 1546/900 2139/899 2140/910
f 1982/375 2023/374 2134/681
f 2134/831 1981/296 1982/911
f 1968/562 2042/561 2133/652
f 2133/912 2033/412 1968/411
f 1544/913 2132/914 1545/898
f 384/225 383/915 1544/913
f 1544/913 383/915 2132/914
f 2113/916 2131/917 396/918
f 2113/359 2114/278 2131/863
f 453/879 1342/878 1286/919
f 2145/920 2082/177 1995/176
f 1586/921 1238/922 1227/923
f 1227/923 1226/924 1586/921
f 1263/925 2144/926 2126/927
f 2144/886 2138/864 2126/277
f 398/928 1263/925 2126/927
f 2126/276 396/194 398/929
f 1485/872 1083/871 1467/241
f 1286/919 1248/246 430/930
f 2161/840 2095/103 2025/102
f 1286/919 430/930 453/879
f 1972/365 2143/931 2112/366
f 1972/365 2026/555 2143/931
f 1989/518 2078/786 2142/676
f 2142/676 2065/519 1989/518
f 2134/831 2109/297 1981/296
f 2141/684 2088/50 1987/49
f 1987/179 2082/178 2141/932
f 1546/900 2140/910 1575/933
f 2158/885 2169/934 2181/692
f 1448/935 1951/712 2186/829
f 2185/851 1555/822 1448/935
f 2184/936 2111/310 2050/309
f 2050/323 2103/322 2184/937
f 2056/527 2146/877 2183/938
f 2183/939 2118/339 2056/338
f 2033/412 2133/912 2182/940
f 2182/941 2127/271 2033/270
f 2031/402 1145/942 1641/403
f 2181/692 2177/691 2158/885
f 1448/935 2186/829 2185/851
f 1133/943 1508/944 1114/945
f 498/722 1450/721 1400/887
f 1400/887 467/880 498/722
f 1340/946 2157/947 1097/948
f 1096/949 1871/950 1340/946
f 1097/948 1096/949 1340/946
f 2175/803 2080/115 2037/114
f 2044/284 2111/283 2180/951
f 2180/952 2103/174 2044/173
f 2189/953 2141/932 2082/178
f 2067/252 2130/251 2193/954
f 2193/955 2136/956 2067/957
f 2058/958 2125/959 2192/960
f 2192/748 2120/747 2058/961
f 2191/962 2119/336 2049/335
f 2049/209 2124/208 2191/963
f 2064/8 2093/7 2190/787
f 2190/787 2128/262 2064/8
f 2082/177 2145/920 2189/964
f 2048/40 2118/965 2179/728
f 246/966 850/884 576/967
f 576/967 575/968 246/966
f 1261/628 2188/624 2169/969
f 2188/627 2181/692 2169/934
f 2169/969 1262/970 1261/628
f 1508/944 1133/943 1143/971
f 783/972 2187/973 2167/974
f 2167/974 784/975 783/972
f 2167/974 2165/976 784/975
f 2166/977 2168/978 735/979
f 2034/264 2128/263 2172/790
f 2047/345 2117/344 2171/980
f 2171/758 2100/70 2047/69
f 2170/981 1752/982 1692/983
f 1692/984 1745/985 2170/986
f 82/987 1167/988 1576/989
f 1576/989 1239/990 82/987
f 1262/970 2169/969 2144/991
f 2169/934 2158/885 2144/886
f 1263/992 1262/970 2144/991
f 2172/993 2093/12 2034/11
f 2165/976 2167/974 2166/977
f 735/979 784/975 2166/977
f 784/975 2165/976 2166/977
f 2164/994 2163/995 1424/996
f 1424/996 1871/997 2164/994
f 2163/998 1425/999 1424/1000
f 2026/161 2086/160 2162/1001
f 2162/1002 2143/931 2026/555
f 2025/256 2129/255 2161/781
f 1387/853 1439/694 484/696
f 2179/728 2089/41 2048/40
f 2063/215 2123/214 2178/1003
f 2178/791 2108/300 2063/299
f 1723/78 1764/1004 2099/79
f 145/420 144/1005 2031/402
f 2150/861 2177/688 801/693
f 2150/865 2158/885 2177/691
f 801/693 800/862 2150/861
f 1101/1006 1114/945 1508/944
f 861/470 823/26 2001/28
f 484/696 483/854 1387/853
f 1607/1007 2045/742 2176/782
f 2176/782 1965/784 1607/1007
f 2038/576 2121/1008 2175/1009
f 2175/1009 2037/577 2038/576
f 2036/487 2135/643 2174/1010
f 2174/806 2084/165 2036/164
f 2010/170 2090/1011 2173/706
f 2173/706 2083/171 2010/170
f 1832/1012 1735/1013 1672/1014
f 1829/1015 1828/1016 1480/1017
f 1624/1018 1741/1019 1836/1020
f 1836/1020 1713/1021 1624/1018
f 1623/1022 1756/1023 1835/1024
f 1835/1025 1747/1026 1623/1027
f 1834/1028 1719/1029 1685/1030
f 1685/1031 1712/1032 1834/1033
f 1661/1034 1766/1035 1833/1036
f 1833/1037 1785/1038 1661/1039
f 1672/1014 1784/1040 1832/1012
f 1480/1041 1359/1042 1479/1043
f 1811/1044 1831/1045 1810/1046
f 1810/1047 1831/1048 1830/1049
f 1830/1049 1819/1050 1810/1047
f 1068/1051 1051/197 1065/196
f 1068/1051 1048/1052 1051/197
f 1481/1053 1283/1054 1829/1055
f 1481/1056 1828/1057 1283/1058
f 1829/1059 1480/1060 1481/1061
f 1827/1062 1756/1023 1676/1063
f 1838/1064 1766/1035 1673/1065
f 1822/1066 80/1067 83/1068
f 377/1069 1143/971 1627/1070
f 1829/1015 1284/1071 1828/1016
f 1284/1072 1283/1058 1828/1057
f 1654/1073 1809/1074 1841/1075
f 1841/1075 1728/1076 1654/1073
f 1643/1077 1720/1078 1840/1079
f 1840/1079 1686/1080 1643/1077
f 1622/1081 1774/1082 1839/1083
f 1839/1084 1712/1085 1622/1086
f 1676/1087 1675/1088 1827/1089
f 1673/1090 1754/1091 1838/1092
f 1276/1093 1600/1094 902/1095
f 902/1096 1600/1097 898/1098
f 1263/1099 398/1100 1264/763
f 1819/1050 1830/1049 1837/1101
f 1837/1101 1822/1102 1819/1050
f 1114/945 1101/1006 76/1103
f 1101/1006 1100/873 76/1103
f 1100/873 1485/872 76/1103
f 1621/1104 1703/1105 1815/1106
f 625/573 1390/572 311/1107
f 1390/572 1583/1108 311/1107
f 1360/1109 1362/1110 1797/1111
f 1360/1109 1358/1112 1362/1110
f 1637/1113 1748/1114 1818/1115
f 1818/1116 1687/1117 1637/1118
f 1664/1119 1740/1120 1817/1121
f 1817/1122 1727/1123 1664/1124
f 1648/1125 1726/1126 1816/1127
f 1816/1128 1738/1129 1648/1130
f 1819/1050 1798/1131 1789/1132
f 1815/1133 1693/1134 1621/1135
f 1814/1136 1746/1137 1595/1138
f 1595/1139 1710/1140 1814/1141
f 474/1142 1522/1143 1700/1144
f 474/1142 1514/1145 1522/1143
f 1792/86 1813/85 669/1146
f 669/1146 1038/1147 1792/86
f 1812/1148 1811/1044 1790/1149
f 1790/1149 1763/1150 1812/1148
f 1798/1131 1819/1050 1822/1102
f 1603/1151 1755/1152 1826/1153
f 1826/1154 1767/1155 1603/1156
f 1652/1157 1785/1158 1825/1159
f 1825/1160 1754/1091 1652/1161
f 1620/1162 1765/1163 1824/1164
f 1824/1165 1724/1166 1620/1167
f 1813/85 1823/233 666/1168
f 1813/85 666/1168 669/1146
f 1798/1169 1822/1066 1610/1170
f 83/1068 1610/1170 1822/1066
f 1429/23 1017/25 1032/1171
f 1358/1112 1359/1042 1362/1110
f 1479/1043 1359/1042 1358/1112
f 1821/1172 1773/1173 1647/1174
f 1647/1175 1725/1176 1821/1177
f 1820/1178 1800/1179 1612/1180
f 1612/1181 1753/1182 1820/1183
f 1237/20 629/1184 633/1185
f 1789/1132 1810/1047 1819/1050
f 1857/1186 1784/1187 1684/1188
f 1295/1189 1294/1190 1520/1191
f 1861/1192 1803/1193 1706/1194
f 1706/1195 1796/1196 1861/1197
f 1686/1080 1840/1079 1860/1198
f 1860/1199 1775/1200 1686/1201
f 1694/1202 1802/1203 1859/456
f 1859/438 1786/1204 1694/1205
f 1858/1206 1851/1207 1736/1208
f 1736/1209 1737/1210 1858/457
f 1684/1211 1793/1212 1857/1213
f 1295/1189 1520/1191 1506/1214
f 1150/52 1856/51 502/1215
f 502/1215 501/1216 1150/52
f 1837/1217 140/1218 80/1067
f 1837/1101 173/1219 140/1220
f 1319/1221 1307/1222 286/1223
f 1307/1222 924/1224 286/1223
f 658/1225 733/1226 1855/1227
f 1855/1227 603/1228 658/1225
f 1505/1229 1385/1230 1177/1231
f 1704/1232 1786/1204 1865/419
f 1442/54 514/1233 513/1234
f 513/1234 1856/51 1442/54
f 974/1235 640/574 332/1236
f 1293/1237 1520/1238 1306/1239
f 1687/1117 1818/1116 1867/1240
f 1867/1241 1776/1242 1687/1243
f 1705/1244 1768/1245 1866/1246
f 1866/1246 1787/1247 1705/1244
f 1865/474 1807/1248 1704/1249
f 1696/1250 1803/1251 1854/398
f 1737/1210 1864/1252 1858/457
f 1737/1253 1773/1173 1864/1254
f 1724/1166 1863/458 1862/459
f 1724/1166 1824/1165 1863/458
f 1862/530 1772/1255 1724/1256
f 864/1257 877/1258 714/1259
f 714/1259 713/1260 864/1257
f 245/1261 219/1262 244/1263
f 1570/1264 1365/1265 1583/1108
f 1845/1266 1748/1267 1665/1268
f 1660/1269 1800/1270 1847/1271
f 1847/1272 1753/1273 1660/1274
f 398/1100 802/1275 1846/761
f 398/1100 787/1276 802/1275
f 1846/761 1264/763 398/1100
f 1831/1045 1811/1044 245/1261
f 245/1261 244/1263 1831/1045
f 244/1277 1830/1049 1831/1048
f 1283/1054 1282/1278 1829/1055
f 1665/1279 1776/1242 1845/1280
f 1718/1281 1794/1282 1848/1283
f 1844/1284 1720/1285 1649/1286
f 1649/1287 1775/1288 1844/1289
f 1843/1290 1774/1082 1634/1291
f 1634/1292 1719/1029 1843/1293
f 1711/1294 1801/1295 1842/1296
f 1842/1297 1794/1298 1711/1299
f 1600/1094 1276/1093 1599/1300
f 802/1301 787/1302 786/866
f 1822/1066 1837/1217 80/1067
f 437/1303 488/1304 1405/1305
f 1854/400 1796/1306 1696/1307
f 1695/1308 1795/1309 1853/1310
f 1853/1311 1768/1312 1695/1313
f 1663/1314 1807/1248 1852/496
f 1852/497 1802/1315 1663/1316
f 1851/1207 1821/1317 1725/1318
f 1725/1318 1736/1208 1851/1207
f 1632/1319 1772/1255 1850/1320
f 1850/1321 1765/1322 1632/1323
f 1811/1044 1810/1046 1790/1149
f 1405/1305 434/1324 437/1303
f 1830/1049 244/1277 173/1219
f 173/1219 1837/1101 1830/1049
f 1829/1325 1282/1326 1284/1327
f 1284/1327 1282/1326 1281/1328
f 1675/1329 1747/1330 1827/1331
f 1849/1332 1755/1333 1674/1334
f 1674/1335 1767/1336 1849/1337
f 1848/1338 1801/1295 1718/1339
f 1765/1163 1620/1162 1548/1340
f 1761/1341 1759/1342 1742/1343
f 1568/1344 1769/1345 1757/1346
f 1568/1347 1591/1348 1769/1349
f 1577/1350 1695/1313 1768/1312
f 1768/1312 1604/1351 1577/1350
f 1767/1336 1674/1335 1475/1352
f 1475/1353 1603/1156 1767/1155
f 1564/1354 1673/1065 1766/1035
f 1766/1035 1661/1034 1564/1354
f 1548/1355 1632/1323 1765/1322
f 1742/1343 1730/1356 1761/1341
f 1201/1357 1709/617 1764/616
f 1764/616 1723/1358 1201/1357
f 917/1359 898/1098 881/1360
f 898/1098 1600/1097 881/1360
f 881/1361 878/1362 1600/1363
f 1008/659 340/658 339/1364
f 339/1364 573/1365 1005/1366
f 339/1364 1005/1366 1008/659
f 1743/1367 1763/1150 1732/1368
f 1602/1369 1647/1174 1773/1173
f 1778/1370 1777/1371 1759/1372
f 1777/1373 1760/1374 1759/1375
f 1553/1376 1687/1243 1776/1242
f 1776/1242 1665/1279 1553/1376
f 1552/1377 1686/1201 1775/1200
f 1775/1288 1649/1287 1552/1378
f 1409/1379 1634/1291 1774/1082
f 1774/1082 1622/1081 1409/1379
f 1773/1173 1737/1253 1602/1369
f 1763/1150 1762/1380 1732/1368
f 2566/1381 19/1382 390/1383
f 1772/1255 1632/1319 1472/1384
f 490/1385 1523/352 1771/351
f 1771/305 1611/304 490/1386
f 610/1387 695/1388 1021/1389
f 1021/1389 616/1390 610/1387
f 1721/1391 1762/1392 1770/1393
f 1770/1393 1750/1394 1721/1391
f 692/1395 693/1396 737/1397
f 1518/1398 1623/1027 1747/1026
f 1733/444 1751/134 991/136
f 991/136 946/1399 1733/444
f 1715/1400 1750/1401 1585/1402
f 1715/1403 1721/1391 1750/1394
f 1715/1400 1585/1402 1559/1404
f 1729/1405 1749/1406 1730/1407
f 1742/1408 1749/1409 1729/1410
f 1519/1411 1665/1268 1748/1267
f 1748/1114 1637/1113 1519/1412
f 1747/1330 1675/1329 1518/1413
f 578/1414 577/1415 147/1416
f 1736/1208 1725/1318 1525/1417
f 1489/1418 1595/1138 1746/1137
f 1746/1419 1589/1420 1489/1421
f 1745/985 1692/984 1418/1422
f 1418/1423 1419/385 1745/384
f 147/1416 577/1415 576/1424
f 576/1424 85/1425 147/1416
f 931/1426 1744/473 1716/472
f 613/484 1743/1367 1707/1427
f 1527/1428 1676/1063 1756/1023
f 1762/1392 1721/1391 1732/1429
f 1761/1430 1730/1407 1749/1406
f 1749/1406 1760/1431 1761/1430
f 1749/1409 1759/1375 1760/1374
f 1749/1409 1742/1408 1759/1375
f 1757/1432 1758/1433 1567/1434
f 1758/1435 1591/1436 1567/1437
f 1567/1438 1568/1344 1757/1346
f 1756/1023 1623/1022 1527/1428
f 1759/1372 1761/1439 1778/1370
f 1502/1440 1674/1334 1755/1333
f 1755/1152 1603/1151 1502/1441
f 1754/1091 1673/1090 1549/1442
f 1549/1442 1652/1161 1754/1091
f 1500/1443 1660/1274 1753/1273
f 1753/1182 1612/1181 1500/1444
f 1170/1445 1692/1446 1752/381
f 1752/381 1419/380 1170/1445
f 147/1416 1588/1447 578/1414
f 1642/1448 1718/1339 1801/1295
f 1779/1449 1610/1170 1586/921
f 1586/921 1585/1402 1779/1449
f 1788/1450 1797/1451 1778/1452
f 1788/1450 1360/1453 1797/1451
f 1788/1454 1361/1455 1360/1456
f 1614/1457 1706/1194 1803/1193
f 1803/1251 1696/1250 1614/1458
f 1768/1245 1705/1244 1604/1459
f 1802/1203 1694/1202 1590/1460
f 1590/1461 1663/1316 1802/1315
f 1779/1449 1798/1169 1610/1170
f 1801/1295 1711/1294 1642/1448
f 1800/1270 1660/1269 1601/1462
f 1601/1463 1612/1180 1800/1179
f 1515/1464 1734/657 1799/656
f 1799/348 1523/347 1515/1465
f 788/1466 1471/325 789/1467
f 629/1184 1237/20 1781/139
f 630/1468 629/1184 1781/139
f 1770/1393 1789/1132 1798/1131
f 1613/1469 1693/1470 1806/1471
f 1810/1047 1789/1132 1790/1472
f 1797/1473 1362/1474 1361/1475
f 1578/1476 1713/1477 1809/1478
f 1809/1074 1654/1073 1578/1479
f 1808/1480 1740/1481 1653/1482
f 1653/1483 1727/1484 1808/1485
f 1662/1486 1704/1249 1807/1248
f 1807/1487 1663/1316 1662/1488
f 1806/1489 1703/1490 1613/1491
f 1798/1131 1779/1492 1770/1393
f 1589/1420 1746/1419 1805/1493
f 1805/1494 1710/1495 1589/1496
f 1535/1497 1783/1498 1804/1499
f 1804/218 1619/217 1535/1500
f 225/1501 1169/1502 222/1503
f 225/1501 789/1467 1169/1502
f 341/1504 340/658 1120/660
f 1119/1505 364/1506 341/1504
f 1120/660 1119/1505 341/1504
f 1784/1187 1672/1507 1563/1508
f 1760/1431 1788/1450 1778/1452
f 1760/1374 1777/1373 1788/1454
f 1591/1436 1758/1435 1769/1509
f 1636/1510 1705/1511 1787/1512
f 1787/1512 1635/1513 1636/1510
f 1786/1204 1704/1232 1538/1514
f 1538/1514 1694/1205 1786/1204
f 1537/1515 1661/1039 1785/1038
f 1785/1158 1652/1157 1537/1516
f 1563/1508 1684/1188 1784/1187
f 1778/1452 1761/1430 1760/1431
f 1212/1517 1717/819 1783/818
f 1783/818 1535/1518 1212/1517
f 275/1519 1782/1520 1618/1521
f 1782/1522 1631/1523 1618/1524
f 1780/421 1744/473 1074/1525
f 630/1468 1781/139 1780/421
f 1074/1525 630/1468 1780/421
f 1750/1401 1779/1449 1585/1402
f 1750/1394 1770/1393 1779/1492
f 1633/1526 1711/1299 1794/1298
f 1778/1370 1797/1473 1777/1371
f 1797/1473 1361/1475 1777/1371
f 1361/1455 1788/1454 1777/1373
f 1796/1196 1706/1195 1605/1527
f 1605/1528 1696/1307 1796/1306
f 1635/1513 1787/1512 1795/1529
f 1795/1309 1695/1308 1635/1530
f 1551/1531 1648/1130 1738/1129
f 1794/1282 1718/1281 1633/1532
f 1868/378 1793/1533 1735/1534
f 1536/1535 1735/1534 1793/1533
f 1793/1212 1684/1211 1536/1536
f 1631/1523 1782/1522 1394/1537
f 1037/135 1751/134 1791/188
f 1791/188 1792/86 1038/1147
f 1038/1147 1037/135 1791/188
f 1763/1150 1790/1149 1762/1380
f 1762/1392 1790/1472 1789/1132
f 1789/1132 1770/1393 1762/1392
f 1954/1538 1935/1539 1924/1540
f 1958/162 1876/387 1841/1541
f 1807/1248 1865/474 1957/37
f 1957/37 1852/496 1807/1248
f 1825/1159 1908/591 1956/39
f 1956/44 1838/1092 1825/1160
f 1832/1012 1917/508 1955/298
f 1955/303 1868/378 1832/1542
f 695/1388 740/800 1054/820
f 1054/820 1021/1389 695/1388
f 1924/1540 1943/1543 1954/1538
f 1939/31 1958/158 1841/1075
f 891/1544 912/1545 843/1546
f 40/1547 1953/1548 1952/1549
f 1952/1549 133/1550 40/1547
f 1330/1551 1950/433 1951/1552
f 1951/712 1448/935 1330/1553
f 1330/1551 1331/434 1950/433
f 1818/1115 1904/575 1949/579
f 1949/113 1867/1240 1818/1116
f 1817/1121 1886/587 1948/308
f 1961/265 1896/408 1842/1297
f 1256/1554 1607/1555 1965/1556
f 1596/1557 1569/1558 1256/1559
f 1964/148 1915/147 1861/1192
f 1861/1197 1910/549 1964/548
f 1963/1560 1898/1561 1827/1562
f 1827/1331 1894/522 1963/328
f 1816/1127 1882/407 1962/58
f 1962/63 1874/373 1816/1128
f 1842/1296 1901/506 1961/261
f 1948/285 1883/557 1817/1122
f 1960/268 1872/564 1805/1494
f 1805/1493 1885/413 1960/269
f 1123/185 361/183 364/1506
f 364/1506 1119/1505 1123/185
f 378/1563 314/512 500/511
f 378/1563 290/1564 314/512
f 912/1545 891/1544 606/1565
f 1952/1549 1959/1566 133/1550
f 1959/1566 218/1567 133/1550
f 843/1546 1287/1568 826/1569
f 1802/1315 1852/497 1937/169
f 1937/153 1859/456 1802/1203
f 1936/47 1847/1570 1800/1571
f 1800/1179 1820/1178 1936/1572
f 499/1573 500/511 1299/541
f 1006/1574 573/1365 499/1573
f 499/1573 1299/541 1006/1574
f 1911/1575 1935/1576 709/1577
f 1911/1578 1924/1540 1935/1539
f 709/1577 294/1579 1911/1575
f 1808/1485 1883/558 1938/172
f 1933/1580 1934/734 1931/1581
f 1931/1581 1932/1582 1933/1580
f 1197/1583 1425/999 1930/1584
f 1930/889 1339/888 1197/1585
f 1776/1242 1867/1241 1929/583
f 1929/586 1845/1266 1776/1586
f 1844/1289 1870/405 1928/163
f 1928/168 1875/454 1844/1284
f 1774/1082 1843/1290 1927/122
f 1943/1543 1924/1540 1916/1587
f 1947/288 1882/406 1739/1588
f 1739/1589 1874/372 1947/289
f 1821/1590 1945/560 1946/64
f 1946/64 1881/377 1821/1590
f 1821/1317 1851/1207 1945/559
f 1824/1164 1907/593 1944/68
f 1944/73 1863/458 1824/1165
f 1006/1574 1005/1366 573/1365
f 1691/1591 1943/1592 1916/1593
f 1965/1594 1596/1595 1256/1596
f 1916/1593 1680/1597 1691/1591
f 1287/1568 843/1546 912/1545
f 1931/1581 1942/1598 1932/1582
f 1206/1599 1528/396 1941/1600
f 1941/1601 1437/1602 1206/1603
f 1940/2 1939/1 1809/1478
f 1809/1478 1836/1604 1940/2
f 1939/31 1841/1075 1809/1074
f 1938/324 1886/588 1808/1480
f 1004/1605 224/1606 223/1607
f 1853/1310 1914/121 1990/120
f 1990/257 1909/370 1853/1311
f 1839/1083 1927/122 1989/125
f 1989/518 1897/517 1839/1084
f 1833/1037 1913/528 1988/337
f 1988/337 1908/590 1833/1037
f 1987/49 1936/48 1820/1608
f 1820/1609 1900/180 1987/179
f 1499/1610 1558/1611 1004/1605
f 1004/1605 223/1607 1499/1610
f 1887/1612 1888/1613 1991/1614
f 1967/1615 1986/442 1722/446
f 1967/1616 1979/464 1986/445
f 1722/446 1699/1617 1967/1615
f 1867/1240 1949/113 1985/116
f 1985/584 1929/583 1867/1241
f 1860/1198 1920/353 1984/531
f 1984/486 1870/485 1860/1199
f 1983/238 1902/536 1834/1033
f 1834/1033 1897/505 1983/238
f 1847/1570 1936/47 1995/46
f 1999/451 2000/1618 1316/1619
f 2000/92 1306/91 1316/1620
f 1316/1619 1188/452 1999/451
f 1888/1621 1998/320 1991/321
f 1888/1621 1895/1622 1998/320
f 1997/123 1927/122 1843/1290
f 1843/1293 1902/532 1997/535
f 1838/1092 1956/44 1996/43
f 1996/526 1913/525 1838/1064
f 1864/1252 1982/911 1981/296
f 1995/176 1900/175 1847/1623
f 1671/275 1994/274 1558/1611
f 1558/1611 1499/1610 1671/275
f 1716/472 1993/471 1973/1624
f 1993/465 1979/464 1973/1625
f 1973/1624 1691/1591 1716/472
f 1319/1221 957/468 1343/467
f 1991/97 1992/94 1887/1626
f 1992/94 1895/1627 1887/1626
f 1814/1141 1872/563 1968/562
f 606/1565 924/1224 1307/1222
f 285/1628 1966/1629 1731/133
f 1972/365 1940/364 1836/1020
f 1836/1020 1921/556 1972/365
f 1835/1024 1898/551 1971/550
f 1971/201 1894/521 1835/1025
f 1970/333 1893/524 1826/1154
f 1826/1153 1919/589 1970/334
f 1969/9 1901/506 1848/1338
f 1848/1283 1896/409 1969/10
f 1973/1625 1954/1538 1943/1543
f 1968/411 1885/410 1814/1136
f 666/1630 1823/232 381/231
f 667/1631 666/1630 381/231
f 1935/1576 1967/1615 1699/1617
f 1935/1539 1954/1538 1967/1616
f 1699/1617 709/1577 1935/1576
f 924/1224 606/1565 891/1544
f 218/1567 1959/1566 1966/1629
f 1966/1629 285/1628 218/1567
f 1978/234 1904/578 1845/1266
f 1864/1254 1881/376 1982/375
f 1981/296 1858/457 1864/1252
f 1857/1213 1925/540 1980/211
f 1980/216 1917/507 1857/1186
f 756/14 914/13 531/1632
f 531/1632 530/1633 756/14
f 1954/1538 1973/1625 1979/464
f 1979/464 1967/1616 1954/1538
f 1845/1266 1929/586 1978/234
f 1927/122 1839/1083 1774/1082
f 1866/1246 1909/371 1977/101
f 1977/101 1903/1634 1866/1246
f 1849/1337 1893/523 1976/205
f 1976/210 1919/580 1849/1332
f 1975/294 1945/559 1851/1207
f 1851/1207 1858/1206 1975/294
f 1850/1320 1862/530 1974/341
f 1974/346 1907/592 1850/1321
f 1691/1591 1973/1624 1943/1592
f 1758/1433 1757/1432 1888/1621
f 1743/1367 1532/483 1534/1635
f 1669/1636 664/1637 1884/1638
f 664/1637 1891/1639 1884/1638
f 1884/1640 1891/1641 110/1642
f 1884/1638 1667/1643 1669/1636
f 110/1642 48/1644 1884/1640
f 752/1645 1889/155 1890/27
f 1890/27 823/26 752/1645
f 752/1645 638/156 1889/155
f 1888/1613 1887/1612 1758/1435
f 1743/1367 613/484 1532/483
f 1887/1612 1769/1509 1758/1435
f 1886/587 1817/1121 1740/1120
f 1740/1481 1808/1480 1886/588
f 1754/1091 1825/1160 1838/1092
f 1746/1137 1814/1136 1885/410
f 1885/413 1805/1493 1746/1419
f 1209/1646 439/1647 1559/1404
f 1667/1643 1884/1638 1878/1648
f 1878/1649 1884/1640 48/1644
f 1769/1650 1887/1626 1895/1627
f 1897/505 1834/1033 1712/1032
f 1896/409 1848/1283 1794/1282
f 1794/1298 1842/1297 1896/408
f 1812/1148 1892/1651 1561/1652
f 1560/882 1159/881 1812/1148
f 1561/1652 1560/882 1812/1148
f 1891/1639 643/1653 664/1637
f 1891/1654 643/1655 221/1656
f 221/1657 110/1658 1891/1659
f 48/1644 51/1660 1878/1649
f 1895/1661 1757/1346 1769/1345
f 1747/1026 1835/1025 1894/521
f 1894/522 1827/1331 1747/1330
f 1893/523 1849/1337 1767/1336
f 1767/1155 1826/1154 1893/524
f 650/1662 649/1663 400/1664
f 399/1665 1380/1666 650/1667
f 400/1664 399/1668 650/1662
f 1534/1635 1892/1651 1743/1367
f 81/1669 80/1067 140/1218
f 1720/1285 1844/1284 1875/454
f 1875/455 1840/1079 1720/1078
f 1738/1129 1816/1128 1874/373
f 1874/372 1739/1589 1738/1670
f 1873/475 1815/1106 1703/1105
f 1703/1490 1806/1489 1873/476
f 1872/563 1814/1141 1710/1140
f 1710/1495 1805/1494 1872/564
f 515/1671 514/1233 754/1672
f 754/1672 530/1633 515/1671
f 1876/387 1741/1673 1728/1674
f 659/1675 973/543 986/140
f 659/1675 974/1235 973/543
f 1141/1676 1340/892 1871/1677
f 1871/997 1424/996 1141/1678
f 1775/1200 1860/1199 1870/485
f 1870/405 1844/1289 1775/1288
f 1693/1134 1815/1133 1869/498
f 1869/501 1806/1471 1693/1470
f 1735/1013 1832/1012 1868/1679
f 1879/1680 1880/1681 384/1682
f 1714/1683 1463/1684 1462/1685
f 1836/1604 1809/1478 1713/1477
f 1727/1123 1817/1122 1883/557
f 1883/558 1808/1485 1727/1484
f 1882/407 1816/1127 1726/1126
f 1726/1686 1739/1588 1882/406
f 1881/376 1864/1254 1773/1173
f 1773/1687 1821/1590 1881/377
f 384/1682 1544/1688 1879/1680
f 1712/1085 1839/1084 1897/517
f 1667/1643 1878/1648 1877/1689
f 1877/1690 1878/1649 51/1660
f 646/1691 1667/1643 1877/1689
f 646/1691 644/1692 1877/1689
f 142/1693 644/1694 1877/1695
f 1877/1696 51/1697 142/1698
f 1245/1699 1569/1700 1596/1701
f 1245/1702 1554/1703 1569/1704
f 1728/1076 1841/1075 1876/1705
f 1803/1193 1861/1192 1915/147
f 1784/1187 1857/1186 1917/507
f 1917/508 1832/1012 1784/1040
f 1669/1636 1668/1706 1906/1707
f 1680/1597 1916/1593 1899/1708
f 1916/1587 1905/1709 1899/1710
f 1899/1708 697/1711 1680/1597
f 826/1569 810/1712 827/1713
f 1294/1190 1316/1714 1306/1715
f 1306/1715 1520/1191 1294/1190
f 1915/152 1854/398 1803/1251
f 1806/1471 1869/501 1918/500
f 1795/1529 1903/401 1914/117
f 1914/121 1853/1310 1795/1309
f 1766/1035 1838/1064 1913/525
f 1913/525 1833/1036 1766/1035
f 1862/530 1850/1320 1772/1255
f 1404/1716 1394/1537 1393/1717
f 646/1718 645/565 1912/568
f 1912/1719 1668/1706 646/1691
f 79/1720 1911/1575 294/1579
f 1923/1721 1922/1722 1187/1723
f 1815/1106 1873/475 1926/126
f 1926/131 1869/498 1815/1133
f 1793/1533 1868/378 1925/379
f 1925/540 1857/1213 1793/1212
f 293/1724 710/1725 880/1726
f 880/581 313/542 293/1727
f 1905/1709 1916/1587 1924/1540
f 1924/1540 1911/1578 1905/1709
f 810/1712 826/1569 1287/1568
f 79/1728 1905/1709 1911/1578
f 1187/1723 1306/1239 1923/1721
f 1922/448 1188/447 1187/1729
f 1741/1673 1876/387 1921/386
f 1921/556 1836/1020 1741/1019
f 1840/1079 1875/455 1920/353
f 1920/353 1860/1198 1840/1079
f 1755/1333 1849/1332 1919/580
f 1919/589 1826/1153 1755/1152
f 1918/477 1873/476 1806/1489
f 1900/1730 1820/1183 1753/1182
f 1505/1731 1493/1732 1176/1733
f 1748/1267 1845/1266 1904/578
f 1904/575 1818/1115 1748/1114
f 1787/1247 1866/1246 1903/1634
f 1903/401 1795/1529 1787/1512
f 1902/532 1843/1293 1719/1029
f 1719/1029 1834/1028 1902/532
f 1801/1295 1848/1338 1901/506
f 1901/506 1842/1296 1801/1295
f 1753/1273 1847/1272 1900/1734
f 1176/1733 1281/1328 1385/1735
f 83/1068 82/987 1239/990
f 1239/990 1238/922 83/1068
f 697/1711 1899/1708 4/1736
f 1899/1710 47/1737 4/1738
f 4/1736 5/1739 697/1711
f 1385/1735 1281/1328 1282/1326
f 1895/1622 1888/1621 1757/1432
f 1898/551 1835/1024 1756/1023
f 1756/1740 1827/1562 1898/1561
f 1785/1038 1833/1037 1908/590
f 294/1579 109/1741 79/1720
f 782/1742 827/1713 810/1712
f 1505/1731 1506/1214 1493/1732
f 1506/1214 1520/1191 1493/1732
f 1796/1306 1854/400 1910/399
f 1910/549 1861/1197 1796/1196
f 1768/1312 1853/1311 1909/370
f 1909/371 1866/1246 1768/1245
f 1786/1204 1859/438 1865/419
f 2060/520 958/1743 289/770
f 1908/591 1825/1159 1785/1158
f 1765/1322 1850/1321 1907/592
f 1907/593 1824/1164 1765/1163
f 1906/594 665/566 664/1744
f 664/1637 1669/1636 1906/1707
f 47/1737 1899/1710 1905/1709
f 1905/1709 79/1728 47/1737
f 827/1713 782/1742 785/1745
f 1176/1733 1385/1735 1505/1731
f 2471/1746 2519/1747 2555/1748
f 2545/1749 2552/1750 2558/1751
f 2558/1751 2534/1752 2545/1749
f 890/1753 842/849 2241/848
f 2306/1754 2557/1755 2176/782
f 2557/1755 2551/1756 2176/782
f 2357/1757 2425/1758 165/1759
f 164/1760 2406/1761 2357/1762
f 2357/1757 165/1759 164/1763
f 2437/1764 2507/1765 2556/1766
f 2556/1767 2501/1768 2437/1769
f 2420/1770 2486/1771 86/1772
f 2555/1748 2470/1773 2471/1746
f 2554/1774 2549/1775 2458/1776
f 2458/1777 2499/1778 2554/1779
f 2402/1780 2492/1781 60/1782
f 60/1783 2486/1784 2402/1785
f 2546/1786 2553/1787 2381/1788
f 2553/1789 2485/1790 2381/1791
f 710/1725 915/1792 881/1793
f 881/1793 880/1726 710/1725
f 2254/738 1581/737 1580/765
f 151/1794 2517/1795 2468/1796
f 1471/325 770/1797 789/1467
f 434/1324 1405/1305 1393/1798
f 1393/1798 648/1799 434/1324
f 2534/1800 2560/1801 589/1802
f 2534/1752 2558/1751 2560/1803
f 589/1802 588/1804 2534/1800
f 1308/1805 1931/1581 1934/734
f 1934/734 607/733 1308/1805
f 1580/765 2307/1806 2254/738
f 1543/1807 2552/1808 2531/1809
f 2411/1810 2438/1811 215/1812
f 215/1813 2412/1814 2411/1815
f 2460/1816 2525/1817 68/1818
f 68/1819 2472/1820 2460/1821
f 2464/1822 2512/1823 2559/1824
f 2559/1825 2482/1826 2464/1827
f 2449/1828 2549/1829 24/1830
f 24/1831 2499/1832 2449/1833
f 86/1834 2492/1835 2420/1836
f 2541/1837 2442/1838 2398/1839
f 2522/1840 2545/1749 2534/1752
f 2522/1840 2531/1841 2545/1749
f 2247/834 2248/833 2233/826
f 2233/826 2232/825 2247/834
f 2346/1842 2445/1843 2544/1844
f 2544/1845 2419/1846 2346/1847
f 2543/1848 2488/1849 2444/1850
f 2444/1851 2513/1852 2543/1853
f 2423/1854 2487/1855 2542/1856
f 2542/1856 2429/1857 2423/1854
f 681/686 578/671 1588/1858
f 2398/1859 2481/1860 2541/1861
f 56/1862 2447/1863 2375/1864
f 2375/1864 2485/1865 56/1862
f 1454/107 743/132 755/1866
f 1167/1867 681/686 1587/1868
f 1587/1869 1576/989 1167/988
f 1609/1870 1994/274 2008/273
f 2008/273 612/441 1609/1870
f 1207/1871 707/1872 2439/1873
f 2550/1874 2495/1875 2424/1876
f 2552/1750 2545/1749 2531/1841
f 2531/1809 1879/1680 1544/1688
f 1544/1688 1543/1807 2531/1809
f 572/1877 765/695 1484/664
f 1484/664 571/663 572/1877
f 2248/833 2551/1878 2241/848
f 2248/783 2176/782 2551/1756
f 2241/848 2233/826 2248/833
f 2424/1879 2472/1880 2550/1881
f 2468/1882 2523/1883 151/1884
f 2549/1829 2449/1828 2403/1885
f 2403/1886 2458/1776 2549/1775
f 2415/1887 2498/1888 2548/1889
f 2548/1890 2480/1891 2415/1892
f 2325/1893 2547/1894 2546/1786
f 2325/1895 2447/1896 2547/1897
f 2546/1786 2381/1788 2325/1893
f 1658/326 755/1866 743/132
f 1588/1858 1587/1868 681/686
f 2567/1898 2563/1899 2306/1754
f 2443/1900 2494/1901 125/1902
f 208/1903 2537/1904 2442/1905
f 2442/1906 2541/1907 208/1908
f 2457/1909 2536/1910 20/1911
f 20/1912 2510/1913 2457/1914
f 1181/1915 222/1503 1169/1502
f 2560/1801 2568/1916 627/1917
f 2560/1803 2564/1918 2568/1919
f 627/1917 589/1802 2560/1801
f 677/1920 676/154 639/157
f 125/1921 2500/1922 2443/1923
f 2306/1754 2307/1924 2567/1898
f 2393/1925 2508/1926 352/1927
f 352/1927 2465/1928 2393/1925
f 2488/1849 2543/1848 128/1929
f 128/1929 2520/1930 2488/1849
f 2436/1931 2500/1932 94/1933
f 94/1934 2494/1935 2436/1936
f 2481/1937 2537/1938 184/1939
f 184/1940 2541/1941 2481/1942
f 1546/1943 1574/1944 2562/1945
f 2459/1946 2506/1947 155/1948
f 117/1949 2523/1950 2462/1951
f 2462/1952 2517/1953 117/1954
f 2401/1955 2535/1956 227/1957
f 227/1958 2491/1959 2401/1960
f 222/1503 1181/1915 1498/1961
f 2277/1962 1275/1963 2264/1964
f 1574/1944 2570/1965 2562/1945
f 2570/1966 2564/1918 2562/1967
f 2566/1968 2565/1969 2448/1970
f 2562/1945 1543/1807 1546/1943
f 1452/1971 1890/27 1889/155
f 1889/155 679/1972 1452/1971
f 1889/155 676/154 679/1972
f 2249/735 2569/1973 2307/1806
f 2569/1974 2567/1898 2307/1924
f 2307/1806 1580/765 2249/735
f 2452/1975 2520/1976 30/1977
f 30/1978 2514/1979 2452/1980
f 2551/1878 2061/503 2241/848
f 201/1981 2440/1982 2366/1983
f 1169/1502 789/1467 770/1797
f 815/1984 1846/761 802/1275
f 1543/1807 2562/1945 2552/1808
f 2562/1967 2558/1751 2552/1750
f 1942/1598 1931/1581 1345/1985
f 1344/1986 1953/1548 1942/1598
f 1942/1598 1345/1985 1344/1986
f 2551/1878 2561/1987 2061/503
f 2551/1878 2557/1988 2561/1987
f 2366/1989 2491/1959 201/1990
f 2379/1991 2515/1992 36/1993
f 35/1994 2453/1995 2379/1996
f 2379/1996 36/1997 35/1994
f 96/1998 2507/1999 2430/2000
f 2430/2001 2501/2002 96/2003
f 2470/1773 2555/1748 64/2004
f 64/2005 2487/2006 2470/2007
f 88/2008 2518/2009 2435/2010
f 2435/2011 2511/2012 88/2013
f 2557/1755 2563/1899 2561/2014
f 2448/2015 2510/1913 2566/1381
f 2565/1969 2504/2016 2448/1970
f 176/2017 2461/2018 2388/2019
f 2388/2020 2497/2021 176/2022
f 1846/761 815/1984 2264/1964
f 2558/1751 2562/1967 2564/1918
f 2564/1918 2560/1803 2558/1751
f 1376/2023 1952/1549 1953/1548
f 1953/1548 1344/1986 1376/2023
f 1582/2024 1581/737 2195/740
f 2557/1755 2306/1754 2563/1899
f 164/2025 2502/2026 2406/2027
f 211/2028 2543/1853 2513/1852
f 2513/2029 2514/1979 211/2030
f 2542/2031 2519/2032 2429/2033
f 152/2034 2532/2035 2475/2036
f 2475/2036 2493/2037 152/2034
f 2441/2038 2527/2039 182/2040
f 182/2041 2498/2042 2441/2043
f 2478/2044 2496/2045 2489/2046
f 2361/2047 2463/2048 2505/2049
f 2505/2050 2428/2051 2361/2052
f 2354/2053 2448/1970 2504/2016
f 2504/2054 2397/2055 2354/2056
f 2503/2057 1118/857 2151/856
f 518/2058 1593/2059 2503/2057
f 2503/2057 2479/2060 1118/857
f 1593/2059 2479/2060 2503/2057
f 2151/856 516/2061 2503/2057
f 2503/2057 516/2061 518/2058
f 2362/2062 2404/2063 2506/1947
f 1084/2064 1099/2065 1046/2066
f 2167/974 2240/2067 2185/2068
f 2185/2068 2166/977 2167/974
f 2502/2069 2425/2070 2364/2071
f 2364/2072 2406/2027 2502/2026
f 2501/2002 2430/2001 2345/2073
f 2345/2074 2437/1769 2501/1768
f 2391/2075 2443/1923 2500/1922
f 2500/1932 2436/1931 2391/2076
f 1880/1681 1879/1680 2496/2077
f 2417/2078 2476/2079 2512/2080
f 2512/1823 2464/1822 2417/2081
f 2368/2082 2428/2083 2511/2012
f 2511/2012 2435/2011 2368/2082
f 2360/2084 2457/1914 2510/1913
f 2510/1913 2448/2015 2360/2084
f 1879/1680 2509/2085 2496/2077
f 2509/2086 2489/2046 2496/2045
f 2496/2077 1497/2087 1880/1681
f 2409/2088 2449/1833 2499/1832
f 108/2089 170/315 2019/314
f 2019/314 106/389 108/2089
f 2300/2090 2400/2091 1415/824
f 1415/824 1414/2092 2300/2090
f 2321/2093 2419/2094 2508/2095
f 2508/2095 2393/2096 2321/2093
f 2352/2097 2430/2000 2507/1999
f 2507/1765 2437/1764 2352/2098
f 2506/1947 2459/1946 2362/2062
f 2474/2099 2489/2046 2490/2100
f 2333/2101 2420/1836 2492/1835
f 2492/1781 2402/1780 2333/2102
f 2256/795 2401/1960 2491/1959
f 2491/1959 2366/1989 2256/795
f 1394/1537 1782/1522 649/2103
f 649/2104 1782/1520 274/2105
f 274/2106 400/1664 649/1663
f 1118/857 2479/2060 1103/2107
f 1103/2107 2479/2060 1104/2108
f 2474/2109 2490/2110 1034/2111
f 2383/2112 2416/2113 2493/2114
f 2474/2099 2478/2044 2489/2046
f 1034/2111 1019/2115 2474/2109
f 677/1920 639/157 568/2116
f 568/2116 987/2117 677/1920
f 2299/2118 1414/2092 1413/2119
f 2363/2120 2444/1850 2488/1849
f 2488/1849 2399/2121 2363/2120
f 2378/2122 2470/2007 2487/2006
f 2487/1855 2423/1854 2378/2123
f 2484/2124 1488/2125 1497/2087
f 2499/1778 2458/1777 2409/2126
f 2342/2127 2441/2043 2498/2042
f 2498/1888 2415/1887 2342/2128
f 2294/2129 2456/2130 2497/2131
f 2497/2021 2388/2020 2294/2132
f 1782/1520 275/1519 274/2105
f 1892/1651 1534/1635 1561/1652
f 1497/2087 2496/2077 2484/2124
f 2496/2045 2478/2044 2484/2133
f 2513/1852 2444/1851 2385/2134
f 1031/88 74/2135 44/2136
f 44/2136 43/89 1031/88
f 2166/977 2185/2068 2186/2137
f 2168/978 2166/977 2186/2137
f 2370/2138 2424/1876 2495/1875
f 2495/1875 2405/2139 2370/2138
f 2494/1901 2443/1900 2351/2140
f 2351/2141 2436/1936 2494/1935
f 2493/2037 2475/2036 2383/2142
f 2516/2143 2167/974 2187/973
f 2404/2144 2451/2145 2506/2146
f 2532/2147 2524/2148 2422/2149
f 2422/2150 2475/2036 2532/2035
f 2527/2039 2441/2038 2389/2151
f 2278/2152 2434/2153 149/2154
f 149/2155 2427/2156 2278/2157
f 1879/1680 2531/1809 2509/2085
f 2531/1841 2522/1840 2509/2086
f 1582/2024 2195/740 2516/2143
f 2187/973 1582/2024 2516/2143
f 2533/2158 2477/2159 2418/2160
f 2530/2161 2451/2162 2450/2163
f 2450/2164 2459/2165 2530/2166
f 2529/2167 2493/2114 2416/2113
f 2416/2168 2469/2169 2529/2170
f 2528/2171 2527/2039 2349/2172
f 2349/2173 2480/1891 2528/2174
f 2527/2039 2389/2151 2349/2172
f 113/2175 2434/2176 2271/2177
f 2271/2178 2427/2179 113/2180
f 2536/1910 2457/1909 2397/2181
f 2540/2182 2438/1811 2338/2183
f 2338/2184 2431/2185 2540/2186
f 2539/2187 2483/2188 2392/2189
f 2392/2190 2477/2191 2539/2192
f 2410/2193 2482/1826 2538/2194
f 2538/2195 2476/2196 2410/2197
f 2390/2198 2442/2199 2537/1938
f 2537/1938 2481/1937 2390/2198
f 2397/2055 2504/2054 2536/2200
f 1431/108 1444/2201 711/2202
f 2317/2203 2440/2204 2535/2205
f 2535/1956 2401/1955 2317/2206
f 2521/2207 2534/1800 588/1804
f 2521/2208 2522/1840 2534/1752
f 2521/2207 588/1804 592/2209
f 2052/243 2439/1873 707/1872
f 707/1872 706/244 2052/243
f 2412/2210 2431/2211 2371/2212
f 2418/2213 2483/2214 2533/2215
f 2517/1953 2462/1952 2376/2216
f 2522/1840 2521/2208 2489/2046
f 2489/2046 2509/2086 2522/1840
f 2521/2208 2490/2100 2489/2046
f 2196/698 2516/2217 2195/699
f 2520/1976 2452/1975 2399/2218
f 2399/2121 2488/1849 2520/1930
f 2384/2219 2429/2033 2519/2032
f 2519/2032 2471/2220 2384/2219
f 2518/2221 2463/2048 2377/2222
f 2377/2223 2435/2010 2518/2009
f 1417/2224 711/2202 1444/2201
f 2376/2225 2468/1796 2517/1795
f 1994/274 1609/1870 1557/2226
f 1557/2226 1558/1611 1994/274
f 2167/974 2516/2143 2240/2067
f 2516/2217 2196/698 2240/850
f 2353/2227 2473/2228 2515/2229
f 2515/2230 2379/2231 2353/2232
f 2385/2233 2452/1980 2514/1979
f 2514/1979 2513/2029 2385/2233
f 2490/2110 592/2209 1035/2234
f 2031/402 144/1005 2526/2235
f 2526/2235 144/1005 517/2236
f 2526/2235 1145/942 2031/402
f 1147/859 1145/942 2526/2235
f 2151/856 1147/859 2526/2235
f 2526/2235 516/2061 2151/856
f 517/2236 516/2061 2526/2235
f 2490/2110 2521/2207 592/2209
f 1035/2234 1034/2111 2490/2110
f 155/2237 2530/2166 2459/2165
f 2400/2091 2247/834 2232/825
f 2400/2238 2194/700 2247/836
f 2400/2091 2232/825 1415/824
f 2405/2139 2495/1875 2525/2239
f 2525/1817 2460/1816 2405/2240
f 2524/2241 2469/2169 2421/2242
f 2421/2243 2422/2149 2524/2148
f 2382/2244 2462/1951 2523/1950
f 2523/1883 2468/1882 2382/2245
f 89/2246 88/2013 2511/2012
f 828/2247 1223/2248 1412/2249
f 2586/2250 2590/2251 2593/2252
f 2593/2252 2588/2253 2586/2250
f 193/2254 130/2255 2502/2256
f 2502/2257 164/2258 193/2259
f 2533/2215 192/2260 160/2261
f 160/2262 159/2263 2533/2158
f 2538/2194 237/2264 29/2265
f 29/2266 28/2267 2538/2195
f 2511/2012 233/2268 89/2246
f 2587/2269 1594/2270 143/2271
f 120/2272 151/1884 2523/1883
f 2523/1950 117/1949 120/2273
f 179/2274 255/2275 2461/2276
f 2461/2018 176/2017 179/2277
f 1547/2278 1533/2279 1210/2280
f 1210/2281 1533/2282 458/2283
f 458/2284 316/2285 1210/2286
f 2592/2287 2589/2288 2585/2289
f 2585/2289 2587/2290 2592/2287
f 279/2291 189/2292 2542/1856
f 312/2293 959/2294 2068/544
f 2068/544 309/146 312/2293
f 2588/2295 2596/2296 73/546
f 2588/2253 2593/2252 2596/2297
f 73/546 2262/2298 2588/2295
f 354/2299 822/2300 2465/2301
f 2465/1928 352/1927 354/2302
f 162/2303 192/2304 2539/2187
f 2539/2192 159/2305 162/2306
f 2542/1856 63/2307 279/2291
f 1640/2308 1626/2309 2040/361
f 91/2310 258/2311 2518/2221
f 2518/2009 88/2008 91/2312
f 2565/1969 2566/1968 206/2313
f 206/2314 205/2315 2565/2316
f 1533/2282 476/2317 458/2283
f 1378/2318 2595/2319 2324/2320
f 2324/2320 2595/2319 1368/2321
f 143/2271 2594/2322 2587/2269
f 2594/2323 2592/2287 2587/2290
f 2520/1930 128/1929 31/2324
f 2582/2325 2585/2289 2589/2288
f 1117/2326 1102/2327 2582/2328
f 2029/426 2040/361 1626/2309
f 1626/2309 134/2329 2029/426
f 134/2329 136/427 2029/426
f 2584/2330 2588/2295 2262/2298
f 2584/2331 2586/2250 2588/2253
f 2262/2298 2060/520 2584/2330
f 374/2332 2515/2229 2473/2228
f 2473/2333 242/2334 374/2335
f 2582/2328 2589/2336 1117/2326
f 31/2337 30/1977 2520/1976
f 2549/1775 2554/1774 25/2338
f 25/2339 24/1830 2549/1829
f 2536/2200 205/2315 21/2340
f 21/2341 20/1911 2536/1910
f 2553/1787 2546/1786 347/2342
f 347/2343 57/2344 2553/1789
f 315/2345 1700/2346 1522/2347
f 2309/2348 1322/2349 2292/2350
f 2505/2049 258/2311 234/2351
f 2040/361 171/2352 1640/2308
f 2040/361 169/360 171/2352
f 1932/1582 2591/2353 2583/2354
f 2591/2355 2590/2251 2583/2356
f 2590/2251 2586/2250 2583/2356
f 2525/1817 2577/2357 69/2358
f 69/2358 68/1818 2525/1817
f 2506/1947 210/2359 156/2360
f 156/2360 155/1948 2506/1947
f 2589/2336 6/2361 9/2362
f 234/2363 233/2364 2505/2050
f 2517/1795 151/1794 118/2365
f 118/2366 117/1954 2517/1953
f 2497/2131 255/2367 177/2368
f 177/2369 176/2022 2497/2021
f 476/2370 1533/2371 1700/2372
f 1700/2372 319/2373 477/2374
f 477/2374 476/2370 1700/2372
f 1700/2375 315/2376 319/2377
f 230/2378 229/2379 2548/1889
f 46/2380 3/2381 2/2382
f 56/1862 57/2383 54/2384
f 2592/2287 2594/2323 49/2385
f 1/2386 2/2387 3/2388
f 2001/28 1451/2389 1068/2390
f 1068/2390 1067/2391 2001/28
f 2596/2296 70/2392 73/546
f 329/2393 352/1927 2508/1926
f 2508/2095 326/2394 329/2395
f 2548/1889 181/2396 230/2378
f 1570/2397 1389/2398 1952/1549
f 321/2399 2546/1786 2547/1894
f 2547/1897 55/2400 321/2401
f 15/2402 1562/2403 1708/2404
f 1708/2405 1171/2406 547/2407
f 547/2408 15/2402 1708/2404
f 390/2409 206/2313 2566/1968
f 2592/2287 49/2385 7/2410
f 7/2410 6/2411 2592/2287
f 1731/133 1391/2412 662/2413
f 2593/2252 39/2414 38/2415
f 321/2399 347/2342 2546/1786
f 1562/2416 13/2417 14/2418
f 11/2419 10/2420 2341/2421
f 143/2271 50/2422 2594/2322
f 50/2423 49/2385 2594/2323
f 1855/1227 1427/2424 1032/2425
f 1032/2425 1016/2426 1855/1227
f 70/2427 2596/2297 2593/2252
f 38/2415 70/2427 2593/2252
f 662/2413 661/110 1731/133
f 2544/1844 822/2300 327/2428
f 327/2429 326/2430 2544/1845
f 262/2431 69/2358 2577/2357
f 2577/2432 260/2433 262/2434
f 2555/1748 188/2435 65/2436
f 65/2436 64/2004 2555/1748
f 2537/1904 208/1903 185/2437
f 185/2438 184/1939 2537/1938
f 87/2439 61/2440 86/1834
f 232/2441 183/2442 2528/2171
f 39/2414 2593/2252 2590/2251
f 2590/2443 2591/2353 39/2444
f 2515/2445 374/2446 34/2447
f 34/2447 36/2448 2515/2445
f 2543/1853 211/2028 129/2449
f 129/2450 128/1929 2543/1848
f 158/2451 210/2452 2530/2161
f 2530/2166 155/2237 158/2453
f 124/2454 152/2455 2529/2167
f 2529/2170 121/2456 124/2457
f 1952/1549 1376/2023 1570/2397
f 2528/2174 229/2458 232/2459
f 1171/2460 1708/2461 1547/2462
f 1547/2462 1225/2463 546/2464
f 1547/2462 546/2464 1171/2460
f 2595/2319 2341/2421 10/2420
f 2595/2319 1378/2318 2341/2421
f 10/2420 1368/2321 2595/2319
f 2589/2288 2592/2287 6/2411
f 9/2362 1117/2326 2589/2336
f 238/2465 237/2264 2559/1825
f 2591/2353 1942/1598 1953/1548
f 1953/1548 40/1547 2591/2353
f 2591/2353 1932/1582 1942/1598
f 40/1547 39/2444 2591/2353
f 283/2466 216/2467 2540/2186
f 2540/2186 281/2468 283/2466
f 240/2469 260/2470 2550/1881
f 2550/1881 67/2471 240/2469
f 2559/1824 27/2472 238/2473
f 2292/2350 1322/2349 1324/2474
f 154/2475 122/2476 2532/2147
f 2532/2035 152/2034 154/2477
f 2535/2205 200/2478 228/2479
f 228/2480 227/1957 2535/1956
f 1225/2481 1562/2482 15/2483
f 1225/2481 15/2483 546/2484
f 1811/1044 1812/1148 1159/881
f 1159/881 245/1261 1811/1044
f 325/2485 97/2486 2556/1767
f 55/2400 2547/1897 2447/1896
f 2412/1814 215/1813 214/2487
f 260/2433 2577/2432 2495/1875
f 2495/1875 2550/1874 260/2433
f 2577/2432 2525/2239 2495/1875
f 2482/1826 2559/1825 237/2264
f 237/2264 2538/2194 2482/1826
f 121/2456 2529/2170 2469/2169
f 2469/2169 2524/2241 121/2456
f 2480/1891 2548/1890 229/2458
f 229/2458 2528/2174 2480/1891
f 214/2488 281/2489 2412/2210
f 2447/1863 56/1862 55/2490
f 342/2491 1670/2492 1190/2493
f 2284/2494 847/2495 2277/1962
f 2568/1916 2576/2496 1087/2497
f 2568/1919 2573/2498 2576/2499
f 1087/2497 627/1917 2568/1916
f 911/2500 605/767 1579/766
f 2575/2501 2572/2502 2567/1898
f 2567/1898 2569/1974 2575/2501
f 2510/1913 20/1912 19/1382
f 2571/2503 2572/2502 2579/2504
f 2438/2505 2540/2186 216/2467
f 216/2506 215/1812 2438/1811
f 67/2471 2550/1881 2472/1880
f 2472/1820 68/1819 67/2507
f 63/2307 2542/1856 2487/1855
f 2487/2006 64/2005 63/2508
f 2493/2114 2529/2167 152/2455
f 19/1382 2566/1381 2510/1913
f 2425/2070 2502/2069 130/2509
f 1670/2492 342/2491 1200/2510
f 847/2495 2284/2494 848/2511
f 2578/2512 2576/2499 2573/2498
f 2573/2498 2574/2513 2578/2512
f 1320/2514 1345/1985 1931/1581
f 1931/1581 1308/1805 1320/2514
f 1933/1580 2575/2515 2569/1973
f 2569/1973 2249/735 1934/734
f 1934/734 1933/1580 2569/1973
f 1406/2516 1405/1305 488/1304
f 2476/2196 2538/2195 28/2267
f 28/2517 2512/2080 2476/2079
f 233/2268 2511/2012 2428/2083
f 2428/2051 2505/2050 233/2364
f 2504/2054 2565/2316 205/2315
f 205/2315 2536/2200 2504/2054
f 2456/2518 2461/2276 255/2275
f 255/2367 2497/2131 2456/2130
f 1190/2493 1498/1961 1181/1915
f 488/1304 712/2519 1406/2516
f 2477/2159 2533/2158 159/2263
f 2573/2498 2568/1919 2564/1918
f 2564/1918 2570/1966 2573/2498
f 2137/902 691/2520 690/2521
f 2137/902 414/901 691/2520
f 2572/2502 2571/2503 2563/1899
f 2563/1899 2567/1898 2572/2502
f 2571/2503 2561/2014 2563/1899
f 281/2468 2540/2186 2431/2185
f 2431/2211 2412/2210 281/2489
f 1498/1961 1190/2493 1670/2492
f 130/2522 165/1759 2425/1758
f 2483/2188 2539/2187 192/2304
f 192/2260 2533/2215 2483/2214
f 2451/2162 2530/2161 210/2452
f 210/2523 2506/2146 2451/2145
f 2463/2048 2518/2221 258/2311
f 258/2311 2505/2049 2463/2048
f 2485/1790 2553/1789 57/2344
f 57/2383 56/1862 2485/1865
f 2571/2524 2579/2525 2059/504
f 1275/1963 2277/1962 847/2495
f 1574/1944 2574/2526 2570/1965
f 2574/2513 2573/2498 2570/1966
f 2187/973 783/972 811/2527
f 2561/1987 2571/2524 2059/504
f 2561/1987 2059/504 2061/503
f 326/2394 2508/2095 2419/2094
f 2419/1846 2544/1845 326/2430
f 159/2305 2539/2192 2477/2191
f 2498/2042 182/2041 181/2528
f 2579/2525 2584/2330 2060/520
f 2579/2504 2581/2529 2584/2331
f 2060/520 2059/504 2579/2525
f 99/2530 2556/1766 2507/1765
f 2507/1999 96/1998 99/2531
f 93/2532 125/1902 2494/1901
f 2494/1935 94/1934 93/2533
f 187/2534 208/1908 2541/1907
f 2541/1941 184/1940 187/2535
f 181/2396 2548/1889 2498/1888
f 2012/488 42/90 358/2536
f 200/2478 2535/2205 2440/2204
f 2440/1982 201/1981 200/2537
f 1522/1143 1514/1145 1199/2538
f 848/2511 2293/2539 1324/2474
f 1892/1651 1812/1148 1763/1150
f 1763/1150 1743/1367 1892/1651
f 1451/2389 2001/28 1890/27
f 1452/1971 1451/2389 1890/27
f 1932/1582 2583/2354 2575/2515
f 2500/1922 125/1921 95/2540
f 1594/2270 2587/2269 2580/2541
f 2587/2290 2585/2289 2580/2542
f 2580/2541 1573/2543 1594/2270
f 135/2544 1132/2545 1166/429
f 1166/429 136/428 135/2544
f 2581/2529 2583/2356 2586/2250
f 2586/2250 2584/2331 2581/2529
f 33/2546 211/2030 2514/1979
f 2514/2547 30/1977 33/2548
f 2583/2356 2581/2529 2575/2501
f 95/2549 94/1933 2500/1932
f 2527/2039 2528/2171 183/2442
f 183/2442 182/2040 2527/2039
f 2491/1959 227/1958 202/2550
f 202/2550 201/1990 2491/1959
f 2293/2539 2292/2350 1324/2474
f 2585/2289 2582/2325 2578/2512
f 2578/2512 2580/2542 2585/2289
f 358/2536 1050/2551 2012/488
f 2427/2156 149/2155 114/2552
f 2581/2529 2579/2504 2572/2502
f 2572/2502 2575/2501 2581/2529
f 822/2300 2544/1844 2445/1843
f 2445/1843 2465/2301 822/2300
f 27/2472 2559/1824 2512/1823
f 2512/2080 28/2517 27/2553
f 23/2554 2554/1779 2499/1778
f 2499/1832 24/1831 23/2555
f 59/2556 86/1772 2486/1771
f 2486/1784 60/1783 59/2557
f 1966/1629 1388/2558 1391/2412
f 114/2559 113/2180 2427/2179
f 2293/2539 848/2511 2284/2494
f 2284/2494 1311/2560 2293/2539
f 1573/2543 2580/2541 2574/2526
f 2580/2542 2578/2512 2574/2513
f 2574/2526 1574/1944 1573/2543
f 1959/1566 1952/1549 1389/2398
f 1388/2558 1966/1629 1959/1566
f 1389/2398 1388/2558 1959/1566
f 122/2476 121/2561 2524/2148
f 2575/2515 1933/1580 1932/1582
f 242/2334 2473/2333 2453/2562
f 2453/1995 35/1994 242/2563
f 2501/1768 2556/1767 97/2486
f 97/2564 96/2003 2501/2002
f 188/2435 2555/1748 2519/1747
f 2519/2032 2542/2031 189/2565
f 189/2565 188/2566 2519/2032
f 2524/2148 2532/2147 122/2476
f 2486/1771 2420/1770 2367/2567
f 2492/1835 86/1834 61/2440
f 61/2568 60/1782 2492/1781
f 116/2569 149/2154 2434/2153
f 2434/2176 113/2175 116/2570
f 1200/2510 1199/2538 1514/1145
f 2576/2496 2582/2328 1102/2327
f 2576/2499 2578/2512 2582/2325
f 1102/2327 1087/2497 2576/2496
f 1391/2412 1731/133 1966/1629
f 365/2571 1276/2572 596/2573
f 2220/600 2314/2574 2346/1842
f 2346/1847 2298/2575 2220/601
f 2180/951 2289/2576 2345/2074
f 2345/2073 2281/2577 2180/952
f 2173/706 2268/2578 2344/2579
f 2344/2580 2209/708 2173/2581
f 2207/709 2243/845 2343/2582
f 2343/2582 2208/710 2207/709
f 2171/980 2266/2583 2342/2127
f 2342/2128 2251/759 2171/758
f 841/490 2012/488 1050/2551
f 596/2584 595/2585 366/2586
f 366/2586 365/2587 596/2584
f 11/2419 2341/2421 1379/2588
f 2341/2421 1378/2318 1379/2588
f 1379/2588 929/2589 11/2419
f 2308/2590 2340/2591 896/2592
f 2308/2593 2323/2594 2340/2595
f 896/2592 895/2596 2308/2590
f 798/2597 841/490 1050/2551
f 2350/2598 2252/729 2179/728
f 923/469 1067/2391 1066/2599
f 2006/2600 1081/2601 1096/949
f 1096/949 1063/2602 2006/2600
f 2230/638 2329/2603 2353/2227
f 2353/2232 2246/746 2230/745
f 2352/2098 2289/2604 2184/936
f 2184/937 2281/2605 2352/2097
f 2351/2140 2297/2606 2218/604
f 2218/605 2288/2607 2351/2141
f 2179/728 2279/2608 2350/2598
f 798/2597 1050/2551 1049/2609
f 2152/855 2302/2610 2349/2173
f 2349/2172 2206/703 2152/702
f 595/2585 963/2611 251/2612
f 251/2612 366/2586 595/2585
f 541/2613 771/2614 1160/2615
f 1160/2615 742/2616 541/2613
f 2323/2594 2347/2617 2348/2618
f 2348/2618 2340/2595 2323/2594
f 2323/2594 2331/2619 2347/2617
f 2327/2620 2201/677 2142/676
f 2316/2621 1323/2622 1348/2623
f 1427/2424 1855/1227 733/1226
f 733/1226 798/2597 1049/2609
f 1049/2609 1427/2424 733/1226
f 2229/2624 2330/2625 2329/2626
f 2229/839 2246/838 2330/2627
f 2329/2603 2230/638 2229/637
f 2328/2628 2304/2629 2202/674
f 2202/675 2253/750 2328/2630
f 2142/676 2259/785 2327/2620
f 2331/2619 2323/2594 2316/2631
f 2326/2632 2267/2633 2172/993
f 2172/790 2258/789 2326/2634
f 1799/656 2224/655 2325/1895
f 2325/1893 2116/349 1799/348
f 440/2635 1210/2286 316/2285
f 315/2345 1522/2347 440/2636
f 316/2285 315/2637 440/2635
f 1347/2638 2324/2320 1368/2321
f 1347/2638 2309/2348 2324/2320
f 2147/752 2244/751 2335/2639
f 2299/2118 2339/2640 2018/395
f 2339/2640 2222/667 2018/395
f 2018/713 1951/712 2299/2641
f 2338/2183 2270/2642 2162/1002
f 2162/1001 2282/2643 2338/2184
f 2174/806 2337/2644 2336/2645
f 2174/1010 2269/2646 2337/2647
f 2336/2645 2238/807 2174/806
f 2335/2648 2259/769 2147/768
f 1066/2599 971/2649 923/469
f 2190/787 2267/2650 2334/2651
f 2334/2651 2258/788 2190/787
f 2133/2652 2332/2653 2333/2101
f 2333/2102 2182/940 2133/912
f 2133/2654 2225/2655 2332/2656
f 147/1416 174/2657 1588/1447
f 1378/2318 2324/2320 897/2658
f 2324/2320 2309/2348 897/2658
f 1348/2623 2331/2659 2316/2621
f 2369/2660 2244/844 2201/678
f 1064/2661 1098/2662 75/2663
f 75/2663 74/2135 1064/2661
f 2211/704 2372/2664 2212/634
f 1218/2665 2372/2666 2211/2667
f 1219/2668 1218/2665 2211/2667
f 2371/2212 2282/2669 2210/705
f 2210/778 2261/777 2371/2670
f 2228/641 2274/2671 2370/2138
f 2370/2138 2269/2672 2228/641
f 2201/678 2327/2673 2369/2660
f 2373/2674 2358/2675 2348/2618
f 2368/2082 2272/2676 2200/680
f 2200/680 2296/2677 2368/2082
f 2367/2567 2332/2656 2225/2655
f 2225/2678 2182/941 2367/2679
f 2032/415 2256/795 2366/1989
f 2366/1983 2215/598 2032/416
f 928/2680 962/2681 2359/2682
f 2359/2682 52/2683 928/2680
f 1369/2684 2365/2685 2347/2686
f 2189/964 2295/2687 2376/2225
f 1222/903 2212/2688 2372/2689
f 2372/2690 1218/2691 1222/904
f 2246/746 2353/2232 2379/2231
f 2379/1996 2330/2627 2246/838
f 2336/2692 2274/2693 2238/808
f 2209/708 2344/2580 2378/2122
f 2378/2122 2273/2694 2209/708
f 2377/2222 2343/2582 2243/845
f 2243/832 2272/2695 2377/2223
f 2365/2696 2348/2618 2347/2617
f 2376/2216 2286/2697 2189/953
f 2107/306 2285/2698 2375/1864
f 2375/1864 2224/654 2107/306
f 1417/2224 1149/2699 1406/2700
f 1149/2699 1404/1716 1406/2700
f 557/2701 561/16 225/2702
f 225/2702 224/1606 557/2701
f 2348/2618 2374/2703 2373/2674
f 2348/2618 2365/2696 2374/2703
f 2183/938 2287/2704 2355/2705
f 2340/2591 2358/2706 896/2592
f 2340/2595 2348/2618 2358/2675
f 1082/2707 1014/2708 971/2649
f 1066/2599 1082/2707 971/2649
f 2193/2709 2305/2710 2357/1757
f 2357/1762 2275/2711 2193/955
f 2192/960 2304/2712 2356/2713
f 2356/2714 2253/749 2192/748
f 2280/2715 2312/2716 2191/962
f 2355/2717 2279/2718 2183/939
f 945/2719 12/2720 52/2683
f 2178/1003 2310/2721 2354/2053
f 2354/2056 2257/792 2178/791
f 617/2722 1312/2723 614/2724
f 1312/2723 963/2725 614/2724
f 929/2589 928/2680 52/2683
f 52/2683 11/2419 929/2589
f 1369/2684 2347/2686 2331/2659
f 2331/2659 1348/2623 1369/2684
f 923/469 2001/28 1067/2391
f 2219/603 2313/2726 2363/2120
f 1084/2064 1046/2066 1014/2708
f 1014/2708 1082/2707 1084/2064
f 2322/2727 2221/668 2053/582
f 1219/2668 2211/2667 2322/2728
f 1249/2729 2053/2730 2322/2731
f 1249/2729 1234/2732 2322/2731
f 1234/2733 1219/2668 2322/2728
f 2364/2071 2305/2734 2203/2735
f 2203/2736 2275/2737 2364/2072
f 1347/2638 1322/2349 2309/2348
f 2363/2120 2260/779 2219/603
f 2362/2738 2280/2739 2236/814
f 2236/811 2237/810 2362/2062
f 2208/710 2343/2582 2361/2047
f 2361/2052 2296/2740 2208/711
f 2216/611 2318/2741 2360/2084
f 2360/2084 2310/2742 2216/611
f 2359/2682 941/2743 945/2719
f 945/2719 52/2683 2359/2682
f 2118/339 2183/939 2279/2718
f 308/144 356/2744 333/2745
f 333/2745 310/145 308/144
f 1111/2746 2164/2747 1871/950
f 1871/950 1096/949 1111/2746
f 2086/159 2210/705 2282/2669
f 2282/2643 2162/1001 2086/160
f 2281/2605 2184/937 2103/322
f 2103/174 2180/952 2281/2577
f 2124/208 2236/814 2280/2739
f 2280/2739 2191/963 2124/208
f 894/2748 830/755 2255/754
f 2279/2608 2179/728 2118/965
f 1752/982 2170/981 2278/2152
f 2278/2157 2021/382 1752/381
f 2277/1962 2264/1964 814/2749
f 2264/1964 815/1984 814/2749
f 814/2749 831/2750 2277/1962
f 2250/731 2263/2751 2276/2752
f 2276/2752 2255/732 2250/731
f 73/546 2068/544 959/2294
f 2252/756 2287/2753 2146/757
f 356/2744 334/2754 333/2745
f 1164/2755 2157/890 1930/889
f 2204/724 2290/2756 1930/727
f 1930/889 2290/2757 1164/2755
f 2270/2758 2261/777 2112/363
f 2111/310 2184/936 2289/2604
f 2289/2576 2180/951 2111/283
f 2102/60 2227/646 2288/2759
f 2288/2607 2218/605 2102/61
f 959/2294 958/1743 73/546
f 2287/2704 2183/938 2146/877
f 2286/2760 2199/685 2141/684
f 2141/932 2189/953 2286/2697
f 1771/351 2116/350 2285/2761
f 2285/2698 2107/306 1771/305
f 1311/2560 2284/2494 831/2750
f 2284/2494 2277/1962 831/2750
f 2255/754 2283/2762 894/2748
f 2255/732 2276/2752 2283/2763
f 2117/343 2206/703 2266/2764
f 1063/2765 1030/2766 1999/2767
f 1030/2766 1000/2768 1999/2767
f 2143/931 2162/1002 2270/2642
f 2270/2642 2112/366 2143/931
f 2135/2769 2228/641 2269/2672
f 2269/2646 2174/1010 2135/643
f 2268/2578 2173/706 2090/1011
f 2090/35 2155/896 2268/2770
f 2267/2650 2190/787 2093/7
f 2093/12 2172/993 2267/2633
f 1999/2771 2006/2600 1063/2602
f 2266/2583 2171/980 2117/344
f 2235/817 2265/2772 1783/818
f 2265/2773 1804/1499 1783/1498
f 1260/762 2264/1964 1275/1963
f 1260/762 1846/761 2264/1964
f 849/2774 2263/2775 2242/847
f 2263/2751 2250/731 2242/764
f 2242/847 845/846 849/2774
f 2060/520 2262/2298 958/1743
f 2273/2776 2155/895 2094/4
f 1081/2601 2006/2600 1922/2777
f 1922/2778 1923/772 1015/2779
f 1922/2780 1047/2781 1081/2782
f 1922/2778 1015/2779 1047/2783
f 2275/2737 2203/2736 2136/2784
f 2136/956 2193/955 2275/2711
f 2148/809 2238/808 2274/2693
f 2274/2671 2228/641 2148/640
f 2094/34 2209/708 2273/2694
f 356/2744 428/2785 334/2754
f 2272/2695 2243/832 2134/831
f 2134/681 2200/680 2272/2676
f 2182/941 2225/2678 2127/271
f 2271/2177 2170/986 1745/985
f 1745/384 2021/383 2271/2178
f 1148/796 501/1216 470/797
f 1856/51 513/1234 1070/2786
f 1070/2786 502/1215 1856/51
f 2262/2298 73/546 958/1743
f 2313/2726 2219/603 2156/602
f 2316/2631 2301/2787 2291/2788
f 987/2117 568/2116 510/111
f 510/111 660/2789 987/2117
f 510/111 661/110 660/2789
f 1923/772 970/2790 1015/2779
f 1923/772 938/771 970/2790
f 2315/2791 2314/2574 2149/599
f 2149/805 2239/804 2315/2792
f 2314/2574 2220/600 2149/599
f 2156/843 2245/842 2313/2793
f 1323/2622 2316/2621 2291/2794
f 2312/2795 2237/813 2119/331
f 2119/336 2191/962 2312/2716
f 2311/2796 2226/648 2160/647
f 2160/607 2217/606 2311/2797
f 2123/213 2216/611 2310/2742
f 2310/2721 2178/1003 2123/214
f 2309/2348 2292/2350 893/2798
f 893/2798 897/2658 2309/2348
f 2283/2762 2308/2590 895/2596
f 2161/781 2260/780 2320/2799
f 2323/2594 2308/2593 2301/2787
f 2301/2787 2316/2631 2323/2594
f 603/1228 1855/1227 1016/2426
f 1001/2800 554/2801 603/1228
f 1016/2426 1001/2800 603/1228
f 2221/612 2322/2802 1941/613
f 1941/613 2322/2802 2211/704
f 2175/1009 2298/2803 2321/2093
f 2321/2804 2239/804 2175/803
f 2283/2763 2301/2787 2308/2593
f 2320/2805 2245/841 2161/840
f 2155/895 2273/2776 2319/2806
f 2319/2807 2268/2770 2155/896
f 2159/794 2257/793 2318/2808
f 2318/2741 2216/611 2159/610
f 1764/616 2215/615 2317/2203
f 2317/2206 2099/79 1764/1004
f 1445/2809 754/1672 514/1233
f 514/1233 1442/54 1445/2809
f 2145/683 2199/682 2295/2810
f 1950/2811 2300/2090 1414/2092
f 1414/2092 2299/2118 1950/2811
f 1950/2812 2027/821 2300/2813
f 2299/2641 1951/712 1950/2812
f 2121/236 2220/601 2298/2575
f 2298/2803 2175/1009 2121/1008
f 2297/2814 2227/645 2110/286
f 2110/291 2218/604 2297/2606
f 2296/2677 2200/680 2101/679
f 2101/66 2208/711 2296/2740
f 335/2815 334/2754 428/2785
f 2295/2687 2189/964 2145/920
f 1804/1499 2265/2773 2294/2129
f 2294/2132 2122/219 1804/218
f 2292/2350 2293/2539 1310/2816
f 2293/2539 1311/2560 1310/2816
f 1310/2816 893/2798 2292/2350
f 1323/2622 2291/2794 2263/2775
f 2291/2788 2276/2752 2263/2751
f 2263/2775 849/2774 1323/2622
f 2125/203 2202/674 2304/2629
f 2283/2762 895/2596 894/2748
f 496/2817 554/2801 972/2818
f 972/2818 335/2815 496/2817
f 2307/1924 2306/1754 2045/742
f 2045/742 2254/741 2307/1924
f 2306/1754 2176/782 2045/742
f 2130/250 2203/687 2305/2819
f 2305/2710 2193/2709 2130/2820
f 2304/2712 2192/960 2125/959
f 107/2821 106/389 1080/391
f 2154/650 2226/649 2303/2822
f 2303/2823 2217/609 2154/608
f 2153/760 2251/759 2302/2824
f 2302/2610 2152/855 2153/897
f 744/2825 714/1259 877/1258
f 877/1258 741/2826 744/2825
f 2276/2752 2291/2788 2301/2787
f 2301/2787 2283/2763 2276/2752
f 428/2785 496/2817 335/2815
f 2451/2145 2404/2144 2312/2795
f 2433/2827 2446/2828 2455/2829
f 2454/2830 2432/2831 2433/2827
f 911/2500 1579/766 1582/2024
f 1582/2024 2187/973 811/2527
f 1582/2024 811/2527 911/2500
f 1222/903 2213/653 2212/2688
f 2330/2627 2379/1996 2453/1995
f 2453/2562 2329/2626 2330/2625
f 2320/2799 2399/2218 2452/1975
f 2452/1980 2385/2233 2320/2805
f 2455/2829 2454/2830 2433/2827
f 2312/2716 2450/2163 2451/2162
f 2312/2716 2280/2715 2450/2163
f 2326/2634 2403/1885 2449/1828
f 2449/1833 2409/2088 2326/2632
f 2310/2742 2360/2084 2448/2015
f 2448/1970 2354/2053 2310/2721
f 2447/1896 2325/1895 2224/655
f 2224/654 2375/1864 2447/1863
f 295/2832 1333/2833 1007/2834
f 2334/2651 2409/2126 2458/1777
f 989/2835 961/2836 2432/2837
f 555/2838 1541/2839 1530/2840
f 1530/630 539/629 555/2841
f 2221/668 2222/667 2053/582
f 2337/2647 2405/2240 2460/1816
f 2460/1821 2336/2645 2337/2644
f 2459/2165 2450/2164 2280/2739
f 2280/2739 2362/2738 2459/2165
f 2458/1776 2403/1886 2334/2842
f 296/2843 295/2832 1007/2834
f 2318/2808 2397/2181 2457/1909
f 2457/1914 2360/2084 2318/2741
f 2456/2130 2294/2129 2265/2773
f 2265/2772 2235/817 2456/2518
f 1055/2844 1333/2845 1022/2846
f 1022/2847 1333/2848 299/2849
f 299/2850 386/2851 1022/2852
f 1088/2853 2140/910 628/2854
f 2140/910 2139/899 628/2854
f 1207/1871 2439/1873 1413/2119
f 2215/598 2366/1983 2440/1982
f 2440/2204 2317/2203 2215/615
f 617/2855 1022/2852 386/2851
f 296/2856 1007/2857 617/2858
f 617/2858 386/2859 296/2856
f 591/2860 590/2861 2132/914
f 2132/914 383/915 591/2860
f 2413/2862 2432/2837 961/2836
f 961/2836 927/2863 2413/2862
f 1413/2119 1412/2249 1223/2248
f 2441/2043 2342/2127 2266/2583
f 1223/2248 1207/1871 1413/2119
f 2157/890 1164/2755 1142/2864
f 1142/2864 1097/2865 2157/890
f 2438/1811 2411/1810 2270/2642
f 2270/2642 2338/2183 2438/1811
f 2289/2604 2352/2098 2437/1764
f 2437/1769 2345/2074 2289/2576
f 2288/2759 2391/2076 2436/1931
f 2436/1936 2351/2141 2288/2607
f 2164/994 1111/2866 1112/390
f 590/2861 2139/899 2132/914
f 590/2861 628/2854 2139/899
f 977/2867 2446/2868 2426/2869
f 2446/2828 2433/2827 2426/2870
f 2426/2869 942/2871 977/2867
f 828/2247 1412/2249 1415/824
f 1415/824 824/823 828/2247
f 2019/314 2105/313 2164/994
f 2164/994 1112/390 2019/314
f 2432/2837 2454/2872 989/2835
f 2445/1843 2346/1842 2314/2574
f 2314/2574 2315/2791 2445/1843
f 2313/2793 2385/2134 2444/1851
f 2444/1850 2363/2120 2313/2726
f 2443/1923 2391/2075 2297/2814
f 2297/2606 2351/2140 2443/1900
f 2303/2822 2398/1839 2442/1838
f 2442/2199 2390/2198 2303/2823
f 2266/2764 2389/2151 2441/2038
f 2231/2873 2394/2874 2168/978
f 399/1665 1122/2875 1380/1666
f 1104/2108 2479/2060 2467/2876
f 2479/2060 1572/2877 2467/2876
f 2467/2876 1572/2877 1575/933
f 2478/2044 2474/2099 2455/2829
f 2455/2829 2466/2878 2478/2044
f 890/1753 2241/848 2061/503
f 287/2879 890/1753 2061/503
f 2061/503 288/502 287/2879
f 2168/978 2186/2137 2231/2873
f 2480/1891 2349/2173 2302/2610
f 2477/2191 2392/2190 2356/2714
f 2356/2713 2418/2160 2477/2159
f 2335/2639 2410/2197 2476/2196
f 2476/2079 2417/2078 2335/2648
f 2475/2036 2422/2150 2355/2705
f 2355/2705 2383/2142 2475/2036
f 1121/2880 1380/2881 1122/2882
f 1104/2108 2467/2876 1088/2853
f 2454/2872 2474/2109 1019/2115
f 1001/2800 972/2818 554/2801
f 2367/2679 2402/1785 2486/1784
f 2285/2761 2381/1791 2485/1790
f 2485/1865 2375/1864 2285/2698
f 1122/2883 402/2884 276/2885
f 1122/2875 399/1665 402/2886
f 276/2885 275/2887 1122/2883
f 1572/2877 2479/2060 1593/2059
f 2466/2878 2484/2133 2478/2044
f 1488/2125 2484/2124 2466/2888
f 2454/2830 2455/2829 2474/2099
f 2339/2640 2299/2118 1413/2119
f 2339/2640 1413/2119 2439/1873
f 2328/2630 2392/2189 2483/2188
f 2483/2214 2418/2213 2328/2628
f 2369/2660 2464/1827 2482/1826
f 2482/1826 2410/2193 2369/2660
f 2481/1860 2398/1859 2311/2796
f 2311/2797 2390/2889 2481/2890
f 2302/2610 2415/1892 2480/1891
f 2464/1827 2369/2660 2327/2673
f 2466/2878 2455/2829 2446/2828
f 2446/2868 977/2867 1488/2125
f 1556/2891 1541/2839 570/2892
f 1556/2891 570/2892 569/2893
f 569/2894 571/663 1556/666
f 2137/902 2394/2874 2213/653
f 2213/653 1222/903 2137/902
f 2465/2301 2445/1843 2315/2791
f 2315/2792 2393/1925 2465/1928
f 2327/2620 2417/2081 2464/1822
f 1488/2125 2466/2888 2446/2868
f 2343/2582 2377/2222 2463/2048
f 2463/2048 2361/2047 2343/2582
f 2462/1951 2382/2244 2286/2760
f 2286/2697 2376/2216 2462/1952
f 2461/2276 2456/2518 2235/817
f 2235/816 2388/2019 2461/2018
f 1333/2845 1055/2844 1121/2880
f 1333/2848 295/2895 299/2849
f 1545/898 2132/914 2139/899
f 2344/2579 2471/1746 2470/1773
f 1019/2115 989/2835 2454/2872
f 1541/2839 555/2838 570/2892
f 2439/1873 2052/243 2222/667
f 2222/667 2339/2640 2439/1873
f 2052/243 2053/582 2222/667
f 2329/2626 2453/2562 2473/2333
f 2473/2228 2353/2227 2329/2603
f 2336/2645 2460/1821 2472/1820
f 2472/1880 2424/1879 2336/2692
f 2435/2010 2377/2223 2272/2695
f 2344/2579 2384/2896 2471/1746
f 2470/2007 2378/2122 2344/2580
f 2469/2169 2416/2168 2350/2598
f 2350/2598 2421/2242 2469/2169
f 2295/2810 2382/2245 2468/1882
f 2468/1796 2376/2225 2295/2687
f 1380/2881 1121/2880 1055/2844
f 2140/910 2467/2876 1575/933
f 2140/910 1088/2853 2467/2876
f 2226/648 2311/2796 2398/1859
f 2099/79 2317/2206 2401/1955
f 2401/1960 2256/795 2099/74
f 990/2897 1020/2898 247/2899
f 247/2899 2387/2900 990/2897
f 2373/2901 2395/2902 926/2903
f 2194/700 2400/2238 2027/821
f 2027/821 2196/698 2194/700
f 2400/2238 2300/2813 2027/821
f 2260/779 2363/2120 2399/2121
f 2399/2218 2320/2799 2260/780
f 2402/1785 2367/2679 2182/941
f 2398/1839 2303/2822 2226/649
f 2257/792 2354/2056 2397/2055
f 2397/2181 2318/2808 2257/793
f 2387/2900 1487/2904 976/2905
f 976/2905 2380/2906 2387/2900
f 2374/2703 2396/2907 2395/2908
f 2374/2703 2386/2909 2396/2907
f 2395/2908 2373/2674 2374/2703
f 1142/2864 1166/429 1132/2545
f 2407/2910 2205/723 2163/726
f 1487/2904 247/2899 249/282
f 1487/2904 2387/2900 247/2899
f 943/2911 2408/2912 2386/2913
f 2408/2914 2396/2907 2386/2909
f 944/2915 943/2911 2386/2913
f 431/2916 430/930 1248/246
f 1248/246 429/245 431/2916
f 2163/995 2164/994 2105/313
f 2105/313 2407/2917 2163/995
f 1132/2545 1113/2918 1142/2864
f 2275/2711 2357/1762 2406/1761
f 2406/2027 2364/2072 2275/2737
f 2269/2672 2370/2138 2405/2139
f 2405/2240 2337/2647 2269/2646
f 2404/2063 2362/2062 2237/810
f 2237/813 2312/2795 2404/2144
f 2258/2919 2334/2842 2403/1886
f 2403/1885 2326/2634 2258/789
f 2182/940 2333/2102 2402/1780
f 2116/349 2325/1893 2381/1788
f 1098/2662 1142/2864 1113/2918
f 1113/2918 75/2663 1098/2662
f 2245/841 2320/2805 2385/2233
f 2385/2134 2313/2793 2245/842
f 2384/2896 2344/2579 2268/2578
f 2268/2770 2319/2807 2384/2219
f 2383/2142 2355/2705 2287/2704
f 2287/2753 2252/756 2383/2112
f 2382/2245 2295/2810 2199/682
f 2199/685 2286/2760 2382/2244
f 2365/2685 1369/2684 944/2915
f 2381/1791 2285/2761 2116/350
f 2380/2906 976/2905 941/2743
f 941/2743 2359/2682 2380/2906
f 2358/2706 2373/2901 926/2903
f 929/2920 1379/2921 2358/2706
f 1379/2921 896/2592 2358/2706
f 2358/2706 926/2903 929/2920
f 1080/391 1046/2066 1099/2065
f 1080/391 1099/2065 107/2821
f 2217/609 2303/2823 2390/2198
f 2394/2874 2231/2873 2011/495
f 2011/495 2213/653 2394/2874
f 2239/804 2321/2804 2393/1925
f 2393/1925 2315/2792 2239/804
f 2392/2189 2328/2630 2253/750
f 2253/749 2356/2714 2392/2190
f 2227/645 2297/2814 2391/2075
f 2391/2076 2288/2759 2227/646
f 2390/2889 2311/2797 2217/606
f 365/2571 1599/2922 1276/2572
f 2206/703 2349/2172 2389/2151
f 2389/2151 2266/2764 2206/703
f 2122/219 2294/2132 2388/2020
f 2388/2019 2235/816 2122/189
f 962/2681 990/2897 2387/2900
f 2387/2900 2380/2906 962/2681
f 2380/2906 2359/2682 962/2681
f 944/2915 2386/2913 2365/2685
f 2386/2909 2374/2703 2365/2696
f 2305/2734 2364/2071 2425/2070
f 1053/357 591/2860 383/915
f 383/915 382/224 1053/357
f 382/224 2115/226 1053/357
f 942/2871 2426/2869 2408/2912
f 2426/2870 2414/2923 2408/2914
f 2408/2912 943/2911 942/2871
f 482/874 267/2924 1318/875
f 2205/2925 2407/2926 2039/362
f 2039/362 2028/431 2205/2925
f 2425/1758 2357/1757 2305/2710
f 2427/2179 2271/2178 2021/383
f 2424/1876 2370/2138 2274/2671
f 2274/2693 2336/2692 2424/1879
f 2273/2694 2378/2122 2423/2927
f 2423/1854 2319/2806 2273/2776
f 2422/2149 2421/2243 2279/2718
f 2279/2718 2355/2717 2422/2149
f 2421/2242 2350/2598 2279/2608
f 2420/1836 2333/2101 2332/2653
f 2332/2656 2367/2567 2420/1770
f 2407/2917 2105/313 2039/317
f 2272/2676 2368/2082 2435/2011
f 2434/2153 2278/2152 2170/981
f 2170/986 2271/2177 2434/2176
f 1312/2723 617/2722 1007/2928
f 1513/272 473/439 2008/273
f 2414/2923 2433/2827 2432/2831
f 2414/2923 2426/2870 2433/2827
f 2432/2831 2413/2929 2414/2923
f 2168/978 736/2930 735/979
f 1298/2931 963/2725 1312/2723
f 2431/2185 2338/2184 2282/2643
f 2282/2669 2371/2212 2431/2211
f 2430/2000 2352/2097 2281/2605
f 2281/2577 2345/2073 2430/2001
f 2319/2806 2423/1854 2429/1857
f 2429/2033 2384/2219 2319/2807
f 2428/2083 2368/2082 2296/2677
f 2296/2740 2361/2052 2428/2051
f 2021/382 2278/2157 2427/2156
f 267/2924 266/906 1258/2932
f 2415/1887 2302/2824 2251/759
f 1599/2922 365/2571 253/2933
f 253/2934 252/2935 1599/2936
f 1020/2898 1036/358 248/2937
f 248/2937 247/2899 1020/2898
f 2396/2907 2414/2923 2413/2929
f 2396/2907 2408/2914 2414/2923
f 2413/2929 2395/2908 2396/2907
f 266/906 1221/905 1258/2932
f 1258/2932 1318/875 267/2924
f 2251/759 2342/2128 2415/1887
f 2290/2938 2204/2939 1165/425
f 1165/430 1164/2755 2290/2757
f 2261/777 2411/1815 2412/1814
f 2412/1814 2371/2670 2261/777
f 2261/777 2270/2758 2411/1815
f 2244/844 2369/2660 2410/2193
f 2410/2197 2335/2639 2244/751
f 2409/2126 2334/2651 2267/2650
f 2267/2633 2326/2632 2409/2088
f 2204/2939 2205/2925 2028/431
f 251/2940 963/2941 1298/2942
f 1298/2942 252/2943 251/2940
f 2115/226 272/227 1036/358
f 272/227 248/2937 1036/358
f 2395/2902 2413/2862 927/2863
f 927/2863 926/2903 2395/2902
f 2394/2874 2137/902 690/2521
f 736/2930 2168/978 2394/2874
f 690/2521 736/2930 2394/2874
f 1472/1384 1724/1256 1772/1255
f 2028/431 1165/425 2204/2939
f 2298/2575 2346/1847 2419/1846
f 2419/2094 2321/2093 2298/2803
f 2304/2629 2328/2628 2418/2213
f 2418/2160 2356/2713 2304/2712
f 2259/769 2335/2648 2417/2078
f 2417/2081 2327/2620 2259/785
f 2416/2113 2383/2112 2252/756
f 2252/729 2350/2598 2416/2168
f 525/2944 497/2945 765/2946
f 447/2947 620/2948 805/2949
f 804/2950 549/2951 405/2952
f 405/2953 619/2954 804/2955
f 672/2956 653/2957 422/2958
f 772/2959 803/2960 790/2961
f 772/2962 773/2963 803/2964
f 802/1301 786/866 800/862
f 800/862 801/693 802/1301
f 799/2965 766/2966 738/2967
f 738/2967 753/2968 799/2965
f 805/2949 550/2969 447/2947
f 765/2946 572/2970 525/2944
f 798/2597 733/1226 732/2971
f 732/2971 797/2972 798/2597
f 732/2973 764/2974 797/2975
f 796/2976 282/2977 214/2487
f 214/2487 213/2978 796/2976
f 480/2979 637/2980 795/2981
f 795/2981 656/2982 480/2979
f 794/2983 583/2984 425/2985
f 425/2986 601/2987 794/2988
f 812/2989 799/2965 753/2968
f 423/2990 599/2991 818/2992
f 368/2993 618/2994 817/2995
f 817/2996 684/2997 368/2998
f 774/2999 790/3000 773/3001
f 790/3000 816/3002 773/3001
f 816/3003 803/2964 773/2963
f 815/3004 802/1301 801/693
f 801/693 814/3005 815/3004
f 801/693 813/690 814/3005
f 363/3006 812/3007 753/3008
f 424/3009 635/3010 793/3011
f 783/3012 782/1742 810/1712
f 810/1712 811/3013 783/3012
f 764/2974 808/3014 809/3015
f 809/3015 797/2975 764/2974
f 764/2974 781/3016 808/3014
f 807/3017 213/3018 216/2506
f 216/2467 283/2466 807/3019
f 806/3020 565/3021 493/3022
f 493/3023 655/3024 806/3025
f 775/3026 580/3027 388/3028
f 193/2259 163/3029 780/3030
f 393/3031 623/3032 779/3033
f 779/3034 602/3035 393/3036
f 778/3037 601/3038 463/3039
f 463/3040 462/3041 778/3042
f 406/3043 600/3044 777/3045
f 777/3046 674/3047 406/3048
f 776/3049 581/3050 369/3051
f 369/3051 533/3052 776/3049
f 388/3053 598/3054 775/3055
f 780/3056 306/3057 193/2254
f 757/3058 746/3059 774/3060
f 774/3060 773/3061 757/3058
f 773/2963 772/2962 757/3062
f 772/2962 758/3063 757/3062
f 770/1797 771/3064 768/3065
f 768/3065 769/3066 770/1797
f 667/1631 381/231 380/220
f 380/220 767/280 667/1631
f 708/3067 766/3068 739/3069
f 708/3070 738/2967 766/2966
f 787/3071 398/3072 397/3073
f 793/3074 620/3075 424/3076
f 389/3077 549/3078 792/3079
f 792/3079 599/3080 389/3077
f 791/3081 598/3082 404/3083
f 404/3083 580/3084 791/3081
f 774/2999 759/3085 758/3086
f 758/3086 790/3000 774/2999
f 758/3087 772/2959 790/2961
f 789/1467 225/1501 561/3088
f 561/3088 788/1466 789/1467
f 818/3089 619/2954 423/3090
f 397/867 786/866 787/1302
f 724/3091 341/1504 364/1506
f 363/3006 753/3008 724/3091
f 364/1506 363/3006 724/3091
f 784/3092 785/1745 782/1742
f 784/3092 735/3093 785/1745
f 782/1742 783/3012 784/3092
f 752/1645 781/3094 722/3095
f 781/3016 764/2974 722/3096
f 536/3097 656/3098 857/3099
f 829/3100 844/3101 862/3102
f 829/3103 436/3104 435/3105
f 823/26 861/470 808/3106
f 861/470 860/3107 808/3106
f 860/3108 809/3015 808/3014
f 410/3109 859/3110 858/3111
f 859/3112 409/3113 858/3114
f 858/3115 408/3116 410/3117
f 409/3118 408/3119 858/3120
f 857/3099 688/3121 536/3097
f 829/3103 862/3122 436/3104
f 856/3123 686/3124 521/3125
f 521/3126 654/3127 856/3128
f 855/3129 717/3130 446/3131
f 446/3132 700/3133 855/3134
f 519/3135 760/3136 854/3137
f 854/3138 672/3139 519/3140
f 832/3141 816/3142 853/3143
f 853/3143 852/3144 832/3141
f 832/3145 852/3146 833/3147
f 85/3148 576/967 850/884
f 869/3149 748/3150 505/3151
f 812/3007 363/3006 362/3152
f 809/3015 860/3108 874/3153
f 874/3153 873/3154 809/3015
f 873/3154 840/3155 809/3015
f 508/3156 702/3157 872/3158
f 872/3159 523/3160 508/3161
f 871/3162 778/3042 462/3041
f 462/3163 583/2984 871/3164
f 870/3165 718/3166 534/3167
f 534/3168 686/3169 870/3170
f 850/884 851/883 85/3148
f 505/3171 673/3172 869/3173
f 532/3174 727/3175 868/3176
f 868/3176 716/3177 532/3174
f 867/3178 833/3147 852/3146
f 852/3146 866/3179 867/3178
f 853/3180 865/3181 852/3182
f 852/3182 865/3181 866/3183
f 863/3184 864/1257 713/1260
f 713/1260 487/3185 863/3184
f 827/1713 828/3186 824/3187
f 460/3188 684/3189 834/3190
f 803/2960 833/3147 790/2961
f 803/2960 832/3145 833/3147
f 816/3142 832/3141 803/3191
f 831/3192 814/3005 813/690
f 813/690 830/755 831/3192
f 766/3068 829/3103 435/3105
f 766/2966 799/2965 829/3100
f 435/3105 739/3069 766/3068
f 826/1569 827/1713 824/3187
f 834/3193 618/3194 460/3195
f 824/3187 825/3196 826/1569
f 781/3094 752/1645 823/26
f 823/26 808/3106 781/3094
f 822/2300 354/2299 821/3197
f 821/3197 327/2428 822/2300
f 622/3198 701/3199 820/3200
f 820/3201 621/3202 622/3203
f 819/3204 635/3010 461/3205
f 461/3206 550/3207 819/3208
f 374/3209 373/3210 839/3211
f 845/846 847/3212 848/3213
f 848/3213 849/2774 845/846
f 845/846 846/622 847/3212
f 799/2965 812/2989 844/3101
f 844/3101 829/3100 799/2965
f 843/1546 826/1569 825/3196
f 825/3196 842/3214 843/1546
f 841/490 798/2597 797/2972
f 797/2972 840/3215 841/490
f 797/2975 809/3015 840/3155
f 739/3069 694/3216 708/3067
f 839/3217 34/2447 374/2446
f 494/3218 688/3219 838/3220
f 838/3221 637/3222 494/3223
f 507/3224 687/3225 837/3226
f 837/3226 636/3227 507/3224
f 836/3228 600/3229 506/3230
f 506/3231 674/3232 836/3233
f 491/3234 748/3235 835/3236
f 835/3237 673/3238 491/3239
f 413/3240 415/3241 414/3242
f 670/3243 699/3244 671/3245
f 670/3243 698/3246 699/3244
f 670/3247 683/3248 698/3249
f 696/720 697/1711 5/1739
f 5/3250 270/3251 696/3252
f 695/1388 610/1387 609/3253
f 609/3253 694/3216 695/1388
f 609/3253 641/3254 694/3216
f 693/1396 692/1395 414/3242
f 414/3242 415/3241 693/1396
f 700/3133 446/3132 256/3255
f 692/1395 690/3256 414/3242
f 690/2521 691/2520 414/901
f 638/156 689/3257 624/3258
f 689/3259 675/3260 624/3261
f 305/3262 536/3263 688/3219
f 688/3219 494/3218 305/3262
f 448/3264 621/3265 687/3266
f 687/3266 507/3267 448/3264
f 686/3169 534/3168 478/3268
f 478/3269 521/3125 686/3124
f 415/3270 432/3271 706/3272
f 699/3273 715/3274 683/3275
f 715/3276 698/3249 683/3248
f 713/3277 714/3278 711/2202
f 711/3279 712/2519 713/1260
f 710/1725 293/1724 294/1579
f 294/1579 709/1577 710/1725
f 641/3254 708/3067 694/3216
f 641/3280 680/3281 708/3070
f 693/3282 415/3270 706/3272
f 706/3272 707/3283 693/3282
f 685/3284 533/3285 231/3286
f 657/3287 705/3288 658/1225
f 704/3289 705/3290 657/3291
f 657/3291 675/3260 704/3289
f 324/3292 703/3293 702/3294
f 324/3292 523/3295 703/3293
f 702/3157 508/3156 324/3296
f 479/3297 636/3298 701/3199
f 701/3199 622/3198 479/3297
f 256/3299 563/3300 700/3301
f 642/3302 221/3303 643/3304
f 226/3305 519/3140 672/3139
f 672/2956 422/2958 226/3306
f 671/3307 634/3308 652/3309
f 634/3308 443/3310 652/3309
f 652/3311 670/3243 671/3245
f 652/3312 651/3313 670/3247
f 668/3314 669/3315 666/3316
f 666/3316 667/3317 668/3314
f 665/566 645/565 643/3318
f 643/3318 664/1744 665/566
f 322/3319 491/3239 673/3238
f 338/3320 663/3321 587/3322
f 663/3323 626/3324 587/3325
f 661/110 662/2413 659/3326
f 659/1675 660/3327 661/3328
f 585/3329 658/1225 603/1228
f 585/3329 657/3287 658/1225
f 585/3330 586/3331 657/3291
f 656/3098 536/3097 261/3332
f 261/3333 480/2979 656/2982
f 626/3324 663/3323 680/3281
f 231/3334 520/3335 685/3336
f 684/3189 460/3188 178/3337
f 178/3338 368/2998 684/2997
f 651/3339 634/3340 671/3341
f 671/3341 683/3342 651/3339
f 683/3248 670/3247 651/3313
f 667/3317 633/3343 668/3314
f 667/3317 682/3344 633/3343
f 139/3345 271/669 681/686
f 681/686 141/3346 139/3345
f 671/3347 699/3273 683/3275
f 680/3281 641/3280 626/3324
f 678/24 679/3348 676/3349
f 676/3349 677/3350 678/24
f 675/3260 657/3291 586/3331
f 586/3331 624/3261 675/3260
f 351/3351 508/3161 523/3160
f 674/3232 506/3231 350/3352
f 350/3353 406/3048 674/3047
f 673/3172 505/3171 322/3354
f 391/3355 564/3356 749/3357
f 723/3358 724/3359 753/2968
f 466/3360 452/3361 482/3362
f 638/156 752/1645 689/3257
f 752/3363 722/3364 689/3365
f 731/3366 102/3367 101/3368
f 751/3369 623/3032 372/3370
f 372/3371 584/3372 751/3373
f 750/3374 551/3375 371/3376
f 371/3377 535/3378 750/3379
f 749/3380 582/3381 391/3382
f 753/2968 738/2967 723/3358
f 301/3383 505/3151 748/3150
f 748/3235 491/3234 301/3384
f 747/3385 445/3386 444/3387
f 444/3387 548/3388 747/3385
f 725/3389 715/3390 746/3391
f 746/3392 745/3393 725/3394
f 725/3395 745/3396 726/3397
f 743/132 744/109 741/3398
f 741/3398 742/3399 743/132
f 740/800 695/1388 694/3216
f 300/3400 504/3401 760/3136
f 497/2945 466/3360 484/3402
f 484/3402 765/2946 497/2945
f 764/2974 732/2973 704/3289
f 704/3289 722/3096 764/2974
f 426/3403 566/3404 763/3405
f 763/3406 552/3407 426/3408
f 392/3409 551/3410 762/3411
f 762/3412 535/3413 392/3414
f 349/3415 581/3416 761/3417
f 761/3418 520/3335 349/3419
f 694/3216 739/3069 740/800
f 760/3136 519/3135 300/3400
f 759/3420 726/3397 745/3396
f 745/3396 758/3421 759/3420
f 746/3392 757/3062 745/3393
f 745/3393 757/3062 758/3063
f 755/1866 756/3422 530/3423
f 530/3423 754/3424 755/1866
f 647/801 740/800 739/3069
f 739/3069 435/3105 647/801
f 720/3425 566/3426 449/3427
f 337/3428 455/3429 593/3430
f 593/3430 270/3251 337/3428
f 341/1504 724/3091 663/3321
f 724/3359 723/3358 663/3323
f 723/3358 680/3281 663/3323
f 663/3321 338/3320 341/1504
f 452/3361 268/3431 267/3432
f 267/3432 482/3362 452/3361
f 722/3096 704/3289 675/3260
f 675/3260 689/3259 722/3096
f 715/3390 725/3389 698/3433
f 449/3434 552/3435 720/3436
f 719/3437 655/3438 280/3439
f 280/3439 522/3440 719/3437
f 718/3166 654/3441 492/3442
f 492/3442 534/3167 718/3166
f 717/3443 563/3444 278/3445
f 278/3446 446/3131 717/3130
f 716/3447 548/3448 320/3449
f 320/3450 532/3174 716/3177
f 464/3451 602/3452 730/3453
f 738/2967 708/3070 680/3281
f 680/3281 723/3358 738/2967
f 736/3454 737/1397 734/3455
f 736/3454 692/1395 737/1397
f 736/3454 690/3256 692/1395
f 734/3455 735/3093 736/3454
f 733/1226 658/1225 705/3288
f 705/3288 732/2971 733/1226
f 705/3290 704/3289 732/2973
f 721/3456 101/3457 731/3458
f 875/3459 844/3101 812/2989
f 730/3453 584/3460 464/3451
f 304/3461 565/3021 729/3462
f 729/3463 522/3464 304/3465
f 370/3466 582/3467 728/3468
f 728/3469 564/3470 370/3471
f 348/3472 445/3473 727/3474
f 727/3175 532/3174 348/3475
f 698/3246 726/3397 699/3244
f 698/3246 725/3395 726/3397
f 1026/3476 906/3477 685/3284
f 1033/3478 1003/3479 988/3480
f 1016/3481 1032/1171 1017/25
f 1031/88 956/87 1000/2768
f 1000/2768 1030/2766 1031/88
f 637/3222 838/3221 1029/3482
f 1029/3483 795/2981 637/2980
f 687/3266 937/3484 1028/3485
f 1028/3486 837/3226 687/3225
f 1027/3487 936/3488 718/3166
f 718/3166 870/3165 1027/3487
f 988/3480 1018/3489 1033/3478
f 685/3336 885/3490 1026/3491
f 598/3054 791/3492 1025/3493
f 1025/3493 775/3055 598/3054
f 992/3494 1024/3495 994/3496
f 992/3494 1023/3497 1024/3495
f 992/3498 993/3499 1023/3500
f 1022/2846 617/2722 616/3501
f 616/3501 1021/3502 1022/2846
f 1020/3503 990/3504 989/2835
f 989/2835 1019/2115 1020/3503
f 653/2957 672/2956 1041/3505
f 1046/2066 1047/2781 1015/3506
f 703/3293 888/3507 1045/3508
f 1045/3508 702/3294 703/3293
f 1044/3509 820/3200 701/3199
f 701/3199 837/3510 1044/3509
f 728/3468 953/3511 1043/3512
f 1043/3513 886/3514 728/3469
f 1042/3515 855/3134 700/3133
f 700/3301 935/3516 1042/3517
f 1041/3505 950/3518 653/2957
f 471/3519 1018/3520 975/3521
f 994/3522 1024/3523 993/3524
f 1024/3523 1040/3525 993/3524
f 1040/3526 1023/3500 993/3499
f 631/3527 1039/3528 1037/3529
f 1039/3528 991/3530 1037/3529
f 1037/3529 1038/3531 631/3527
f 1036/3532 1020/3503 1019/2115
f 1019/2115 1035/2234 1036/3532
f 1019/2115 1034/2111 1035/2234
f 601/3038 778/3037 998/3533
f 1005/3534 1006/3535 1007/2928
f 224/1606 1004/1605 574/3536
f 939/3537 1003/3538 486/3539
f 939/3540 988/3480 1003/3479
f 1002/141 973/543 972/3541
f 972/3541 1001/3542 1002/141
f 955/3543 1000/2768 956/87
f 999/3544 779/3033 623/3032
f 623/3032 751/3369 999/3544
f 998/3545 794/2988 601/2987
f 1007/2928 1008/3546 1005/3534
f 635/3010 819/3204 997/3547
f 997/3547 793/3011 635/3010
f 996/3548 869/3173 673/3172
f 673/3238 835/3237 996/3549
f 995/3550 817/2995 618/2994
f 618/3194 834/3193 995/3551
f 979/3552 964/3553 994/3554
f 994/3555 993/3556 979/3557
f 993/3499 992/3498 979/3558
f 992/3498 980/3559 979/3558
f 583/2984 794/2983 1012/3560
f 1018/3489 988/3480 975/3561
f 975/3521 457/3562 471/3519
f 1017/25 1002/141 1001/3542
f 1001/3542 1016/3481 1017/25
f 970/3563 971/2649 1014/2708
f 1014/2708 1015/3506 970/3563
f 1013/3564 411/3565 409/3113
f 409/3113 859/3112 1013/3564
f 656/3098 795/3566 857/3099
f 1012/3560 871/3164 583/2984
f 1015/3506 1014/2708 1046/2066
f 1011/3567 870/3170 686/3169
f 686/3124 856/3123 1011/3568
f 748/3150 869/3149 1010/3569
f 1010/3570 835/3236 748/3235
f 1009/3571 791/3081 580/3084
f 580/3572 775/3573 1009/3574
f 994/3575 964/3576 980/3577
f 980/3577 964/3576 949/3578
f 980/3579 992/3494 994/3496
f 1052/3580 1085/3581 1086/3582
f 1091/3583 1041/3584 672/3139
f 672/3139 854/3138 1091/3583
f 1090/3585 1057/3586 1056/3587
f 1075/3588 1089/3589 1056/3590
f 1056/3587 1089/3591 1090/3585
f 632/3592 631/3527 1038/3531
f 1038/3531 669/3315 632/3592
f 1088/3593 628/3594 627/1917
f 627/1917 1087/2497 1088/3593
f 1052/3595 1086/3596 863/3184
f 1092/3597 885/3490 761/3418
f 1052/3580 1033/3478 1085/3581
f 1052/3595 863/3184 487/3185
f 1083/871 1084/3598 1082/3599
f 1082/3599 1066/3600 1083/871
f 1046/2066 1080/391 1047/2781
f 1080/391 1081/2782 1047/2781
f 1045/3601 1079/3602 702/3603
f 1079/3604 872/3605 702/3606
f 1078/3607 887/3608 729/3463
f 729/3462 984/3609 1078/3610
f 1098/2662 1064/2661 1063/2765
f 1089/3611 318/3612 1090/3613
f 319/2377 318/3612 1089/3611
f 669/3315 668/3314 632/3592
f 1087/2497 1103/3614 1104/3615
f 1104/3615 1088/3593 1087/2497
f 1087/2497 1102/2327 1103/3614
f 1033/3478 1069/3616 1085/3581
f 1099/3617 1100/873 1101/1006
f 1101/1006 107/3618 1099/3617
f 1099/3617 1084/3598 1100/873
f 1077/3619 966/3620 777/3621
f 1063/2765 1097/2865 1098/2662
f 1063/2602 1096/949 1097/948
f 763/3405 968/3622 1095/3623
f 1095/3624 954/3625 763/3406
f 1094/3626 921/3627 750/3374
f 750/3379 908/3628 1094/3629
f 836/3630 966/3631 1093/3632
f 1093/3633 983/3634 836/3635
f 761/3417 919/3636 1092/3637
f 1055/2844 1022/2846 1021/3502
f 1061/3638 967/3639 719/3437
f 1060/3640 953/3641 749/3380
f 749/3357 886/3642 1060/3643
f 717/3130 855/3129 1059/3644
f 1059/3645 935/3646 717/3443
f 1058/3647 884/3648 716/3447
f 716/3177 868/3176 1058/3649
f 1023/3497 1057/3586 1024/3495
f 1023/3497 1056/3587 1057/3586
f 1023/3500 1040/3526 1056/3650
f 719/3437 887/3651 1061/3638
f 1021/3502 1054/3652 1055/2844
f 591/3653 1053/3654 592/2209
f 1053/3654 1035/2234 592/2209
f 1003/3538 1052/3595 487/3185
f 1033/3478 1052/3580 1003/3479
f 487/3185 486/3539 1003/3538
f 1051/197 1048/1052 1050/3655
f 1050/3655 358/3656 1051/197
f 1048/1052 1049/3657 1050/3655
f 1070/2786 1069/3658 1018/3520
f 777/3659 983/3660 1077/3661
f 727/3474 905/3662 1076/3663
f 1076/3664 868/3176 727/3175
f 1024/3523 1057/3665 1040/3525
f 1040/3525 1057/3665 1075/3666
f 1075/3588 1056/3590 1040/3667
f 630/3668 1074/619 631/3527
f 438/463 1073/462 1071/3669
f 1071/3669 1072/3670 438/463
f 502/1215 1070/2786 1018/3520
f 946/3671 991/3530 947/3672
f 1069/3616 1033/3478 1018/3489
f 1018/3520 471/3519 502/1215
f 1067/3673 1068/1051 1065/196
f 1065/196 1066/3600 1067/3673
f 74/2135 1031/88 1030/2766
f 1030/2766 1064/2661 74/2135
f 1030/2766 1063/2765 1064/2661
f 1062/3674 968/3675 720/3425
f 720/3425 954/3676 1062/3674
f 560/3677 914/13 561/16
f 551/3375 750/3374 921/3627
f 920/3678 819/3208 550/3207
f 550/2969 805/2949 920/3679
f 581/3050 776/3049 919/3680
f 919/3636 761/3417 581/3416
f 883/3681 904/3682 882/3683
f 882/3683 904/3682 918/3684
f 918/3685 903/3686 882/3687
f 917/1359 881/1360 915/3688
f 915/3688 916/3689 917/1359
f 921/3690 762/3411 551/3410
f 862/3122 913/3691 436/3104
f 862/3102 892/3692 913/3693
f 605/3694 912/1545 606/1565
f 605/3694 911/3695 912/1545
f 873/3696 910/3697 889/489
f 873/3154 874/3153 910/3698
f 909/3699 751/3373 584/3372
f 584/3460 730/3453 909/3700
f 535/3413 762/3412 908/3701
f 908/3628 750/3379 535/3378
f 928/3702 929/2920 926/2903
f 937/3484 687/3266 621/3265
f 936/3703 856/3128 654/3127
f 654/3441 718/3166 936/3488
f 563/3444 717/3443 935/3646
f 935/3516 700/3301 563/3300
f 918/3685 933/3704 903/3686
f 903/3705 934/3706 904/3707
f 933/3708 934/3706 903/3705
f 932/3709 899/3710 930/3711
f 930/3711 931/621 932/3709
f 907/3712 805/2949 620/2948
f 926/2903 927/2863 928/3702
f 421/3713 925/3714 875/3715
f 925/3716 892/3692 875/3459
f 875/3715 362/3152 421/3713
f 924/1224 891/1544 890/3717
f 890/3717 287/3718 924/1224
f 860/3107 861/470 923/469
f 923/469 922/3719 860/3107
f 922/3720 874/3153 860/3108
f 865/3721 867/3722 883/3681
f 523/3723 872/3724 888/3725
f 888/3725 703/3726 523/3723
f 522/3464 729/3463 887/3608
f 887/3651 719/3437 522/3440
f 886/3642 749/3357 564/3356
f 564/3470 728/3469 886/3514
f 520/3335 761/3418 885/3490
f 885/3490 685/3336 520/3335
f 884/3727 747/3385 548/3388
f 548/3448 716/3447 884/3648
f 840/3215 873/3696 889/489
f 865/3721 853/3728 867/3722
f 883/3681 882/3683 865/3721
f 882/3729 866/3183 865/3181
f 880/3730 881/3731 878/3732
f 878/3733 879/3734 880/3735
f 741/2826 877/1258 876/3736
f 877/1258 864/1257 876/3736
f 876/3736 542/3737 741/2826
f 362/3152 875/3715 812/3007
f 900/3738 901/3739 902/1096
f 620/3075 793/3074 907/3740
f 906/3741 776/3049 533/3052
f 533/3285 685/3284 906/3477
f 445/3386 747/3385 905/3742
f 905/3662 727/3474 445/3473
f 883/3743 867/3178 866/3179
f 866/3179 904/3744 883/3743
f 866/3179 903/3745 904/3744
f 866/3183 882/3729 903/3746
f 900/3738 902/1096 898/1098
f 621/3202 820/3201 937/3747
f 898/1098 899/3710 900/3738
f 897/3748 893/3749 895/2596
f 895/2596 896/2592 897/3748
f 893/3749 894/2748 895/2596
f 844/3101 875/3459 892/3692
f 892/3692 862/3102 844/3101
f 891/1544 843/1546 842/3214
f 842/3214 890/3717 891/1544
f 840/3215 889/489 841/490
f 970/2790 938/771 922/3720
f 942/2871 941/3750 976/3751
f 976/3751 977/2867 942/2871
f 457/3562 975/3521 925/3714
f 975/3561 940/3752 925/3716
f 925/3714 421/3713 457/3562
f 973/543 974/1235 335/3753
f 974/1235 332/1236 335/3753
f 335/3753 972/3541 973/543
f 922/3719 923/469 971/2649
f 971/2649 970/3563 922/3719
f 931/621 930/3711 947/3672
f 102/3367 731/3366 969/3754
f 969/3755 104/3756 102/3757
f 968/3622 763/3405 566/3404
f 566/3426 720/3425 968/3675
f 967/3758 806/3025 655/3024
f 655/3438 719/3437 967/3639
f 966/3759 836/3233 674/3232
f 674/3047 777/3046 966/3760
f 619/2954 818/3089 965/3761
f 965/3761 804/2955 619/2954
f 600/3229 836/3228 983/3762
f 990/3504 962/3763 961/2836
f 961/2836 989/2835 990/3504
f 940/3752 975/3561 988/3480
f 988/3480 939/3540 940/3752
f 660/3327 659/1675 986/140
f 986/140 987/3764 660/3327
f 602/3035 779/3034 985/3765
f 985/3766 730/3453 602/3452
f 565/3021 806/3020 984/3609
f 984/3609 729/3462 565/3021
f 918/3767 949/3578 933/3768
f 983/3769 777/3045 600/3044
f 549/2951 804/2950 982/3770
f 982/3771 792/3079 549/3078
f 684/2997 817/2996 981/3772
f 981/3773 834/3190 684/3189
f 948/3774 980/3775 949/3776
f 964/3777 979/3778 948/3779
f 948/3780 979/3558 980/3559
f 931/621 947/3672 978/618
f 916/3689 946/3671 947/3672
f 599/3080 792/3079 952/3781
f 504/3782 950/3783 951/3784
f 951/3785 760/3136 504/3401
f 504/3782 653/3786 950/3783
f 934/3787 949/3776 918/3788
f 918/3788 904/3789 934/3787
f 934/3787 948/3774 949/3776
f 934/3706 933/3708 948/3790
f 947/3672 930/3711 916/3689
f 930/3711 917/1359 916/3689
f 952/3791 818/2992 599/2991
f 943/2911 945/3792 941/3750
f 943/2911 944/2915 945/3792
f 941/3750 942/2871 943/2911
f 892/3692 940/3752 939/3540
f 892/3692 925/3716 940/3752
f 939/3540 913/3693 892/3692
f 287/3718 286/1223 924/1224
f 874/3153 922/3720 938/771
f 938/771 910/3698 874/3153
f 958/3793 959/3794 960/466
f 949/3578 964/3576 933/3768
f 964/3777 948/3779 933/3795
f 594/3796 614/2724 963/2725
f 963/2725 595/3797 594/3796
f 962/3763 928/3702 927/2863
f 927/2863 961/2836 962/3763
f 913/3691 939/3537 486/3539
f 913/3691 486/3539 437/1303
f 437/1303 436/3104 913/3691
f 960/466 957/468 958/3793
f 655/3024 493/3023 190/3798
f 957/468 289/3799 958/3793
f 956/87 889/489 910/3697
f 910/3697 955/3543 956/87
f 910/3698 938/771 955/776
f 552/3407 763/3406 954/3625
f 954/3800 720/3436 552/3435
f 837/3510 701/3199 636/3298
f 582/3381 749/3380 953/3641
f 953/3511 728/3468 582/3467
f 293/1727 290/1564 109/3801
f 23/2555 22/3802 302/3803
f 302/3804 303/3805 23/2554
f 118/2365 150/3806 301/3807
f 301/3384 119/3808 118/3809
f 300/3400 228/2479 200/2478
f 200/2478 199/3810 300/3400
f 297/3811 298/3812 295/2832
f 298/3813 299/2849 295/2895
f 295/2832 296/2843 297/3811
f 109/1741 294/1579 293/1724
f 304/3465 279/2291 63/2307
f 290/1564 292/3814 78/3815
f 292/3816 291/3817 78/3818
f 291/3817 46/2380 78/3818
f 78/3819 109/3820 290/3821
f 288/502 289/770 286/3822
f 286/3822 287/2879 288/502
f 217/3823 218/1567 285/1628
f 285/1628 284/3824 217/3823
f 284/3825 263/3826 217/3827
f 282/3828 283/3829 281/2489
f 309/146 310/145 311/3830
f 120/3831 119/3832 322/3319
f 320/3449 321/2401 55/2400
f 55/2490 54/2384 320/3450
f 317/3833 318/3834 315/2637
f 315/2376 318/3612 319/2377
f 315/2637 316/2285 317/3833
f 290/1564 313/542 314/512
f 290/1564 293/1727 313/542
f 291/3817 269/3835 46/2380
f 311/3830 312/2293 309/146
f 281/2489 214/2488 282/3828
f 308/144 168/143 243/3836
f 243/3836 307/3837 308/144
f 243/3838 263/3826 307/3839
f 306/3057 131/3840 130/2255
f 130/2522 131/3841 166/3842
f 130/2255 193/2254 306/3057
f 69/2358 262/2431 305/3262
f 305/3262 66/3843 69/2358
f 63/2508 62/3844 304/3461
f 247/2899 248/2937 249/282
f 27/2553 26/3845 259/3846
f 259/3847 238/2473 27/2472
f 258/2311 91/2310 257/3848
f 257/3848 234/2351 258/2311
f 59/2557 58/3849 256/3299
f 256/3255 87/3850 59/2556
f 255/3851 179/3852 254/3853
f 254/3854 177/3855 255/3856
f 252/2935 253/2934 250/3857
f 250/3858 251/2940 252/2943
f 260/2470 240/2469 261/3333
f 246/966 220/3859 219/1262
f 219/1262 245/1261 246/966
f 173/1219 244/1277 195/3860
f 195/3861 244/1263 219/1262
f 167/3862 243/3836 168/143
f 167/3863 194/3864 243/3838
f 35/1994 34/3865 241/3866
f 241/3866 242/2563 35/1994
f 67/2507 66/3867 239/3868
f 239/3869 240/2469 67/2471
f 270/3251 5/3250 3/3870
f 280/3439 190/3871 189/2565
f 189/2292 279/2291 280/3872
f 278/3445 58/3873 61/2568
f 61/2440 87/2439 278/3446
f 277/3874 273/3875 275/2887
f 275/2887 276/2885 277/3874
f 273/3876 274/3877 275/3878
f 272/227 249/282 248/2937
f 197/3879 220/3880 271/669
f 271/669 139/3345 197/3879
f 322/3354 150/3806 120/3881
f 3/3870 269/3882 270/3251
f 3/2381 46/2380 269/3835
f 268/3431 264/3883 266/3884
f 266/3884 267/3432 268/3431
f 264/3883 265/3885 266/3884
f 263/3826 243/3838 194/3864
f 194/3864 217/3827 263/3826
f 261/3332 262/2434 260/2433
f 373/3210 374/3209 242/3886
f 382/224 383/915 384/225
f 379/221 380/220 381/231
f 290/1564 378/1563 292/3814
f 378/1563 359/3887 292/3814
f 377/3888 171/3889 170/315
f 170/315 108/2089 377/3888
f 285/1628 376/3890 284/3824
f 376/3890 375/3891 284/3824
f 375/3892 331/3893 284/3825
f 242/3894 241/3895 373/3896
f 385/3897 296/2856 386/2859
f 372/3370 32/3898 31/2337
f 31/2324 127/3899 372/3371
f 371/3376 126/3900 93/2532
f 93/2533 92/3901 371/3377
f 185/2437 207/3902 370/3466
f 370/3471 186/3903 185/2438
f 369/3051 180/3904 183/2442
f 183/2442 232/2441 369/3051
f 368/2998 178/3338 177/3905
f 177/3855 254/3854 368/2993
f 95/2540 126/3906 392/3409
f 403/3907 299/2850 399/1668
f 399/3908 299/3909 402/3910
f 399/1668 400/1664 401/3911
f 396/3912 397/3913 398/3914
f 336/3915 395/3916 337/3428
f 336/3917 360/3918 395/3919
f 394/3920 355/3921 330/3922
f 330/3922 331/3893 394/3920
f 33/2548 32/3898 393/3031
f 393/3036 212/3923 33/2546
f 367/3924 253/2933 365/2571
f 392/3414 92/3925 95/2549
f 391/3382 207/3926 187/2534
f 187/2535 186/3927 391/3355
f 389/3077 390/1383 19/1382
f 19/1382 18/3928 389/3077
f 114/2552 148/3929 388/3053
f 388/3028 115/3930 114/2559
f 386/2851 387/3931 385/3932
f 386/2851 299/2850 387/3931
f 332/3933 333/2745 334/2754
f 346/3934 198/3935 146/3936
f 146/3937 84/3938 346/3939
f 344/3940 345/461 342/3941
f 342/2491 343/3942 344/3943
f 340/658 341/1504 338/3320
f 338/3320 339/1364 340/658
f 269/3882 337/3428 270/3251
f 269/3882 336/3915 337/3428
f 269/3835 291/3817 336/3917
f 334/2754 335/2815 332/3933
f 57/2344 347/2343 348/3472
f 331/3893 330/3922 263/3826
f 263/3826 284/3825 331/3893
f 330/3922 307/3839 263/3826
f 328/3944 329/2395 326/2394
f 326/2430 327/2429 328/3945
f 97/2486 325/2485 324/3292
f 324/3296 98/3946 97/2564
f 323/3947 123/3948 122/2476
f 122/2476 154/2475 323/3947
f 307/3839 330/3922 355/3921
f 365/2587 366/2586 367/3949
f 363/3006 364/1506 361/183
f 361/183 362/3152 363/3006
f 291/3817 359/3950 360/3918
f 360/3918 336/3917 291/3817
f 291/3817 292/3816 359/3950
f 42/3951 41/3952 357/195
f 357/195 358/3656 42/3951
f 356/2744 308/144 307/3837
f 307/3837 355/3953 356/2744
f 237/2264 238/2465 236/3954
f 353/3955 354/2302 352/1927
f 352/1927 329/2393 353/3955
f 351/3956 325/3957 99/2530
f 99/2531 98/3958 351/3351
f 350/3352 22/3959 25/2339
f 25/2338 303/3960 350/3353
f 181/2528 180/3961 349/3415
f 349/3419 230/2378 181/2396
f 348/3475 54/2384 57/2383
f 2556/1766 99/2530 325/3957
f 100/3962 102/3757 104/3756
f 103/3963 101/3964 100/3965
f 100/3966 101/3967 102/3968
f 98/3958 99/2531 96/1998
f 96/2003 97/2564 98/3946
f 94/1933 95/2549 92/3925
f 92/3901 93/2533 94/1934
f 90/3969 91/2312 88/2008
f 88/2013 89/2246 90/3970
f 86/1772 59/2556 87/3850
f 53/3971 16/3972 84/3973
f 84/3938 85/3974 53/3975
f 82/987 83/1068 80/1067
f 80/1067 81/1669 82/987
f 45/3976 47/1737 79/1728
f 45/3977 78/3818 46/2380
f 79/1728 77/3978 45/3976
f 45/3977 77/3979 78/3818
f 76/3980 44/2136 74/2135
f 113/2180 114/2559 115/3930
f 132/3981 105/3982 37/3983
f 128/3984 129/2449 127/3985
f 127/3899 31/2324 128/1929
f 126/3906 95/2540 125/1921
f 125/1902 93/2532 126/3900
f 123/3986 124/2457 121/2456
f 121/2561 122/2476 123/3948
f 119/3832 120/3831 117/3987
f 117/1954 118/2366 119/3988
f 115/3989 116/2570 113/2175
f 74/2135 75/2663 76/3980
f 112/3990 16/3972 17/3991
f 17/3992 111/3993 112/3994
f 7/3995 110/3996 8/3997
f 7/2410 48/1644 110/1642
f 109/3998 79/3999 77/4000
f 109/3998 78/4001 77/4000
f 106/389 107/2821 108/2089
f 105/3982 71/4002 38/2415
f 38/2415 37/3983 105/3982
f 20/1911 21/2341 18/4003
f 41/4004 42/90 43/89
f 40/1547 37/4005 39/2444
f 37/3983 38/2415 39/2414
f 34/3865 35/1994 36/1997
f 32/3898 33/2548 30/1977
f 30/1977 31/2337 32/3898
f 28/2267 29/2266 26/4006
f 26/3845 27/2553 28/2517
f 24/1830 25/2339 22/3959
f 22/3802 23/2555 24/1831
f 43/89 44/2136 41/4004
f 18/3928 19/1382 20/1912
f 13/4007 17/4008 16/4009
f 16/4010 14/2418 13/2417
f 10/2420 11/2419 12/2720
f 8/3997 9/4011 6/4012
f 6/4012 7/3995 8/3997
f 1/4013 4/4014 5/4015
f 1/4013 3/4016 5/4015
f 1/2386 2/2387 4/4017
f 54/2384 55/2490 56/1862
f 70/2392 72/545 73/546
f 70/2392 71/4018 72/545
f 70/2427 38/2415 71/4002
f 68/1818 69/2358 66/3843
f 66/3867 67/2507 68/1819
f 64/2005 65/4019 62/3844
f 62/3844 63/2508 64/2005
f 60/1782 61/2568 58/3873
f 58/3849 59/2557 60/1783
f 2554/1779 23/2554 303/3805
f 133/1550 132/4020 37/4005
f 16/4021 53/4022 14/4023
f 52/2683 12/2720 11/2419
f 49/2385 51/1660 48/1644
f 49/2385 50/2423 51/1660
f 48/1644 7/2410 49/2385
f 2/4024 4/1738 47/1737
f 303/3960 25/2338 2554/1774
f 47/1737 45/3976 2/4024
f 2/2382 45/3977 46/2380
f 174/4025 147/4026 198/3935
f 210/4027 158/4028 209/4029
f 209/4030 156/2360 210/2359
f 208/1908 187/2534 207/3926
f 207/3902 185/2437 208/1903
f 205/2315 206/2314 204/4031
f 204/4031 21/2340 205/2315
f 203/4032 199/4033 201/1981
f 201/1990 202/2550 203/4034
f 199/4033 200/2537 201/1981
f 174/4025 198/3935 175/4035
f 211/2030 33/2546 212/3923
f 172/4036 197/3879 139/3345
f 173/1219 195/3860 172/4037
f 172/4036 196/4038 197/3879
f 195/3860 196/4039 172/4037
f 194/3864 167/3863 105/3982
f 105/3982 132/3981 194/3864
f 163/3029 193/2259 164/2258
f 192/2304 162/2303 191/4040
f 191/4041 160/2261 192/2260
f 190/3798 65/2436 188/2435
f 221/4042 8/3997 110/3996
f 236/4043 29/2266 237/4044
f 235/4045 89/2246 233/2268
f 233/2364 234/2363 235/4046
f 231/3286 232/2459 229/2458
f 229/2379 230/2378 231/3334
f 227/1957 228/2480 226/3305
f 226/3306 202/2550 227/1958
f 147/4026 146/3936 198/3935
f 224/4047 225/1501 222/1503
f 222/1503 223/4048 224/4047
f 188/2566 189/2565 190/3871
f 220/3880 197/3879 196/4038
f 196/4049 219/1262 220/3859
f 196/4049 195/3861 219/1262
f 132/4020 133/1550 218/1567
f 218/1567 217/3823 132/4020
f 217/3827 194/3864 132/3981
f 215/1812 216/2506 213/3018
f 213/2978 214/2487 215/1813
f 212/4050 129/2449 211/2028
f 145/4051 142/1698 50/2422
f 155/2237 156/4052 157/4053
f 153/4054 154/2477 152/2034
f 152/2455 124/2454 153/4055
f 151/1884 120/2272 150/4056
f 150/3806 118/2365 151/1794
f 149/2154 116/2569 148/4057
f 148/3929 114/2552 149/2155
f 84/3938 146/3937 85/3974
f 146/3937 147/4058 85/3974
f 144/4059 145/4051 50/2422
f 157/4053 158/2453 155/2237
f 50/2422 143/2271 144/4059
f 142/1698 51/1697 50/2422
f 81/1669 140/1218 137/4060
f 141/4061 81/1669 137/4060
f 137/4062 139/3345 141/3346
f 140/1220 138/4063 137/4064
f 137/4062 138/4065 139/3345
f 134/4066 135/2544 136/428
f 37/4005 40/1547 133/1550
f 138/4065 172/4036 139/3345
f 186/3927 187/2535 184/1940
f 184/1939 185/2438 186/3903
f 182/2040 183/2442 180/3904
f 180/3961 181/2528 182/2041
f 178/4067 179/2277 176/2017
f 176/4068 177/3905 178/3338
f 175/4069 112/3994 111/3993
f 111/3993 174/4070 175/4069
f 140/1220 173/1219 138/4063
f 173/1219 172/4037 138/4063
f 401/3911 403/3907 399/1668
f 169/316 170/315 171/3889
f 168/143 72/545 71/4018
f 71/4018 167/3862 168/143
f 71/4002 105/3982 167/3863
f 166/3842 163/4071 165/1759
f 165/4072 130/4073 166/4074
f 163/4071 164/1763 165/1759
f 161/4075 162/2306 159/2305
f 159/2263 160/2262 161/4076
f 567/4077 537/4078 509/4079
f 558/4080 557/2701 224/1606
f 224/1606 574/3536 558/4080
f 485/4081 499/1573 573/1365
f 573/1365 339/1364 485/4081
f 339/1364 540/4082 485/4081
f 538/4083 572/2970 571/4084
f 571/4084 570/4085 538/4083
f 569/4086 570/4085 571/4084
f 509/4087 510/111 568/2116
f 568/2116 567/4088 509/4087
f 575/968 576/967 577/4089
f 566/3404 426/3403 191/4041
f 191/4040 449/3427 566/3426
f 62/3844 493/3022 565/3021
f 565/3021 304/3461 62/3844
f 564/3356 391/3355 186/3927
f 186/3903 370/3471 564/3470
f 58/3873 278/3445 563/3444
f 563/3300 256/3299 58/3849
f 562/4090 84/3973 16/3972
f 16/3972 112/3990 562/4090
f 157/4053 425/2985 583/2984
f 338/3320 587/3322 540/4082
f 587/3325 527/4091 540/4092
f 339/1364 338/3320 540/4082
f 538/4083 570/4085 555/4093
f 586/3331 585/3330 524/4094
f 524/4094 537/4078 586/3331
f 585/3330 553/4095 524/4094
f 584/3372 372/3371 127/3899
f 127/3985 464/3451 584/3460
f 583/2984 462/3163 157/4053
f 561/16 557/2701 559/4096
f 207/3926 391/3382 582/3381
f 582/3467 370/3466 207/3902
f 180/3904 369/3051 581/3050
f 581/3416 349/3415 180/3961
f 580/4097 404/4098 115/3989
f 115/3930 388/3028 580/3027
f 253/2933 367/3924 579/4099
f 579/4100 250/3857 253/2934
f 577/4101 578/671 575/670
f 535/3378 371/3377 92/3901
f 541/2613 542/3737 543/4102
f 468/4103 540/4092 527/4091
f 468/4103 485/4104 540/4092
f 526/4105 525/2944 538/4083
f 538/4083 539/4106 526/4105
f 537/4078 524/4094 481/4107
f 481/4107 509/4079 537/4078
f 536/3263 305/3262 262/2431
f 262/2434 261/3332 536/3097
f 92/3925 392/3414 535/3413
f 543/4102 544/4108 541/2613
f 534/3167 492/3442 153/4054
f 153/4055 478/3268 534/3168
f 533/3052 369/3051 232/2441
f 232/2459 231/3286 533/3285
f 54/2384 348/3475 532/3174
f 532/3174 320/3450 54/2384
f 403/3907 387/3931 299/2850
f 298/4109 402/4110 299/4111
f 530/1633 531/1632 529/4112
f 551/3410 392/3409 126/3906
f 559/4096 560/3677 561/16
f 557/2701 558/4080 559/4096
f 556/4113 454/4114 511/4115
f 511/4115 528/4116 556/4113
f 538/4083 555/4093 539/4106
f 554/2801 496/2817 495/4117
f 495/4117 553/4118 554/2801
f 495/4119 524/4094 553/4095
f 161/4076 426/3408 552/3407
f 552/3435 449/3434 161/4075
f 588/1804 589/1802 590/4120
f 126/3900 371/3376 551/3375
f 550/3207 461/3206 90/3969
f 90/3970 447/2947 550/2969
f 18/4003 405/2952 549/2951
f 549/3078 389/3077 18/3928
f 548/3388 444/3387 321/2399
f 321/2401 320/3449 548/3448
f 15/2402 547/2408 545/4121
f 545/4122 546/2484 15/2483
f 632/3592 633/3343 629/4123
f 239/3868 494/3223 637/3222
f 637/2980 480/2979 239/3869
f 259/3846 507/3224 636/3227
f 636/3298 479/3297 259/3847
f 257/3848 461/3205 635/3010
f 635/3010 424/3009 257/3848
f 277/4124 443/3310 273/4125
f 273/4125 443/3310 634/3308
f 634/3340 442/4126 273/4127
f 629/4123 631/3527 632/3592
f 638/156 624/3258 567/4088
f 629/4123 630/3668 631/3527
f 628/3594 590/4120 589/1802
f 589/1802 627/1917 628/3594
f 527/4091 587/3325 626/3324
f 626/3324 608/4128 527/4091
f 625/573 311/1107 310/4129
f 310/4129 333/4130 625/573
f 624/3261 586/3331 537/4078
f 537/4131 567/4088 624/3258
f 623/3032 393/3031 32/3898
f 645/565 646/1718 644/4132
f 190/3871 280/3439 655/3438
f 654/3127 521/3126 323/3947
f 323/4133 492/3442 654/3441
f 653/3786 504/3782 203/4032
f 203/4034 422/2958 653/2957
f 634/3340 651/3339 442/4126
f 442/4134 652/4135 443/4136
f 651/3313 652/3312 442/4137
f 649/2103 650/4138 647/4139
f 647/4139 648/4140 649/2103
f 32/3898 372/3370 623/3032
f 644/1694 142/1693 642/3302
f 644/4132 643/3318 645/565
f 642/3302 643/3304 644/1694
f 641/3254 609/3253 608/4141
f 608/4128 626/3324 641/3280
f 640/574 625/573 333/4130
f 333/4130 332/1236 640/574
f 567/4088 568/2116 639/157
f 639/157 638/156 567/4088
f 148/4057 404/3083 598/3082
f 553/4118 603/1228 554/2801
f 553/4118 585/3329 603/1228
f 212/3923 393/3036 602/3035
f 602/3452 464/3451 212/4050
f 601/2987 425/2986 209/4030
f 209/4029 463/3039 601/3038
f 302/3803 506/3230 600/3229
f 600/3044 406/3043 302/3804
f 599/2991 423/2990 390/2409
f 390/1383 389/3077 599/3080
f 604/4142 605/3694 606/1565
f 598/3054 388/3053 148/3929
f 402/4143 403/4144 401/4145
f 402/4143 298/4146 403/4144
f 401/4145 276/4147 402/4143
f 595/2585 596/2584 593/3430
f 596/2584 597/4148 593/3430
f 593/3430 594/4149 595/2585
f 590/4120 591/3653 588/1804
f 591/3653 592/2209 588/1804
f 617/2722 614/2724 615/4150
f 236/3954 622/3203 621/3202
f 236/3954 479/4151 622/3203
f 621/3265 448/3264 236/4043
f 620/2948 447/2947 235/4045
f 235/4046 424/3076 620/3075
f 204/4031 423/3090 619/2954
f 619/2954 405/2953 204/4031
f 254/3853 460/3195 618/3194
f 618/2994 368/2993 254/3854
f 276/4147 401/4145 277/4152
f 529/4112 515/1671 530/1633
f 615/4150 616/3501 617/2722
f 614/2724 594/3796 615/4150
f 472/440 613/484 611/4153
f 611/4153 612/441 472/440
f 610/1387 556/4113 528/4116
f 528/4116 609/3253 610/1387
f 528/4116 608/4141 609/3253
f 528/4154 527/4091 608/4128
f 606/1565 607/4155 604/4142
f 445/3473 348/3472 347/2343
f 450/4156 412/4157 375/3892
f 449/3427 191/4040 162/2303
f 162/2306 161/4075 449/3434
f 29/2266 236/4043 448/3264
f 448/3264 26/4006 29/2266
f 89/2246 235/4045 447/2947
f 447/2947 90/3970 89/2246
f 446/3131 278/3446 87/2439
f 87/3850 256/3255 446/3132
f 347/2342 444/3387 445/3386
f 451/112 450/4158 375/3891
f 347/2342 321/2399 444/3387
f 274/2106 443/4136 277/4159
f 274/2106 442/4134 443/4136
f 274/3877 273/3876 442/4160
f 440/4161 441/460 438/463
f 438/463 439/1647 440/4161
f 436/3104 437/1303 434/1324
f 434/1324 435/3105 436/3104
f 360/3918 417/4162 433/4163
f 433/4163 395/3919 360/3918
f 459/4164 317/3833 316/2285
f 394/3920 412/4157 465/4165
f 129/2449 212/4050 464/3451
f 464/3451 127/3985 129/2449
f 462/3041 463/3040 158/4166
f 463/3039 209/4029 158/4028
f 158/2453 157/4053 462/3163
f 461/3205 257/3848 91/2310
f 91/2312 90/3969 461/3206
f 179/4167 178/3337 460/3188
f 460/3195 254/3853 179/3852
f 429/4168 264/3883 268/3431
f 316/2285 458/2284 459/4164
f 421/3713 420/182 456/798
f 456/798 457/3562 421/3713
f 395/3916 454/4114 455/3429
f 455/3429 337/3428 395/3916
f 395/3916 433/4169 454/4114
f 430/4170 268/3431 452/3361
f 452/3361 453/4171 430/4170
f 375/3891 376/3890 451/112
f 411/4172 410/3117 407/4173
f 378/1563 419/4174 359/3887
f 419/4174 418/4175 359/3887
f 418/4176 417/4162 359/3950
f 417/4162 360/3918 359/3950
f 413/4177 416/4178 265/4179
f 265/4180 415/4181 416/4182
f 264/3883 415/4183 265/3885
f 413/4184 414/901 265/907
f 412/4157 394/3920 331/3893
f 331/3893 375/3892 412/4157
f 420/182 421/3713 362/3152
f 407/4185 409/4186 411/4187
f 410/3117 408/3116 407/4173
f 407/4188 408/3119 409/3118
f 406/3048 350/3353 303/3960
f 303/3805 302/3804 406/3043
f 21/2340 204/4031 405/2953
f 405/2952 18/4003 21/2341
f 404/3083 148/4057 116/2569
f 116/2570 115/3989 404/4098
f 425/2985 157/4053 156/4052
f 429/4168 415/4183 264/3883
f 415/3270 432/3271 429/4189
f 268/3431 430/4170 429/4168
f 429/245 430/930 431/2916
f 428/2785 356/2744 355/3953
f 355/3953 427/4190 428/2785
f 355/3921 394/3920 427/4191
f 160/2261 191/4041 426/3403
f 426/3408 161/4076 160/2262
f 156/2360 209/4030 425/2986
f 465/4165 427/4191 394/3920
f 234/2351 257/3848 424/3009
f 424/3076 235/4046 234/2363
f 423/3090 204/4031 206/2314
f 206/2313 390/2409 423/2990
f 202/2550 226/3306 422/2958
f 422/2958 203/4034 202/2550
f 277/4159 401/3911 400/1664
f 400/1664 274/2106 277/4159
f 362/3152 361/183 420/182
f 506/3230 302/3803 22/3802
f 433/4169 511/4115 454/4114
f 433/4163 469/4192 511/4193
f 450/4158 451/112 510/111
f 510/111 509/4087 450/4158
f 509/4079 481/4107 450/4156
f 98/3946 324/3296 508/3156
f 508/3161 351/3351 98/3958
f 26/4006 448/3264 507/3267
f 507/3224 259/3846 26/3845
f 22/3959 350/3352 506/3231
f 512/4194 513/1234 514/1233
f 505/3171 301/3807 150/3806
f 150/3806 322/3354 505/3171
f 504/3401 300/3400 199/3810
f 199/4033 203/4032 504/3782
f 503/4195 489/4196 251/2940
f 251/2940 250/3858 503/4195
f 471/3519 470/797 501/1216
f 501/1216 502/1215 471/3519
f 419/4174 378/1563 500/511
f 500/511 499/1573 419/4174
f 522/3440 280/3439 279/4197
f 527/4091 528/4154 469/4192
f 528/4154 511/4193 469/4192
f 469/4192 468/4103 527/4091
f 498/4198 497/2945 525/2944
f 525/2944 526/4105 498/4198
f 524/4094 495/4119 465/4165
f 465/4165 481/4107 524/4094
f 523/3295 324/3292 325/2485
f 325/3957 351/3956 523/4199
f 279/2291 304/3465 522/3464
f 499/1573 485/4081 419/4174
f 521/3125 478/3269 123/3986
f 123/3948 323/3947 521/3126
f 230/2378 349/3419 520/3335
f 520/3335 231/3334 230/2378
f 228/2479 300/3400 519/3135
f 519/3140 226/3305 228/2480
f 296/2856 385/3897 297/4200
f 516/2061 517/2236 518/2058
f 514/1233 515/1671 512/4194
f 476/4201 477/4202 459/4203
f 466/3360 482/3362 483/4204
f 481/4107 465/4165 412/4157
f 412/4157 450/4156 481/4107
f 480/2979 261/3333 240/2469
f 240/2469 239/3869 480/2979
f 238/2473 259/3847 479/3297
f 479/4151 236/3954 238/2465
f 478/3268 153/4055 124/2454
f 124/2457 123/3986 478/3269
f 459/4203 458/4205 476/4201
f 483/4204 484/3402 466/3360
f 474/4206 475/482 472/440
f 472/440 473/439 474/4206
f 457/3562 456/798 470/797
f 470/797 471/3519 457/3562
f 468/4103 469/4192 417/4162
f 469/4192 433/4163 417/4162
f 417/4162 418/4176 468/4103
f 453/4171 452/3361 466/3360
f 466/3360 467/4207 453/4171
f 154/2477 153/4054 492/3442
f 467/4207 466/3360 497/2945
f 497/2945 498/4198 467/4207
f 496/2817 428/2785 427/4190
f 427/4190 495/4117 496/2817
f 427/4191 465/4165 495/4119
f 66/3843 305/3262 494/3218
f 494/3223 239/3868 66/3867
f 65/2436 190/3798 493/3023
f 493/3022 62/3844 65/4019
f 492/3442 323/4133 154/2477
f 1707/1427 611/4153 613/484
f 119/3808 301/3384 491/3234
f 491/3239 322/3319 119/3832
f 490/1385 367/3949 366/2586
f 366/2586 489/4208 490/1385
f 366/2586 251/2612 489/4208
f 488/1304 437/1303 486/3539
f 486/3539 487/3185 488/1304
f 485/4104 468/4103 418/4176
f 418/4175 419/4174 485/4081
f 1538/1514 1422/4209 1194/4210
f 1543/1807 1544/1688 1545/4211
f 1509/4212 1542/4213 1511/4214
f 1509/4215 1510/4216 1542/4217
f 1507/4218 1529/4219 1541/2839
f 1541/2839 1521/4220 1507/4218
f 1540/393 1233/392 353/3955
f 353/3955 1217/492 1540/393
f 1232/4221 1411/4222 1477/4223
f 1539/4224 1373/4225 1253/4226
f 1253/4227 1383/4228 1539/4229
f 1545/4211 1546/1943 1543/1807
f 1194/4210 1303/4230 1538/1514
f 1313/4231 1303/4232 1194/4233
f 1251/4234 1421/4235 1537/1515
f 1537/1516 1408/4236 1251/4237
f 1536/1536 1407/4238 1240/4239
f 1240/4240 1432/4241 1536/1535
f 385/3932 1212/1517 1535/1518
f 1535/4242 297/4200 385/3897
f 1533/2279 1534/4243 1532/4244
f 1552/1378 1398/4245 1268/4246
f 1541/2839 1556/2891 1521/4220
f 1556/666 1483/665 1521/4247
f 839/3211 1448/4248 1555/4249
f 1555/436 1331/435 839/4250
f 1331/4251 1554/1703 839/4252
f 1554/4253 1157/4254 839/4255
f 1243/4256 1436/4257 1553/1376
f 1553/1376 1384/4258 1243/4256
f 1268/4246 1373/4259 1552/1378
f 1532/4244 475/4260 1533/2279
f 1551/4261 1550/4262 1204/4263
f 1204/4263 1313/4264 1551/4261
f 1550/4262 1267/4265 1204/4263
f 1549/1442 1433/4266 1302/4267
f 1302/4267 1408/4268 1549/1442
f 1349/4269 1395/4270 1548/1355
f 1548/1340 1350/4271 1349/4272
f 1225/4273 1547/2278 1209/4274
f 1547/2278 1210/2280 1209/4274
f 1196/4275 1384/4276 1519/1411
f 1486/4277 1509/4212 1511/4214
f 1486/4277 1511/4214 1470/80
f 1470/80 1440/4278 1486/4277
f 108/4279 1508/944 1143/971
f 1143/971 377/1069 108/4279
f 1482/4280 1521/4247 1483/665
f 1482/4281 1507/4282 1521/4283
f 1296/4284 1493/4285 1520/1238
f 1520/1238 1293/1237 1296/4284
f 441/4286 440/4287 1522/1143
f 1519/1412 1315/4288 1196/4289
f 1518/1413 1447/4290 1231/4291
f 1231/4292 1338/4293 1518/1398
f 1517/4294 1381/4295 1290/4296
f 1290/4297 1396/4298 1517/4299
f 1192/4300 1350/4301 1516/4302
f 1516/4302 1277/4303 1192/4300
f 250/3857 579/4100 1515/1464
f 1515/1465 503/4195 250/3858
f 1304/4304 1447/4305 1527/4306
f 1512/4307 1073/462 345/461
f 345/461 344/3940 1512/4307
f 1531/4308 1510/4216 1469/4309
f 1469/4309 1496/4310 1531/4308
f 1494/4311 1495/631 1530/630
f 1530/630 1529/4312 1494/4311
f 1529/4313 1507/4282 1494/4314
f 821/3197 1233/397 1528/396
f 1528/396 1206/1599 821/3197
f 1496/4315 574/3536 1004/1605
f 1527/1428 1338/4316 1304/4317
f 1241/4318 1526/4319 1525/4320
f 1241/4318 1370/4321 1526/4319
f 1525/1417 1351/4322 1241/4323
f 1228/4324 1420/4325 1524/4326
f 1524/4327 1432/4241 1228/4328
f 1523/352 490/1385 489/4208
f 489/4196 503/4195 1523/347
f 1522/1143 1199/2538 441/4286
f 1576/4329 1587/4330 1588/1447
f 640/574 662/4331 1391/4332
f 1244/4333 1256/1554 1569/4334
f 1328/4335 1567/1437 1591/1436
f 1591/1436 1329/4336 1328/4335
f 1590/1460 1434/4337 1252/4338
f 1252/4339 1291/4340 1590/1461
f 1289/4341 1489/1421 1589/1420
f 1589/1496 1455/4342 1289/4343
f 1576/4329 1588/1447 174/2657
f 1391/4332 1390/572 640/574
f 174/2657 111/4344 1576/4329
f 1585/1402 1586/921 1226/924
f 1209/1646 1559/1404 1585/1402
f 1585/1402 1226/924 1209/1646
f 1557/2226 1584/4345 1531/4346
f 1584/4347 1571/4348 1531/4308
f 1389/4349 1583/1108 1390/572
f 1389/4349 1570/1264 1583/1108
f 1581/737 1582/2024 1579/766
f 1013/3564 1245/4350 1596/4351
f 1594/2270 1593/4352 518/4353
f 517/4354 143/2271 1594/2270
f 518/4353 517/4354 1594/2270
f 1598/4355 1592/4356 1571/4348
f 1571/4348 1584/4347 1598/4355
f 662/4331 640/574 974/1235
f 974/1235 659/1675 662/4331
f 1013/3564 1596/4351 1597/596
f 1597/596 1269/595 1013/3564
f 1579/766 1580/765 1581/737
f 1303/4230 1434/4357 1538/1514
f 1525/1417 1474/4358 1351/4322
f 1595/1138 1489/1418 1301/4359
f 1301/4360 1455/4361 1595/1139
f 1573/2543 1572/4362 1593/4352
f 1593/4352 1594/2270 1573/2543
f 1542/4213 1592/4363 1512/4307
f 1542/4217 1571/4348 1592/4356
f 1512/4307 1511/4214 1542/4213
f 1213/4364 1407/4365 1563/1508
f 1568/1344 1567/1438 1254/4366
f 1254/4366 1329/4367 1568/1344
f 1567/4368 1328/4369 1254/4370
f 1280/4371 1398/4372 1566/4373
f 1566/4374 1383/4228 1280/4375
f 1550/4376 1565/4377 1267/4378
f 1565/4379 1266/4380 1267/4381
f 1265/4382 1433/4383 1564/1354
f 1564/4384 1421/4235 1265/4385
f 1156/4386 1157/4387 1244/4388
f 1563/1508 1420/4389 1213/4364
f 1560/4390 1562/2416 14/2418
f 14/2418 851/4391 1560/4390
f 1560/4390 1561/4392 1562/2416
f 1072/3670 1559/1404 439/1647
f 439/1647 438/463 1072/3670
f 1558/1611 1557/2226 1496/4315
f 1496/4315 1004/1605 1558/1611
f 1557/2226 1531/4346 1496/4315
f 1574/1944 1546/1943 1575/4393
f 1554/4253 1245/4350 1157/4254
f 1292/4394 1458/4395 1578/1476
f 1578/1479 1411/4222 1292/4396
f 1327/4397 1457/4398 1577/4399
f 1577/1350 1354/4400 1327/4401
f 1277/4303 1516/4302 1472/4402
f 1239/990 1576/989 111/3993
f 111/4403 17/4404 1239/4405
f 1575/4393 1572/4362 1574/1944
f 1514/1145 474/1142 473/4406
f 1572/4362 1573/2543 1574/1944
f 1571/4348 1542/4217 1510/4216
f 1510/4216 1531/4308 1571/4348
f 1376/4407 960/466 1365/1265
f 1365/1265 1570/1264 1376/4407
f 1529/4219 1530/2840 1541/2839
f 1569/1704 1554/1703 1156/4408
f 1156/4408 1554/1703 1331/4251
f 1156/4409 1244/4333 1569/4334
f 1450/721 1449/4410 1399/4411
f 754/3424 1454/107 755/1866
f 754/3424 1445/509 1454/107
f 1403/4412 1440/4278 1168/4413
f 1168/4413 769/4414 1403/4412
f 574/3536 1453/4415 1416/4416
f 1105/4417 319/2373 1089/3589
f 1416/4416 558/4080 574/3536
f 1048/1052 1068/1051 1451/4418
f 1451/4418 1452/4419 1048/1052
f 1399/4411 1400/887 1450/721
f 1136/4420 1289/4343 1455/4342
f 1449/4421 1426/4422 1399/4423
f 373/4424 1330/4425 1448/4426
f 1448/4248 839/3211 373/3210
f 1447/4305 1304/4304 1128/4427
f 1128/4428 1231/4291 1447/4290
f 1193/4429 1336/4430 1446/4431
f 1446/4432 1326/4433 1193/4434
f 1325/4435 1334/4436 1151/4437
f 1201/4438 1182/4439 175/4069
f 1463/4440 1459/4441 1461/4442
f 1430/4443 1453/4444 1469/4309
f 1468/4445 1441/4446 1430/4443
f 1066/3600 1467/241 1083/871
f 1066/3600 1065/196 1467/241
f 1426/4422 1449/4421 1466/4447
f 1466/4447 1438/4448 1426/4422
f 1462/4449 1464/4450 1461/4451
f 1461/4442 1465/4452 1463/4440
f 1464/4453 1465/4454 1461/4455
f 1442/4456 1444/2201 1431/108
f 1461/4451 1460/4457 1462/4449
f 1459/4458 1460/4459 1461/4460
f 1163/4461 1305/4462 1458/4463
f 1458/4395 1292/4394 1163/4464
f 1242/4465 1435/4466 1457/4398
f 1457/4398 1327/4397 1242/4465
f 1456/4467 1336/4468 1202/4469
f 1202/4470 1326/4471 1456/4472
f 1455/4361 1301/4360 1136/4473
f 1430/4443 1402/4474 1392/4475
f 1137/4476 1302/4267 1433/4266
f 1432/4241 1240/4240 1124/4477
f 1124/4477 1228/4328 1432/4241
f 1418/1422 545/4478 547/2407
f 1431/108 711/2202 714/3278
f 714/3278 744/109 1431/108
f 12/4479 945/3792 944/2915
f 944/2915 10/4480 12/4479
f 1392/4475 1416/4481 1430/4443
f 1433/4383 1265/4382 1137/4482
f 1428/4483 1429/23 1427/4484
f 1429/23 1032/1171 1427/4484
f 1427/4484 1049/3657 1428/4483
f 1375/4485 1399/4423 1426/4422
f 1426/4422 1386/4486 1375/4485
f 807/3017 1424/1000 1425/999
f 1425/999 1197/1583 807/3017
f 807/3019 1141/1678 1424/996
f 1130/4487 1243/4256 1384/4258
f 1386/4488 1438/4489 1439/694
f 1431/108 1445/509 1442/4456
f 1442/4456 1443/4490 1444/2201
f 1367/4491 1403/4412 769/4414
f 769/4414 768/4492 1367/4491
f 1402/4493 1441/4494 1440/4278
f 1402/4474 1430/4443 1441/4446
f 1440/4278 1403/4412 1402/4493
f 1048/1052 1428/4483 1049/3657
f 1439/694 1387/853 1386/4488
f 1469/4309 1468/4445 1430/4443
f 1386/4486 1426/4422 1438/4448
f 1437/494 1217/493 328/3944
f 328/3945 1206/1603 1437/1602
f 1175/4495 1315/4496 1436/4497
f 1436/4257 1243/4256 1175/4498
f 1174/4499 1314/4500 1435/4501
f 1435/4501 1242/4502 1174/4499
f 1434/4337 1303/4503 1173/4504
f 1173/4504 1252/4338 1434/4337
f 574/3536 1496/4315 1453/4415
f 1502/1441 1337/4505 1215/4506
f 1278/4507 1381/4508 1501/4509
f 1501/4510 1396/4511 1278/4512
f 1183/4513 1335/4514 1500/1443
f 1500/1444 1325/4515 1183/4516
f 223/4048 222/1503 1498/1961
f 1498/1961 1499/4517 223/4048
f 1488/2125 1487/4518 249/4519
f 249/4519 1497/2087 1488/2125
f 1215/4520 1353/4521 1502/1440
f 1496/4310 1469/4309 1453/4444
f 1084/3598 1083/871 1100/873
f 1449/4410 1450/721 1495/631
f 1495/631 1494/4311 1449/4410
f 1494/4314 1466/4447 1449/4421
f 1178/4522 1176/4523 1493/4285
f 1493/4285 1296/4284 1178/4522
f 1178/4524 1492/4525 1177/4526
f 1296/4527 1492/4525 1178/4524
f 1466/4447 1494/4314 1507/4282
f 473/4406 1513/4528 1514/1145
f 343/81 1470/80 1511/4214
f 1511/4214 1512/4307 344/3940
f 1511/4214 344/3940 343/81
f 1510/4216 1509/4215 1468/4445
f 1468/4445 1469/4309 1510/4216
f 1509/4215 1486/4529 1468/4445
f 107/3618 1101/1006 1508/944
f 1508/944 108/4279 107/3618
f 1216/4530 1374/4531 1491/4532
f 1507/4282 1482/4281 1466/4447
f 1492/4533 1506/4534 1505/1229
f 1492/4533 1295/4535 1506/4534
f 1505/1229 1177/1231 1492/4533
f 1492/4525 1296/4527 1295/4536
f 1504/4537 1374/4538 1205/4539
f 1205/4540 1355/4541 1504/4542
f 1503/4543 1423/4544 1195/4545
f 1195/4546 1410/4547 1503/4548
f 1230/4549 1337/4550 1475/1353
f 1357/4551 1481/4552 1479/4553
f 1480/4554 1481/4555 1357/4556
f 1479/4553 1358/4557 1357/4551
f 1155/4558 1477/4559 1478/4560
f 1478/4561 1305/4462 1155/4562
f 1155/4558 1232/4563 1477/4559
f 1476/4564 1435/4501 1314/4500
f 1314/4565 1354/4566 1476/4567
f 1475/1353 1352/4568 1230/4549
f 1359/4569 1480/4570 1357/4571
f 1474/4572 1473/4573 1214/4574
f 1214/4574 1351/4575 1474/4572
f 1473/4573 1229/4576 1214/4574
f 1472/1384 1395/4577 1106/4578
f 1106/4578 1277/4579 1472/1384
f 770/1797 1471/325 771/3064
f 1471/325 1160/327 771/3064
f 1440/4278 1470/80 1180/82
f 1180/82 1168/4413 1440/4278
f 977/2867 976/3751 1487/4518
f 1491/4580 1355/4581 1216/4582
f 1186/4583 1423/4584 1490/4585
f 1490/4586 1410/4587 1186/4588
f 1313/4264 1204/4263 1203/4589
f 1313/4590 1194/4591 1203/4592
f 1473/4593 1370/4594 1229/4595
f 1161/4596 1301/4359 1489/1418
f 1489/1421 1289/4341 1161/4597
f 1190/2493 1181/1915 1180/4598
f 1599/4599 1300/4600 879/4601
f 1487/4518 1488/2125 977/2867
f 1441/4494 1486/4277 1440/4278
f 1441/4446 1468/4445 1486/4529
f 44/4602 76/1103 1485/872
f 1485/872 41/3952 44/4602
f 1438/4489 1483/665 1484/664
f 1484/664 1439/694 1438/4489
f 1438/4489 1482/4280 1483/665
f 1438/4448 1466/4447 1482/4281
f 1491/4532 1614/1458 1696/1250
f 915/1792 710/1725 709/1577
f 709/1577 1699/1617 916/4603
f 916/4603 915/1792 709/1577
f 1698/4604 1689/4605 1657/4606
f 1657/4606 1679/4607 1698/4604
f 1485/872 1467/241 41/3952
f 1467/241 357/195 41/3952
f 1677/4608 1678/4609 1697/4610
f 1697/4610 1460/4457 1677/4608
f 1460/4459 1688/4611 1677/4612
f 475/4260 474/1142 1700/1144
f 1696/1307 1605/1528 1491/4580
f 1457/4398 1635/1530 1695/1308
f 1695/1313 1577/1350 1457/4613
f 1434/4337 1590/1460 1694/1202
f 1694/1205 1538/1514 1434/4357
f 1446/4431 1621/1135 1693/1134
f 1693/1470 1613/1469 1446/4432
f 1692/1446 1170/1445 545/4122
f 545/4478 1418/1422 1692/984
f 1476/4567 1604/1459 1705/1244
f 594/4149 593/3430 455/3429
f 611/4153 1707/1427 1679/4614
f 1707/4615 1698/4604 1679/4607
f 1640/4616 377/1069 1627/1070
f 1697/4617 1678/4618 1688/4619
f 1688/4619 1459/4620 1697/4617
f 1688/4611 1460/4459 1459/4458
f 1706/1194 1614/1457 1504/4537
f 1504/4542 1605/1527 1706/1195
f 1513/4528 1200/2510 1514/1145
f 1705/1511 1636/1510 1476/4564
f 1704/1249 1662/1486 1422/4621
f 1422/4209 1538/1514 1704/1232
f 1703/1105 1621/1104 1456/4467
f 1456/4472 1613/1491 1703/1490
f 562/4090 1701/76 1702/75
f 1702/75 1191/414 562/4090
f 562/4090 1182/4622 1701/76
f 475/4260 1700/1144 1533/2279
f 1583/1108 1365/1265 312/4623
f 1683/481 1682/479 459/4624
f 1681/4625 1682/4626 459/4627
f 459/4628 1659/4629 1681/4630
f 1671/4631 1670/2492 1200/2510
f 1200/2510 1513/4528 1671/4631
f 697/1711 696/720 900/719
f 900/719 1680/1597 697/1711
f 611/4153 1679/4614 1645/4632
f 1679/4607 1657/4606 1645/4633
f 1684/1188 1563/1508 1407/4365
f 312/4623 311/1107 1583/1108
f 1655/4634 1656/4635 1678/4609
f 1678/4609 1677/4608 1655/4634
f 1677/4612 1666/4636 1655/4637
f 1675/1088 1676/1087 1447/4638
f 1676/1063 1527/1428 1447/4639
f 1447/4290 1518/1413 1675/1329
f 1353/4640 1475/1352 1674/1335
f 1674/1334 1502/1440 1353/4521
f 1678/4618 1656/4641 1666/4642
f 932/4643 1691/1591 1680/1597
f 899/4644 932/4643 1680/1597
f 1680/1597 900/719 899/4644
f 1689/4605 1690/4645 1651/4646
f 1651/4647 1690/4648 1072/3670
f 1651/4646 1657/4606 1689/4605
f 1072/3670 1071/3669 1651/4647
f 1452/4419 1428/4483 1048/1052
f 1452/4419 1429/23 1428/4483
f 1708/4649 1561/1652 1534/1635
f 1666/4642 1688/4619 1678/4618
f 1666/4636 1677/4612 1688/4611
f 1436/4497 1637/1118 1687/1117
f 1687/1243 1553/1376 1436/4257
f 1686/1201 1552/1377 1373/4225
f 1373/4225 1539/4224 1686/1201
f 1685/1030 1382/4650 1371/4651
f 1371/4652 1372/4653 1685/1031
f 1407/4238 1536/1536 1684/1211
f 1477/4223 1654/1073 1728/1076
f 851/4391 14/2418 53/4654
f 1722/446 1733/444 946/1399
f 1698/4604 1732/1429 1721/1391
f 1698/4604 1707/4615 1732/1429
f 1731/133 451/112 376/3890
f 376/3890 285/1628 1731/133
f 1730/1407 1463/4440 1465/4452
f 1465/4452 1729/1405 1730/1407
f 1465/4454 1464/4453 1729/1410
f 851/4391 53/4654 85/4655
f 1728/1674 1478/4560 1477/4559
f 1490/4585 1664/1124 1727/1123
f 1727/1484 1653/1483 1490/4586
f 1726/1126 1648/1125 1565/4379
f 1565/4377 1550/4376 1726/1686
f 1725/1176 1647/1175 1474/4572
f 1474/4358 1525/1417 1725/1318
f 1516/4302 1620/1167 1724/1166
f 1724/1166 1472/4402 1516/4302
f 1739/1588 1726/1686 1550/4376
f 1743/1367 1732/1368 1707/1427
f 1464/4656 1463/1684 1730/1356
f 1464/4656 1462/1685 1463/1684
f 1730/1356 1742/1343 1464/4656
f 1742/1408 1729/1410 1464/4453
f 1478/4560 1728/1674 1741/1673
f 1741/1019 1624/1018 1478/4561
f 1740/1120 1664/1119 1503/4543
f 1503/4548 1653/1482 1740/1481
f 1723/78 1701/77 1182/4439
f 1550/4262 1738/1670 1739/1589
f 1550/4262 1551/4261 1738/1670
f 1737/1210 1736/1209 1526/4319
f 1526/4319 1602/4657 1737/1210
f 1736/1208 1525/1417 1526/4658
f 1524/4326 1672/1014 1735/1013
f 1735/1534 1536/1535 1524/4327
f 579/4099 1611/304 1734/307
f 1734/657 1515/1464 579/4100
f 1372/4659 1622/1086 1712/1085
f 1691/1591 932/4643 931/1426
f 1690/4648 1715/1400 1559/1404
f 1690/4645 1689/4605 1715/1403
f 1559/1404 1072/3670 1690/4648
f 1460/4457 1697/4610 1714/4660
f 1714/4660 1462/4449 1460/4457
f 1458/4463 1624/1018 1713/1021
f 1713/1477 1578/1476 1458/4395
f 1539/4229 1643/1077 1686/1080
f 931/1426 1716/472 1691/1591
f 1712/1032 1685/1031 1372/4653
f 1501/4509 1642/4661 1711/4662
f 1711/1299 1633/1526 1501/4510
f 1710/1140 1595/1139 1455/4361
f 1455/4342 1589/1496 1710/1495
f 346/3939 1191/418 1709/417
f 1709/617 1201/1357 346/3934
f 1534/4663 1547/2462 1708/2461
f 1534/4243 1533/2279 1547/2278
f 1459/4664 1463/1684 1714/1683
f 1182/4439 1201/4438 1723/78
f 13/2417 1562/2416 1227/4665
f 1562/2416 1225/4273 1227/4665
f 1699/1617 1722/446 946/1399
f 946/1399 916/4603 1699/1617
f 1721/1391 1715/1403 1689/4605
f 1689/4605 1698/4604 1721/1391
f 413/3240 416/4666 415/3241
f 1714/4667 1697/4617 1459/4620
f 1673/1065 1564/1354 1433/4383
f 1566/4373 1649/1286 1720/1285
f 1720/1078 1643/1077 1566/4374
f 1719/1029 1634/1292 1382/4650
f 1382/4650 1685/1030 1719/1029
f 1718/1339 1642/1448 1517/4294
f 1517/4299 1633/1532 1718/1281
f 1211/4668 1619/191 1717/190
f 1717/819 1212/1517 1211/4669
f 1561/4392 1708/4670 1562/2416
f 1279/4671 1409/1379 1622/1081
f 135/4672 1626/4673 1627/1070
f 135/4672 134/4674 1626/4673
f 1271/4675 1606/553 1625/4676
f 1271/4675 1269/554 1606/553
f 1625/4677 1615/4678 1271/4679
f 1305/4462 1478/4561 1624/1018
f 1624/1018 1458/4463 1305/4462
f 1338/4316 1527/1428 1623/1022
f 1623/1027 1518/1398 1338/4293
f 1627/1070 1143/971 135/4672
f 1622/1086 1372/4659 1279/4680
f 1336/4468 1456/4467 1621/1104
f 1621/1135 1446/4431 1336/4430
f 1350/4271 1548/1340 1620/1162
f 1620/1167 1516/4302 1350/4301
f 297/3811 1535/1500 1619/217
f 1619/217 1211/4681 297/3811
f 1123/185 1122/2883 275/2887
f 275/2887 1618/184 1123/185
f 1633/1532 1517/4299 1396/4298
f 1616/4682 1638/4683 1639/4684
f 1616/4685 1615/4686 1638/4687
f 1315/4288 1519/1412 1637/1113
f 1637/1118 1436/4497 1315/4496
f 1435/4501 1636/1510 1635/1513
f 1435/4501 1476/4564 1636/1510
f 1635/1530 1457/4398 1435/4466
f 1634/1291 1409/1379 1397/4688
f 1397/4689 1382/4650 1634/1292
f 517/4354 144/4059 143/2271
f 1396/4511 1501/4510 1633/1526
f 1395/4577 1472/1384 1632/1319
f 1632/1323 1548/1355 1395/4270
f 1630/4690 1394/1537 1404/1716
f 1630/4690 1631/1523 1394/1537
f 1404/1716 1148/4691 1630/4690
f 1629/4692 1628/4693 1598/4355
f 1598/4355 1608/4694 1629/4692
f 1628/4693 1617/4695 1598/4355
f 1354/4400 1577/1350 1604/1351
f 1609/1870 1608/4696 1584/4345
f 1608/4694 1598/4355 1584/4347
f 679/3348 678/24 1429/23
f 1429/23 1452/4419 679/3348
f 1255/4697 1606/4698 1607/1555
f 1607/1555 1256/1554 1255/4697
f 1255/4697 1270/4699 1606/4698
f 1605/1527 1504/4542 1355/4541
f 1355/4581 1491/4580 1605/1528
f 1584/4345 1557/2226 1609/1870
f 1604/1459 1476/4567 1354/4566
f 1603/1156 1475/1353 1337/4550
f 1337/4505 1502/1441 1603/1151
f 1602/4657 1526/4319 1370/4321
f 1370/4594 1473/4593 1602/1369
f 1601/1462 1335/4700 1334/4701
f 1334/4436 1325/4435 1601/1463
f 879/4702 1600/4703 1599/4704
f 879/4702 878/4705 1600/4703
f 1613/1491 1456/4472 1326/4471
f 1592/4363 1617/4706 1512/4307
f 1592/4356 1598/4355 1617/4695
f 357/195 1051/197 358/3656
f 1270/4699 1616/4707 1606/4698
f 1615/4686 1616/4685 1270/4708
f 1270/4708 1271/4709 1615/4686
f 1374/4538 1504/4537 1614/1457
f 1614/1458 1491/4532 1374/4531
f 1475/4710 1353/4711 1352/4712
f 1625/4676 1606/553 1616/4713
f 1326/4433 1446/4432 1613/1469
f 1612/1180 1601/1463 1325/4435
f 1325/4515 1500/1444 1612/1181
f 367/3924 490/1386 1611/304
f 1611/304 579/4099 367/3924
f 252/2943 1298/2942 1300/4714
f 1300/4715 1599/2936 252/2935
f 1238/922 1586/921 1610/1170
f 1610/1170 83/1068 1238/922
f 756/3422 755/1866 1658/326
f 1663/1316 1590/1461 1291/4340
f 1291/4716 1422/4621 1662/1486
f 1661/1039 1537/1515 1421/4235
f 1421/4235 1564/4384 1661/1039
f 1335/4700 1601/1462 1660/1269
f 1660/1274 1500/1443 1335/4514
f 317/3833 459/4164 1659/4717
f 756/3422 1658/326 1471/325
f 1291/4340 1662/1488 1663/1316
f 1471/325 788/1466 756/3422
f 221/3303 642/3302 1641/4718
f 1657/4606 1651/4646 1629/4692
f 1629/4692 1645/4633 1657/4606
f 1644/4719 1639/4720 1656/4721
f 1625/4676 1639/4720 1644/4719
f 1656/4635 1655/4634 1644/4722
f 1655/4637 1650/4723 1644/4724
f 1411/4222 1578/1479 1654/1073
f 611/4153 1645/4632 1646/4725
f 1433/4266 1549/1442 1673/1090
f 1420/4389 1563/1508 1672/1507
f 1672/1014 1524/4326 1420/4325
f 503/4195 1515/1465 1523/347
f 1499/4517 1498/1961 1670/2492
f 1670/2492 1671/4631 1499/4517
f 1668/1706 1669/1636 1667/1643
f 1667/1643 646/1691 1668/1706
f 1646/4725 1609/1870 612/441
f 1654/1073 1477/4223 1411/4222
f 612/441 611/4153 1646/4725
f 1320/4726 1319/1221 1343/467
f 1656/4641 1639/4684 1650/4727
f 1650/4727 1666/4642 1656/4641
f 1650/4723 1655/4637 1666/4636
f 1384/4258 1553/1376 1665/1279
f 1665/1268 1519/1411 1384/4276
f 1423/4544 1503/4543 1664/1119
f 1664/1124 1490/4585 1423/4584
f 1642/4661 1501/4509 1381/4508
f 1608/4696 1646/4725 1645/4632
f 1645/4633 1629/4692 1608/4694
f 1625/4677 1644/4728 1615/4678
f 1644/4724 1638/4687 1615/4686
f 1591/1348 1568/1347 1329/4729
f 1383/4228 1566/4374 1643/1077
f 1643/1077 1539/4229 1383/4228
f 1313/4730 1266/4731 1551/4732
f 1381/4295 1517/4294 1642/1448
f 1609/1870 1646/4725 1608/4696
f 1432/4241 1524/4327 1536/1535
f 1148/4691 1404/1716 1149/2699
f 8/3997 1641/4733 1145/4734
f 8/3997 221/4042 1641/4733
f 1617/4706 1628/4735 1071/3669
f 1073/462 1512/4307 1617/4706
f 1617/4706 1071/3669 1073/462
f 377/1069 1640/4616 171/4736
f 1616/4713 1639/4720 1625/4676
f 1638/4687 1644/4724 1650/4723
f 1653/1482 1503/4548 1410/4547
f 1410/4587 1490/4586 1653/1483
f 1408/4236 1537/1516 1652/1157
f 1652/1161 1549/1442 1408/4268
f 145/4737 642/3302 142/1693
f 1628/4735 1651/4647 1071/3669
f 1628/4693 1629/4692 1651/4646
f 1626/4673 1640/4616 1627/1070
f 1638/4683 1650/4727 1639/4684
f 1453/4444 1430/4443 1416/4481
f 1398/4245 1552/1378 1649/1287
f 1649/1286 1566/4373 1398/4372
f 1648/1130 1551/1531 1266/4738
f 1266/4380 1565/4379 1648/1125
f 1647/1174 1602/1369 1473/4593
f 1473/4573 1474/4572 1647/1175
f 1150/4739 1417/2224 1444/2201
f 1150/4739 1149/2699 1417/2224
f 1444/2201 1443/4490 1150/4739
f 871/3164 1012/3560 1231/4292
f 515/1671 529/4112 1198/4740
f 1198/4740 512/4194 515/1671
f 735/3093 734/3455 785/1745
f 1235/4741 1220/4742 1219/2668
f 1219/2668 1234/2733 1235/4741
f 354/2302 353/3955 1233/392
f 1233/397 821/3197 354/2299
f 1232/4563 1155/4558 909/3699
f 909/3700 1110/4743 1232/4221
f 1231/4291 1128/4428 871/3162
f 1236/4744 1224/4745 1198/4746
f 1230/4747 1093/3632 966/3631
f 966/3620 1077/3619 1230/4549
f 1229/4595 1107/4748 906/3477
f 906/3477 1026/3476 1229/4595
f 1228/4328 1124/4477 884/3727
f 884/3648 1058/3647 1228/4324
f 298/3812 297/3811 1211/4681
f 1226/4749 1227/4665 1225/4273
f 1225/4273 1209/4274 1226/4749
f 1241/4323 1092/3637 919/3636
f 1245/4350 1013/3564 859/3112
f 859/3112 1157/4254 1245/4350
f 1244/4388 1157/4387 859/4750
f 859/4750 410/4751 1244/4388
f 857/3099 1175/4498 1243/4256
f 1243/4256 1130/4487 857/3099
f 937/3747 1174/4499 1242/4502
f 1242/4465 1028/3485 937/3484
f 920/3678 1127/4752 1138/4753
f 919/3680 1107/4754 1241/4318
f 556/4113 610/1387 616/1390
f 905/3742 1124/4477 1240/4240
f 1240/4239 1076/3663 905/3662
f 13/2417 1227/4665 1238/4755
f 1238/4755 1239/4405 17/4404
f 17/4404 13/2417 1238/4755
f 767/311 1237/20 633/1185
f 633/1185 682/4756 767/311
f 682/4757 667/1631 767/280
f 529/4112 1236/4758 1198/4740
f 327/2428 821/3197 1206/1599
f 403/4144 298/4146 387/4759
f 1210/2280 440/4287 439/4760
f 439/4760 1209/4274 1210/2280
f 594/4149 455/3429 454/4114
f 454/4114 556/4113 615/4761
f 454/4114 615/4761 594/4149
f 1179/4762 1208/4763 876/3736
f 1179/4764 1189/4765 1208/4766
f 737/1397 693/1396 707/4767
f 707/4767 1207/4768 737/1397
f 387/4769 298/4770 1211/4771
f 1206/1603 328/3945 327/2429
f 1205/4539 1062/3674 954/3676
f 954/4772 1095/4773 1205/4540
f 886/3642 1203/4589 1204/4263
f 1204/4263 1060/3643 886/3642
f 886/4774 1043/4775 1203/4776
f 1202/4469 1059/3644 855/3129
f 855/3134 1042/3515 1202/4470
f 1106/4777 1091/3583 854/3138
f 968/3622 1062/4778 1216/4530
f 616/1390 615/4761 556/4113
f 1224/4745 1208/4766 1189/4765
f 1189/4765 1198/4746 1224/4745
f 734/3455 737/1397 1207/4768
f 1207/4768 1223/4779 734/3455
f 1221/905 1222/904 1218/2691
f 1218/2691 1220/4780 1221/905
f 1218/2665 1219/2668 1220/4742
f 1217/492 353/3955 329/2393
f 329/2395 328/3944 1217/493
f 1246/4781 1235/4741 1234/2733
f 1216/4530 1095/3623 968/3622
f 983/3634 1093/3633 1215/4520
f 1215/4506 1077/3661 983/3660
f 885/3490 1092/3597 1214/4574
f 1214/4574 1026/3491 885/3490
f 1213/4364 1058/3649 868/3176
f 868/3176 1076/3664 1213/4364
f 387/3931 1211/4669 1212/1517
f 1212/1517 385/3932 387/3931
f 902/1095 901/717 597/716
f 997/4782 1138/4753 1279/4671
f 1279/4680 1108/4783 997/3547
f 1278/4512 1172/4784 1010/3570
f 1010/3569 1184/4785 1278/4507
f 951/3784 1192/4300 1277/4303
f 1277/4579 1106/4578 951/3785
f 699/3273 726/4786 715/3274
f 715/3274 726/4786 746/4787
f 597/716 596/4788 1276/1093
f 1276/1093 902/1095 597/716
f 1280/4375 1061/3638 887/3651
f 1261/628 1260/4789 1275/4790
f 1275/4790 846/622 1261/628
f 529/4112 1274/4791 1236/4758
f 1274/4792 1273/4793 1236/4744
f 1273/4793 1259/4794 1236/4744
f 538/4083 525/2944 572/2970
f 1109/4795 1195/4545 1423/4544
f 1235/4741 1247/4796 1272/4797
f 1246/4781 1247/4796 1235/4741
f 1287/1568 911/3695 811/3013
f 1290/4296 1184/4798 996/3548
f 981/3772 1161/4597 1289/4341
f 1289/4343 1136/4420 981/3773
f 759/3085 746/4787 726/4786
f 899/3710 917/1359 930/3711
f 899/3710 898/1098 917/1359
f 846/622 1275/4790 847/3212
f 1250/4799 1288/4800 543/4102
f 1250/4801 1259/4794 1288/4802
f 811/3013 810/1712 1287/1568
f 1269/595 1271/4803 411/3565
f 1248/246 1286/919 1247/4804
f 1286/919 1285/4805 1247/4804
f 1285/4806 1272/4797 1247/4796
f 731/4807 1284/4808 1281/4809
f 1282/1278 1283/1054 731/4810
f 731/4811 1283/1058 1284/1072
f 731/4812 1131/4813 1282/4814
f 1281/4815 969/3754 731/3366
f 887/3608 1078/3607 1280/4371
f 648/1799 647/801 435/3105
f 410/4816 411/4817 1255/4818
f 888/3725 1140/4819 1254/4366
f 1254/4370 1045/3508 888/3507
f 967/3639 1061/3638 1253/4227
f 1253/4226 1154/4820 967/3758
f 1252/4338 1173/4504 1011/3567
f 1011/3568 1153/4821 1252/4339
f 952/3781 1125/4822 1251/4234
f 1251/4237 1162/4823 952/3791
f 435/3105 434/1324 648/1799
f 1256/1554 1244/4333 410/4824
f 1208/4763 1250/4799 543/4102
f 1208/4766 1224/4745 1250/4801
f 542/3737 876/3736 1208/4763
f 1208/4763 543/4102 542/3737
f 785/1745 734/3455 1223/4779
f 1223/4779 828/3186 785/1745
f 1234/4825 1249/4826 1248/4827
f 1248/246 1247/4804 1234/4828
f 1234/2733 1247/4796 1246/4781
f 1262/970 1264/4829 1260/4789
f 1271/4709 1270/4708 411/4817
f 1270/4708 1255/4818 411/4817
f 411/3565 1013/3564 1269/595
f 1268/4246 1078/3610 984/3609
f 984/3609 1154/4830 1268/4246
f 953/3511 1267/4381 1266/4380
f 953/3641 1060/3640 1267/4831
f 1266/4380 1043/3512 953/3511
f 982/3770 1137/4482 1265/4382
f 1265/4385 1125/4822 982/3771
f 198/3935 346/3934 1201/1357
f 1262/970 1263/992 1264/4829
f 1260/4789 1261/628 1262/970
f 1259/4794 1250/4801 1224/4745
f 1224/4745 1236/4744 1259/4794
f 827/1713 785/1745 828/3186
f 1220/4780 1258/2932 1221/905
f 1220/4780 1257/4832 1258/2932
f 1220/4742 1235/4741 1257/4833
f 410/4824 1255/4697 1256/1554
f 1137/4482 982/3770 804/2950
f 1142/2864 1098/2662 1097/2865
f 1141/1678 807/3019 283/2466
f 283/3829 282/3828 1141/1676
f 872/3605 1079/3604 1140/4834
f 1140/4819 888/3725 872/3724
f 837/3226 1028/3486 1139/4835
f 1139/4836 1044/3509 837/3510
f 1138/4753 997/4782 819/3208
f 819/3208 920/3678 1138/4753
f 804/2955 965/3761 1137/4476
f 1132/4837 135/4672 1143/971
f 1136/4473 995/3551 834/3193
f 834/3190 981/3773 1136/4420
f 319/2373 1105/4417 317/4838
f 317/4838 477/2374 319/2373
f 632/3592 668/3314 633/3343
f 1117/2326 1135/4839 1118/4840
f 1117/2326 9/2362 1135/4839
f 1085/3581 1115/4841 1134/4842
f 1134/4842 1086/3582 1085/3581
f 775/4843 1025/4844 1151/4437
f 34/4845 839/4255 1157/4254
f 1156/4386 241/4846 34/4847
f 1155/4562 999/3544 751/3369
f 751/3373 909/3699 1155/4558
f 1154/4830 984/3609 806/3020
f 806/3025 967/3758 1154/4820
f 1152/4848 1153/4849 856/3128
f 1153/4821 1011/3568 856/3123
f 856/3128 936/3703 1152/4848
f 1151/4850 1009/3574 775/3573
f 1133/943 1114/945 1113/4851
f 1149/2699 1150/4739 501/4852
f 501/4852 1148/4691 1149/2699
f 1147/4853 1135/4839 9/2362
f 9/4011 8/3997 1145/4734
f 1086/3596 1144/4854 864/1257
f 1134/4842 1144/4855 1086/3582
f 864/1257 863/3184 1086/3596
f 1143/971 1133/943 1132/4837
f 1110/4743 909/3700 730/3453
f 1102/2327 1117/2326 1118/4840
f 1070/2786 1116/4856 1069/3658
f 1116/4857 1115/4841 1069/3616
f 1115/4841 1085/3581 1069/3616
f 1114/945 76/1103 75/4858
f 75/4858 1113/4851 1114/945
f 1080/391 1112/390 1081/2782
f 1112/390 1111/2866 1081/2782
f 1111/2746 1096/949 1081/2601
f 730/3453 985/3766 1110/4743
f 1118/4840 1103/3614 1102/2327
f 762/3411 921/3690 1109/4795
f 1109/4859 908/3701 762/3412
f 793/3011 997/3547 1108/4783
f 1108/4860 907/3740 793/3074
f 1107/4754 919/3680 776/3049
f 776/3049 906/3741 1107/4754
f 760/3136 951/3785 1106/4578
f 1106/4578 854/3137 760/3136
f 1089/3589 1075/3588 1105/4417
f 805/4861 907/4862 1126/4863
f 1113/4851 1132/4837 1133/943
f 1131/4813 731/4812 103/4864
f 103/4865 104/4866 1131/4867
f 1130/4868 1129/4869 688/3219
f 688/3121 857/3099 1130/4487
f 1129/4869 838/3220 688/3219
f 1128/4427 998/3533 778/3037
f 778/3042 871/3162 1128/4428
f 805/2949 1126/4870 1127/4871
f 1127/4871 920/3679 805/2949
f 1157/4387 1156/4386 34/4847
f 792/3079 982/3771 1125/4822
f 1125/4822 952/3781 792/3079
f 1124/4477 905/3742 747/3385
f 747/3385 884/3727 1124/4477
f 317/4872 1105/4873 318/4874
f 1105/4873 1090/4875 318/4874
f 1119/4876 1121/2880 1122/2882
f 1122/2882 1123/4877 1119/4876
f 1119/4876 1120/4878 1121/2880
f 1186/4588 1094/3629 908/3628
f 84/3973 562/4090 1191/414
f 342/2491 1190/2493 343/3942
f 1190/2493 1180/4598 343/3942
f 681/686 1167/1867 141/3346
f 1189/4765 1179/4764 1134/4842
f 1134/4842 1158/4879 1189/4765
f 163/3029 1187/1729 1188/447
f 1188/447 780/3030 163/3029
f 163/4071 166/3842 1187/1723
f 908/3701 1109/4859 1186/4583
f 1191/418 346/3939 84/3938
f 1185/4880 1126/4870 907/3712
f 907/4881 1108/4882 1185/4883
f 869/3173 996/3548 1184/4798
f 1184/4785 1010/3569 869/3149
f 791/3081 1009/3571 1183/4513
f 1183/4516 1025/3493 791/3492
f 1182/4622 562/4090 112/3990
f 112/3994 175/4069 1182/4439
f 1181/1915 1169/1502 1168/4884
f 838/3220 1129/4869 1196/4275
f 1201/1357 175/4035 198/3935
f 1199/2538 1200/2510 345/4885
f 1200/2510 342/2491 345/4885
f 345/4885 441/4286 1199/2538
f 597/4148 696/3252 270/3251
f 270/3251 593/3430 597/4148
f 512/4194 1198/4740 1158/4886
f 1198/4746 1189/4765 1158/4879
f 213/3018 807/3017 1197/1583
f 1197/1585 796/2976 213/2978
f 1168/4884 1180/4598 1181/1915
f 1196/4289 1029/3482 838/3221
f 1195/4545 1109/4795 921/3690
f 921/3627 1094/3626 1195/4546
f 1194/4887 1152/4848 936/3703
f 936/3488 1027/3487 1194/4888
f 935/3646 1059/3645 1193/4429
f 1193/4434 1042/3517 935/3516
f 950/3518 1041/3505 1192/4889
f 1192/4300 951/3784 950/3783
f 794/2988 998/3545 1012/4890
f 769/3066 1168/4884 1169/1502
f 1167/988 82/987 81/1669
f 81/1669 141/4061 1167/988
f 1116/4856 1070/2786 513/1234
f 512/4194 1158/4886 1116/4856
f 513/1234 512/4194 1116/4856
f 1166/429 1142/2864 1164/2755
f 1164/2755 1165/430 1166/429
f 779/3033 999/3544 1163/4461
f 1163/4464 985/3765 779/3034
f 1169/1502 770/1797 769/3066
f 1162/4891 965/3761 818/3089
f 818/2992 952/3791 1162/4823
f 817/2995 995/3550 1161/4596
f 1161/4597 981/3772 817/2996
f 742/3399 1160/327 743/132
f 850/884 246/966 245/1261
f 245/1261 1159/881 850/884
f 1158/4879 1134/4842 1115/4841
f 1115/4841 1116/4857 1158/4879
f 795/2981 1029/3483 1175/4495
f 575/670 271/669 220/3880
f 220/3859 246/966 575/968
f 1144/4854 1179/4762 876/3736
f 1144/4855 1134/4842 1179/4764
f 1144/4854 876/3736 864/1257
f 1176/4523 1178/4522 104/4892
f 104/4866 1178/4524 1177/4526
f 1177/4526 1131/4867 104/4866
f 104/3756 969/3755 1176/4893
f 1272/4797 1257/4833 1235/4741
f 1175/4498 857/3099 795/3566
f 820/3200 1044/3509 1174/4894
f 1174/4499 937/3747 820/3201
f 1173/4895 1027/3487 870/3165
f 870/3170 1011/3567 1173/4504
f 1172/4896 996/3549 835/3237
f 835/3236 1010/3570 1172/4784
f 546/2484 545/4122 1170/1445
f 1170/4897 1171/2460 546/2464
f 1309/4898 1366/4899 1367/4491
f 1372/4653 1371/4652 1108/4900
f 1108/4783 1279/4680 1372/4659
f 1371/4901 1185/4883 1108/4882
f 1370/4321 1241/4318 1107/4754
f 1107/4748 1229/4595 1370/4594
f 1120/4878 1333/2845 1121/2880
f 1348/2623 1347/4902 1368/4903
f 1368/4903 1369/2684 1348/2623
f 1367/4491 544/4108 1309/4898
f 1154/4820 1253/4226 1373/4225
f 1309/4904 1346/4905 1366/4906
f 1365/1265 960/466 959/3794
f 959/3794 312/4623 1365/1265
f 1317/4907 1364/852 1318/875
f 1317/4907 1363/4908 1364/852
f 1317/4909 1332/4910 1363/4911
f 1362/1474 1359/4569 1356/4912
f 1358/4913 1360/1456 1356/4914
f 560/3677 559/4096 1321/4915
f 1184/4798 1290/4296 1381/4295
f 1381/4508 1278/4507 1184/4785
f 1057/3665 1090/4875 1075/3666
f 1380/2881 1055/2844 1054/3652
f 1054/3652 650/4916 1380/2881
f 896/2592 1379/2921 1378/4917
f 1378/4917 897/3748 896/2592
f 559/4096 1377/4918 1321/4915
f 1377/4919 1346/4905 1321/4920
f 1356/4912 1361/1475 1362/1474
f 1344/4921 1343/467 960/466
f 960/466 1376/4407 1344/4921
f 1332/4910 1341/4922 1375/4485
f 1375/4485 1363/4911 1332/4910
f 1281/4923 1176/4924 969/4925
f 1062/3674 1205/4539 1374/4538
f 1374/4531 1216/4530 1062/4778
f 1373/4259 1268/4246 1154/4830
f 282/2977 796/2976 1339/888
f 1297/4926 1321/4920 1346/4905
f 1346/4905 1309/4904 1297/4926
f 1345/4927 1320/4726 1343/467
f 1343/467 1344/4921 1345/4927
f 1285/4805 1286/919 1342/878
f 1342/878 1341/4928 1285/4805
f 1341/4922 1332/4910 1285/4806
f 282/3828 1339/893 1340/892
f 1340/892 1141/1676 282/3828
f 1347/4902 1348/2623 1323/2622
f 1045/3508 1254/4370 1328/4369
f 1012/4890 1304/4317 1338/4316
f 1338/4293 1231/4292 1012/3560
f 1077/3661 1215/4506 1337/4505
f 1337/4550 1230/4549 1077/3619
f 1059/3644 1202/4469 1336/4468
f 1336/4430 1193/4429 1059/3645
f 1009/3574 1334/4701 1335/4700
f 1093/3632 1230/4747 1352/4929
f 1360/1456 1361/1455 1356/4914
f 1359/4569 1357/4571 1356/4912
f 1356/4914 1357/4930 1358/4913
f 1355/4541 1205/4540 1095/4773
f 1095/4931 1216/4582 1355/4581
f 1139/4835 1327/4401 1354/4400
f 1354/4566 1314/4565 1139/4836
f 1093/3633 1352/4932 1353/4521
f 1353/4521 1215/4520 1093/3633
f 1382/4650 1127/4871 1126/4870
f 1092/3637 1241/4323 1351/4322
f 1351/4575 1214/4574 1092/3597
f 1041/3505 1349/4272 1350/4271
f 1350/4271 1192/4889 1041/3505
f 1041/3584 1091/3583 1349/4269
f 1074/619 1039/3528 631/3527
f 1074/619 978/618 1039/3528
f 1322/4933 1347/4902 1323/2622
f 1408/4268 1302/4267 1162/4891
f 1414/2092 1415/824 1412/2249
f 1412/2249 1413/2119 1414/2092
f 796/2976 1197/1585 1339/888
f 1110/4743 1292/4396 1411/4222
f 1411/4222 1232/4221 1110/4743
f 1410/4547 1195/4546 1094/3626
f 1094/3629 1186/4588 1410/4587
f 1138/4753 1397/4688 1409/1379
f 1409/1379 1279/4671 1138/4753
f 677/3350 1401/142 678/24
f 1162/4823 1251/4237 1408/4236
f 1407/4365 1213/4364 1076/3664
f 1076/3663 1240/4239 1407/4238
f 1405/4934 1406/2700 1404/1716
f 1404/1716 1393/1717 1405/4934
f 1369/2684 1368/4903 10/4480
f 10/4480 944/2915 1369/2684
f 1403/4412 1367/4491 1366/4899
f 1418/1422 547/2407 1171/2406
f 1423/4584 1186/4583 1109/4859
f 1422/4621 1291/4716 1152/4848
f 1152/4848 1194/4887 1422/4621
f 1125/4822 1265/4385 1421/4235
f 1421/4235 1251/4234 1125/4822
f 1058/3649 1213/4364 1420/4389
f 1420/4325 1228/4324 1058/3647
f 1171/2460 1170/4897 1419/4935
f 1419/4936 1418/1422 1171/2406
f 1366/4899 1402/4493 1403/4412
f 711/2202 1417/2224 712/4937
f 1417/2224 1406/2700 712/4937
f 771/2614 541/2613 544/4108
f 544/4108 1367/4491 768/4492
f 544/4108 768/4492 771/2614
f 558/4080 1416/4416 1377/4918
f 1416/4481 1392/4475 1377/4919
f 1377/4918 559/4096 558/4080
f 1363/4911 1375/4485 1386/4486
f 648/4140 1393/1717 1394/1537
f 542/3737 541/2613 742/2616
f 742/2616 741/2826 542/3737
f 1346/4905 1377/4919 1392/4475
f 1392/4475 1366/4906 1346/4905
f 1390/572 1391/4332 1388/4938
f 1388/4938 1389/4349 1390/572
f 1387/853 1364/852 1363/4908
f 1363/4908 1386/4488 1387/853
f 1394/1537 649/2103 648/4140
f 1385/1735 1282/1326 1131/4939
f 1131/4940 1177/1231 1385/1230
f 1384/4276 1196/4275 1129/4869
f 1129/4869 1130/4868 1384/4276
f 1061/3638 1280/4375 1383/4228
f 1383/4228 1253/4227 1061/3638
f 1126/4870 1371/4651 1382/4650
f 1126/4870 1185/4880 1371/4651
f 1398/4372 1280/4371 1078/3607
f 1366/4906 1392/4475 1402/4474
f 987/3764 986/140 1401/142
f 1401/142 677/3350 987/3764
f 1341/4928 1342/878 1400/887
f 1400/887 1399/4411 1341/4928
f 1399/4423 1375/4485 1341/4922
f 1188/452 1316/1619 780/3056
f 1329/4367 1254/4366 1140/4819
f 996/3549 1172/4896 1290/4297
f 1078/3610 1268/4246 1398/4245
f 1382/4650 1397/4689 1127/4871
f 1397/4688 1138/4753 1127/4752
f 1396/4298 1290/4297 1172/4896
f 1172/4784 1278/4512 1396/4511
f 1395/4270 1349/4269 1091/3583
f 1091/3583 1106/4777 1395/4270
f 1105/4873 1075/3666 1090/4875
f 830/755 1310/4941 1311/4942
f 1273/4793 1274/4792 1321/4920
f 1321/4920 1297/4926 1273/4793
f 1322/4933 1323/2622 849/2774
f 849/2774 848/3213 1324/4943
f 1324/4943 1322/4933 849/2774
f 998/3533 1128/4427 1304/4304
f 978/618 947/3672 991/3530
f 1039/3528 978/618 991/3530
f 867/3722 853/3728 833/4944
f 1325/4435 1151/4437 1025/4844
f 1025/3493 1183/4516 1325/4515
f 1304/4317 1012/4890 998/3545
f 1303/4945 1203/4946 1027/4947
f 1042/3517 1193/4434 1326/4433
f 1308/4948 1307/1222 1319/1221
f 1027/4949 1203/4592 1194/4591
f 1326/4471 1202/4470 1042/3515
f 1027/3487 1173/4895 1303/4950
f 1302/4267 1137/4476 965/3761
f 965/3761 1162/4891 1302/4267
f 1060/3643 1204/4263 1267/4265
f 1327/4401 1139/4835 1028/3486
f 1028/3485 1242/4465 1327/4397
f 1079/3602 1045/3601 1328/4335
f 1329/4951 1140/4834 1079/3604
f 1301/4359 1161/4596 995/3550
f 995/3551 1136/4473 1301/4360
f 746/4787 759/3085 774/2999
f 1315/4496 1175/4495 1029/3483
f 1006/3535 1312/2723 1007/2928
f 1006/3535 1298/2931 1312/2723
f 1311/4942 831/3192 830/755
f 830/755 894/2748 1310/4941
f 816/3002 833/4944 853/3728
f 1288/4800 1309/4898 544/4108
f 1288/4802 1297/4926 1309/4904
f 790/3000 833/4944 816/3002
f 1026/3491 1214/4574 1229/4576
f 1266/4380 1313/4952 1043/3512
f 1044/3509 1139/4836 1314/4565
f 544/4108 543/4102 1288/4800
f 1314/4500 1174/4499 1044/4953
f 1335/4514 1183/4513 1009/3571
f 607/4155 606/1565 1307/1222
f 1029/3482 1196/4289 1315/4288
f 1307/1222 1308/4948 607/4155
f 306/3057 780/3056 1316/1619
f 1316/1619 1294/4954 306/3057
f 1257/4833 1272/4797 1317/4909
f 1257/4832 1317/4907 1318/875
f 1306/1239 1187/1723 166/3842
f 1318/875 1258/2932 1257/4832
f 166/3842 1293/1237 1306/1239
f 999/3544 1155/4562 1305/4462
f 1305/4462 1163/4461 999/3544
f 1319/1221 1320/4726 1308/4948
f 131/3840 306/3057 1294/4954
f 1259/4794 1273/4793 1297/4926
f 1332/4910 1317/4909 1272/4797
f 1319/1221 286/1223 289/3799
f 957/468 1319/1221 289/3799
f 1297/4926 1288/4802 1259/4794
f 911/3695 1287/1568 912/1545
f 1294/4954 1295/4955 131/3840
f 1274/4791 529/4112 531/1632
f 914/13 560/3677 1274/4791
f 131/3841 1296/4284 1293/1237
f 1295/4536 1296/4527 131/4956
f 1079/3602 1328/4335 1329/4336
f 560/3677 1321/4915 1274/4791
f 1293/1237 166/3842 131/3841
f 1274/4791 531/1632 914/13
f 893/3749 1310/4941 894/2748
f 1333/2845 1120/4878 1008/3546
f 1008/3546 1007/2928 1333/2845
f 985/3765 1163/4464 1292/4394
f 1292/4396 1110/4743 985/3766
f 1291/4340 1252/4339 1153/4821
f 1009/3574 1151/4850 1334/4701
f 1153/4849 1152/4848 1291/4716
f 487/3185 713/1260 712/2519
f 1299/4957 1300/4958 1298/2931
f 1272/4797 1285/4806 1332/4910
f 1330/4425 373/4424 241/4959
f 1298/2931 1006/3535 1299/4957
f 1331/434 1330/1551 241/4960
f 712/2519 488/1304 487/3185
f 241/4960 1156/4961 1331/434
f 1480/1041 1479/1043 1481/4962
f 1480/4963 1828/1057 1481/1056
f 1303/4964 1203/4965 1043/4966
f 1303/4967 1313/4968 1043/4969
f 1145/4970 1146/4971 9/4972
f 1145/4973 1147/4853 9/2362
f 721/3456 101/3457 103/4974
f 721/4975 731/4976 103/4977
