# Blender 4.5.0
# www.blender.org
mtllib mesh.mtl
o Mesh_001
v -0.445070 0.896527 0.020686
v -0.441780 0.860878 0.004565
v -0.443047 0.872629 0.038884
v -0.438244 0.842559 0.028871
v -0.435062 0.904174 0.052511
v -0.418619 0.854346 0.052443
v -0.429491 0.881361 0.071164
v -0.195279 1.353924 0.031829
v -0.231353 1.360666 0.046203
v -0.229272 1.325260 0.036953
v -0.217816 1.301529 0.019168
v -0.191781 1.326005 0.012614
v -0.196270 1.243288 -0.139099
v -0.201305 1.219104 -0.158721
v -0.202775 1.216367 -0.125647
v -0.184038 1.231456 -0.108841
v -0.142785 1.052761 -0.087842
v -0.164836 1.041985 -0.061959
v -0.160265 1.074916 -0.069913
v -0.157326 1.111259 -0.078841
v -0.133608 1.087660 -0.092356
v -0.107590 0.256331 -0.116460
v -0.104184 0.290395 -0.123216
v -0.081800 0.276061 -0.101351
v -0.087753 0.241506 -0.092685
v -0.068837 0.319009 -0.022762
v -0.067276 0.286544 -0.040591
v -0.065013 0.323841 -0.055120
v -0.065648 0.354492 -0.035669
v 0.045714 1.619122 -0.105561
v 0.024981 1.595644 -0.123751
v 0.009733 1.620013 -0.108670
v 0.025688 1.641092 -0.086963
v 0.061059 0.343083 -0.059169
v 0.063546 0.331266 -0.028743
v 0.061077 0.365844 -0.032783
v 0.060203 0.377557 -0.064095
v 0.065897 0.355355 -0.090425
v 0.120759 1.123671 0.186007
v 0.143856 1.104478 0.173902
v 0.145792 1.142586 0.168299
v 0.181743 1.273964 -0.039024
v 0.175270 1.242418 -0.047534
v 0.170237 1.270542 -0.071513
v 0.180027 1.303360 -0.064037
v 0.201954 0.729133 -0.027616
v 0.202940 0.766644 -0.025501
v 0.206851 0.746941 -0.001728
v 0.206992 0.712159 0.004908
v 0.282938 1.368561 -0.129801
v 0.300697 1.386886 -0.111279
v 0.305257 1.347864 -0.124229
v -0.442066 0.887281 -0.009141
v -0.430761 0.868778 -0.030870
v -0.437772 0.826614 0.007498
v -0.419697 0.847161 -0.010739
v -0.195745 1.393283 0.042830
v -0.235741 1.393200 0.051510
v -0.209626 1.364320 0.039870
v -0.196452 1.301202 -0.020123
v -0.192332 1.309363 -0.047276
v -0.186606 1.334815 -0.020291
v -0.128586 1.154272 0.133654
v -0.156698 1.154768 0.109887
v -0.162419 1.147768 0.142997
v -0.146881 1.142280 0.167351
v -0.112752 0.525528 -0.106296
v -0.099974 0.555513 -0.100556
v -0.081365 0.520830 -0.094852
v -0.098592 0.494782 -0.107542
v -0.067576 0.386268 -0.014959
v -0.063661 0.389369 -0.047285
v -0.061697 0.421338 -0.024886
v 0.009968 1.651645 0.108839
v 0.014126 1.634991 0.086181
v 0.032139 1.656717 0.083623
v 0.041299 1.671283 0.108032
v 0.022884 1.663217 0.134365
v 0.068822 0.354362 -0.002742
v 0.067344 0.295044 -0.022138
v 0.072511 0.319746 -0.000570
v 0.121133 1.216594 0.139429
v 0.134060 1.184538 0.130626
v 0.152763 1.207669 0.118145
v 0.143968 1.236870 0.126633
v 0.170482 1.302633 0.109556
v 0.176669 1.282956 0.086335
v 0.186635 1.311069 0.076984
v 0.181091 1.334279 0.105806
v 0.207738 0.769624 0.019964
v 0.205934 0.789934 0.041340
v 0.202266 0.758791 0.057730
v 0.206923 0.735436 0.028476
v 0.291561 1.458625 -0.016287
v 0.281334 1.487958 0.000464
v 0.278519 1.457026 0.016459
v 0.293203 1.427936 0.003097
v -0.440562 0.917923 -0.003975
v -0.428731 0.903152 -0.032957
v -0.232101 1.422936 0.056155
v -0.187508 1.344012 -0.060329
v -0.194526 1.317969 -0.082709
v -0.193637 1.347961 -0.096230
v -0.176068 1.394411 -0.089237
v -0.176353 1.372495 -0.073071
v -0.078081 0.615937 0.091154
v -0.107007 0.640062 0.107986
v -0.110513 0.610286 0.103209
v -0.091129 0.585252 0.093523
v -0.064963 0.361030 -0.068407
v -0.067950 0.396573 -0.081018
v -0.063203 0.421711 -0.060476
v 0.042942 1.807251 0.130266
v 0.018630 1.826521 0.132287
v 0.010381 1.796845 0.139271
v 0.030187 1.781540 0.119757
v 0.069308 0.388209 -0.096223
v 0.084861 0.365717 -0.118958
v 0.078487 0.333523 -0.113170
v 0.121566 1.616506 0.035505
v 0.134818 1.591043 0.047588
v 0.160683 1.605085 0.029845
v 0.139861 1.620615 0.007844
v 0.173554 1.326332 -0.087186
v 0.172940 1.367517 -0.091944
v 0.176646 1.351242 -0.067490
v 0.199604 0.854377 0.064789
v 0.203657 0.822185 0.052359
v 0.205534 0.849249 0.031077
v 0.202648 0.882855 0.043107
v 0.304261 1.108986 -0.072372
v 0.288439 1.119310 -0.044415
v 0.283160 1.141092 -0.076458
v 0.299233 1.167248 -0.102521
v 0.310231 1.136746 -0.093481
v -0.438833 0.927316 0.030072
v -0.235163 1.504460 -0.127494
v -0.223048 1.533474 -0.115646
v -0.201075 1.504660 -0.128869
v -0.216054 1.473590 -0.133934
v -0.188745 1.535175 -0.121508
v -0.175973 1.564279 -0.110938
v -0.155243 1.537305 -0.131314
v -0.168015 1.505006 -0.136221
v -0.077743 0.819654 0.126410
v -0.107568 0.834350 0.127411
v -0.109363 0.802062 0.127066
v -0.079319 0.787351 0.123904
v -0.063277 0.448794 0.004137
v -0.056925 0.458438 -0.023085
v -0.053767 0.485751 -0.009699
v 0.031303 1.898068 -0.003502
v 0.027351 1.889578 -0.037137
v 0.004866 1.899665 -0.018403
v 0.065286 0.387098 -0.003335
v 0.149033 1.621952 -0.024684
v 0.149834 1.614675 -0.059633
v 0.122729 1.630081 -0.048559
v 0.175450 1.594709 -0.073859
v 0.175749 1.609288 -0.038548
v 0.199808 1.592443 -0.052072
v 0.199361 1.573440 -0.090622
v 0.199179 0.882184 -0.021435
v 0.200892 0.913775 -0.007168
v 0.204173 0.882577 0.011871
v 0.204171 0.853986 -0.000651
v 0.322711 1.191281 -0.107708
v 0.282810 1.201148 -0.108224
v 0.307825 1.221244 -0.120392
v -0.438436 0.946725 0.003130
v -0.427118 0.935739 -0.028209
v -0.210606 1.533438 0.066215
v -0.230608 1.553379 0.042170
v -0.241364 1.521162 0.050005
v -0.223395 1.499137 0.069342
v -0.186396 0.000229 0.101785
v -0.170853 0.003871 0.069480
v -0.154959 0.002998 0.097590
v -0.164141 0.001747 0.130522
v -0.073359 0.854194 0.128066
v -0.109258 0.864578 0.126996
v -0.059524 0.450178 -0.049196
v -0.066167 0.460742 -0.075680
v -0.055905 0.487185 -0.047352
v 0.031631 0.825306 -0.059535
v 0.021959 0.826289 -0.030557
v 0.014051 0.857177 -0.052373
v 0.032534 0.854820 -0.080358
v 0.126981 0.052177 -0.117076
v 0.141159 0.083039 -0.112533
v 0.162463 0.048898 -0.118816
v 0.144388 0.021808 -0.115371
v 0.200143 1.597764 -0.016495
v 0.214655 1.093111 0.103083
v 0.216648 1.064680 0.078515
v 0.225567 1.088119 0.064421
v 0.217854 1.116019 0.084306
v 0.326486 1.249264 -0.106802
v 0.291387 1.250012 -0.124109
v 0.311023 1.282409 -0.110848
v -0.424050 0.819215 0.030732
v -0.437416 0.820041 0.052556
v -0.423778 0.792252 0.038877
v -0.412257 0.822336 0.052745
v -0.413978 0.797255 0.064984
v -0.231751 0.004659 0.136459
v -0.218209 0.002609 0.104575
v -0.197165 0.000930 0.134963
v -0.208626 0.004322 0.165962
v -0.157183 0.005316 -0.020929
v -0.177530 0.020186 0.007476
v -0.186933 0.007674 -0.026862
v -0.173459 0.004196 -0.055908
v -0.160481 1.220693 0.103759
v -0.172234 1.252887 0.080931
v -0.174879 1.222169 0.068097
v -0.168199 1.182641 0.086840
v -0.082966 0.882316 0.130111
v -0.060149 0.526126 0.040294
v -0.054524 0.506497 0.013935
v -0.047608 0.537594 0.008495
v -0.051308 0.558901 0.038658
v 0.040848 1.060891 0.167428
v 0.014411 1.075338 0.177177
v 0.009208 1.046902 0.163306
v 0.034035 1.030966 0.157029
v 0.079630 0.374153 0.025648
v 0.074407 0.406277 0.025788
v 0.123255 0.139122 -0.109751
v 0.126585 0.174515 -0.113884
v 0.153177 0.154733 -0.118277
v 0.145741 0.118171 -0.119481
v 0.175096 0.128304 -0.085038
v 0.173563 0.166734 -0.102061
v 0.187845 0.156215 -0.070986
v 0.192149 0.126099 -0.061857
v 0.190241 0.098668 -0.080593
v 0.222239 1.160071 0.092377
v 0.210901 1.194234 0.091133
v 0.194375 1.164935 0.096267
v 0.311463 1.366706 0.006987
v 0.292472 1.395246 0.019452
v 0.285577 1.361068 0.029591
v 0.300324 1.333356 0.020693
v -0.410368 0.849721 0.035481
v -0.239193 0.013558 0.072550
v -0.243734 0.049019 0.058282
v -0.226450 0.017018 0.045442
v -0.205995 0.003950 0.072380
v -0.152930 0.007161 -0.082361
v -0.188699 0.015393 -0.083970
v -0.181336 0.045613 -0.108971
v -0.166723 0.016660 -0.108561
v -0.110978 0.907738 -0.127165
v -0.107351 0.942971 -0.133094
v -0.081190 0.921490 -0.134507
v -0.082095 0.887731 -0.124924
v -0.060497 0.571758 -0.072894
v -0.058266 0.601861 -0.070713
v -0.046599 0.579365 -0.043946
v -0.051686 0.545406 -0.051699
v 0.014578 1.128530 -0.132538
v 0.024538 1.159716 -0.126563
v 0.049671 1.130634 -0.126687
v 0.042210 1.099355 -0.131595
v 0.072983 0.420463 -0.098415
v 0.091647 0.397732 -0.121737
v 0.154360 0.191920 0.060007
v 0.123610 0.211578 0.049054
v 0.123990 0.179557 0.055306
v 0.133519 0.145027 0.052312
v 0.148881 0.159883 0.062429
v 0.203294 0.197311 -0.092922
v 0.205422 0.164349 -0.091182
v 0.180582 0.174169 -0.111802
v 0.211975 1.173944 0.031808
v 0.208534 1.192760 0.056282
v 0.220670 1.165426 0.060986
v 0.220364 1.142044 0.036592
v 0.218629 1.143085 0.006579
v 0.278605 1.511685 -0.058468
v 0.279242 1.514495 -0.019640
v 0.288209 1.486447 -0.036643
v 0.285167 1.482279 -0.075055
v -0.414410 0.830273 0.015882
v -0.243787 0.074578 0.088331
v -0.232852 0.081001 0.058429
v -0.232651 0.046880 0.031946
v -0.197032 0.079804 -0.066649
v -0.199086 0.112248 -0.050274
v -0.188603 0.106666 -0.079848
v -0.182541 0.074196 -0.094430
v -0.152864 1.254549 0.117265
v -0.169954 1.285866 0.099837
v -0.076116 0.943401 0.138615
v -0.105024 0.965047 0.135366
v -0.107966 0.932016 0.131642
v -0.081707 0.911683 0.133544
v -0.056460 0.635944 -0.072149
v -0.044848 0.616050 -0.044195
v 0.049231 1.159196 0.162312
v 0.030468 1.189474 0.164615
v 0.013823 1.159539 0.168272
v 0.035564 1.130937 0.174339
v 0.067856 0.438979 0.023850
v 0.088250 0.423340 0.052122
v 0.077891 0.456501 0.049698
v 0.165061 0.218527 0.048535
v 0.138761 0.238050 0.050511
v 0.179276 0.331300 0.037567
v 0.182851 0.296366 0.034637
v 0.200045 0.314406 0.014870
v 0.198383 0.347617 0.016405
v 0.180647 0.366247 0.037980
v 0.316002 1.193651 0.004345
v 0.291527 1.228436 -0.008779
v 0.286894 1.195190 -0.009511
v 0.299806 1.162817 0.000695
v -0.417343 0.810984 -0.005468
v -0.423023 0.800481 0.020721
v -0.233146 0.101325 0.115922
v -0.230287 0.104910 0.083391
v -0.191502 0.138327 -0.059710
v -0.148241 1.290745 0.126132
v -0.167679 1.321978 0.117150
v -0.109952 1.184810 -0.106556
v -0.095583 1.213354 -0.118868
v -0.072654 1.181701 -0.121328
v -0.087062 1.153172 -0.112712
v -0.042165 0.627682 0.044813
v -0.053982 0.646874 0.074260
v -0.057016 0.612254 0.068441
v -0.047174 0.591245 0.043358
v 0.013518 1.545478 0.107152
v 0.030374 1.517813 0.119856
v 0.051286 1.534806 0.108814
v 0.039109 1.559339 0.096182
v 0.068402 0.490033 0.046168
v 0.092356 0.477172 0.070028
v 0.079784 0.512214 0.069298
v 0.154984 0.352365 0.052045
v 0.125951 0.374674 0.058558
v 0.127535 0.338476 0.054335
v 0.154410 0.316123 0.049434
v 0.178221 0.365329 -0.123227
v 0.182679 0.400037 -0.119977
v 0.201813 0.380831 -0.100819
v 0.197604 0.344903 -0.105152
v 0.329941 1.223645 0.001266
v 0.315426 1.253975 -0.004473
v -0.419165 0.858733 0.086095
v -0.430218 0.833634 0.078726
v -0.405230 0.838970 0.071628
v -0.399854 0.871015 0.064376
v -0.232934 1.261033 -0.033060
v -0.225001 1.262916 -0.066594
v -0.208414 1.282092 -0.040545
v -0.221521 1.285266 -0.009709
v -0.153407 0.095322 0.128921
v -0.172567 0.111870 0.107007
v -0.184777 0.102604 0.137925
v -0.161435 0.093995 0.161749
v -0.058443 0.699719 -0.083361
v -0.055987 0.731489 -0.083790
v -0.040089 0.720288 -0.056272
v -0.045343 0.683209 -0.060263
v 0.032806 1.616733 0.062126
v 0.042909 1.636221 0.054909
v 0.070355 0.547873 0.069052
v 0.099435 0.534408 0.086729
v 0.088216 0.568779 0.089238
v 0.156342 0.386645 0.055007
v 0.185117 0.433205 -0.113708
v 0.205089 0.412097 -0.092442
v 0.195526 1.309054 -0.037548
v 0.200336 1.290094 -0.055405
v 0.202604 1.288978 -0.026542
v 0.291789 1.317821 -0.118694
v 0.319337 1.330464 -0.106226
v 0.328172 1.303840 -0.089489
v -0.420071 0.933096 0.057934
v -0.407574 0.904970 0.070727
v -0.206153 1.292700 -0.105084
v -0.228845 1.271358 -0.098332
v -0.231846 1.296998 -0.125946
v -0.211996 1.327380 -0.117172
v -0.194886 0.160307 -0.093868
v -0.184262 0.135758 -0.102448
v -0.162766 0.162409 -0.109360
v -0.179475 0.183802 -0.100616
v -0.140786 1.332490 0.136141
v -0.159059 1.361591 0.131191
v -0.108550 1.616571 -0.088986
v -0.097850 1.636499 -0.060870
v -0.076893 1.628065 -0.087845
v -0.086968 1.600543 -0.113548
v -0.033343 0.772603 0.089254
v -0.049140 0.800263 0.112967
v -0.056114 0.765676 0.108861
v -0.042704 0.739352 0.088849
v 0.012371 1.727212 0.137387
v 0.019923 1.695807 0.132139
v 0.040964 1.727143 0.122798
v 0.023478 1.754132 0.133266
v 0.077372 0.607502 -0.090542
v 0.085146 0.638439 -0.094273
v 0.111195 0.619151 -0.098831
v 0.102242 0.586122 -0.099459
v 0.127752 0.441702 -0.127280
v 0.132988 0.475492 -0.119595
v 0.159295 0.453431 -0.122336
v 0.155892 0.420381 -0.129361
v 0.179050 0.572599 0.072999
v 0.193472 0.544080 0.047961
v 0.196877 0.572025 0.045243
v 0.192721 0.602356 0.058738
v 0.226403 1.261305 -0.046574
v 0.202892 1.312059 -0.100628
v 0.211925 1.280536 -0.083821
v -0.430087 0.957076 0.034175
v -0.191449 1.412560 -0.116690
v -0.218212 1.388354 -0.129741
v -0.228054 1.415425 -0.134246
v -0.204588 1.442168 -0.130533
v -0.175507 1.337494 -0.090742
v -0.171763 1.361166 -0.102874
v -0.159278 1.340362 -0.110821
v -0.086313 0.036675 -0.047553
v -0.097253 0.021348 -0.018405
v -0.106829 0.011119 -0.048171
v -0.090885 0.020810 -0.075822
v -0.053569 0.906217 -0.125843
v -0.048592 0.937891 -0.133912
v -0.018062 0.926552 -0.121805
v -0.030284 0.896442 -0.111474
v 0.014131 1.757390 -0.074680
v 0.012010 1.796467 -0.083477
v 0.036973 1.779702 -0.075007
v 0.052203 1.757268 -0.058529
v 0.036979 1.731873 -0.055841
v 0.115332 0.726122 0.120067
v 0.085068 0.748397 0.120216
v 0.079539 0.716199 0.112492
v 0.101448 0.695601 0.116035
v 0.128462 0.562343 -0.102049
v 0.136321 0.594249 -0.097157
v 0.160468 0.568848 -0.091113
v 0.153395 0.536667 -0.100605
v 0.172389 0.968327 -0.072708
v 0.174744 0.997967 -0.059455
v 0.186446 0.972665 -0.037355
v 0.182003 0.941238 -0.057270
v 0.219295 1.288655 0.003319
v 0.206100 1.311100 0.007323
v 0.215007 1.281033 -0.017251
v 0.219272 1.279792 -0.022839
v 0.239536 1.267859 -0.012141
v -0.428659 0.965117 -0.021376
v -0.433304 0.977194 0.006141
v -0.203812 1.423314 0.071277
v -0.222951 1.456323 0.068224
v -0.171548 0.218870 0.033901
v -0.182577 0.189027 0.044878
v -0.190288 0.201205 0.027250
v -0.099822 0.045784 0.005029
v -0.109563 0.072429 0.013638
v -0.113178 0.049134 0.035243
v -0.019389 1.044502 0.155212
v -0.045945 1.062354 0.171267
v -0.051003 1.036218 0.154446
v -0.031962 1.012653 0.151561
v 0.016546 1.833487 -0.082125
v 0.042770 1.813085 -0.077078
v 0.108982 0.833678 -0.111350
v 0.094244 0.802420 -0.108846
v 0.076895 0.832502 -0.108079
v 0.093327 0.860536 -0.116095
v 0.159677 0.708148 -0.084720
v 0.139923 0.681809 -0.093745
v 0.125953 0.712569 -0.099491
v 0.146144 0.734192 -0.093916
v 0.169743 1.200756 0.086742
v 0.173678 1.169144 0.075418
v 0.179602 1.187911 0.052395
v 0.176876 1.222745 0.065480
v 0.308886 1.106054 -0.013500
v 0.287293 1.137272 -0.016361
v 0.309384 1.087771 -0.043412
v -0.412495 0.762733 0.057886
v -0.233332 1.578359 -0.039705
v -0.224847 1.586949 -0.011551
v -0.202877 1.594548 -0.042496
v -0.220184 1.573186 -0.069890
v -0.190623 0.254416 -0.105535
v -0.188172 0.290920 -0.109721
v -0.164299 0.265938 -0.121273
v -0.167379 0.229909 -0.118425
v -0.110987 0.131449 0.010353
v -0.114767 0.163180 0.015879
v -0.119814 0.136258 0.028178
v -0.054106 1.298790 0.159962
v -0.034771 1.268993 0.159005
v -0.015782 1.299254 0.160050
v -0.036204 1.329199 0.157468
v 0.017305 0.892997 0.120238
v 0.019385 0.861662 0.101404
v 0.041139 0.870213 0.124422
v 0.042129 0.910016 0.134284
v 0.076750 1.100220 -0.126032
v 0.082743 1.132250 -0.117023
v 0.105880 1.102582 -0.110916
v 0.099136 1.067917 -0.113172
v 0.152547 0.811101 0.118532
v 0.125228 0.831629 0.125220
v 0.126710 0.792490 0.124666
v 0.140943 0.752456 0.118770
v 0.161146 0.776908 0.113783
v 0.177292 1.402282 -0.091560
v 0.183298 1.427167 -0.115965
v 0.203947 1.397091 -0.125879
v 0.171407 1.389743 -0.070507
v 0.183660 1.360923 -0.079244
v 0.190742 1.332160 -0.071851
v 0.202678 1.356149 -0.117067
v 0.198437 1.411062 0.098072
v 0.199642 1.391524 0.073071
v 0.204442 1.431478 0.074307
v 0.320525 1.130201 0.004881
v -0.422057 0.840959 -0.035971
v -0.402890 0.857467 0.006331
v -0.417793 0.813852 -0.023321
v -0.398484 0.826051 -0.030290
v -0.403312 0.860133 -0.026903
v -0.204931 0.111912 0.107367
v -0.214355 0.103219 0.145048
v -0.161953 0.282217 0.045959
v -0.186697 0.301761 0.030459
v -0.189538 0.269408 0.029365
v -0.166148 0.248308 0.045344
v -0.101704 0.151089 -0.011678
v -0.105280 0.185642 -0.002251
v -0.018800 1.338242 -0.146724
v -0.037476 1.308207 -0.142160
v -0.053547 1.343185 -0.145911
v -0.032686 1.375722 -0.150577
v 0.057131 0.920086 -0.131212
v 0.042694 0.896425 -0.116500
v 0.019807 0.922359 -0.120389
v 0.039762 0.948677 -0.134036
v 0.111890 1.283885 0.146397
v 0.091547 1.310801 0.153762
v 0.079647 1.277547 0.154681
v 0.104287 1.247793 0.148280
v 0.126278 0.810833 -0.105772
v 0.132192 0.852917 -0.106510
v 0.152397 0.823665 -0.092533
v 0.145568 0.789597 -0.096667
v 0.168715 1.449010 -0.129050
v 0.193316 1.458163 -0.128349
v 0.216175 1.433330 -0.134165
v 0.203748 1.413108 0.044909
v 0.225610 1.442091 0.055072
v 0.242251 1.414180 0.046898
v 0.229870 1.379639 0.044256
v 0.309384 1.399609 -0.010106
v -0.402440 0.889262 -0.037887
v -0.181232 0.325183 -0.118584
v -0.160047 0.301650 -0.125784
v -0.124837 1.429192 0.150068
v -0.140943 1.459292 0.138177
v -0.158916 1.426980 0.136413
v -0.141027 1.394638 0.150886
v -0.105623 0.174925 0.043036
v -0.104107 0.134031 0.027812
v -0.089317 0.164175 0.014932
v -0.092746 0.198911 0.023074
v -0.019188 1.361099 0.154582
v -0.042809 1.391950 0.154942
v -0.054755 1.361342 0.158035
v 0.017268 1.040035 -0.127886
v 0.031594 1.069258 -0.127534
v 0.053815 1.039208 -0.129121
v 0.038146 1.009826 -0.135011
v 0.107246 1.432884 0.154714
v 0.087633 1.458185 0.154723
v 0.074919 1.428978 0.161047
v 0.097882 1.402425 0.164713
v 0.152420 0.849340 0.117957
v 0.126501 0.868453 0.124507
v 0.174881 1.461974 -0.130136
v 0.206933 0.043188 -0.064837
v 0.204276 0.073249 -0.053106
v 0.214964 0.049192 -0.031318
v 0.292133 1.418526 -0.102203
v 0.287757 1.450514 -0.089458
v 0.301432 1.425644 -0.067488
v 0.312193 1.395699 -0.080179
v -0.199898 1.284786 -0.073060
v -0.191186 0.452838 -0.103352
v -0.187759 0.485030 -0.094544
v -0.159703 0.469705 -0.117476
v -0.170516 0.435165 -0.122507
v -0.161579 1.515079 0.095938
v -0.150914 1.485613 0.115830
v -0.130540 1.515535 0.107943
v -0.136689 1.541682 0.087421
v -0.108274 0.263040 0.040161
v -0.102594 0.231194 0.033892
v -0.087204 0.259673 0.015544
v -0.093286 0.291567 0.027778
v -0.052761 1.432954 0.152401
v -0.023631 1.416410 0.150363
v -0.013650 1.445459 0.146478
v -0.036859 1.467405 0.142301
v 0.035360 1.098445 0.178021
v 0.099240 1.601914 0.053349
v 0.089385 1.634740 0.035241
v 0.075604 1.627352 0.060350
v 0.159064 0.881247 0.114491
v 0.132940 0.902466 0.124134
v 0.178798 1.460882 0.120634
v 0.186141 1.425716 0.121600
v 0.200577 1.451730 0.102062
v 0.190784 1.488480 0.093018
v 0.203430 0.102908 -0.046649
v 0.213086 0.080579 -0.021419
v 0.294348 1.456558 -0.053132
v -0.402351 0.923691 -0.039661
v -0.228175 1.356019 -0.130180
v -0.199864 1.370816 -0.114530
v -0.190727 0.516472 -0.077726
v -0.191297 0.551013 -0.065184
v -0.169672 0.535868 -0.091297
v -0.165392 0.503962 -0.103619
v -0.160008 1.589307 -0.095898
v -0.142545 1.609297 -0.077561
v -0.124944 1.594073 -0.107085
v -0.141739 1.567055 -0.120643
v -0.100884 0.322706 -0.126848
v -0.077961 0.309658 -0.106915
v -0.055482 1.495701 0.130679
v -0.023737 1.497915 0.127239
v -0.039428 1.527443 0.112898
v 0.017666 1.220300 -0.130965
v 0.038006 1.250389 -0.134817
v 0.054954 1.222352 -0.130663
v 0.038754 1.191163 -0.127932
v 0.069586 1.693348 0.015913
v 0.070365 1.660734 0.011824
v 0.070263 1.675537 -0.023025
v 0.090967 1.653542 -0.009053
v 0.070300 1.706566 -0.011864
v 0.092910 1.644454 -0.037763
v 0.154453 0.912568 -0.102000
v 0.141664 0.883024 -0.106537
v 0.125838 0.913696 -0.123002
v 0.140962 0.942797 -0.116365
v 0.182067 1.552165 0.064699
v 0.191998 1.522800 0.076820
v 0.216349 1.535897 0.054434
v 0.198358 1.566830 0.044994
v 0.209492 0.112904 -0.016156
v -0.402649 0.960852 -0.036558
v -0.200531 1.562084 0.052613
v -0.215755 1.579456 0.023693
v -0.181799 0.586800 -0.069528
v -0.167453 0.564495 -0.086253
v -0.126307 0.008824 -0.018383
v -0.146094 0.017556 0.010646
v -0.139858 0.005541 -0.051262
v -0.106574 0.618912 -0.098398
v -0.088739 0.650792 -0.096600
v -0.076969 0.619227 -0.090528
v -0.084153 0.585579 -0.093754
v -0.015863 1.540803 -0.148198
v -0.033433 1.508948 -0.154033
v -0.052903 1.540549 -0.146299
v -0.033546 1.569130 -0.137711
v 0.057797 1.279826 -0.138107
v 0.018400 1.278483 -0.137831
v 0.039373 1.307595 -0.142228
v 0.067600 0.271816 -0.045971
v 0.068462 0.284144 -0.077046
v 0.075230 0.248352 -0.069660
v 0.073672 0.260172 -0.014783
v 0.073692 0.237285 -0.037804
v 0.124990 0.974466 -0.125937
v 0.137126 1.002538 -0.112424
v 0.152860 0.970528 -0.103885
v 0.211557 0.027394 -0.005215
v 0.196741 0.015502 0.024427
v 0.186310 0.011382 -0.009421
v 0.205660 0.018311 -0.040364
v 0.214830 0.138805 -0.058187
v 0.216989 0.118744 -0.042696
v 0.208230 0.114370 -0.069299
v 0.221486 0.146227 -0.057906
v 0.334001 1.161730 0.013698
v -0.417557 0.986003 0.033497
v -0.404248 0.960940 0.054448
v -0.193856 0.011718 0.199223
v -0.210360 0.040218 0.210211
v -0.224296 0.014223 0.197734
v -0.195295 0.571002 0.046285
v -0.187724 0.533295 0.053618
v -0.177192 0.559409 0.071504
v -0.185944 0.596821 0.066900
v -0.158320 0.011740 0.041469
v -0.126031 0.019994 0.042946
v -0.132319 0.012345 0.074664
v -0.077663 0.645995 0.097835
v -0.095981 0.671323 0.111455
v -0.013614 1.596606 -0.123896
v -0.050071 1.593820 -0.122481
v -0.024001 1.622374 -0.105771
v 0.050570 1.366903 0.155744
v 0.031369 1.394777 0.154962
v 0.015666 1.362949 0.160441
v 0.035040 1.334736 0.159706
v 0.083092 0.260964 -0.098476
v 0.077377 0.297895 -0.105816
v 0.124734 1.168999 -0.094625
v 0.138812 1.203575 -0.089649
v 0.149635 1.176222 -0.073181
v 0.139801 1.140412 -0.081200
v 0.219428 0.019903 0.205980
v 0.198692 0.047378 0.210032
v 0.186428 0.015643 0.205173
v 0.202850 0.005659 0.176342
v 0.202835 0.174049 -0.018517
v 0.206563 0.189729 0.024342
v 0.206691 0.169108 0.021704
v 0.205734 0.144414 -0.007757
v 0.337536 1.156093 -0.098954
v -0.421856 0.993147 -0.028094
v -0.426013 1.005487 0.006848
v -0.211565 0.021799 0.017870
v -0.191654 0.009958 0.041190
v -0.183099 0.649815 0.078705
v -0.196885 0.666091 0.055318
v -0.193676 0.629640 0.058018
v -0.171422 0.621869 0.086271
v -0.128974 0.325269 0.052504
v -0.151827 0.348480 0.052690
v -0.158309 0.313293 0.048182
v -0.124833 0.293556 0.049363
v -0.105698 0.730694 0.121154
v -0.084602 0.702601 0.113094
v -0.069389 0.731915 0.110351
v -0.084368 0.756119 0.121455
v -0.040276 1.661789 0.072549
v -0.059122 1.677771 0.050457
v -0.054210 1.646651 0.043614
v -0.039755 1.627144 0.057109
v 0.015075 1.672492 -0.070977
v 0.024388 1.700086 -0.050526
v 0.049390 1.680498 -0.051289
v 0.045082 1.659905 -0.073727
v 0.079710 0.284207 0.006920
v 0.156150 1.327219 0.127655
v 0.136981 1.348917 0.140388
v 0.124818 1.316046 0.142046
v 0.145505 1.292729 0.129408
v 0.185061 0.106463 0.120162
v 0.198186 0.102910 0.151041
v 0.217709 0.104817 0.123980
v 0.209644 0.120989 0.097103
v 0.208350 0.207774 -0.029919
v 0.218529 0.179308 -0.031304
v 0.216628 0.192983 -0.006112
v 0.343194 1.219651 -0.098311
v -0.200458 0.078497 0.200600
v -0.225070 0.097477 0.179094
v -0.226713 0.066153 0.195723
v -0.197018 0.665660 -0.034591
v -0.194148 0.697413 -0.041222
v -0.179204 0.672921 -0.064923
v -0.185445 0.642349 -0.058069
v -0.152889 0.341156 -0.131199
v -0.139353 0.378914 -0.133849
v -0.119408 0.350005 -0.132650
v -0.131293 0.314407 -0.130637
v -0.103441 0.747188 -0.104564
v -0.097317 0.781416 -0.107298
v -0.071042 0.758566 -0.098267
v -0.081643 0.721811 -0.098981
v 0.019127 1.868669 -0.065004
v 0.045593 1.846847 -0.069539
v 0.083274 0.340975 0.023740
v 0.087883 0.307402 0.024484
v 0.127727 1.390555 -0.136387
v 0.125852 1.424064 -0.142456
v 0.154899 1.410734 -0.127507
v 0.154985 1.376910 -0.120703
v 0.129703 1.350518 -0.127509
v 0.184140 0.133054 -0.102952
v 0.196049 0.154824 -0.093169
v 0.188244 0.187127 -0.094134
v 0.301214 1.322201 -0.005827
v 0.330136 1.337853 -0.006458
v -0.223594 0.109793 0.045406
v -0.224024 0.075757 0.027897
v -0.182762 0.682295 0.084237
v -0.198498 0.699530 0.055196
v -0.158478 0.381035 0.053532
v -0.128971 0.379359 0.058876
v -0.151124 0.412643 0.060362
v -0.094756 0.978042 -0.135760
v -0.075640 0.953540 -0.138669
v -0.044415 1.800900 0.126631
v -0.061195 1.817920 0.105508
v -0.063466 1.782924 0.102808
v -0.057795 1.743336 0.109000
v -0.042105 1.766478 0.121457
v 0.056244 1.825572 0.112916
v 0.032749 1.850311 0.119247
v 0.127678 1.461963 -0.146515
v 0.152413 1.444537 -0.135771
v 0.209583 0.287881 -0.080412
v 0.195851 0.264548 -0.100388
v 0.183130 0.292297 -0.113377
v 0.198998 0.313305 -0.100028
v 0.217939 0.268738 -0.050124
v 0.213005 0.250061 -0.071836
v 0.213277 0.326550 -0.073459
v 0.217387 0.300527 -0.049281
v 0.301288 1.428860 -0.031543
v -0.192159 0.100961 0.175006
v -0.186705 0.713906 0.084049
v -0.118021 0.527702 0.087153
v -0.146199 0.554781 0.088506
v -0.158299 0.528628 0.079046
v -0.135691 0.502213 0.080757
v -0.076959 0.976268 0.143001
v -0.099968 1.002933 0.140143
v -0.069016 1.833180 0.080646
v -0.056401 1.855071 0.098081
v 0.049190 1.874008 -0.048938
v 0.076652 0.453501 -0.098807
v 0.096567 0.430811 -0.119989
v 0.134116 1.495144 -0.145356
v 0.161569 1.479453 -0.137586
v 0.190664 0.262048 0.030774
v 0.205082 0.282074 0.010066
v 0.214160 0.422388 -0.025929
v 0.207124 0.438479 0.002074
v 0.206245 0.405563 0.002724
v 0.215511 0.391955 -0.030747
v -0.409607 0.822025 0.096259
v -0.414498 0.809862 0.070978
v -0.215384 0.129279 0.072993
v -0.190151 0.727624 -0.050035
v -0.173949 0.703273 -0.070668
v -0.159391 0.647066 -0.082776
v -0.150852 0.676984 -0.087371
v -0.125295 0.649521 -0.096525
v -0.139476 0.619834 -0.093384
v -0.106142 1.335328 0.150813
v -0.092334 1.299264 0.153910
v -0.072630 1.330464 0.159375
v -0.088361 1.367278 0.157990
v -0.060141 1.860351 -0.052432
v -0.043305 1.886863 -0.036851
v -0.030727 1.869781 -0.062172
v -0.039722 1.838688 -0.075277
v 0.056912 1.306515 0.158591
v 0.020543 1.303490 0.163318
v 0.043386 1.275332 0.161998
v 0.081041 0.487039 -0.098775
v 0.102771 0.464618 -0.116266
v 0.160877 1.486643 0.110170
v 0.141187 1.511506 0.120323
v 0.128191 1.486366 0.123091
v 0.149136 1.463708 0.132297
v 0.202163 0.377224 0.010259
v 0.186726 0.396822 0.034373
v 0.213384 0.453060 -0.032899
v 0.209942 0.469628 -0.006285
v 0.320837 1.365425 -0.097258
v -0.206522 1.478304 0.085848
v -0.198885 1.449835 0.100784
v -0.187022 0.782842 0.090337
v -0.200039 0.797279 0.060166
v -0.197572 0.764733 0.066412
v -0.187052 0.745757 0.087614
v -0.131191 0.667169 0.110358
v -0.157519 0.693626 0.105671
v -0.161434 0.658840 0.098638
v -0.139932 0.635619 0.103854
v -0.107993 1.398059 0.161331
v -0.074719 1.402934 0.159511
v -0.088542 1.432877 0.159359
v -0.060934 1.888104 0.044494
v -0.057516 1.882456 0.077374
v -0.030561 1.898242 0.064244
v -0.031920 1.901010 0.032622
v -0.047098 1.896470 0.003209
v 0.057076 1.338274 -0.145254
v 0.019824 1.335859 -0.146455
v 0.037147 1.366604 -0.149454
v 0.082009 0.766465 -0.102888
v 0.112249 0.777628 -0.106666
v 0.105437 0.740687 -0.104020
v 0.163342 0.019091 0.014563
v 0.133249 0.018800 0.035054
v 0.130689 0.012607 0.003993
v 0.155042 0.005775 -0.017786
v 0.184558 0.468176 -0.103874
v 0.202970 0.445002 -0.088718
v 0.204450 0.594043 0.026381
v 0.205909 0.557546 0.015014
v 0.206991 0.583647 -0.005301
v 0.206941 0.619267 0.009588
v -0.390558 0.938239 0.073077
v -0.192908 1.511870 0.084366
v -0.196535 0.778293 -0.036967
v -0.190534 0.809567 -0.045702
v -0.177448 0.787040 -0.068192
v -0.184396 0.756860 -0.060289
v -0.118405 0.695598 0.115905
v -0.136714 0.718204 0.116032
v -0.106426 1.461126 0.149607
v -0.070321 1.463573 0.149144
v -0.086798 1.488132 0.132053
v 0.056226 1.457708 0.147392
v 0.038652 1.485250 0.135781
v 0.022759 1.454785 0.148195
v 0.043701 1.426166 0.151329
v 0.093309 1.163718 -0.111317
v 0.112939 1.135852 -0.100771
v 0.128003 0.075801 0.061255
v 0.117767 0.072709 0.030019
v 0.118736 0.046192 0.048784
v 0.125485 0.020097 0.065558
v 0.126191 0.048818 0.082367
v 0.180865 0.541424 -0.082337
v 0.185593 0.574708 -0.069815
v 0.198592 0.547556 -0.054985
v 0.197970 0.514069 -0.068600
v 0.203729 0.610191 -0.023330
v 0.205895 0.643619 -0.008338
v 0.335014 1.116616 -0.090247
v 0.328454 1.082486 -0.073365
v -0.208532 1.559759 -0.100154
v -0.188653 0.816896 0.087988
v -0.198347 0.836418 0.064225
v -0.161634 0.887397 -0.086077
v -0.158134 0.921152 -0.095812
v -0.138775 0.897149 -0.110420
v -0.142716 0.863470 -0.100068
v -0.106194 1.570539 -0.126498
v -0.072038 1.570393 -0.132845
v -0.087729 1.539922 -0.142521
v 0.056091 1.483382 -0.155409
v 0.038199 1.452102 -0.155928
v 0.019714 1.480500 -0.156964
v 0.037286 1.512158 -0.153444
v 0.084706 1.153259 0.151748
v 0.088801 1.144172 0.193252
v 0.114524 1.148514 0.173101
v 0.118850 1.152793 0.139493
v 0.102773 1.185816 0.146479
v 0.126120 0.108329 0.045246
v 0.181585 0.799449 0.100670
v 0.188501 0.766204 0.090603
v 0.198321 0.793770 0.072431
v 0.193399 0.827909 0.083232
v 0.206074 0.791827 -0.006661
v 0.321588 1.311345 -0.030521
v 0.306273 1.285870 -0.006092
v 0.337259 1.279116 -0.022845
v -0.196759 1.597123 -0.002754
v -0.198224 0.835426 -0.022965
v -0.202077 0.862476 0.000963
v -0.194640 0.869789 -0.029951
v -0.184832 0.843565 -0.051913
v -0.135139 0.947661 0.125019
v -0.159291 0.967381 0.111954
v -0.163106 0.935039 0.109797
v -0.138615 0.915810 0.122605
v -0.106895 1.618317 0.042899
v -0.090778 1.595425 0.058232
v -0.076660 1.626436 0.060822
v -0.086845 1.640114 0.030549
v 0.057145 1.539739 -0.146225
v 0.020968 1.542285 -0.147636
v 0.041975 1.569799 -0.136697
v 0.114921 1.572567 0.070697
v 0.084684 1.576206 0.075470
v 0.100060 1.564238 0.101023
v 0.119075 0.126498 0.025225
v 0.123975 0.157715 0.028943
v 0.133053 0.130033 0.055249
v 0.179763 0.822307 -0.065481
v 0.180972 0.851854 -0.061492
v 0.196301 0.817389 -0.036369
v 0.194299 0.790081 -0.046044
v 0.207012 0.814758 0.020165
v -0.221899 0.049618 0.003377
v -0.186544 0.852835 0.089198
v -0.197785 0.870373 0.060176
v -0.129708 1.006354 0.136543
v -0.158239 1.013885 0.152459
v -0.156290 1.001643 0.117072
v -0.131831 0.978749 0.127184
v -0.087038 0.053678 -0.077343
v -0.100880 0.030724 -0.104513
v -0.104181 0.065695 -0.099204
v -0.094205 0.090482 -0.081145
v 0.114527 1.602599 -0.102884
v 0.096050 1.586396 -0.119868
v 0.083466 1.616110 -0.099874
v 0.092994 1.634236 -0.070081
v 0.119195 1.619268 -0.078663
v 0.150282 0.157235 0.053625
v 0.126062 0.164597 0.045176
v 0.143592 0.128614 0.082222
v 0.194909 0.885648 0.073121
v 0.182005 0.899324 0.094914
v 0.183060 0.862355 0.096454
v 0.204333 0.824804 -0.008250
v -0.201490 0.886720 0.027620
v -0.200042 0.896686 -0.004878
v -0.127707 1.015402 0.171236
v -0.148937 1.047542 0.162560
v -0.110325 0.100715 0.014703
v -0.097398 0.085869 -0.017623
v -0.100751 0.116614 -0.014801
v -0.049396 0.518086 -0.025103
v -0.058493 0.517315 -0.064002
v 0.048336 1.699340 0.114481
v 0.105584 1.634031 0.011356
v 0.163520 0.176704 0.045676
v 0.126487 0.180788 0.026530
v 0.191273 0.909720 -0.041812
v 0.185824 0.880714 -0.053514
v 0.175549 0.911454 -0.072572
v 0.202078 0.912971 0.024550
v -0.404360 1.015860 0.029138
v -0.388401 0.984638 0.042424
v -0.199789 1.305935 -0.001608
v -0.196629 0.903623 0.056686
v -0.186024 0.886581 0.086770
v -0.154083 1.018901 -0.088586
v -0.107885 0.188748 0.034327
v -0.098473 0.225119 0.017392
v -0.090852 0.187588 0.007868
v -0.101931 0.161696 0.026830
v -0.043190 0.652601 -0.045777
v 0.045554 1.878011 0.104148
v 0.025965 1.892363 0.079586
v 0.017514 1.879013 0.115326
v 0.076136 1.730909 0.005896
v 0.080447 1.718915 0.037909
v 0.130508 0.189222 0.051225
v 0.190427 0.981923 0.063952
v 0.173045 1.006102 0.094923
v 0.178443 0.970458 0.091554
v 0.186360 0.931800 0.083958
v 0.193860 0.955718 0.059318
v 0.198888 0.949025 0.007485
v -0.421722 1.022717 -0.017521
v -0.407218 1.023119 -0.043398
v -0.391842 0.994984 -0.042126
v -0.199336 0.921364 0.023413
v -0.146860 1.191255 0.120835
v -0.090491 0.212128 -0.005125
v -0.037771 0.661405 0.046115
v -0.043195 0.682468 0.069133
v 0.054699 1.891140 0.019198
v 0.021796 1.900520 0.026179
v 0.040775 1.893567 0.051203
v 0.151190 0.193564 -0.120079
v 0.180887 1.032256 -0.031795
v 0.187323 1.001016 -0.029402
v 0.198980 0.940849 0.036027
v 0.326064 1.074480 -0.013589
v 0.341586 1.096220 0.010906
v -0.414148 1.039054 0.007414
v -0.196824 0.929147 -0.013346
v -0.191263 0.904152 -0.037336
v -0.084342 0.346360 -0.116937
v -0.035201 0.714938 0.067285
v -0.055612 0.706919 0.092705
v 0.017915 0.803176 -0.002131
v 0.011188 0.818190 0.029945
v 0.013452 0.833944 0.000378
v 0.071949 1.756071 0.089920
v 0.074785 1.717261 0.070147
v 0.078536 1.749246 0.059376
v 0.076978 1.783998 0.075265
v 0.163449 0.265546 -0.121497
v 0.147202 0.231453 -0.122457
v 0.132752 0.263787 -0.125295
v 0.155383 0.297897 -0.126762
v 0.173164 1.035244 0.099831
v 0.189958 1.013726 0.122476
v 0.185626 1.031801 0.067095
v 0.188838 1.007345 0.063167
v 0.216484 0.962726 0.031465
v 0.352315 1.249422 -0.012488
v -0.404478 0.784402 0.094095
v -0.190855 1.583563 -0.080170
v -0.193840 0.935199 0.058679
v -0.073913 0.371016 -0.100628
v -0.100444 0.377422 -0.126566
v -0.084343 0.404237 -0.111495
v -0.043327 0.755745 -0.069817
v 0.023908 0.944274 0.142699
v 0.056503 0.942854 0.140884
v 0.039172 0.972640 0.147678
v 0.098891 1.781542 -0.017181
v 0.094937 1.751245 -0.010122
v 0.074217 1.768510 -0.036011
v 0.081238 1.802343 -0.035957
v 0.131006 0.268856 0.050125
v 0.167156 0.250263 0.045316
v 0.158941 0.281933 0.047066
v 0.182560 1.127863 -0.062088
v 0.183053 1.139363 -0.022935
v 0.179203 1.157717 -0.066040
v 0.189000 1.125196 -0.028684
v 0.183683 1.092806 -0.058566
v 0.181401 1.129814 -0.094258
v 0.210258 1.125573 -0.080493
v 0.213717 1.138817 -0.053355
v 0.224203 0.971480 0.002203
v 0.340821 1.271895 -0.084365
v -0.181728 1.027839 -0.031220
v -0.178614 1.062505 -0.035285
v -0.170387 1.007642 -0.061487
v -0.166740 1.187898 -0.052619
v -0.163329 1.227001 -0.070744
v -0.143229 1.190606 -0.083962
v -0.149932 1.150397 -0.070316
v -0.074044 0.431688 -0.092995
v -0.099397 0.436765 -0.118590
v -0.085178 0.464729 -0.103444
v -0.051710 0.782045 -0.085731
v -0.045989 0.814385 -0.084216
v -0.035313 0.789340 -0.059154
v 0.024062 0.979849 -0.134675
v 0.058280 0.978521 -0.139179
v 0.079608 1.814390 0.056669
v 0.072464 1.846395 0.068898
v 0.069482 1.815848 0.086114
v 0.160755 0.852386 -0.086163
v 0.178649 1.185387 -0.016616
v 0.184414 1.145512 0.003151
v 0.194771 1.180430 -0.020407
v 0.181529 1.184537 -0.045926
v 0.227286 0.996376 0.027910
v 0.222065 0.976073 0.057843
v 0.324868 1.371810 -0.025019
v -0.186089 1.081665 0.109671
v -0.182695 1.116483 0.100506
v -0.184594 1.096369 0.083378
v -0.074467 0.498794 0.048223
v -0.085829 0.521859 0.071862
v -0.101623 0.494793 0.076107
v -0.087138 0.469921 0.056028
v -0.049598 0.835066 0.121147
v -0.027950 0.827638 0.102567
v -0.033544 0.863781 0.118794
v 0.054792 1.006803 0.151726
v 0.024293 1.000982 0.153264
v 0.083151 1.845228 0.039582
v 0.129863 1.036865 0.173026
v 0.142937 1.010560 0.159802
v 0.160227 1.045290 0.155428
v 0.140786 1.068159 0.174175
v 0.188146 1.110372 0.116563
v 0.174656 1.117633 0.082583
v 0.188998 1.143240 0.118317
v 0.194092 1.128269 0.143330
v 0.217886 1.015456 -0.032705
v 0.218966 1.043474 -0.028316
v 0.226217 1.028498 0.003842
v 0.226515 1.000929 -0.005007
v 0.220420 0.981987 -0.033378
v 0.313678 1.399109 -0.045211
v -0.390252 0.788642 -0.029452
v -0.182658 1.472558 -0.131834
v -0.196423 1.103476 0.138652
v -0.196555 1.141582 0.111326
v -0.173339 1.137309 0.082861
v -0.145558 1.248079 -0.095241
v -0.131251 1.217595 -0.099854
v -0.070621 0.547140 -0.084692
v -0.019552 0.897498 0.124908
v -0.051820 0.918669 0.136080
v -0.051788 0.886171 0.130241
v 0.059814 1.162108 -0.122271
v 0.080356 0.214897 -0.060451
v 0.091386 0.225454 -0.092568
v 0.126759 1.073942 -0.098153
v 0.133333 1.107383 -0.092933
v 0.157323 1.083313 -0.081106
v 0.148578 1.053156 -0.084554
v 0.180680 1.136474 0.056835
v 0.184560 1.150987 0.030710
v 0.220423 1.070103 -0.023456
v 0.226590 1.058317 0.009679
v -0.386384 0.898534 0.050835
v -0.383006 0.908463 0.080748
v -0.186954 1.588417 0.030264
v -0.178746 1.155372 -0.071351
v -0.178352 1.129062 -0.058706
v -0.181298 1.128592 -0.094370
v -0.179600 1.161147 -0.102634
v -0.104104 1.090318 -0.111584
v -0.095070 1.122819 -0.113168
v -0.070990 1.092704 -0.126922
v -0.079890 1.061563 -0.119400
v -0.025177 0.927731 0.136950
v -0.044880 0.955335 0.143157
v 0.026793 1.421412 -0.154668
v 0.065180 1.426445 -0.152703
v 0.053322 1.397091 -0.151229
v 0.080309 0.229062 -0.002286
v 0.087995 0.254555 0.017696
v 0.161252 1.295934 -0.094380
v 0.146074 1.266339 -0.097668
v 0.128814 1.288994 -0.114487
v 0.144792 1.320089 -0.112692
v 0.169032 1.204653 -0.202362
v 0.174592 1.185881 -0.174057
v 0.169001 1.215164 -0.163053
v 0.199135 1.194398 -0.189493
v 0.170405 1.236894 -0.187810
v 0.195786 1.221410 -0.200881
v 0.219939 1.035617 0.070636
v 0.227309 1.058624 0.045356
v 0.328463 1.057890 -0.048011
v -0.413237 1.052833 -0.027010
v -0.180649 0.048023 0.208327
v -0.189893 1.135293 0.144928
v -0.152111 1.373668 -0.122815
v -0.102511 1.121353 0.194904
v -0.087133 1.097149 0.196172
v -0.068094 1.118356 0.172280
v -0.084263 1.146024 0.186999
v -0.028737 0.961596 -0.133866
v 0.062230 1.594903 -0.120408
v 0.099399 0.312711 -0.126732
v 0.100133 0.277109 -0.119630
v 0.161676 1.347700 -0.109084
v 0.172087 1.188252 -0.144364
v 0.203812 1.185826 -0.155319
v 0.225868 1.112992 0.049605
v 0.220029 1.138345 0.066739
v 0.353992 1.130577 0.017188
v -0.217005 0.100306 0.013329
v -0.215007 0.078059 -0.007811
v -0.194661 1.202135 -0.203692
v -0.198643 1.227318 -0.191043
v -0.169042 1.214667 -0.202011
v -0.171673 1.191051 -0.183512
v -0.124189 1.365094 0.146841
v -0.097530 1.153340 0.148094
v -0.062464 1.149185 0.157984
v -0.078803 1.182143 0.153678
v -0.051753 0.988722 0.148159
v -0.019842 0.982381 0.147499
v 0.028750 1.589032 0.061252
v 0.028919 1.604199 0.090598
v 0.108786 0.344218 -0.131444
v 0.162122 1.515258 -0.135690
v 0.130295 1.529840 -0.138921
v 0.153847 1.549743 -0.126628
v 0.170457 1.246842 -0.157619
v 0.171086 1.224822 -0.130217
v 0.211745 1.166743 -0.073455
v 0.210661 1.175650 -0.043376
v 0.213951 1.149971 -0.024238
v 0.349353 1.193174 0.010436
v -0.218044 0.128117 0.011944
v -0.216711 0.142078 0.039648
v -0.195901 1.250386 -0.172227
v -0.126721 1.403365 -0.139217
v -0.160142 1.407367 -0.124485
v -0.137539 1.436861 -0.140645
v -0.072447 1.310390 -0.140425
v -0.095102 1.277892 -0.129902
v -0.105734 1.312183 -0.131607
v -0.090456 1.343454 -0.141512
v -0.035908 1.185039 -0.127510
v -0.048388 1.152133 -0.123617
v -0.011400 1.156635 -0.127060
v -0.021828 1.125309 -0.131804
v 0.053304 1.707464 -0.036546
v 0.096578 0.392266 0.051777
v 0.145771 0.137509 -0.111251
v 0.139655 0.112419 -0.108740
v 0.159841 0.117923 -0.103667
v 0.170623 0.104384 -0.111583
v 0.195746 1.250728 -0.174223
v 0.356528 1.188224 -0.091405
v -0.227318 0.145470 -0.020732
v -0.224855 0.160086 0.010248
v -0.225919 0.175738 -0.021104
v -0.221889 0.148753 -0.052610
v -0.216064 0.118251 -0.040132
v -0.219759 0.125678 -0.015967
v -0.170404 1.239524 -0.186117
v -0.121439 1.538445 -0.137401
v -0.135495 1.505197 -0.143951
v -0.067781 1.439504 -0.153399
v -0.089138 1.405949 -0.148767
v -0.103507 1.437788 -0.149582
v -0.084420 1.472434 -0.153824
v -0.014627 1.410457 -0.154465
v -0.051207 1.407152 -0.152090
v -0.032814 1.442270 -0.155665
v 0.016430 0.789872 0.051649
v 0.012233 0.823694 0.061304
v 0.015989 0.786179 0.022313
v 0.107136 0.441687 0.067780
v 0.124060 0.099575 -0.115555
v 0.193281 1.245669 -0.138335
v -0.220009 0.192196 0.010513
v -0.205817 0.173528 0.036089
v -0.174183 1.196853 -0.106625
v -0.171208 1.207488 -0.133303
v -0.171242 1.235228 -0.134719
v -0.179794 1.215395 -0.086541
v -0.155430 1.592554 0.039464
v -0.143576 1.567971 0.067756
v -0.124355 1.592081 0.050147
v -0.137791 1.614979 0.026403
v -0.102317 1.506562 -0.149376
v -0.068360 1.507527 -0.152587
v -0.015073 1.477162 -0.157215
v -0.049933 1.475089 -0.155868
v 0.023829 0.796297 0.080095
v 0.019833 0.830420 0.089758
v 0.085923 0.520601 -0.098817
v 0.109660 0.499117 -0.111183
v 0.147942 0.208338 0.015843
v 0.182916 1.248277 -0.013273
v 0.177220 1.215070 -0.031049
v 0.337973 1.340340 -0.081076
v -0.394267 0.876182 0.030028
v -0.219707 0.188088 -0.049612
v -0.219932 0.208774 -0.022041
v -0.171508 1.249586 -0.159243
v -0.130267 0.012681 0.113798
v -0.071973 1.521440 0.113854
v -0.099042 1.542296 0.095659
v -0.101222 1.514052 0.115561
v -0.060587 1.688882 0.081457
v 0.039231 0.835342 0.115169
v 0.110226 0.503396 0.082060
v 0.149451 0.213483 0.044467
v 0.186081 1.286058 0.053416
v 0.174462 1.255103 0.077864
v 0.182479 1.249976 0.047469
v 0.224870 1.293965 -0.120104
v 0.245623 1.267367 -0.113457
v 0.235079 1.251230 -0.084028
v 0.326951 1.369060 -0.060850
v -0.384567 0.909929 -0.020222
v -0.392076 0.882286 -0.007176
v -0.120236 0.009931 -0.081080
v -0.130996 0.018212 -0.111567
v -0.060378 1.549304 0.098051
v -0.078542 1.571301 0.080494
v -0.041377 1.670291 0.102853
v -0.052648 1.703750 0.108657
v 0.057929 0.863304 -0.107287
v 0.027689 0.880801 -0.098800
v 0.110286 0.625058 0.105476
v 0.083533 0.639927 0.100794
v 0.083882 0.602819 0.093759
v 0.114560 0.591326 0.099855
v 0.135969 0.324685 -0.132367
v 0.147203 0.353993 -0.133354
v 0.172580 0.328548 -0.123351
v -0.378564 0.942184 -0.027349
v -0.173581 1.542582 0.075943
v -0.198104 1.391300 0.084145
v -0.196066 1.357876 0.072481
v -0.184139 1.354927 0.105880
v -0.184535 1.389856 0.113404
v -0.193145 1.420293 0.115391
v -0.124667 0.055272 -0.115590
v -0.152414 0.041588 -0.120410
v -0.152501 0.073628 -0.113080
v -0.150990 0.105487 -0.115846
v -0.117589 0.094701 -0.110846
v -0.057709 1.709874 -0.031625
v -0.050767 1.740972 -0.049417
v -0.027819 1.720438 -0.054039
v -0.036801 1.690528 -0.048100
v 0.067915 1.068911 -0.125309
v 0.087104 0.668591 -0.095987
v 0.120648 0.653402 -0.098034
v 0.141487 0.509363 -0.110200
v 0.161747 0.486352 -0.111851
v 0.228739 1.332715 -0.128841
v 0.366336 1.218735 -0.006884
v -0.373351 0.976419 -0.027070
v -0.172349 1.570597 0.056969
v -0.168602 1.609320 0.011007
v -0.133284 0.069086 0.109931
v -0.141701 0.100995 0.098235
v -0.137701 0.070290 0.144654
v -0.139575 0.081419 0.128662
v -0.091865 0.055673 -0.022161
v -0.038319 1.834597 0.123043
v 0.068032 1.187323 0.156645
v 0.050260 1.217657 0.161428
v 0.105124 0.662762 0.111333
v 0.143942 0.626863 -0.092736
v 0.166796 0.600958 -0.082939
v 0.216703 1.545670 -0.111052
v 0.191082 1.525451 -0.125000
v 0.184253 1.554068 -0.114431
v 0.357005 1.243055 -0.075894
v -0.370616 0.957927 0.055425
v -0.174052 0.004708 0.165450
v -0.121662 0.127693 -0.108549
v -0.153008 0.137094 -0.117879
v -0.128942 0.162879 -0.114139
v 0.067128 1.247233 0.156850
v 0.028441 1.245324 0.164184
v 0.107585 0.687419 -0.100060
v 0.158017 0.676385 0.103686
v 0.130994 0.687687 0.113109
v 0.134873 0.649790 0.107018
v 0.141975 0.615934 0.100413
v 0.165042 0.640710 0.094844
v 0.219373 0.002155 0.116081
v 0.194290 0.001378 0.143417
v 0.186364 0.000000 0.111543
v 0.210511 0.002774 0.083607
v 0.222378 1.476094 -0.137148
v 0.245265 1.453680 -0.132305
v 0.241217 1.410091 -0.135554
v -0.385708 1.045309 0.026271
v -0.403837 1.068448 0.007770
v -0.205983 0.023923 -0.012785
v -0.152696 0.046789 0.192962
v -0.170488 0.081018 0.193860
v -0.165888 0.018024 0.202704
v -0.149755 0.140658 -0.111840
v -0.124007 0.105591 -0.109141
v -0.127195 0.128884 -0.103488
v -0.155536 0.121007 -0.101268
v -0.092870 0.135282 0.006166
v 0.063727 1.508389 0.123197
v 0.088957 0.713622 -0.099821
v 0.147904 0.716391 0.112798
v 0.192841 0.110844 -0.094337
v 0.203625 0.133229 -0.081986
v 0.241110 1.509297 0.045176
v 0.215974 1.501680 0.069217
v 0.212148 1.467325 0.075482
v 0.236089 1.476970 0.053769
v 0.359597 1.093872 -0.082104
v 0.357422 1.058342 -0.071363
v -0.213802 0.048506 -0.027894
v -0.173938 0.132422 -0.084840
v -0.176136 0.108588 -0.108206
v -0.153822 0.130921 0.087269
v -0.130470 0.112100 0.068730
v -0.138012 0.137660 0.071591
v -0.089170 0.148451 -0.058359
v -0.096919 0.120836 -0.084751
v -0.103221 0.153735 -0.091276
v -0.092497 0.181093 -0.071641
v 0.062076 1.636306 -0.082376
v 0.112703 0.761603 0.124213
v 0.091918 0.786861 0.125789
v 0.161150 0.764012 -0.086517
v 0.132794 0.758332 -0.100811
v 0.215361 0.192841 0.025343
v 0.196631 0.226692 0.031722
v 0.190534 0.195921 0.047864
v 0.205923 0.164543 0.042436
v 0.243505 1.537147 0.030104
v 0.222161 1.564442 0.029694
v 0.339418 1.340932 -0.038261
v 0.328097 1.324684 -0.059674
v 0.342114 1.293314 -0.056079
v -0.374919 1.009351 0.028368
v -0.220259 0.141396 -0.030503
v -0.221203 0.146259 -0.001770
v -0.184720 0.142246 -0.109058
v -0.161490 0.168625 -0.118194
v -0.137590 0.159008 0.044850
v -0.148373 0.200676 0.024461
v -0.159420 0.171093 0.046395
v -0.147562 0.218628 0.044297
v -0.135214 0.194631 0.047081
v -0.083412 0.225782 0.005140
v 0.058779 1.885444 -0.017056
v 0.082876 1.006289 0.155165
v 0.097603 0.979916 0.139079
v 0.112283 1.005279 0.140211
v 0.113651 1.008487 0.174183
v 0.091275 1.022294 0.184767
v 0.161944 0.914838 0.112400
v 0.140044 0.937417 0.123292
v 0.192432 0.426660 0.030879
v 0.248604 1.528998 -0.111539
v 0.223496 1.513656 -0.130615
v 0.235982 1.555359 -0.087762
v -0.393261 1.050938 -0.058161
v -0.377582 1.023478 -0.055974
v -0.208426 0.115863 -0.065526
v -0.213981 0.140315 -0.056931
v -0.193357 0.169564 -0.051756
v -0.182322 0.161729 -0.077827
v -0.112635 0.352305 0.051048
v -0.100488 0.321056 0.038471
v -0.081208 0.319572 0.008823
v -0.088381 0.351112 0.025399
v 0.060455 1.879472 0.076793
v 0.086979 1.217167 0.151760
v 0.132658 1.262735 0.134756
v 0.160024 1.265485 0.111451
v 0.198903 0.483606 -0.080496
v 0.253337 0.011873 0.125461
v 0.226770 0.004157 0.147008
v 0.242347 0.009281 0.092196
v -0.408373 1.082987 -0.018296
v -0.402649 1.080430 -0.047644
v -0.207502 0.113043 -0.016170
v -0.204813 0.148656 0.042633
v -0.205140 0.152436 -0.001040
v -0.128052 0.435538 0.068152
v -0.155034 0.448080 0.065077
v -0.113695 0.407848 0.060679
v -0.069662 0.491805 -0.083095
v -0.025231 0.801436 0.087774
v 0.019706 0.757108 0.029802
v 0.022923 0.767125 -0.003990
v 0.116925 1.377362 0.151725
v 0.084751 1.369755 0.156938
v 0.105093 1.343095 0.151230
v 0.158699 1.431057 0.135935
v 0.130980 1.443891 0.144958
v 0.133428 1.408973 0.151571
v 0.145684 1.379755 0.140251
v 0.166757 1.398181 0.138247
v 0.202201 0.491462 0.021046
v 0.189767 0.512192 0.048983
v 0.184524 0.480399 0.049969
v 0.197706 0.459541 0.026560
v 0.248167 0.029055 0.190488
v 0.229545 0.053556 0.199588
v 0.232729 0.008564 0.177379
v 0.339184 1.041381 -0.018179
v 0.348901 1.058838 0.010285
v -0.187878 0.134951 0.088683
v -0.194792 0.151971 0.060041
v -0.119322 0.466926 0.074232
v -0.152451 0.478648 0.071866
v -0.066188 0.676011 0.094173
v -0.009049 0.950408 0.147052
v 0.024633 0.760740 0.063473
v 0.111324 1.469641 0.139978
v 0.190391 0.605693 -0.057294
v 0.200927 0.579847 -0.039834
v 0.233951 0.100884 0.157276
v 0.246035 0.094625 0.127174
v 0.238975 0.096967 0.095284
v 0.365849 1.128055 -0.084567
v -0.207555 0.141992 -0.086008
v -0.212688 0.170621 -0.075560
v -0.181815 0.334442 0.035384
v -0.094154 0.819479 -0.110397
v -0.071028 0.798831 -0.102532
v -0.044437 1.064891 -0.125590
v -0.032730 1.094686 -0.132206
v -0.006792 1.066835 -0.126040
v -0.021549 1.036617 -0.128670
v 0.026479 0.794734 -0.030643
v 0.084200 1.533278 0.115942
v 0.101916 1.505614 0.127391
v 0.115505 1.534007 0.111188
v 0.184793 0.656280 -0.060933
v 0.190980 0.685470 -0.051050
v 0.200773 0.664960 -0.029722
v 0.196664 0.633962 -0.042033
v 0.219324 0.124992 0.011464
v 0.219315 0.090785 0.008974
v 0.369008 1.161529 0.010905
v -0.212255 0.223507 0.006863
v -0.199449 0.204416 0.035963
v -0.158921 0.763494 -0.085957
v -0.152091 0.796053 -0.091016
v -0.129087 0.771729 -0.101943
v -0.136275 0.738809 -0.097298
v -0.073882 1.015293 0.150829
v -0.094945 1.007305 0.177174
v -0.016503 1.068130 0.177121
v -0.037953 1.097273 0.177550
v 0.040348 0.801876 0.105647
v 0.132454 1.565971 0.096680
v 0.145769 1.537806 0.104854
v 0.162243 1.544695 0.085185
v 0.144823 1.563958 0.069358
v 0.182951 0.668433 0.084078
v 0.188187 0.635155 0.071773
v 0.198896 0.663949 0.053988
v 0.194816 0.695565 0.069166
v 0.209115 0.146856 0.037585
v 0.368398 1.159342 -0.083577
v -0.396832 1.102988 0.003373
v -0.378316 1.081365 0.021432
v -0.221320 0.969768 -0.010613
v -0.225329 0.975029 0.019648
v -0.225981 1.001837 -0.002082
v -0.196526 0.956562 0.006187
v -0.217410 0.985242 -0.035647
v -0.190241 0.966146 -0.024013
v -0.172689 0.503803 0.065304
v -0.192079 0.494928 0.040489
v -0.179078 0.468789 0.052805
v -0.151815 0.957241 -0.103678
v -0.135278 0.932050 -0.118301
v -0.092254 1.035115 0.186943
v -0.073743 1.052532 0.161607
v -0.090740 1.065246 0.193420
v -0.004358 1.391055 0.158216
v 0.070025 1.039917 0.154216
v 0.082506 1.781661 0.044190
v 0.134604 1.578521 -0.115725
v 0.145385 1.600112 -0.089920
v 0.166628 1.578677 -0.104309
v 0.193390 0.747916 -0.050169
v 0.182829 0.770032 -0.066127
v 0.208219 0.164651 -0.074748
v 0.216190 0.165664 -0.051672
v -0.222146 0.969879 0.049232
v -0.226363 1.009314 0.031695
v -0.195804 0.957504 0.034523
v -0.078263 1.245239 -0.130040
v -0.059156 1.213984 -0.128971
v -0.017043 1.591120 0.079114
v -0.038296 1.613929 0.091611
v -0.045173 1.576523 0.084441
v -0.019810 1.556705 0.096975
v 0.070846 1.101079 0.164846
v 0.067999 1.071238 0.171762
v 0.078722 1.862211 -0.014644
v 0.077054 1.870890 0.015302
v 0.087385 1.840188 0.007949
v 0.084238 1.832131 -0.025516
v 0.168477 1.579382 0.047923
v 0.196058 0.850157 -0.033199
v 0.225900 0.183112 -0.005703
v 0.217424 0.217356 0.000787
v 0.224203 0.157313 0.015333
v -0.359748 1.006402 -0.032571
v -0.220002 0.993434 0.063697
v -0.190708 0.971225 0.060181
v -0.192892 0.611557 -0.049077
v -0.170846 0.616896 -0.076367
v -0.142524 0.992987 -0.108500
v -0.163013 0.982391 -0.083557
v -0.057671 1.242020 0.159801
v -0.098316 1.246512 0.149465
v -0.094058 1.216142 0.149776
v -0.061600 1.210167 0.158539
v -0.018771 1.669757 -0.072879
v -0.041268 1.641930 -0.082037
v -0.048913 1.668171 -0.065392
v 0.067065 1.399216 0.154928
v 0.167924 0.005783 -0.075213
v 0.146162 0.004985 -0.051024
v 0.139644 0.008394 -0.086106
v 0.173894 0.016956 -0.105930
v 0.197573 0.915610 0.058603
v 0.211343 0.248043 0.005266
v 0.220088 0.238213 -0.031940
v 0.217175 0.270798 -0.019405
v 0.349296 1.030207 -0.049607
v -0.403709 1.111278 -0.030864
v -0.381483 1.080654 -0.070855
v -0.392884 1.112006 -0.061857
v -0.218186 1.018139 -0.031965
v -0.185536 0.995148 -0.030022
v -0.166526 0.732940 -0.078674
v -0.140945 1.117560 -0.084780
v -0.125103 1.122869 -0.095461
v -0.076617 1.270908 0.157536
v -0.036891 1.725334 0.124168
v 0.054356 1.756945 0.116720
v 0.077838 0.206931 -0.025768
v 0.162746 0.009411 0.048107
v 0.191384 1.043218 0.128611
v 0.216560 0.217546 -0.063383
v 0.358167 1.264344 -0.047322
v -0.220604 1.021904 0.067058
v -0.186841 1.003168 0.063930
v -0.171137 0.819326 -0.072917
v -0.047844 1.769418 -0.066116
v -0.020772 1.748974 -0.070105
v 0.061206 1.788779 0.105508
v 0.109145 0.243353 -0.115291
v 0.125696 0.019517 0.100041
v 0.147624 0.006311 0.078865
v 0.175676 1.062873 0.099310
v 0.185387 1.057858 0.071219
v 0.210832 0.333840 -0.008914
v 0.214392 0.302932 -0.015893
v 0.217021 0.331476 -0.039766
v 0.212975 0.363374 -0.017297
v -0.361022 0.929397 0.082280
v -0.225206 1.034017 0.001826
v -0.167634 0.800215 0.110103
v -0.167449 0.833708 0.109783
v -0.130699 1.227156 0.133504
v -0.090351 0.163126 0.001714
v -0.043781 1.802565 -0.075380
v -0.016226 1.779861 -0.080517
v 0.060143 1.850585 0.096838
v 0.101452 0.280740 0.037428
v 0.130213 0.048722 0.116414
v 0.135049 0.076860 0.098259
v 0.185746 1.065965 -0.030399
v 0.217376 0.361083 -0.050684
v 0.211757 0.359415 -0.080871
v 0.215227 0.391623 -0.065983
v -0.365776 0.977266 0.025009
v -0.226563 1.043833 0.038104
v -0.180410 0.878390 -0.058558
v -0.126786 1.346466 -0.128754
v -0.150091 1.301445 -0.105986
v -0.159636 1.316954 -0.104216
v -0.133893 1.312775 -0.117781
v -0.089068 0.179037 -0.033665
v -0.088408 0.199507 -0.025678
v -0.035731 1.886840 0.096792
v -0.033026 1.863459 0.115165
v 0.099979 0.357643 0.047566
v 0.103214 0.322363 0.044279
v 0.174150 0.074226 -0.104919
v 0.188418 1.086283 0.079939
v 0.176202 1.092201 0.097591
v 0.192550 1.075673 0.121262
v 0.210059 0.458042 -0.062706
v 0.209737 0.486785 -0.044577
v 0.214396 0.423879 -0.059049
v -0.358668 1.053963 -0.069342
v -0.215093 1.050621 -0.029829
v -0.183826 0.919378 0.086470
v -0.110461 1.374566 -0.140476
v -0.097712 0.381232 0.044071
v -0.080729 0.383757 0.015428
v -0.087719 0.413020 0.037518
v 0.023772 0.728808 0.015052
v 0.025579 0.729612 0.047614
v 0.118161 0.375085 -0.133427
v 0.134235 0.101182 0.077305
v 0.186929 1.064568 0.147266
v 0.194490 1.096102 0.144544
v 0.207276 0.520221 -0.037894
v 0.206809 0.553628 -0.022769
v 0.208787 0.529744 -0.005792
v 0.210252 0.499436 -0.011391
v 0.375397 1.073132 0.022998
v 0.376696 1.105279 0.017541
v -0.396335 1.133997 -0.007577
v -0.397702 1.141187 -0.042284
v -0.220910 1.051145 0.071867
v -0.186852 1.034159 0.068131
v -0.185067 0.937805 -0.045823
v -0.175934 0.912609 -0.067344
v -0.098770 0.439716 0.059294
v -0.078919 0.445205 0.032644
v -0.024304 1.898969 -0.017389
v -0.007590 1.903417 0.012765
v 0.027954 0.735002 -0.013155
v 0.031317 0.762186 -0.035915
v 0.206084 1.094410 -0.031886
v -0.372767 1.119070 0.016928
v -0.226287 1.064351 0.012938
v -0.145228 0.016253 0.179198
v -0.133853 0.042208 0.163041
v -0.147108 0.070972 0.174448
v -0.088484 0.553140 0.083660
v -0.067276 0.580572 0.069723
v 0.038603 0.767728 0.092290
v 0.037708 0.732499 0.078719
v 0.092876 0.554649 -0.099217
v 0.116980 0.532451 -0.106368
v 0.353678 1.009790 -0.025182
v 0.354781 1.022353 0.007217
v -0.387633 0.903082 0.014081
v -0.226733 1.081117 0.044051
v -0.180462 0.951866 0.087222
v -0.087509 0.855281 -0.114525
v -0.064890 0.834883 -0.104239
v 0.121174 0.557858 0.093536
v 0.138058 0.526902 0.085550
v 0.139872 0.495293 0.078814
v 0.166903 0.503759 0.070106
v 0.172974 0.535820 0.072024
v 0.153849 0.555267 0.086554
v 0.205973 0.655521 0.023883
v 0.206672 0.678232 0.002099
v 0.370728 1.212236 -0.069129
v -0.355580 1.056187 0.014484
v -0.358835 1.026510 0.012539
v -0.221468 1.079857 0.075542
v -0.190763 1.067237 0.078599
v -0.182208 1.093813 -0.057978
v -0.056221 0.978912 -0.138891
v -0.075394 1.006226 -0.134755
v 0.096827 0.821057 0.127417
v 0.168815 0.944146 0.106062
v 0.153395 0.969524 0.116682
v 0.200918 1.138352 0.085401
v 0.205209 0.693822 0.034314
v 0.379706 1.186410 -0.005618
v -0.382073 1.141611 -0.073400
v -0.367326 1.111080 -0.082956
v -0.222535 1.077199 -0.015058
v -0.225826 1.098112 0.013613
v -0.196441 1.070298 0.139005
v -0.171199 1.078733 0.157315
v -0.191139 1.044207 0.119041
v -0.174520 1.044881 0.145196
v -0.138738 0.142636 0.059961
v -0.044685 0.554575 -0.019241
v 0.050506 0.832530 -0.092078
v 0.111389 0.884897 -0.121557
v 0.092212 0.915383 -0.133111
v 0.110141 0.944374 -0.133017
v 0.169094 1.013872 0.145707
v 0.135595 1.000029 0.126443
v 0.158100 1.002003 0.113122
v 0.173714 1.201734 -0.108661
v 0.182910 1.177608 -0.122632
v 0.371494 1.234225 -0.039829
v -0.393130 1.166657 -0.019538
v -0.376810 1.154686 0.008947
v -0.199846 1.086952 -0.030422
v -0.165476 1.112243 0.160613
v -0.148543 0.198961 0.055382
v -0.139378 0.170543 0.055659
v -0.119211 0.202173 0.045974
v -0.134611 0.231458 0.049488
v -0.057748 1.034191 -0.129879
v -0.094834 1.031981 -0.122704
v -0.042931 0.572831 0.010557
v 0.073891 1.008656 -0.134853
v 0.122520 0.963876 0.130529
v 0.089118 0.949550 0.137647
v 0.109936 0.927006 0.131017
v 0.149484 1.025202 -0.094450
v 0.161026 0.997435 -0.087533
v 0.194466 1.230811 -0.108229
v 0.177305 1.162302 -0.099643
v 0.176858 1.188291 -0.077178
v 0.183970 1.215965 -0.083309
v -0.389237 1.171039 -0.053414
v -0.221240 1.109803 -0.019207
v -0.171852 1.147948 -0.034305
v -0.120452 0.219849 0.034694
v -0.124433 0.194181 0.016139
v -0.070998 1.086483 0.165550
v -0.040173 0.845987 -0.086472
v -0.030015 0.823062 -0.056400
v 0.068823 1.129557 0.165403
v 0.088972 1.037419 -0.123679
v 0.122079 1.038548 -0.109060
v 0.108131 1.008161 -0.126322
v 0.161936 1.115279 -0.078315
v 0.182258 1.211163 0.002016
v 0.378220 1.032000 -0.059506
v 0.383175 1.003276 -0.045942
v -0.223590 1.112286 0.068258
v -0.225248 1.119256 0.039297
v -0.176367 1.184215 -0.080875
v -0.179772 1.178714 -0.126244
v -0.115311 0.409069 -0.129478
v -0.147445 0.411813 -0.131478
v -0.135801 0.442757 -0.127122
v -0.060353 1.123199 -0.126723
v -0.008416 1.187756 0.170202
v -0.026943 1.216690 0.159125
v -0.041610 1.181463 0.159946
v -0.020327 1.154950 0.162070
v 0.077307 1.253726 -0.131619
v 0.115608 1.223065 -0.110263
v 0.107324 1.193788 -0.109479
v 0.088442 1.224738 -0.123492
v 0.113359 1.256210 -0.117391
v 0.147883 1.150660 0.124749
v 0.160162 1.177492 0.107472
v 0.377370 1.038532 0.026927
v -0.385984 1.198911 -0.032413
v -0.376102 1.189695 -0.000765
v -0.211218 1.099701 0.092154
v -0.151784 0.590851 -0.091023
v -0.118549 0.587473 -0.099473
v -0.136007 0.558577 -0.100442
v -0.058907 1.277001 -0.137475
v -0.001763 1.248703 -0.133653
v -0.020603 1.217195 -0.130641
v -0.040831 1.246054 -0.134138
v -0.020938 1.277357 -0.137605
v 0.077260 1.309787 -0.139709
v 0.170098 1.360936 0.124502
v 0.182868 1.211502 0.034508
v 0.384381 1.079755 -0.067283
v 0.396614 1.056938 -0.053523
v -0.357173 0.901881 0.065283
v -0.367206 0.915470 0.033082
v -0.222520 1.132560 0.010321
v -0.145127 0.707125 -0.091329
v -0.117452 0.679456 -0.098708
v -0.088816 1.654063 -0.034038
v -0.069811 1.648494 -0.061250
v -0.027966 1.612277 0.063894
v -0.016947 1.644359 0.088040
v 0.070398 1.338243 0.155871
v 0.092947 1.340809 -0.140624
v 0.105460 1.370739 -0.141409
v 0.113304 1.316666 -0.128767
v 0.164971 1.514426 0.094888
v 0.202904 1.217997 -0.138788
v 0.201883 1.219225 -0.168979
v 0.388283 1.137644 0.001508
v -0.372571 0.929028 0.002169
v -0.215048 1.142216 -0.017982
v -0.190931 1.121072 -0.029940
v -0.146992 0.829874 -0.094537
v -0.123411 0.805878 -0.105575
v -0.005616 1.644438 -0.086390
v 0.073094 1.370810 -0.147431
v 0.093260 1.403943 -0.147968
v 0.099457 1.440498 -0.150396
v 0.173520 1.610337 -0.001687
v 0.185357 1.304709 -0.034973
v 0.348395 0.869490 0.113826
v 0.345878 0.903181 0.088493
v 0.362105 0.879471 0.080422
v 0.371663 0.901422 0.097766
v -0.374459 0.882765 0.091565
v -0.356043 0.904969 0.099883
v -0.222122 1.147911 0.063071
v -0.205335 1.135199 0.082600
v -0.193312 1.322753 0.052721
v -0.196642 1.349125 0.056682
v -0.122258 1.051822 0.179465
v -0.144559 1.080789 0.172757
v -0.029614 1.687388 0.126504
v 0.072808 1.457645 -0.154233
v 0.106022 1.509581 -0.148287
v 0.092971 1.537806 -0.142518
v 0.115019 1.558794 -0.130491
v 0.130406 0.018129 0.133157
v 0.153291 0.003325 0.110418
v 0.192392 1.341858 0.078259
v 0.192506 1.369048 0.096786
v 0.222779 1.006416 0.062513
v 0.226802 1.028837 0.036120
v 0.353250 0.912963 0.059149
v 0.369473 0.931704 0.083261
v -0.365520 0.961317 -0.002640
v -0.218534 1.155388 0.036012
v -0.185345 1.321970 0.087522
v -0.081876 0.114670 -0.051087
v -0.090954 0.073419 -0.050638
v -0.086224 0.094907 -0.049051
v -0.016715 1.784398 0.126268
v -0.020251 1.746852 0.138581
v 0.077158 1.483487 0.136308
v 0.135064 0.048962 0.149452
v 0.140485 0.078998 0.132314
v 0.172333 1.386796 -0.043981
v 0.178440 1.373610 -0.034262
v 0.174128 1.370079 -0.058964
v 0.175069 1.391804 -0.051535
v 0.179331 1.371354 -0.057555
v 0.224874 1.090611 -0.002236
v 0.389534 1.111943 -0.063881
v -0.349121 1.031713 -0.048367
v -0.213527 1.168983 0.008851
v -0.170131 1.393901 0.136746
v -0.095932 0.137743 -0.044871
v -0.092707 0.111229 -0.049606
v -0.006455 1.886313 -0.048350
v 0.073452 1.509578 -0.151926
v 0.084048 1.751596 0.026850
v 0.382710 1.180197 -0.060069
v -0.351061 1.085387 -0.080918
v -0.174932 1.455968 0.124759
v -0.039204 0.607256 0.014546
v 0.052679 1.619592 0.085532
v 0.050963 1.581155 0.081827
v 0.181334 0.137836 -0.111622
v 0.192010 1.389653 0.122367
v 0.381735 0.903627 0.065333
v -0.349289 1.087599 0.013678
v -0.150331 1.471058 -0.141215
v -0.170528 1.440366 -0.127887
v -0.120586 1.268419 0.140770
v -0.095231 0.162993 -0.048457
v -0.024842 0.754137 0.062780
v 0.176447 0.447324 0.052115
v 0.157820 0.469450 0.067936
v 0.142848 0.439046 0.067022
v 0.164554 0.416449 0.055164
v 0.228912 1.311733 0.024518
v 0.360981 0.987278 0.005778
v 0.367988 0.983113 -0.025928
v -0.371107 1.170182 -0.082091
v -0.352960 1.135521 -0.092090
v -0.137802 0.011827 0.147602
v -0.117928 1.471598 -0.149352
v -0.032277 0.754038 -0.040122
v 0.063668 1.790380 -0.060090
v 0.090542 1.782325 0.014043
v -0.377061 1.199365 -0.067583
v -0.119513 1.485722 0.126520
v -0.075649 0.287865 -0.004961
v -0.008855 0.983809 -0.132508
v -0.036117 1.005196 -0.135424
v 0.002338 1.011596 -0.131345
v 0.027372 0.698753 0.025735
v 0.029342 0.700112 -0.007275
v 0.089437 1.809339 -0.003870
v 0.177135 0.508495 -0.095325
v 0.357632 0.946421 0.053772
v 0.360303 0.925260 0.028948
v 0.381960 0.902309 0.030875
v -0.171328 0.089585 -0.104382
v -0.124079 1.626624 -0.058555
v -0.148649 1.620423 -0.041316
v -0.144081 1.622577 -0.008275
v -0.116013 1.634791 -0.025900
v -0.085766 0.686082 -0.097585
v -0.060766 0.664824 -0.082377
v -0.004634 1.102258 0.180876
v -0.034277 1.130754 0.173258
v 0.035096 0.702385 0.060028
v 0.087264 1.813212 0.027411
v 0.147487 0.583822 0.093687
v 0.171731 0.605906 0.084796
v 0.376032 1.005443 0.030755
v -0.353751 0.932145 0.053747
v -0.359205 0.946084 0.025730
v -0.203122 0.136219 -0.081304
v -0.195396 0.112321 -0.090045
v -0.115250 0.021066 0.011868
v -0.055683 0.870708 -0.109924
v 0.001815 1.188751 -0.128633
v 0.036665 0.702044 -0.037656
v 0.035810 0.731418 -0.042676
v 0.081852 0.181179 -0.045038
v 0.083776 0.195040 0.007850
v 0.079367 0.174901 -0.015280
v 0.171285 0.683400 -0.075121
v 0.157122 0.655696 -0.085603
v 0.192831 1.493061 -0.130333
v 0.250914 1.493852 -0.125744
v 0.389163 1.146295 -0.059512
v -0.360254 0.997408 -0.001587
v -0.222337 0.165938 -0.017010
v -0.215972 0.166667 -0.046535
v -0.012714 1.244831 0.167341
v 0.004936 1.272735 0.167774
v 0.036607 0.785755 -0.058366
v 0.090766 0.190048 -0.075553
v 0.169793 0.741591 0.105793
v 0.220328 1.574679 -0.067031
v 0.227332 1.583867 -0.033826
v 0.247821 1.561262 -0.054917
v 0.383058 1.201503 -0.034662
v -0.217631 0.167868 0.010268
v -0.177130 0.182194 0.053094
v -0.170855 0.216919 0.046921
v -0.164219 0.155254 0.068722
v -0.128458 0.146711 0.039896
v 0.000025 1.307504 -0.142180
v 0.045077 0.805416 -0.078993
v 0.095530 0.221320 0.027910
v 0.166256 0.882716 -0.082906
v -0.346006 1.145104 0.015211
v -0.341390 1.116081 0.012055
v -0.001381 1.475969 0.143134
v 0.075211 0.888633 -0.124233
v 0.229978 0.013635 0.055358
v 0.196243 0.006688 0.053930
v 0.226704 0.030776 0.026470
v 0.223462 0.056261 0.001721
v -0.349206 1.176883 0.013748
v -0.216140 0.186149 -0.030049
v -0.215698 0.191580 -0.006961
v -0.173402 0.366266 -0.126553
v -0.134432 0.495196 -0.113617
v -0.142697 0.527849 -0.104666
v -0.071509 1.374995 -0.147887
v -0.008031 1.526143 0.114600
v 0.068732 0.883757 0.130378
v 0.076264 0.916695 0.134738
v 0.122668 0.408370 -0.131913
v 0.165723 1.081836 0.161310
v 0.217084 0.134613 0.043351
v 0.224471 0.102771 0.038946
v 0.226044 0.116054 0.070343
v 0.389270 0.954997 0.062627
v 0.404711 0.926348 0.067718
v -0.370728 1.223869 -0.013108
v -0.375150 1.228398 -0.045870
v -0.208113 0.164543 -0.071963
v -0.205960 0.199972 -0.042348
v -0.208251 0.202143 -0.065102
v -0.181490 0.366916 0.037579
v -0.115031 0.558512 0.093512
v -0.128643 0.583779 0.097484
v 0.075746 0.947584 -0.138447
v 0.125517 0.409612 0.063812
v 0.137806 1.236915 -0.097445
v 0.159202 1.237992 -0.076226
v 0.162532 1.209181 -0.062228
v 0.201446 0.628718 0.041376
v 0.222434 0.144575 -0.002412
v 0.361047 0.954194 0.015565
v 0.374618 0.925556 -0.002266
v -0.347992 1.210978 0.005613
v -0.205737 0.180276 0.021460
v -0.180416 0.402901 0.041962
v -0.145768 0.608244 0.097921
v -0.014576 1.817212 -0.084249
v 0.068538 0.976643 0.145226
v 0.124004 0.468025 0.074925
v 0.202192 0.698570 -0.024956
v 0.187388 0.714177 -0.057715
v 0.223794 0.167370 -0.010445
v 0.369665 0.973444 0.039030
v -0.351441 1.196175 -0.095732
v -0.363482 1.226126 -0.077729
v -0.217520 0.224193 -0.053697
v -0.210072 0.202632 -0.079599
v -0.179619 0.435429 0.046850
v -0.118859 0.841156 -0.109490
v -0.014710 1.816534 0.137322
v 0.165098 1.232460 0.099103
v 0.191067 0.731907 0.082449
v 0.392710 1.162937 -0.025765
v -0.212210 0.223190 -0.029559
v -0.209111 0.197282 0.016021
v -0.126140 0.968438 -0.124434
v -0.008052 1.853526 -0.075578
v 0.178574 0.004448 -0.043370
v -0.217524 0.242253 -0.024642
v -0.162990 0.584397 0.086386
v -0.128041 1.026884 -0.108739
v 0.074527 1.193151 -0.122514
v 0.096535 0.857951 0.127832
v 0.139365 0.017163 0.164328
v 0.161220 0.003183 0.140106
v 0.368507 0.954838 -0.016988
v -0.328922 1.109368 -0.086500
v -0.122514 1.156114 -0.094389
v -0.059945 1.604154 0.070002
v 0.194069 0.938097 -0.027676
v -0.345516 1.164415 -0.098136
v -0.206605 1.177391 -0.013924
v -0.211560 1.161721 -0.042210
v -0.212130 1.132520 -0.051429
v -0.134636 1.113174 0.179973
v -0.118763 1.146964 0.177713
v -0.054951 1.617730 -0.105166
v -0.040399 0.593077 -0.016054
v 0.071893 1.554011 0.093919
v 0.101057 0.892978 0.129163
v 0.146590 0.048648 0.180588
v 0.148329 0.079076 0.167513
v 0.402208 1.080257 0.001116
v 0.404331 1.050165 0.013352
v -0.361905 1.255420 -0.026373
v -0.360725 1.256454 -0.060740
v -0.222714 1.162977 0.092065
v -0.214772 1.189834 0.055036
v -0.037386 0.628845 -0.015595
v 0.076762 1.565512 -0.134447
v 0.093043 0.977248 -0.136810
v 0.400063 1.108334 -0.008331
v -0.347856 0.881731 0.085046
v -0.352083 0.869615 0.114280
v -0.193153 1.161623 0.092306
v -0.180636 1.142766 0.047246
v -0.165013 0.728714 0.106256
v -0.156263 1.263785 -0.090282
v -0.127649 1.276841 -0.113674
v -0.112569 1.244682 -0.116292
v -0.081704 0.188337 -0.007949
v -0.030119 0.696936 0.036330
v 0.050765 1.669734 0.067134
v 0.085788 1.050781 0.182864
v 0.112508 1.057197 0.187037
v 0.089550 1.080161 0.196738
v 0.185049 0.206379 0.036920
v 0.399418 0.982602 0.043180
v -0.196040 1.173325 0.031456
v -0.166243 0.763984 0.109142
v -0.079860 0.221300 -0.061040
v -0.093745 0.209611 -0.087008
v -0.036056 0.691347 -0.032955
v 0.064846 1.737640 -0.029341
v 0.090265 1.111687 0.197725
v 0.178042 0.208651 -0.113198
v 0.177792 0.239787 -0.113775
v 0.190578 1.169575 0.065041
v 0.395671 0.970150 -0.036698
v -0.327771 1.074955 -0.065843
v -0.331201 1.054690 -0.041582
v -0.207280 1.194207 0.090830
v -0.122325 1.304493 0.142046
v -0.069372 0.548502 0.061113
v -0.025045 0.874182 -0.091491
v -0.019485 0.857178 -0.063833
v 0.071313 1.876184 0.047433
v 0.151940 0.387326 -0.132945
v 0.208576 1.172578 -0.103685
v 0.209616 1.144396 -0.102486
v 0.407866 1.028307 -0.040421
v -0.340564 1.242015 -0.003752
v -0.190452 1.174785 0.062101
v -0.017349 0.853484 0.092675
v -0.005070 0.880572 0.100204
v 0.031121 0.668202 0.006457
v 0.034534 0.671779 0.041370
v 0.096332 1.283525 -0.130428
v 0.184156 1.174899 0.016786
v 0.408533 1.016138 0.025479
v -0.166284 0.853282 -0.077488
v -0.111239 1.568088 0.075226
v -0.002465 1.012315 0.163301
v 0.035898 0.669326 -0.027071
v 0.097641 1.479206 -0.152463
v 0.174753 0.630141 -0.073838
v 0.203301 1.200615 -0.061416
v -0.166074 0.867447 0.109587
v 0.005280 1.096603 -0.134259
v 0.043880 0.750457 -0.066808
v 0.175837 0.704529 0.096663
v 0.206181 1.193502 -0.123291
v 0.394249 0.874798 0.042917
v 0.400956 0.886404 0.071749
v -0.180178 1.483278 0.103157
v -0.165787 0.901452 0.108801
v -0.113798 1.629864 0.009401
v 0.003190 1.130443 0.179148
v 0.067857 0.846351 0.126379
v 0.065939 0.810948 0.122478
v 0.173767 0.736580 -0.075167
v 0.385621 0.932715 -0.034164
v 0.387420 0.898620 -0.001133
v 0.390804 0.901139 -0.033115
v -0.345203 1.033293 -0.014931
v -0.207046 0.081929 -0.036646
v -0.203311 0.020851 -0.051876
v -0.208183 0.053037 -0.055550
v -0.171359 1.054057 0.097265
v -0.186306 1.012643 0.128778
v -0.169261 1.019120 0.098202
v -0.001916 1.331585 0.164279
v 0.118235 1.633503 -0.016992
v 0.171278 0.796968 -0.077458
v 0.206270 1.202452 -0.092003
v -0.125778 0.041357 0.130150
v 0.000163 1.365016 -0.150514
v 0.165521 0.940845 -0.089222
v -0.340873 1.225556 -0.101093
v -0.344368 1.253773 -0.090419
v 0.002116 1.445548 -0.157032
v 0.168787 1.114440 0.159440
v 0.416292 0.997619 -0.031995
v -0.129894 0.075703 0.077956
v -0.066394 1.662134 0.018785
v -0.092267 1.651191 -0.002315
v 0.002022 1.510893 -0.154428
v 0.073332 1.658238 -0.056441
v 0.085194 0.096450 -0.056993
v 0.085929 0.109492 -0.040050
v 0.085609 0.129704 -0.058108
v 0.092175 0.076099 -0.050375
v 0.089631 0.099561 -0.076260
v 0.158396 1.147275 -0.057585
v -0.194329 0.176563 -0.102069
v -0.181574 1.155719 0.035591
v -0.189949 1.154799 0.034736
v -0.177948 1.191456 0.054664
v -0.118294 0.147762 0.049985
v -0.070806 1.677866 -0.009513
v 0.004023 1.570655 -0.138499
v 0.088656 0.120279 -0.013919
v 0.081477 0.146251 -0.028998
v 0.087925 0.131437 -0.034252
v 0.098548 0.084832 -0.018338
v 0.099106 0.135461 -0.068922
v 0.099756 0.145480 -0.028220
v 0.103559 0.116713 -0.011126
v 0.169229 1.145908 0.149241
v 0.186498 1.283954 -0.005381
v 0.185915 1.292813 -0.022606
v 0.394244 0.871797 0.008861
v -0.334100 1.065067 -0.010087
v -0.173252 1.182159 -0.155282
v -0.139840 0.200830 -0.119963
v -0.137830 0.240254 -0.122655
v -0.112559 0.221323 -0.111767
v -0.110175 0.186714 -0.104235
v -0.064834 1.676811 -0.038622
v 0.068324 1.824558 -0.057391
v 0.086199 0.156752 0.008532
v 0.096797 0.129681 0.011671
v 0.089523 0.144440 -0.005649
v 0.403403 1.090294 -0.038054
v -0.183124 1.170672 -0.025733
v -0.183334 1.148988 0.000670
v -0.188841 1.148775 0.023340
v -0.183376 1.186079 0.020959
v -0.177882 1.151654 -0.020409
v -0.180285 1.189564 -0.019463
v -0.134337 0.277545 -0.126383
v -0.019744 1.656175 0.122554
v 0.070278 1.854531 -0.044117
v 0.088383 0.158413 -0.065180
v 0.099106 0.131452 -0.087162
v -0.321192 1.143260 -0.097419
v -0.168680 1.216302 -0.163199
v -0.082189 0.153686 -0.024837
v -0.087911 0.147092 -0.017970
v -0.087193 0.117071 -0.018712
v -0.005892 1.694352 -0.053534
v 0.254823 1.290813 0.012176
v 0.421341 0.951497 0.046217
v -0.348575 1.283675 -0.042512
v -0.333968 1.274559 -0.016311
v -0.178891 1.180329 -0.052324
v -0.086546 0.115407 -0.021992
v -0.011395 1.709945 0.137273
v 0.036062 0.640334 0.025657
v 0.035476 0.637491 -0.011407
v 0.098355 0.190157 0.035254
v 0.111654 0.134015 0.035801
v 0.101884 0.162239 0.037344
v 0.252720 1.365532 -0.135982
v 0.225901 1.375245 -0.132937
v 0.399250 1.128299 -0.033180
v -0.322963 1.096344 -0.006226
v -0.201905 0.180001 -0.015447
v -0.003858 1.848601 0.124884
v 0.047849 0.678325 0.074698
v 0.045020 0.647169 0.059056
v -0.317360 1.160481 0.006940
v -0.314479 1.129122 0.000805
v -0.188039 0.209385 -0.004283
v -0.208095 0.231668 -0.003775
v -0.193633 0.228079 0.019122
v -0.112965 0.712408 -0.101295
v -0.004049 1.895051 0.085805
v -0.010243 1.880441 0.115802
v 0.054840 0.705933 0.091602
v 0.246189 1.560280 0.008761
v 0.223995 1.583221 0.001167
v 0.414981 0.946621 -0.034246
v 0.418909 0.915591 -0.037123
v -0.322200 1.193291 0.006467
v -0.208261 0.240518 -0.081607
v -0.194072 0.217172 -0.101947
v -0.189634 1.302499 0.050629
v -0.139648 0.816966 0.122190
v -0.140276 0.784315 0.121387
v -0.137700 0.749688 0.119301
v -0.111715 0.768355 0.125091
v -0.083626 0.187432 -0.041759
v 0.001769 1.901220 0.051332
v 0.057385 0.740471 0.103185
v 0.176928 0.002100 0.080765
v 0.193147 1.590200 0.019862
v 0.251815 1.566663 -0.021869
v -0.319563 1.178972 -0.106343
v -0.319054 1.209784 -0.114365
v -0.215826 0.260739 -0.055660
v -0.186036 1.299753 -0.044238
v -0.189443 1.294353 -0.011984
v -0.184825 1.314400 -0.046732
v -0.180910 1.339526 -0.054991
v -0.139072 0.849158 0.121823
v 0.049167 0.716698 -0.070240
v 0.105070 0.196234 -0.100531
v 0.122478 0.213149 -0.116676
v 0.154250 0.018537 0.192918
v 0.172409 0.005992 0.170852
v 0.257464 0.018560 0.158683
v -0.311260 1.221537 -0.004120
v -0.208617 0.256779 0.004108
v -0.194053 0.237075 0.030160
v -0.183162 1.287968 0.068879
v -0.139514 0.882311 0.121464
v -0.072727 0.262263 -0.071298
v -0.035476 0.640261 0.015447
v 0.062741 0.774909 0.114909
v 0.109179 0.246203 0.041628
v 0.152877 0.103111 0.107916
v 0.195764 0.015649 -0.075170
v 0.191255 0.042043 -0.099081
v 0.193265 0.067433 -0.081109
v 0.396639 0.870682 -0.023847
v -0.343051 1.282847 -0.077074
v -0.215915 0.276314 -0.026545
v -0.114360 0.874963 -0.116912
v -0.073500 0.351939 -0.004463
v -0.035068 0.662820 -0.015081
v 0.054580 0.771554 -0.085520
v 0.221864 0.145748 -0.031011
v 0.220869 0.124272 -0.017353
v 0.229018 0.148472 -0.018879
v 0.428882 0.970445 -0.015995
v -0.215122 0.296419 -0.057927
v -0.206619 0.277817 -0.084717
v -0.111714 0.898238 0.128187
v -0.068098 0.333929 -0.087715
v -0.031021 0.724699 -0.023169
v 0.169953 0.144625 0.075478
v 0.176794 0.126340 0.098382
v 0.207105 0.135857 -0.087906
v 0.410632 1.059222 -0.022859
v -0.214506 0.309224 -0.024339
v -0.205908 0.289369 0.003807
v -0.117628 1.086080 0.188122
v 0.001007 0.899426 -0.104225
v 0.159602 0.150036 -0.110460
v 0.210689 0.100274 0.180583
v -0.216135 0.328494 -0.054788
v -0.205545 0.315165 -0.090289
v -0.115434 1.190315 0.140464
v -0.070915 0.416250 0.007497
v 0.004395 0.951854 -0.126910
v 0.200922 0.194949 -0.073392
v 0.199719 0.138897 -0.036443
v 0.195927 0.169024 -0.047128
v 0.217130 0.183118 -0.065673
v 0.221938 0.204764 -0.032641
v 0.224570 0.172637 -0.037643
v -0.213106 0.341147 -0.019081
v -0.202695 0.321797 0.007879
v 0.422319 0.883798 -0.037460
v -0.216583 0.360974 -0.045623
v -0.211182 0.348718 -0.080388
v -0.176138 1.610930 -0.025089
v -0.172324 1.603076 -0.060427
v -0.065537 0.475868 0.024662
v 0.423459 0.982564 0.026121
v -0.211455 0.374866 -0.013720
v -0.200472 0.354452 0.011756
v 0.058293 1.653996 0.037942
v 0.174297 0.832027 0.106502
v 0.201404 0.229271 -0.093791
v 0.407951 0.851529 0.024159
v 0.403450 0.858599 0.074507
v 0.419945 0.854457 0.053109
v -0.216033 0.395306 -0.041754
v -0.213439 0.378635 -0.073152
v 0.061469 1.691713 0.085184
v 0.119344 1.090917 0.187545
v 0.167556 1.028595 -0.065606
v 0.166172 1.061549 -0.055822
v 0.425003 0.898062 0.067441
v 0.432381 0.917942 0.047435
v -0.308911 1.255280 -0.003600
v -0.211910 0.408446 -0.074640
v -0.200462 0.383110 -0.104359
v -0.032107 0.671256 0.016093
v 0.167965 1.146651 0.097360
v 0.203140 0.523519 0.022186
v 0.418916 1.028899 -0.008348
v -0.318448 1.245880 -0.116133
v -0.322178 1.275861 -0.105175
v -0.210167 0.408116 -0.009987
v -0.214494 0.428488 -0.041275
v -0.024721 0.729867 0.042507
v 0.062202 1.726110 0.097953
v -0.336646 1.308682 -0.058205
v -0.321245 1.308388 -0.025965
v -0.017720 0.787936 0.059579
v 0.201845 0.722909 0.054339
v 0.010049 1.217391 0.168172
v 0.039081 0.610159 0.017488
v 0.044100 0.648823 -0.050201
v 0.039119 0.603392 -0.011123
v 0.041765 0.618090 -0.040435
v 0.199847 0.965355 -0.015914
v 0.416602 0.847215 -0.010815
v 0.421284 0.850751 -0.035692
v -0.172348 0.197555 -0.115781
v 0.010119 1.422935 0.154399
v 0.046532 0.614874 0.050817
v -0.325858 1.307940 -0.094280
v -0.176256 0.399013 -0.124773
v -0.005244 1.672842 0.144319
v 0.047016 0.682648 -0.060104
v 0.221407 1.118835 -0.016583
v 0.226172 1.115436 0.017659
v -0.306351 1.285791 -0.004969
v -0.136841 0.263078 0.049743
v 0.004824 1.727312 -0.061165
v 0.428506 0.865918 0.075771
v -0.306755 1.099669 -0.061513
v -0.299823 1.127427 -0.081639
v 0.426694 0.999074 0.000182
v -0.314884 1.083606 -0.034401
v -0.090177 1.790225 0.009939
v -0.086833 1.786309 -0.015792
v -0.097888 1.758285 -0.012687
v -0.071510 1.766259 -0.037976
v -0.083962 1.762121 0.028596
v -0.087281 1.737657 0.004589
v -0.068392 1.738840 -0.021883
v 0.170511 0.071968 0.196558
v 0.167663 0.042480 0.206514
v -0.117610 0.467475 -0.118815
v -0.088777 1.821220 -0.007562
v -0.081143 1.812995 -0.035545
v -0.068722 1.792630 -0.054201
v 0.086946 0.053208 -0.068135
v 0.104558 0.076959 -0.095802
v 0.092155 0.021881 -0.078687
v 0.092376 0.021799 -0.044212
v 0.097774 0.049301 -0.101041
v 0.090063 0.051085 -0.029133
v 0.165017 0.096659 0.144126
v 0.257919 1.304122 -0.133382
v -0.083548 1.796952 0.041291
v -0.087805 1.824953 0.022588
v 0.069241 1.600435 0.065722
v 0.108381 0.106821 -0.105423
v 0.264473 1.324042 0.032840
v 0.228663 1.343420 0.035870
v 0.248669 1.307338 0.027501
v -0.337088 1.337431 -0.044187
v -0.332189 1.335080 -0.074621
v 0.096867 0.156524 0.017640
v 0.177933 0.167973 0.055620
v 0.211710 1.171763 0.000967
v 0.251834 1.332855 -0.135295
v -0.293361 1.161391 -0.097383
v -0.030123 0.697695 -0.001326
v 0.104011 0.163046 -0.093961
v 0.256649 1.357161 0.040831
v 0.417831 0.831163 0.065343
v 0.418678 0.839964 0.091792
v -0.289952 1.195690 -0.108738
v -0.027126 0.785452 -0.030556
v 0.092424 0.186970 -0.042511
v 0.085889 0.170822 -0.007425
v 0.086720 0.154598 -0.032332
v 0.098914 0.165885 -0.065876
v 0.254241 1.450887 0.040705
v 0.434586 0.935644 -0.011947
v -0.294906 1.182575 -0.004320
v -0.169821 0.946436 -0.076613
v -0.177327 0.971391 -0.055488
v -0.014198 0.827520 0.070758
v 0.042741 0.573459 0.005674
v 0.043624 0.581980 -0.032383
v 0.089200 0.202099 -0.012805
v 0.091240 0.185575 0.014425
v -0.326425 1.367059 -0.070513
v -0.328659 1.342390 -0.103052
v -0.175139 0.984866 0.091331
v 0.004582 0.874269 -0.078280
v 0.046190 0.586109 0.037586
v 0.099930 0.190986 -0.021339
v 0.106187 0.173246 -0.005338
v 0.242765 0.048338 0.051521
v 0.250546 0.032221 0.075805
v -0.331336 1.334130 -0.014170
v -0.325924 1.367845 -0.032531
v 0.006782 0.919286 0.135958
v 0.057254 0.627310 -0.072879
v 0.052608 0.596087 -0.064204
v 0.184086 1.239129 0.017425
v 0.228273 0.067906 0.031549
v 0.409515 0.820261 0.001605
v 0.431946 0.810718 0.009757
v -0.298609 1.113799 -0.024725
v -0.205211 0.104529 -0.034892
v -0.200066 0.142487 -0.029121
v -0.112599 1.002549 -0.125120
v -0.074548 0.255652 -0.014342
v 0.061290 0.659842 -0.078778
v 0.088340 0.222920 0.016963
v 0.119757 0.202568 0.006319
v 0.254963 0.052944 0.173514
v 0.237338 0.081535 0.184028
v -0.289297 1.146943 -0.010575
v -0.195747 0.192777 -0.083583
v -0.113162 1.058223 -0.105090
v -0.067843 0.296651 -0.075395
v 0.061765 0.653842 0.085636
v 0.061977 0.620692 0.078168
v 0.105919 0.177128 0.035460
v 0.186169 1.270554 0.022234
v 0.410830 0.824485 0.051703
v 0.424778 0.837335 0.025867
v -0.292325 1.229133 -0.122724
v 0.074751 0.679301 0.102479
v -0.290168 1.267239 -0.122239
v -0.198284 0.171564 -0.033687
v 0.067020 0.736876 -0.092249
v 0.124407 0.294715 -0.128820
v 0.193106 1.326386 0.047408
v 0.189903 1.303496 0.022703
v 0.254599 0.076291 0.152241
v 0.438180 0.904177 -0.011701
v -0.299892 1.298208 -0.116851
v 0.066600 0.799237 -0.099149
v 0.235507 0.082432 0.062266
v -0.310815 1.327725 -0.120129
v -0.121303 0.040196 0.095430
v -0.120221 0.045777 0.065071
v 0.192107 1.325882 -0.013835
v -0.292432 1.313387 0.001388
v 0.009111 1.501773 0.129653
v 0.167397 1.180528 -0.045471
v 0.436405 0.812760 0.045289
v -0.315298 1.373597 -0.104424
v -0.298511 1.357276 -0.127675
v -0.122594 0.115869 0.040622
v 0.002522 1.568698 0.069285
v 0.012213 1.576254 0.095013
v -0.313801 1.364858 0.003109
v -0.314555 1.331477 0.010718
v -0.314953 1.393962 -0.051876
v -0.310265 1.398322 -0.086991
v -0.187587 1.261057 0.005894
v -0.188599 1.284992 0.015787
v -0.185042 1.266342 -0.032839
v -0.189056 1.292233 0.032981
v -0.183773 1.261360 0.043874
v -0.187308 1.217825 -0.002305
v -0.183509 1.226537 0.030628
v -0.185518 1.241118 -0.016741
v -0.185013 1.255592 -0.026412
v -0.280617 1.245803 -0.006097
v -0.281373 1.211574 -0.015073
v -0.196479 0.349062 -0.107768
v -0.185266 1.286647 -0.044654
v 0.203788 0.078249 0.200458
v -0.311212 1.392722 -0.012724
v -0.025023 0.726872 0.012224
v 0.177084 0.096719 0.178892
v 0.438771 0.872036 -0.010472
v 0.436195 0.840288 0.000223
v -0.277086 1.280627 0.007161
v -0.198590 0.389032 0.016370
v -0.186739 1.283875 0.045563
v -0.024943 0.755525 -0.006236
v -0.289121 1.389785 -0.124248
v -0.209323 0.438589 -0.074393
v -0.197896 0.418692 -0.104376
v 0.440067 0.843125 0.044028
v 0.438377 0.879188 0.046715
v -0.209763 0.439442 -0.008105
v -0.198031 0.424557 0.020276
v 0.199984 0.140942 0.070076
v -0.287516 1.123927 -0.051754
v -0.211875 0.462134 -0.041515
v -0.021524 0.816840 -0.023818
v -0.016442 0.846151 -0.036857
v 0.067614 1.689033 0.048497
v 0.193683 0.201520 -0.006996
v 0.193328 0.215279 0.028613
v 0.209965 0.224134 -0.001089
v 0.247163 1.231005 -0.055461
v 0.257167 1.241489 -0.021164
v -0.289035 1.358184 0.028082
v -0.288061 1.325425 0.028893
v -0.204771 0.466839 -0.074562
v 0.116453 0.009663 -0.063822
v 0.097266 0.029733 -0.098693
v 0.114356 0.018518 -0.104976
v -0.284383 1.324709 -0.135526
v -0.209642 0.468187 -0.008280
v -0.198173 0.460197 0.024247
v -0.077016 0.219353 -0.026367
v 0.100859 0.024179 -0.009392
v 0.121684 0.009075 -0.029187
v 0.265296 1.390979 0.039387
v -0.290896 1.390154 0.019853
v -0.209998 0.495995 -0.025067
v -0.204788 0.492643 -0.059384
v 0.007718 0.975498 0.155714
v 0.434767 0.957168 0.014252
v 0.439033 0.926533 0.019404
v -0.304945 1.418116 -0.030135
v -0.302599 1.424199 -0.066955
v -0.205242 0.493791 0.009905
v 0.104022 0.060009 0.000972
v 0.046080 0.550830 -0.021970
v 0.052331 0.557123 0.041291
v 0.047782 0.539726 0.012235
v 0.439786 0.862874 0.020081
v -0.293571 1.418177 0.006382
v -0.208523 1.125162 -0.080475
v -0.208480 1.143149 -0.102889
v -0.212237 1.156558 -0.072106
v 0.052548 0.562474 -0.057306
v -0.292399 1.418821 -0.106862
v -0.209169 1.172443 -0.099280
v 0.061975 0.584144 0.068744
v -0.276873 1.150498 -0.071923
v 0.000274 1.611173 0.079087
v -0.266345 1.301974 -0.124933
v -0.209388 1.186331 -0.070339
v 0.066697 0.694667 -0.087270
v -0.265707 1.357312 -0.135921
v -0.203385 1.189109 -0.040239
v 0.227530 1.085579 0.030218
v -0.274751 1.148655 -0.038613
v 0.001052 1.773962 0.151064
v 0.002344 1.745013 0.164487
v -0.269330 1.183224 -0.087071
v 0.117165 0.212855 0.036472
v -0.271543 1.177896 -0.024611
v 0.126067 0.301054 0.051140
v 0.443610 0.894761 0.019403
v -0.267222 1.217735 -0.100472
v -0.266542 1.246240 -0.114449
v -0.079857 1.724705 0.030561
v -0.071007 1.710746 -0.001606
v -0.019177 0.760854 0.028619
v 0.268446 1.435891 -0.120391
v 0.271503 1.400067 -0.128081
v -0.298919 1.446957 -0.042157
v -0.295686 1.445999 -0.010914
v -0.020602 0.786965 -0.000120
v 0.261496 1.535327 -0.077246
v -0.254020 1.272567 -0.119167
v -0.071500 0.250145 -0.043647
v -0.265069 1.305912 0.030109
v -0.263991 1.378786 0.041625
v -0.266057 1.414205 0.036758
v -0.198852 0.045907 -0.082281
v -0.178533 1.046669 0.075231
v -0.176100 1.046735 0.080809
v 0.014043 1.392652 -0.153049
v -0.291273 1.445033 -0.088792
v -0.293496 1.465976 -0.063183
v 0.197500 1.362097 0.058279
v 0.049660 0.518163 -0.016786
v 0.052950 0.530216 -0.049968
v -0.260073 1.341973 0.042161
v 0.059942 0.524532 0.043744
v 0.054077 0.505610 0.016222
v -0.265187 1.417971 -0.129334
v -0.253031 1.386711 -0.135690
v 0.070017 0.576088 -0.085510
v 0.066750 0.542656 -0.080773
v 0.110366 0.036253 0.019913
v 0.264063 1.235541 -0.109255
v 0.256941 1.213034 -0.084240
v -0.270691 1.450456 -0.115404
v -0.179273 1.226807 -0.038126
v 0.277939 1.263780 0.001275
v -0.278427 1.444065 0.021990
v 0.272405 1.424384 0.030532
v -0.293058 1.480383 -0.029669
v -0.180342 1.212787 0.046464
v 0.206714 0.197826 -0.051383
v 0.262165 1.484309 0.030821
v -0.258611 1.236443 -0.026164
v -0.260475 1.207273 -0.041010
v 0.259452 0.037703 0.106458
v -0.251200 1.264760 -0.006093
v -0.204344 0.521968 -0.045862
v 0.246810 0.063582 0.085460
v 0.253852 0.067238 0.117309
v -0.247058 1.327657 -0.133677
v -0.208038 0.526805 -0.007624
v -0.287267 1.472269 0.003202
v -0.201317 0.521854 0.025318
v -0.182304 1.251996 -0.037971
v -0.204527 0.548386 -0.033828
v -0.179724 1.269659 0.066104
v -0.015347 0.818966 0.008177
v -0.008558 0.848512 -0.003054
v -0.282465 1.475702 -0.092694
v -0.203378 0.551890 0.021675
v -0.206717 0.564501 -0.008444
v -0.176162 1.269489 -0.064697
v -0.079208 1.772913 0.059954
v -0.077737 1.740609 0.057373
v 0.053505 0.484997 -0.012467
v 0.054170 0.496727 -0.044959
v -0.286291 1.498076 -0.060300
v -0.171970 1.301468 -0.086564
v -0.080532 1.827880 0.053016
v -0.072960 1.800388 0.075758
v 0.004809 0.866557 0.069947
v 0.060726 0.471512 0.019201
v -0.281975 1.502771 -0.000761
v -0.282142 1.515000 -0.033611
v -0.080153 1.846243 -0.031735
v -0.065521 1.826978 -0.059848
v 0.064113 0.509060 -0.075548
v -0.262652 1.177467 -0.056740
v -0.084988 1.853611 0.001260
v -0.244597 1.294227 0.012097
v -0.082273 1.857516 0.034717
v -0.269362 1.476270 0.029848
v -0.204723 1.209100 -0.093306
v -0.207692 1.186618 -0.119054
v -0.182686 1.317910 -0.059866
v -0.071266 1.881157 0.015116
v -0.069187 1.877226 -0.019791
v 0.277832 1.280330 -0.123007
v -0.275424 1.506352 -0.087981
v -0.267977 1.530736 -0.068790
v -0.191049 1.204901 -0.063738
v -0.071603 1.860127 0.063192
v 0.270275 1.471763 -0.109572
v -0.252591 1.448115 0.046354
v -0.015718 0.792689 0.029606
v -0.012002 0.821080 0.041081
v 0.265954 1.515091 0.016635
v -0.263693 1.491405 -0.113791
v -0.204813 1.187587 -0.146871
v -0.270421 1.534265 -0.004282
v -0.264777 1.509104 0.028061
v 0.007426 0.854515 -0.024635
v -0.266958 1.543043 -0.037115
v -0.122742 0.081547 0.046122
v 0.197122 1.332390 0.014389
v 0.270198 1.505718 -0.095959
v 0.265955 1.540402 -0.004851
v -0.256212 1.211256 -0.072627
v 0.263259 0.044285 0.140433
v -0.245386 1.243954 -0.089757
v 0.111096 0.096654 0.012220
v 0.264100 1.209473 -0.029923
v 0.257759 1.189683 -0.056412
v -0.240610 1.443503 -0.133737
v 0.056132 0.463716 -0.041619
v 0.057409 0.451730 -0.009027
v 0.062874 0.475670 -0.072928
v 0.061777 0.442303 -0.070515
v 0.057500 0.431047 -0.038597
v 0.280094 1.307112 0.009322
v -0.247251 1.472288 -0.128559
v -0.068571 1.694342 0.024681
v 0.109104 0.143381 0.001472
v 0.272944 1.335866 -0.135952
v -0.255362 1.524942 -0.105313
v -0.075738 1.705649 0.057256
v -0.000324 0.860489 0.046277
v 0.267878 1.539210 -0.040618
v 0.268836 1.373971 0.038264
v -0.245832 1.483251 0.052279
v -0.255700 1.541738 0.022748
v -0.254297 1.564546 -0.016726
v -0.249573 1.558733 -0.057766
v -0.241643 1.550100 -0.088826
v 0.000543 0.856477 0.024024
v -0.244368 1.245368 -0.037746
v -0.244890 1.237268 -0.056817
v -0.198757 0.578667 -0.042362
v -0.205222 0.586316 0.014692
v -0.203949 0.599179 -0.017724
v 0.269533 1.174764 -0.085188
v -0.205616 0.621413 0.006722
v -0.200530 0.606564 0.037471
v -0.200514 0.633513 -0.025831
v 0.058990 0.398997 -0.034781
v 0.060727 0.409882 -0.068183
v 0.061459 0.419592 -0.004733
v -0.242581 1.568827 0.011672
v -0.203152 0.644195 0.029941
v -0.204708 0.656399 -0.001399
v -0.067667 1.723146 0.084935
v -0.072822 1.758357 0.085828
v -0.204297 0.678904 0.025472
v -0.203646 0.688986 -0.007592
v 0.192321 1.362064 0.015662
v -0.204963 0.711368 0.022539
v -0.180002 1.329093 -0.074459
v -0.180124 1.330168 -0.073608
v -0.202791 0.719764 -0.013933
v -0.257445 0.019321 0.150858
v -0.259455 0.024514 0.125373
v -0.257068 0.056877 0.142914
v -0.256961 0.050337 0.110853
v -0.248706 0.012220 0.102514
v -0.205679 0.741572 0.013666
v -0.200585 0.733481 0.052602
v 0.191596 1.389152 0.026972
v 0.271019 1.171393 -0.024211
v 0.269609 1.152904 -0.050081
v -0.257579 0.041832 0.170578
v -0.241234 0.010867 0.173203
v -0.200547 0.748771 -0.025183
v -0.247805 0.072575 0.172439
v -0.242718 0.039467 0.195096
v -0.204393 0.765910 0.036401
v -0.205119 0.771445 -0.000871
v -0.250418 0.079050 0.120063
v -0.252505 0.041259 0.084213
v -0.245777 0.094111 0.148859
v -0.205662 0.795289 0.022632
v -0.202551 0.802450 -0.013045
v -0.204277 0.828528 0.008209
v -0.203683 0.821072 0.039044
v -0.202916 0.853427 0.032879
v -0.201756 1.191774 -0.175662
v 0.063357 0.307672 -0.052649
v 0.065425 0.320461 -0.083912
v 0.182074 1.338463 -0.040157
v -0.178846 1.370093 -0.038755
vt 0.438384 0.816347
vt 0.429483 0.830644
vt 0.423783 0.813500
vt 0.105734 0.383504
vt 0.117048 0.375661
vt 0.118188 0.392862
vt 0.106081 0.402440
vt 0.360050 0.353945
vt 0.379535 0.346556
vt 0.379535 0.361358
vt 0.450109 0.635814
vt 0.432745 0.631579
vt 0.443532 0.618280
vt 0.427365 0.612771
vt 0.826043 0.778004
vt 0.837083 0.763598
vt 0.844712 0.780768
vt 0.833442 0.792403
vt 0.147545 0.748705
vt 0.132021 0.738038
vt 0.147177 0.734012
vt 0.699393 0.217669
vt 0.687911 0.205946
vt 0.705792 0.200460
vt 0.717508 0.214095
vt 0.436046 0.799961
vt 0.042337 0.450425
vt 0.041123 0.469602
vt 0.031152 0.459771
vt 0.294358 0.883687
vt 0.307662 0.890513
vt 0.295087 0.900212
vt 0.713420 0.762985
vt 0.730755 0.757707
vt 0.729912 0.773414
vt 0.281666 0.890230
vt 0.731104 0.783040
vt 0.716371 0.781140
vt 0.650409 0.806008
vt 0.665834 0.798691
vt 0.661719 0.814752
vt 0.420458 0.737448
vt 0.418014 0.721232
vt 0.432179 0.729654
vt 0.600111 0.697146
vt 0.600111 0.683255
vt 0.611251 0.687010
vt 0.707489 0.143908
vt 0.703156 0.157550
vt 0.693715 0.145956
vt 0.608622 0.670258
vt 0.592413 0.596553
vt 0.599923 0.593895
vt 0.606400 0.608342
vt 0.051486 0.437708
vt 0.033410 0.438230
vt 0.313672 0.064946
vt 0.300558 0.055702
vt 0.316962 0.047749
vt 0.330533 0.055566
vt 0.446267 0.584170
vt 0.430982 0.582627
vt 0.444830 0.571248
vt 0.461307 0.578372
vt 0.504452 0.866165
vt 0.513903 0.850699
vt 0.523535 0.865037
vt 0.514738 0.880161
vt 0.324721 0.466424
vt 0.317853 0.458561
vt 0.333769 0.445812
vt 0.340043 0.457349
vt 0.595084 0.619752
vt 0.546045 0.491584
vt 0.557537 0.489142
vt 0.559315 0.503383
vt 0.719119 0.155428
vt 0.643212 0.687148
vt 0.643212 0.705136
vt 0.628563 0.700873
vt 0.774952 0.237597
vt 0.760516 0.233660
vt 0.772580 0.222585
vt 0.907996 0.165797
vt 0.915278 0.150272
vt 0.925183 0.160334
vt 0.951445 0.002674
vt 0.964818 0.002674
vt 0.957606 0.017978
vt 0.279968 0.905016
vt 0.926864 0.685160
vt 0.913046 0.675327
vt 0.926864 0.668864
vt 0.413300 0.681091
vt 0.427486 0.670464
vt 0.424785 0.692923
vt 0.412666 0.702872
vt 0.078766 0.229755
vt 0.064373 0.238036
vt 0.067768 0.219459
vt 0.622773 0.921338
vt 0.631250 0.935565
vt 0.614165 0.935946
vt 0.165997 0.611340
vt 0.151738 0.602661
vt 0.170284 0.598907
vt 0.183219 0.608179
vt 0.178659 0.622795
vt 0.928924 0.394280
vt 0.916854 0.386372
vt 0.933760 0.383685
vt 0.947694 0.391403
vt 0.246404 0.483166
vt 0.263456 0.492679
vt 0.246137 0.499826
vt 0.096668 0.015012
vt 0.109362 0.001506
vt 0.113937 0.015980
vt 0.162721 0.736504
vt 0.181454 0.747589
vt 0.165376 0.750325
vt 0.605244 0.921877
vt 0.615199 0.915677
vt 0.132073 0.208102
vt 0.117456 0.197169
vt 0.135819 0.196631
vt 0.149633 0.209307
vt 0.635705 0.323022
vt 0.618237 0.315849
vt 0.631682 0.308473
vt 0.617603 0.299224
vt 0.429076 0.710916
vt 0.661574 0.139596
vt 0.645698 0.138406
vt 0.652085 0.121709
vt 0.668892 0.125966
vt 0.634339 0.128569
vt 0.463717 0.159002
vt 0.481103 0.160520
vt 0.470681 0.173545
vt 0.140745 0.227438
vt 0.133819 0.242933
vt 0.122416 0.231122
vt 0.071170 0.488217
vt 0.081752 0.473494
vt 0.089781 0.487597
vt 0.081494 0.503658
vt 0.116772 0.446261
vt 0.111449 0.464290
vt 0.101754 0.451613
vt 0.107873 0.434667
vt 0.439540 0.599101
vt 0.421873 0.595852
vt 0.100165 0.139630
vt 0.085587 0.131410
vt 0.100059 0.122586
vt 0.115519 0.131096
vt 0.038169 0.424343
vt 0.319310 0.721371
vt 0.326306 0.710374
vt 0.331594 0.730170
vt 0.758868 0.815795
vt 0.749708 0.832568
vt 0.739523 0.814308
vt 0.750206 0.799538
vt 0.374772 0.279698
vt 0.360097 0.274929
vt 0.373373 0.261864
vt 0.390194 0.269093
vt 0.393400 0.287360
vt 0.055557 0.874651
vt 0.041485 0.863895
vt 0.054522 0.857703
vt 0.428785 0.030090
vt 0.445191 0.033091
vt 0.432699 0.042488
vt 0.098460 0.501579
vt 0.105876 0.483196
vt 0.111380 0.497611
vt 0.105836 0.515812
vt 0.642263 0.638707
vt 0.633601 0.653042
vt 0.625539 0.641092
vt 0.813261 0.789920
vt 0.806774 0.808576
vt 0.797373 0.790793
vt 0.808380 0.773828
vt 0.459112 0.405419
vt 0.469645 0.411694
vt 0.455567 0.425298
vt 0.446984 0.416643
vt 0.617112 0.387581
vt 0.609263 0.370299
vt 0.625142 0.367220
vt 0.635144 0.380041
vt 0.239097 0.473984
vt 0.227527 0.488385
vt 0.227289 0.474361
vt 0.239706 0.454774
vt 0.203562 0.415922
vt 0.190990 0.405783
vt 0.200121 0.395281
vt 0.215098 0.401551
vt 0.633984 0.625725
vt 0.931275 0.647106
vt 0.941865 0.634278
vt 0.946514 0.655303
vt 0.009964 0.172718
vt 0.010824 0.161254
vt 0.026473 0.173340
vt 0.027966 0.187077
vt 0.812992 0.471187
vt 0.797297 0.479242
vt 0.801605 0.461947
vt 0.816967 0.454908
vt 0.636376 0.512772
vt 0.649190 0.517214
vt 0.647372 0.531537
vt 0.631886 0.527566
vt 0.622422 0.511229
vt 0.522191 0.655410
vt 0.500360 0.651876
vt 0.512777 0.641157
vt 0.500351 0.789171
vt 0.506720 0.772721
vt 0.517880 0.787122
vt 0.507735 0.803750
vt 0.802485 0.221038
vt 0.807970 0.238947
vt 0.791782 0.235070
vt 0.376030 0.510848
vt 0.389334 0.523548
vt 0.375581 0.528328
vt 0.474621 0.849652
vt 0.485439 0.836547
vt 0.494486 0.851407
vt 0.485297 0.865988
vt 0.394387 0.194668
vt 0.376575 0.192031
vt 0.387781 0.181771
vt 0.405542 0.184850
vt 0.663440 0.680220
vt 0.665185 0.694950
vt 0.653477 0.690472
vt 0.121563 0.642039
vt 0.110513 0.636904
vt 0.124446 0.624247
vt 0.187303 0.285149
vt 0.204360 0.273737
vt 0.198787 0.304463
vt 0.183699 0.267718
vt 0.188055 0.305360
vt 0.787076 0.217153
vt 0.083356 0.162016
vt 0.065973 0.153140
vt 0.081329 0.145579
vt 0.649199 0.653240
vt 0.640223 0.667212
vt 0.115858 0.181933
vt 0.114031 0.193639
vt 0.099591 0.186241
vt 0.908383 0.938014
vt 0.894561 0.950795
vt 0.892943 0.939296
vt 0.900322 0.923659
vt 0.614651 0.527276
vt 0.389719 0.507121
vt 0.404704 0.518757
vt 0.932369 0.664625
vt 0.617244 0.507378
vt 0.602676 0.499686
vt 0.617244 0.489851
vt 0.945606 0.672613
vt 0.931093 0.665558
vt 0.314707 0.752278
vt 0.311906 0.741851
vt 0.328263 0.743115
vt 0.825220 0.288357
vt 0.826986 0.304562
vt 0.814018 0.295669
vt 0.577293 0.687158
vt 0.562622 0.676406
vt 0.577293 0.669229
vt 0.097957 0.419984
vt 0.091717 0.437376
vt 0.081307 0.422674
vt 0.088231 0.406295
vt 0.288430 0.047333
vt 0.284333 0.064273
vt 0.272430 0.055393
vt 0.463886 0.567467
vt 0.449449 0.106148
vt 0.449449 0.123551
vt 0.440459 0.112709
vt 0.432376 0.125846
vt 0.183807 0.161654
vt 0.166192 0.156704
vt 0.180127 0.146989
vt 0.197579 0.152519
vt 0.308431 0.905729
vt 0.291952 0.914783
vt 0.330138 0.757732
vt 0.344287 0.748974
vt 0.640522 0.948649
vt 0.648220 0.933249
vt 0.654575 0.947728
vt 0.718669 0.748653
vt 0.782844 0.201596
vt 0.797026 0.202651
vt 0.636054 0.151072
vt 0.623313 0.139931
vt 0.134766 0.945444
vt 0.120937 0.947913
vt 0.123847 0.935687
vt 0.227049 0.034497
vt 0.243710 0.042503
vt 0.230090 0.052507
vt 0.098976 0.154589
vt 0.522935 0.398384
vt 0.533647 0.404541
vt 0.517115 0.413206
vt 0.508974 0.404665
vt 0.304904 0.918756
vt 0.319144 0.915919
vt 0.710574 0.081595
vt 0.711129 0.097880
vt 0.694765 0.089320
vt 0.689517 0.074796
vt 0.653888 0.153411
vt 0.036811 0.377029
vt 0.043692 0.362635
vt 0.052824 0.375279
vt 0.045717 0.391319
vt 0.724892 0.020137
vt 0.734414 0.005370
vt 0.739029 0.015690
vt 0.214169 0.048681
vt 0.482632 0.645962
vt 0.495316 0.634973
vt 0.125761 0.493108
vt 0.139829 0.487715
vt 0.139829 0.507378
vt 0.818571 0.760875
vt 0.800207 0.757473
vt 0.810548 0.744449
vt 0.298277 0.745315
vt 0.650986 0.892670
vt 0.667901 0.882880
vt 0.669180 0.895699
vt 0.660145 0.902893
vt 0.219731 0.137504
vt 0.218932 0.154360
vt 0.204690 0.146068
vt 0.023499 0.104193
vt 0.010122 0.094741
vt 0.024508 0.085195
vt 0.036012 0.097333
vt 0.095628 0.810963
vt 0.079374 0.807666
vt 0.094143 0.795097
vt 0.116947 0.272984
vt 0.123999 0.287447
vt 0.108297 0.277786
vt 0.316577 0.218105
vt 0.332627 0.223922
vt 0.316064 0.232441
vt 0.298299 0.228278
vt 0.659993 0.260810
vt 0.678315 0.262507
vt 0.663967 0.278139
vt 0.648460 0.276764
vt 0.652731 0.294346
vt 0.444032 0.668715
vt 0.436523 0.683882
vt 0.945075 0.351739
vt 0.929053 0.353675
vt 0.936243 0.337667
vt 0.709562 0.603931
vt 0.700761 0.589440
vt 0.717229 0.587819
vt 0.727774 0.601113
vt 0.682339 0.567640
vt 0.667093 0.560721
vt 0.682093 0.548458
vt 0.694613 0.559711
vt 0.889682 0.901869
vt 0.876586 0.909682
vt 0.873825 0.896863
vt 0.884019 0.881832
vt 0.878287 0.833227
vt 0.869495 0.848504
vt 0.861121 0.831797
vt 0.873472 0.816907
vt 0.108374 0.785186
vt 0.110262 0.801950
vt 0.123579 0.790525
vt 0.795510 0.648948
vt 0.783944 0.663506
vt 0.777007 0.645768
vt 0.654587 0.666798
vt 0.070173 0.202504
vt 0.070395 0.186637
vt 0.085869 0.198367
vt 0.098929 0.208359
vt 0.083269 0.211755
vt 0.620103 0.091172
vt 0.604481 0.081667
vt 0.623534 0.075503
vt 0.636725 0.087246
vt 0.938820 0.367727
vt 0.542473 0.865265
vt 0.552025 0.850767
vt 0.561285 0.864493
vt 0.551968 0.879203
vt 0.068402 0.749568
vt 0.076065 0.764160
vt 0.055571 0.760068
vt 0.787615 0.632841
vt 0.662842 0.309870
vt 0.672755 0.321746
vt 0.654278 0.322314
vt 0.646578 0.309611
vt 0.195560 0.429874
vt 0.184366 0.416889
vt 0.027044 0.486262
vt 0.037193 0.486222
vt 0.033812 0.503383
vt 0.688228 0.131080
vt 0.698075 0.117034
vt 0.701728 0.128225
vt 0.024267 0.470034
vt 0.625451 0.666330
vt 0.629239 0.679668
vt 0.327719 0.289881
vt 0.314172 0.295118
vt 0.319853 0.277380
vt 0.866909 0.759077
vt 0.878649 0.748829
vt 0.883774 0.765603
vt 0.123074 0.771811
vt 0.136681 0.780950
vt 0.283468 0.432174
vt 0.275816 0.416850
vt 0.290456 0.414041
vt 0.298605 0.429311
vt 0.695099 0.277322
vt 0.696244 0.261405
vt 0.443625 0.721050
vt 0.447625 0.736553
vt 0.735074 0.585604
vt 0.746326 0.595684
vt 0.891482 0.710623
vt 0.899448 0.698619
vt 0.905088 0.716986
vt 0.828934 0.392806
vt 0.816353 0.405430
vt 0.817714 0.388473
vt 0.872606 0.775745
vt 0.141708 0.795839
vt 0.489481 0.803665
vt 0.482544 0.821209
vt 0.471343 0.811524
vt 0.475129 0.794426
vt 0.397227 0.225456
vt 0.378948 0.219651
vt 0.393282 0.213271
vt 0.411243 0.218051
vt 0.202421 0.257034
vt 0.209265 0.257176
vt 0.219553 0.263716
vt 0.204517 0.296005
vt 0.208663 0.287682
vt 0.712992 0.272725
vt 0.709623 0.254468
vt 0.340190 0.209124
vt 0.351569 0.198225
vt 0.351180 0.212877
vt 0.266167 0.436439
vt 0.264899 0.419891
vt 0.208698 0.302161
vt 0.206256 0.312981
vt 0.220559 0.301659
vt 0.680099 0.309422
vt 0.690691 0.321006
vt 0.069072 0.858671
vt 0.068821 0.872892
vt 0.341148 0.225723
vt 0.204484 0.162341
vt 0.311618 0.572738
vt 0.311618 0.587280
vt 0.298127 0.577570
vt 0.024093 0.236914
vt 0.018512 0.253048
vt 0.011355 0.240504
vt 0.710346 0.553346
vt 0.720749 0.569085
vt 0.703581 0.570884
vt 0.809730 0.428799
vt 0.797319 0.435277
vt 0.803476 0.417445
vt 0.820451 0.418875
vt 0.095720 0.088577
vt 0.111985 0.096264
vt 0.097694 0.105740
vt 0.080507 0.098198
vt 0.106125 0.770267
vt 0.310281 0.145975
vt 0.296167 0.136613
vt 0.311246 0.129013
vt 0.311204 0.951807
vt 0.322233 0.939109
vt 0.332565 0.954789
vt 0.323951 0.966130
vt 0.078261 0.564938
vt 0.064100 0.575265
vt 0.060456 0.557796
vt 0.076700 0.550622
vt 0.092072 0.603208
vt 0.081714 0.614446
vt 0.079890 0.597522
vt 0.092274 0.585693
vt 0.776803 0.141382
vt 0.761726 0.148269
vt 0.764018 0.130960
vt 0.777692 0.123248
vt 0.150544 0.618467
vt 0.880014 0.324379
vt 0.890502 0.308392
vt 0.895738 0.323921
vt 0.886479 0.340900
vt 0.681100 0.117336
vt 0.325340 0.133706
vt 0.364465 0.768518
vt 0.368574 0.784796
vt 0.349731 0.780068
vt 0.177782 0.277981
vt 0.158398 0.278873
vt 0.169087 0.264589
vt 0.460918 0.881223
vt 0.454239 0.895518
vt 0.443939 0.880299
vt 0.450113 0.864548
vt 0.635420 0.292599
vt 0.459629 0.673046
vt 0.460894 0.660823
vt 0.475496 0.671367
vt 0.324239 0.826986
vt 0.311465 0.819313
vt 0.330261 0.812271
vt 0.066560 0.539211
vt 0.074645 0.521587
vt 0.084152 0.535205
vt 0.446443 0.048827
vt 0.458430 0.057582
vt 0.444795 0.067701
vt 0.431593 0.057727
vt 0.163953 0.660829
vt 0.147202 0.651996
vt 0.163982 0.648121
vt 0.844489 0.311618
vt 0.831129 0.310277
vt 0.846962 0.296629
vt 0.153878 0.646405
vt 0.897249 0.354964
vt 0.890612 0.373004
vt 0.882064 0.359997
vt 0.278759 0.496342
vt 0.274440 0.480445
vt 0.289327 0.485501
vt 0.037953 0.470034
vt 0.596631 0.936464
vt 0.606684 0.950351
vt 0.184374 0.230977
vt 0.182284 0.249463
vt 0.165803 0.238601
vt 0.166190 0.256070
vt 0.172546 0.223523
vt 0.620337 0.281525
vt 0.634043 0.274937
vt 0.668831 0.782025
vt 0.652190 0.788926
vt 0.067913 0.709122
vt 0.071075 0.691570
vt 0.080132 0.698999
vt 0.271667 0.116070
vt 0.257945 0.111815
vt 0.268018 0.099035
vt 0.653789 0.771508
vt 0.340190 0.193635
vt 0.911031 0.720840
vt 0.914652 0.708071
vt 0.924867 0.723114
vt 0.314044 0.703891
vt 0.315613 0.719119
vt 0.294655 0.714641
vt 0.292520 0.701281
vt 0.555194 0.460490
vt 0.558329 0.439899
vt 0.570962 0.451015
vt 0.097079 0.912900
vt 0.113879 0.906776
vt 0.102756 0.926060
vt 0.883592 0.606029
vt 0.896901 0.617644
vt 0.883555 0.622791
vt 0.597268 0.673232
vt 0.585074 0.686052
vt 0.584080 0.668295
vt 0.077989 0.715214
vt 0.670260 0.766750
vt 0.916131 0.289257
vt 0.896885 0.290578
vt 0.904639 0.279265
vt 0.920309 0.271142
vt 0.060699 0.821101
vt 0.043523 0.826986
vt 0.048562 0.813692
vt 0.063204 0.805829
vt 0.139531 0.277661
vt 0.791139 0.187077
vt 0.934398 0.449597
vt 0.924026 0.462714
vt 0.921004 0.444487
vt 0.934854 0.534319
vt 0.918421 0.542407
vt 0.926250 0.526927
vt 0.597522 0.065191
vt 0.579803 0.061000
vt 0.592582 0.051937
vt 0.609943 0.050339
vt 0.613980 0.064223
vt 0.542204 0.083200
vt 0.526783 0.078226
vt 0.536079 0.066600
vt 0.552505 0.070137
vt 0.757419 0.167527
vt 0.772073 0.157920
vt 0.150246 0.635493
vt 0.362297 0.516118
vt 0.927388 0.431120
vt 0.069636 0.928786
vt 0.071195 0.915438
vt 0.087892 0.917698
vt 0.086088 0.935508
vt 0.220152 0.200862
vt 0.236207 0.211587
vt 0.218717 0.214143
vt 0.199858 0.211819
vt 0.201874 0.200489
vt 0.127285 0.603597
vt 0.141339 0.594229
vt 0.141826 0.612058
vt 0.642601 0.259016
vt 0.403238 0.148684
vt 0.414242 0.158822
vt 0.399433 0.168484
vt 0.914966 0.783642
vt 0.926497 0.772250
vt 0.934010 0.783480
vt 0.764481 0.113435
vt 0.777804 0.106770
vt 0.157857 0.589983
vt 0.438709 0.648678
vt 0.421566 0.645001
vt 0.416067 0.627235
vt 0.601808 0.779457
vt 0.596336 0.764254
vt 0.609538 0.757494
vt 0.616408 0.773444
vt 0.378665 0.168317
vt 0.388420 0.155814
vt 0.926412 0.800838
vt 0.753234 0.219669
vt 0.733702 0.213987
vt 0.749205 0.205878
vt 0.766068 0.206986
vt 0.520536 0.034206
vt 0.520912 0.018753
vt 0.533190 0.027682
vt 0.661367 0.354450
vt 0.677176 0.361613
vt 0.660742 0.372281
vt 0.643976 0.363822
vt 0.693246 0.059734
vt 0.708141 0.068029
vt 0.413024 0.665335
vt 0.617735 0.811583
vt 0.618952 0.797707
vt 0.633022 0.808788
vt 0.628584 0.823511
vt 0.259319 0.272332
vt 0.240456 0.261596
vt 0.261572 0.253813
vt 0.275827 0.717856
vt 0.274145 0.701146
vt 0.753257 0.020843
vt 0.737434 0.031495
vt 0.750090 0.002976
vt 0.723114 0.412800
vt 0.707097 0.400431
vt 0.723114 0.397407
vt 0.209029 0.034801
vt 0.454612 0.653111
vt 0.466003 0.641608
vt 0.967202 0.494913
vt 0.963007 0.513704
vt 0.953570 0.502352
vt 0.955073 0.481747
vt 0.360106 0.164896
vt 0.372123 0.151829
vt 0.100001 0.366801
vt 0.113266 0.360626
vt 0.243945 0.280934
vt 0.565467 0.362478
vt 0.550131 0.349674
vt 0.565010 0.347190
vt 0.580193 0.358410
vt 0.396775 0.674792
vt 0.400733 0.691177
vt 0.565626 0.421679
vt 0.578790 0.434140
vt 0.548299 0.424340
vt 0.632556 0.797555
vt 0.937692 0.763056
vt 0.717593 0.369964
vt 0.731445 0.383772
vt 0.715902 0.384724
vt 0.410305 0.609994
vt 0.403923 0.594070
vt 0.413746 0.581852
vt 0.524289 0.835528
vt 0.504205 0.835546
vt 0.515912 0.820835
vt 0.223757 0.755262
vt 0.236152 0.767489
vt 0.220844 0.774981
vt 0.210108 0.761694
vt 0.566204 0.931840
vt 0.581658 0.933578
vt 0.571521 0.946504
vt 0.554991 0.945931
vt 0.281640 0.265130
vt 0.504798 0.025494
vt 0.282240 0.243710
vt 0.300132 0.035310
vt 0.290594 0.020720
vt 0.303628 0.014292
vt 0.682682 0.759631
vt 0.686188 0.773818
vt 0.669700 0.157000
vt 0.677493 0.143459
vt 0.651170 0.624443
vt 0.657833 0.640220
vt 0.915462 0.921457
vt 0.926864 0.906527
vt 0.925354 0.926447
vt 0.487744 0.070529
vt 0.472324 0.064492
vt 0.486428 0.053516
vt 0.501872 0.060054
vt 0.569008 0.877699
vt 0.581117 0.866186
vt 0.584288 0.882317
vt 0.683889 0.475649
vt 0.675437 0.465358
vt 0.689484 0.464110
vt 0.425628 0.571569
vt 0.715124 0.549327
vt 0.702949 0.539506
vt 0.715124 0.531785
vt 0.628452 0.759883
vt 0.629658 0.776488
vt 0.102979 0.731041
vt 0.116347 0.740886
vt 0.099973 0.745250
vt 0.085874 0.734311
vt 0.256869 0.308577
vt 0.238913 0.296312
vt 0.260106 0.292958
vt 0.698113 0.474811
vt 0.683195 0.790618
vt 0.616911 0.831979
vt 0.636765 0.838016
vt 0.626324 0.849791
vt 0.418410 0.064631
vt 0.404735 0.054916
vt 0.417591 0.044935
vt 0.587583 0.781000
vt 0.574948 0.784164
vt 0.569362 0.774731
vt 0.861235 0.951973
vt 0.873526 0.939405
vt 0.878555 0.949940
vt 0.099372 0.252557
vt 0.110513 0.265658
vt 0.095003 0.267672
vt 0.116466 0.147622
vt 0.133466 0.156835
vt 0.116783 0.162521
vt 0.456402 0.195507
vt 0.440807 0.191660
vt 0.454487 0.179349
vt 0.882484 0.530860
vt 0.898898 0.530860
vt 0.893152 0.547329
vt 0.232264 0.272666
vt 0.224991 0.267279
vt 0.604863 0.287093
vt 0.609078 0.269340
vt 0.625891 0.261671
vt 0.628510 0.001872
vt 0.639217 0.015777
vt 0.624656 0.017710
vt 0.617287 0.001757
vt 0.085000 0.256055
vt 0.090650 0.778652
vt 0.628716 0.055097
vt 0.912420 0.832187
vt 0.917704 0.817169
vt 0.924393 0.835921
vt 0.919624 0.851735
vt 0.358136 0.533686
vt 0.346746 0.519701
vt 0.970810 0.230870
vt 0.955333 0.220773
vt 0.970810 0.212849
vt 0.946903 0.520044
vt 0.547682 0.395342
vt 0.557896 0.402541
vt 0.541252 0.410393
vt 0.283794 0.751392
vt 0.269598 0.741828
vt 0.284061 0.740077
vt 0.059248 0.682214
vt 0.055983 0.698733
vt 0.042095 0.687859
vt 0.801664 0.611984
vt 0.784769 0.618681
vt 0.781625 0.603336
vt 0.799481 0.601273
vt 0.267672 0.165783
vt 0.246509 0.161113
vt 0.261770 0.150087
vt 0.569631 0.033145
vt 0.561111 0.022236
vt 0.575712 0.017346
vt 0.601352 0.306436
vt 0.822756 0.323525
vt 0.811238 0.311646
vt 0.104896 0.236688
vt 0.089628 0.239272
vt 0.094820 0.221374
vt 0.110257 0.221949
vt 0.046243 0.672091
vt 0.060474 0.665226
vt 0.023918 0.052963
vt 0.006100 0.051045
vt 0.016839 0.036769
vt 0.034620 0.037155
vt 0.033130 0.045649
vt 0.039996 0.048501
vt 0.184837 0.951990
vt 0.205881 0.947515
vt 0.194738 0.960011
vt 0.869256 0.803888
vt 0.879331 0.791455
vt 0.886427 0.805918
vt 0.470262 0.656955
vt 0.385810 0.722579
vt 0.391295 0.705303
vt 0.402370 0.715696
vt 0.404836 0.730609
vt 0.341581 0.972771
vt 0.838433 0.534365
vt 0.825825 0.543814
vt 0.829630 0.524554
vt 0.804586 0.040639
vt 0.817943 0.036218
vt 0.810243 0.047941
vt 0.121377 0.047437
vt 0.106497 0.039083
vt 0.120556 0.030741
vt 0.136535 0.038142
vt 0.178068 0.647289
vt 0.193284 0.653386
vt 0.188693 0.660750
vt 0.832979 0.001658
vt 0.832979 0.018070
vt 0.822303 0.011832
vt 0.832096 0.291680
vt 0.671720 0.247957
vt 0.688882 0.247795
vt 0.924955 0.633356
vt 0.936597 0.622489
vt 0.251679 0.465704
vt 0.246789 0.454688
vt 0.261898 0.452312
vt 0.273027 0.463353
vt 0.261434 0.475110
vt 0.550301 0.363704
vt 0.534536 0.352117
vt 0.680523 0.808027
vt 0.671207 0.824326
vt 0.657310 0.831725
vt 0.540827 0.650914
vt 0.554491 0.660261
vt 0.536736 0.663803
vt 0.207604 0.365204
vt 0.219688 0.353216
vt 0.223419 0.368372
vt 0.211646 0.383060
vt 0.233714 0.352900
vt 0.811989 0.552447
vt 0.823952 0.562110
vt 0.809423 0.569806
vt 0.152863 0.932589
vt 0.139375 0.916992
vt 0.149336 0.916924
vt 0.571861 0.238187
vt 0.586667 0.240583
vt 0.569973 0.248858
vt 0.085230 0.039296
vt 0.093579 0.049525
vt 0.209305 0.658703
vt 0.206678 0.643450
vt 0.222771 0.648367
vt 0.918119 0.617766
vt 0.928585 0.604310
vt 0.145821 0.554265
vt 0.132414 0.551169
vt 0.144324 0.533922
vt 0.224941 0.149786
vt 0.241120 0.154140
vt 0.227885 0.165317
vt 0.245863 0.304136
vt 0.240809 0.313631
vt 0.790119 0.675860
vt 0.778889 0.693147
vt 0.772013 0.676880
vt 0.706097 0.136341
vt 0.643835 0.824697
vt 0.651202 0.842425
vt 0.643551 0.856403
vt 0.749703 0.577558
vt 0.737923 0.568173
vt 0.746424 0.558525
vt 0.779865 0.018961
vt 0.767298 0.027932
vt 0.765798 0.008595
vt 0.508349 0.545418
vt 0.497338 0.536911
vt 0.508933 0.526187
vt 0.522550 0.534894
vt 0.188969 0.104069
vt 0.172806 0.096632
vt 0.188286 0.086283
vt 0.203820 0.093506
vt 0.077948 0.793412
vt 0.798426 0.252968
vt 0.439536 0.381589
vt 0.457355 0.385309
vt 0.448158 0.396750
vt 0.436238 0.401346
vt 0.424537 0.389518
vt 0.337308 0.950835
vt 0.349489 0.934299
vt 0.353567 0.950835
vt 0.848563 0.033958
vt 0.832947 0.047611
vt 0.835186 0.025346
vt 0.750327 0.492003
vt 0.750393 0.514271
vt 0.735843 0.507242
vt 0.853716 0.643323
vt 0.843880 0.653032
vt 0.838079 0.637018
vt 0.073196 0.248041
vt 0.870877 0.493331
vt 0.858807 0.474837
vt 0.875543 0.471437
vt 0.881413 0.479275
vt 0.865807 0.459189
vt 0.679314 0.928346
vt 0.691349 0.937544
vt 0.675390 0.946443
vt 0.662418 0.936688
vt 0.218669 0.082613
vt 0.202871 0.075685
vt 0.217416 0.065499
vt 0.233861 0.070892
vt 0.860012 0.861993
vt 0.880246 0.863352
vt 0.868758 0.877294
vt 0.638266 0.483849
vt 0.621550 0.472764
vt 0.635208 0.465508
vt 0.091878 0.004752
vt 0.151628 0.263895
vt 0.385211 0.790790
vt 0.368369 0.801704
vt 0.248964 0.223687
vt 0.253359 0.208717
vt 0.267177 0.218137
vt 0.512902 0.263438
vt 0.498062 0.257222
vt 0.512792 0.248460
vt 0.528050 0.252418
vt 0.721607 0.914164
vt 0.712202 0.923144
vt 0.705411 0.909217
vt 0.715681 0.897934
vt 0.389121 0.457273
vt 0.405017 0.462698
vt 0.390014 0.475394
vt 0.739330 0.080361
vt 0.752251 0.070750
vt 0.754932 0.087854
vt 0.750426 0.102999
vt 0.735395 0.093659
vt 0.586816 0.532771
vt 0.571705 0.530975
vt 0.578932 0.515313
vt 0.596483 0.519261
vt 0.560542 0.518151
vt 0.341189 0.110577
vt 0.325850 0.106687
vt 0.340321 0.097413
vt 0.355942 0.103420
vt 0.775801 0.918592
vt 0.786298 0.907609
vt 0.794085 0.923402
vt 0.784153 0.934390
vt 0.252264 0.175036
vt 0.598097 0.477800
vt 0.610779 0.484660
vt 0.599596 0.496037
vt 0.375865 0.469498
vt 0.225117 0.385160
vt 0.686013 0.159804
vt 0.611523 0.569069
vt 0.623236 0.569069
vt 0.617825 0.587280
vt 0.663187 0.478641
vt 0.648661 0.472201
vt 0.658699 0.463143
vt 0.752574 0.038244
vt 0.768275 0.044550
vt 0.751880 0.054798
vt 0.003264 0.361633
vt 0.017978 0.355838
vt 0.016859 0.372825
vt 0.165877 0.948457
vt 0.162288 0.966815
vt 0.464657 0.956943
vt 0.444569 0.959596
vt 0.455391 0.946161
vt 0.735501 0.111764
vt 0.544481 0.517655
vt 0.554360 0.533070
vt 0.538035 0.533616
vt 0.142042 0.461832
vt 0.156548 0.467919
vt 0.144020 0.480238
vt 0.279152 0.099321
vt 0.294489 0.108361
vt 0.279436 0.115263
vt 0.093217 0.760810
vt 0.452725 0.929665
vt 0.469373 0.938124
vt 0.491108 0.375361
vt 0.504176 0.386635
vt 0.494410 0.397467
vt 0.482174 0.385579
vt 0.790569 0.339387
vt 0.792078 0.361364
vt 0.775789 0.353648
vt 0.780257 0.328319
vt 0.805202 0.267706
vt 0.816536 0.255657
vt 0.819496 0.274775
vt 0.585181 0.484942
vt 0.069012 0.624881
vt 0.084482 0.630241
vt 0.283366 0.767804
vt 0.300208 0.777768
vt 0.282946 0.784602
vt 0.758183 0.850346
vt 0.767392 0.832994
vt 0.774373 0.850597
vt 0.771752 0.868825
vt 0.771629 0.631607
vt 0.758305 0.647168
vt 0.755701 0.631919
vt 0.768653 0.618323
vt 0.131804 0.698866
vt 0.124978 0.681814
vt 0.139246 0.685792
vt 0.147819 0.700339
vt 0.267025 0.773806
vt 0.071232 0.640167
vt 0.080130 0.082292
vt 0.069975 0.070467
vt 0.091102 0.068507
vt 0.906245 0.370851
vt 0.900695 0.388048
vt 0.055791 0.118940
vt 0.070898 0.125067
vt 0.062764 0.137525
vt 0.044220 0.129685
vt 0.297165 0.810816
vt 0.292719 0.825948
vt 0.279233 0.817616
vt 0.327537 0.333540
vt 0.331480 0.324049
vt 0.331449 0.326418
vt 0.507138 0.894895
vt 0.525074 0.893137
vt 0.026026 0.120763
vt 0.028882 0.136295
vt 0.250526 0.777267
vt 0.251516 0.761062
vt 0.880319 0.124561
vt 0.885549 0.107910
vt 0.894576 0.122406
vt 0.888563 0.138795
vt 0.279118 0.272840
vt 0.148094 0.711688
vt 0.139618 0.715345
vt 0.140648 0.669313
vt 0.122940 0.665963
vt 0.810839 0.490107
vt 0.825267 0.481214
vt 0.830572 0.495298
vt 0.817602 0.506147
vt 0.801736 0.509976
vt 0.517048 0.066266
vt 0.899310 0.833216
vt 0.887865 0.844478
vt 0.888937 0.823407
vt 0.902432 0.815642
vt 0.953849 0.165817
vt 0.963585 0.176477
vt 0.940778 0.172635
vt 0.949053 0.379253
vt 0.825558 0.819610
vt 0.839475 0.809508
vt 0.844205 0.827015
vt 0.830568 0.835751
vt 0.347717 0.808742
vt 0.353279 0.794857
vt 0.901812 0.009442
vt 0.896106 0.028715
vt 0.887665 0.010403
vt 0.764222 0.385975
vt 0.751900 0.379407
vt 0.767622 0.370178
vt 0.047678 0.882918
vt 0.257900 0.090528
vt 0.884398 0.487511
vt 0.172882 0.078625
vt 0.157767 0.074228
vt 0.169196 0.059070
vt 0.186502 0.067747
vt 0.561704 0.837330
vt 0.543778 0.834379
vt 0.554667 0.818831
vt 0.834167 0.721627
vt 0.846609 0.710912
vt 0.854715 0.726610
vt 0.842570 0.736142
vt 0.250002 0.393617
vt 0.265003 0.388713
vt 0.263066 0.402760
vt 0.769113 0.710460
vt 0.790603 0.704856
vt 0.787630 0.718584
vt 0.774377 0.728738
vt 0.404179 0.257884
vt 0.387143 0.251103
vt 0.401251 0.240637
vt 0.418371 0.247228
vt 0.903166 0.089556
vt 0.905976 0.075387
vt 0.919569 0.085976
vt 0.916660 0.102843
vt 0.804130 0.282805
vt 0.599165 0.564977
vt 0.592836 0.551328
vt 0.609214 0.549878
vt 0.936399 0.128348
vt 0.933044 0.146052
vt 0.922205 0.135432
vt 0.925362 0.119526
vt 0.957299 0.846410
vt 0.940807 0.847807
vt 0.951341 0.832894
vt 0.950994 0.861084
vt 0.618814 0.563093
vt 0.904021 0.790955
vt 0.894797 0.799375
vt 0.889516 0.782490
vt 0.898866 0.774150
vt 0.543357 0.805090
vt 0.549226 0.787562
vt 0.559931 0.801590
vt 0.830144 0.748340
vt 0.849111 0.752995
vt 0.317554 0.786591
vt 0.316381 0.769375
vt 0.333003 0.776100
vt 0.182979 0.204040
vt 0.360802 0.751980
vt 0.359948 0.740233
vt 0.006349 0.747348
vt 0.001360 0.735464
vt 0.014459 0.733218
vt 0.749237 0.120864
vt 0.734139 0.129763
vt 0.920053 0.337277
vt 0.929019 0.321713
vt 0.506087 0.622666
vt 0.959388 0.465248
vt 0.966099 0.448346
vt 0.972796 0.462075
vt 0.970278 0.478324
vt 0.799355 0.729970
vt 0.810100 0.717860
vt 0.821022 0.732756
vt 0.629638 0.394794
vt 0.611467 0.402889
vt 0.598005 0.401380
vt 0.601946 0.387142
vt 0.019976 0.748501
vt 0.373374 0.454737
vt 0.361151 0.474274
vt 0.285650 0.366008
vt 0.284707 0.372293
vt 0.277741 0.361198
vt 0.277741 0.381532
vt 0.183261 0.359559
vt 0.183261 0.338767
vt 0.185772 0.349248
vt 0.396217 0.371545
vt 0.400327 0.357542
vt 0.413095 0.371102
vt 0.060891 0.842784
vt 0.041485 0.845207
vt 0.778322 0.424835
vt 0.778047 0.443892
vt 0.766181 0.439644
vt 0.665321 0.653908
vt 0.250229 0.112555
vt 0.235239 0.104339
vt 0.250551 0.095629
vt 0.095930 0.601824
vt 0.112695 0.594515
vt 0.109914 0.612636
vt 0.188991 0.443625
vt 0.180492 0.429230
vt 0.206338 0.444037
vt 0.607576 0.140038
vt 0.617662 0.123545
vt 0.911878 0.765090
vt 0.911086 0.745380
vt 0.925022 0.754353
vt 0.925494 0.736176
vt 0.767967 0.059927
vt 0.172777 0.473901
vt 0.169955 0.455217
vt 0.929564 0.586475
vt 0.943565 0.593287
vt 0.031291 0.151388
vt 0.050110 0.159758
vt 0.034062 0.166147
vt 0.471445 0.896339
vt 0.478396 0.881574
vt 0.489170 0.895616
vt 0.586499 0.394323
vt 0.504954 0.369413
vt 0.517258 0.383617
vt 0.396217 0.338718
vt 0.411779 0.345203
vt 0.808646 0.189487
vt 0.812166 0.207838
vt 0.798545 0.171842
vt 0.438999 0.847634
vt 0.447098 0.832072
vt 0.457105 0.847820
vt 0.590612 0.805538
vt 0.591138 0.791087
vt 0.605034 0.800532
vt 0.604223 0.818069
vt 0.865196 0.926064
vt 0.882775 0.925894
vt 0.478215 0.574832
vt 0.474746 0.589750
vt 0.458869 0.593551
vt 0.821764 0.804233
vt 0.313522 0.177424
vt 0.296709 0.175053
vt 0.304207 0.162341
vt 0.321270 0.163396
vt 0.359708 0.209891
vt 0.359380 0.193635
vt 0.373542 0.195200
vt 0.683250 0.236145
vt 0.666483 0.233612
vt 0.679984 0.222815
vt 0.322349 0.569710
vt 0.335589 0.580354
vt 0.322349 0.587280
vt 0.311782 0.273725
vt 0.294526 0.271311
vt 0.309699 0.257017
vt 0.325629 0.268797
vt 0.502426 0.672222
vt 0.521365 0.671398
vt 0.513421 0.682430
vt 0.183775 0.002195
vt 0.183775 0.015045
vt 0.170277 0.014392
vt 0.182750 0.029963
vt 0.373542 0.213738
vt 0.799837 0.689617
vt 0.809660 0.674864
vt 0.819826 0.691335
vt 0.669180 0.669315
vt 0.009348 0.185405
vt 0.027966 0.199089
vt 0.008484 0.196214
vt 0.605141 0.787987
vt 0.560615 0.786808
vt 0.576302 0.795905
vt 0.478005 0.628787
vt 0.489258 0.616515
vt 0.945459 0.692317
vt 0.958584 0.679302
vt 0.956780 0.693219
vt 0.808684 0.703045
vt 0.466046 0.375036
vt 0.471526 0.394017
vt 0.002421 0.387135
vt 0.016804 0.383093
vt 0.007936 0.396896
vt 0.001678 0.279657
vt 0.001678 0.258824
vt 0.013983 0.271120
vt 0.359032 0.456750
vt 0.346549 0.467883
vt 0.645074 0.047941
vt 0.645074 0.030225
vt 0.657195 0.038992
vt 0.575995 0.037402
vt 0.589278 0.037402
vt 0.580288 0.055931
vt 0.471170 0.687407
vt 0.487347 0.679782
vt 0.484909 0.697575
vt 0.472711 0.707153
vt 0.271667 0.001898
vt 0.261539 0.017978
vt 0.257887 0.001898
vt 0.764781 0.422931
vt 0.427924 0.953478
vt 0.427209 0.968650
vt 0.320700 0.924878
vt 0.304104 0.937230
vt 0.298409 0.925591
vt 0.490265 0.737803
vt 0.487052 0.724106
vt 0.503383 0.730472
vt 0.277354 0.851230
vt 0.292869 0.856312
vt 0.283498 0.867878
vt 0.190686 0.635760
vt 0.861767 0.907265
vt 0.851785 0.919413
vt 0.845374 0.904725
vt 0.858591 0.891174
vt 0.935602 0.014902
vt 0.946840 0.003920
vt 0.946840 0.023971
vt 0.169408 0.779185
vt 0.159090 0.794931
vt 0.152529 0.780052
vt 0.410645 0.962162
vt 0.409963 0.946854
vt 0.273002 0.683091
vt 0.266598 0.692799
vt 0.417549 0.495393
vt 0.402751 0.485114
vt 0.416434 0.475932
vt 0.532383 0.209155
vt 0.517226 0.196629
vt 0.532064 0.191713
vt 0.528255 0.268214
vt 0.543038 0.257134
vt 0.151597 0.319218
vt 0.134985 0.312614
vt 0.151571 0.298321
vt 0.169281 0.314320
vt 0.567931 0.129450
vt 0.573934 0.146254
vt 0.555359 0.139418
vt 0.825932 0.078029
vt 0.819236 0.098374
vt 0.812895 0.082708
vt 0.818810 0.062783
vt 0.521490 0.919470
vt 0.522374 0.938032
vt 0.507919 0.929378
vt 0.817832 0.226074
vt 0.206902 0.726168
vt 0.219731 0.714683
vt 0.219731 0.729106
vt 0.827453 0.063377
vt 0.569302 0.417488
vt 0.555928 0.415632
vt 0.569302 0.398612
vt 0.099591 0.203750
vt 0.642233 0.541570
vt 0.652244 0.554389
vt 0.635089 0.556629
vt 0.625772 0.544970
vt 0.207745 0.960539
vt 0.039951 0.791008
vt 0.029710 0.793532
vt 0.030023 0.781565
vt 0.930943 0.001260
vt 0.701072 0.544408
vt 0.495149 0.415175
vt 0.482983 0.408506
vt 0.469236 0.262216
vt 0.452911 0.257707
vt 0.466322 0.246536
vt 0.482755 0.251303
vt 0.136143 0.332848
vt 0.120848 0.325476
vt 0.475176 0.720554
vt 0.458538 0.715619
vt 0.458039 0.699579
vt 0.308851 0.920329
vt 0.861743 0.787133
vt 0.172239 0.294216
vt 0.174128 0.306907
vt 0.212368 0.428740
vt 0.604845 0.154390
vt 0.590989 0.142952
vt 0.620994 0.154504
vt 0.728782 0.553429
vt 0.953018 0.337307
vt 0.717443 0.788168
vt 0.717914 0.803616
vt 0.711079 0.789601
vt 0.934714 0.210208
vt 0.939793 0.227053
vt 0.442767 0.940908
vt 0.436715 0.924249
vt 0.427793 0.939636
vt 0.640427 0.219621
vt 0.621268 0.218224
vt 0.633287 0.205041
vt 0.651344 0.205833
vt 0.923241 0.197222
vt 0.916577 0.211433
vt 0.166846 0.630188
vt 0.063069 0.088364
vt 0.067518 0.107094
vt 0.052159 0.101303
vt 0.592970 0.853858
vt 0.599217 0.834672
vt 0.609013 0.847806
vt 0.909810 0.197068
vt 0.421340 0.917667
vt 0.411985 0.930801
vt 0.389611 0.495393
vt 0.374715 0.486797
vt 0.557236 0.215098
vt 0.545142 0.204029
vt 0.559994 0.196927
vt 0.572881 0.269442
vt 0.557971 0.263223
vt 0.572746 0.253853
vt 0.585526 0.259669
vt 0.853554 0.933824
vt 0.840625 0.950054
vt 0.835789 0.936127
vt 0.443717 0.453444
vt 0.443717 0.438597
vt 0.457439 0.443193
vt 0.766733 0.456721
vt 0.032919 0.720858
vt 0.024402 0.705073
vt 0.039755 0.704282
vt 0.025134 0.688810
vt 0.648642 0.052508
vt 0.656926 0.064213
vt 0.638587 0.067294
vt 0.111933 0.418025
vt 0.120471 0.428779
vt 0.120496 0.409204
vt 0.250555 0.077044
vt 0.236084 0.087323
vt 0.842967 0.332409
vt 0.830912 0.341581
vt 0.830140 0.324066
vt 0.909841 0.261938
vt 0.845870 0.921767
vt 0.187088 0.779814
vt 0.177381 0.793863
vt 0.496075 0.163070
vt 0.507429 0.171514
vt 0.487485 0.178678
vt 0.281166 0.227200
vt 0.262018 0.234439
vt 0.886439 0.076546
vt 0.894818 0.063793
vt 0.017820 0.642038
vt 0.035270 0.642173
vt 0.024906 0.657806
vt 0.021613 0.625588
vt 0.052966 0.618624
vt 0.066460 0.608031
vt 0.053146 0.635473
vt 0.245166 0.058275
vt 0.259098 0.045597
vt 0.258041 0.061448
vt 0.895000 0.647950
vt 0.905823 0.641941
vt 0.908564 0.658087
vt 0.894740 0.662371
vt 0.882854 0.280001
vt 0.880462 0.294515
vt 0.697617 0.308245
vt 0.707596 0.320615
vt 0.418216 0.174550
vt 0.430368 0.160823
vt 0.204669 0.220657
vt 0.099325 0.677714
vt 0.107604 0.665701
vt 0.109353 0.680951
vt 0.392694 0.135834
vt 0.383804 0.120846
vt 0.399510 0.121428
vt 0.669870 0.295547
vt 0.687729 0.294953
vt 0.679317 0.280191
vt 0.226934 0.422823
vt 0.220517 0.413351
vt 0.842967 0.315812
vt 0.866131 0.716589
vt 0.875234 0.705446
vt 0.883440 0.722305
vt 0.704790 0.291512
vt 0.199742 0.459408
vt 0.183862 0.454559
vt 0.946101 0.065919
vt 0.944505 0.050218
vt 0.958825 0.050218
vt 0.287496 0.361478
vt 0.301630 0.361478
vt 0.290723 0.377537
vt 0.964007 0.870486
vt 0.946620 0.876925
vt 0.157807 0.919335
vt 0.790340 0.047699
vt 0.162288 0.918867
vt 0.179989 0.924323
vt 0.162896 0.932345
vt 0.272145 0.555063
vt 0.255196 0.551757
vt 0.267871 0.543043
vt 0.873327 0.733046
vt 0.547207 0.185665
vt 0.535435 0.172459
vt 0.551820 0.169930
vt 0.564681 0.179011
vt 0.432823 0.863320
vt 0.421681 0.845880
vt 0.714213 0.307013
vt 0.724338 0.320279
vt 0.948364 0.750785
vt 0.958825 0.740445
vt 0.958761 0.758970
vt 0.934839 0.698391
vt 0.942845 0.712469
vt 0.928922 0.716994
vt 0.942845 0.729106
vt 0.568546 0.073978
vt 0.585788 0.077948
vt 0.574484 0.091450
vt 0.824708 0.214591
vt 0.068693 0.890694
vt 0.051009 0.885806
vt 0.069899 0.878858
vt 0.636555 0.117239
vt 0.933332 0.863044
vt 0.025968 0.321117
vt 0.020999 0.335589
vt 0.007705 0.323197
vt 0.017939 0.306821
vt 0.558131 0.087667
vt 0.016886 0.763065
vt 0.947552 0.788922
vt 0.958297 0.777987
vt 0.958825 0.797657
vt 0.830389 0.204218
vt 0.838972 0.212429
vt 0.830389 0.229718
vt 0.850803 0.876595
vt 0.943054 0.562340
vt 0.927312 0.571205
vt 0.926497 0.558582
vt 0.238216 0.749058
vt 0.730873 0.927455
vt 0.422735 0.798716
vt 0.439501 0.788162
vt 0.378780 0.295995
vt 0.906171 0.847287
vt 0.032845 0.070895
vt 0.052461 0.071840
vt 0.044170 0.085094
vt 0.952450 0.184846
vt 0.083041 0.747076
vt 0.341088 0.161198
vt 0.331671 0.176341
vt 0.778216 0.817136
vt 0.769660 0.800460
vt 0.694131 0.387164
vt 0.677162 0.379824
vt 0.692700 0.371823
vt 0.705862 0.384753
vt 0.908229 0.864532
vt 0.396523 0.306234
vt 0.377722 0.309869
vt 0.036059 0.831979
vt 0.052740 0.830415
vt 0.486437 0.715692
vt 0.582999 0.128012
vt 0.038065 0.626636
vt 0.034940 0.610877
vt 0.042110 0.530516
vt 0.034040 0.545895
vt 0.026898 0.532488
vt 0.033900 0.518170
vt 0.826332 0.709264
vt 0.613352 0.862810
vt 0.598352 0.870728
vt 0.899099 0.871623
vt 0.893497 0.858042
vt 0.462270 0.622837
vt 0.472922 0.607928
vt 0.455066 0.607551
vt 0.838209 0.694905
vt 0.783087 0.483559
vt 0.782446 0.493736
vt 0.303694 0.460077
vt 0.293521 0.447799
vt 0.307773 0.443349
vt 0.761759 0.884664
vt 0.751261 0.866954
vt 0.651844 0.876755
vt 0.388870 0.322311
vt 0.370313 0.321259
vt 0.097122 0.469103
vt 0.083658 0.455161
vt 0.761762 0.757604
vt 0.772793 0.744956
vt 0.781646 0.758618
vt 0.078988 0.581256
vt 0.323603 0.017538
vt 0.308848 0.017245
vt 0.304541 0.001847
vt 0.319959 0.001688
vt 0.856458 0.383692
vt 0.844149 0.395717
vt 0.840681 0.378739
vt 0.908246 0.673771
vt 0.548111 0.769580
vt 0.536069 0.777075
vt 0.942885 0.438953
vt 0.140950 0.765082
vt 0.354657 0.455699
vt 0.350273 0.442406
vt 0.365328 0.440464
vt 0.074166 0.724493
vt 0.068144 0.734035
vt 0.063406 0.591658
vt 0.771079 0.771645
vt 0.638508 0.921028
vt 0.634101 0.909324
vt 0.650906 0.915911
vt 0.079523 0.843817
vt 0.084625 0.859629
vt 0.667294 0.111742
vt 0.697146 0.909354
vt 0.686953 0.924866
vt 0.684521 0.909354
vt 0.875297 0.308954
vt 0.113067 0.756269
vt 0.321134 0.441524
vt 0.597381 0.879404
vt 0.611251 0.870686
vt 0.608760 0.883592
vt 0.487403 0.481559
vt 0.487403 0.501386
vt 0.476313 0.487874
vt 0.499251 0.689722
vt 0.599366 0.125419
vt 0.435466 0.363554
vt 0.420464 0.343907
vt 0.435466 0.343495
vt 0.529000 0.517175
vt 0.571178 0.667141
vt 0.572582 0.654974
vt 0.588047 0.664438
vt 0.131956 0.140098
vt 0.130000 0.122757
vt 0.146179 0.131501
vt 0.283240 0.165716
vt 0.587799 0.950415
vt 0.514229 0.475128
vt 0.500086 0.456602
vt 0.515750 0.457595
vt 0.725580 0.400922
vt 0.737097 0.405460
vt 0.730288 0.419486
vt 0.452586 0.685244
vt 0.842860 0.480531
vt 0.831924 0.466654
vt 0.120667 0.347687
vt 0.105062 0.347061
vt 0.118560 0.331047
vt 0.278821 0.448690
vt 0.441726 0.702248
vt 0.132523 0.928078
vt 0.142843 0.933733
vt 0.184525 0.050749
vt 0.168777 0.041037
vt 0.185000 0.035311
vt 0.200625 0.043625
vt 0.704160 0.656492
vt 0.704224 0.672784
vt 0.689380 0.662486
vt 0.688483 0.645746
vt 0.309825 0.115524
vt 0.310753 0.100702
vt 0.816170 0.847702
vt 0.833237 0.852058
vt 0.821574 0.865425
vt 0.606633 0.100380
vt 0.622536 0.105503
vt 0.614590 0.115395
vt 0.287530 0.465642
vt 0.779960 0.209898
vt 0.576207 0.001649
vt 0.590559 0.005941
vt 0.737097 0.390364
vt 0.268708 0.131978
vt 0.257900 0.133836
vt 0.970029 0.835955
vt 0.522678 0.485869
vt 0.936339 0.888877
vt 0.948837 0.880349
vt 0.948837 0.896901
vt 0.689712 0.032572
vt 0.696986 0.051936
vt 0.685072 0.047831
vt 0.633318 0.114317
vt 0.638228 0.101876
vt 0.650506 0.110268
vt 0.530571 0.639422
vt 0.055357 0.187204
vt 0.036170 0.179762
vt 0.052660 0.174557
vt 0.072009 0.183133
vt 0.003142 0.060844
vt 0.007990 0.059355
vt 0.004548 0.067843
vt 0.680076 0.035393
vt 0.672530 0.040751
vt 0.535344 0.089307
vt 0.533555 0.106012
vt 0.519857 0.094721
vt 0.519150 0.077567
vt 0.004137 0.720671
vt 0.362009 0.952832
vt 0.362009 0.938962
vt 0.375045 0.948851
vt 0.375540 0.936634
vt 0.129094 0.957363
vt 0.858338 0.443891
vt 0.874653 0.445266
vt 0.848128 0.459846
vt 0.362518 0.046877
vt 0.374158 0.054670
vt 0.359602 0.066194
vt 0.629522 0.349946
vt 0.597852 0.111496
vt 0.558902 0.646970
vt 0.160117 0.123124
vt 0.176820 0.130518
vt 0.163044 0.140030
vt 0.757805 0.916365
vt 0.748875 0.929363
vt 0.739572 0.915935
vt 0.750632 0.900734
vt 0.275627 0.301001
vt 0.611833 0.352866
vt 0.491568 0.665516
vt 0.219551 0.170165
vt 0.205349 0.178041
vt 0.127033 0.217826
vt 0.428845 0.092428
vt 0.415617 0.083350
vt 0.431290 0.076636
vt 0.221337 0.283483
vt 0.579771 0.344148
vt 0.595720 0.355967
vt 0.059922 0.055427
vt 0.042022 0.057650
vt 0.052024 0.039251
vt 0.067626 0.036142
vt 0.445752 0.087222
vt 0.157828 0.106516
vt 0.141150 0.095887
vt 0.156311 0.089726
vt 0.150997 0.164410
vt 0.148808 0.148963
vt 0.418967 0.427055
vt 0.409455 0.416035
vt 0.422314 0.407692
vt 0.433690 0.419877
vt 0.732186 0.276995
vt 0.726852 0.261196
vt 0.745569 0.264971
vt 0.404690 0.072234
vt 0.401643 0.092711
vt 0.082414 0.873210
vt 0.099992 0.870258
vt 0.714757 0.124400
vt 0.712991 0.110675
vt 0.031799 0.265574
vt 0.015363 0.267672
vt 0.382503 0.089216
vt 0.392191 0.079198
vt 0.127927 0.105397
vt 0.125633 0.086200
vt 0.796736 0.892656
vt 0.779202 0.887998
vt 0.791712 0.875207
vt 0.728166 0.604046
vt 0.743089 0.604046
vt 0.734132 0.621239
vt 0.411751 0.197661
vt 0.223726 0.031961
vt 0.209416 0.031961
vt 0.219815 0.013955
vt 0.462212 0.729385
vt 0.933738 0.832954
vt 0.849661 0.411612
vt 0.836505 0.423720
vt 0.831775 0.407327
vt 0.480085 0.097916
vt 0.463225 0.092722
vt 0.475085 0.081989
vt 0.834977 0.952832
vt 0.820001 0.952832
vt 0.827199 0.936515
vt 0.288254 0.520100
vt 0.298337 0.529404
vt 0.282602 0.537537
vt 0.272497 0.528001
vt 0.830977 0.878305
vt 0.827697 0.895443
vt 0.812106 0.882815
vt 0.189383 0.001415
vt 0.199755 0.014461
vt 0.189383 0.023971
vt 0.641344 0.777296
vt 0.148296 0.389556
vt 0.162202 0.396877
vt 0.149570 0.410287
vt 0.136704 0.401568
vt 0.609662 0.581842
vt 0.592413 0.585914
vt 0.600851 0.572241
vt 0.550258 0.480855
vt 0.559315 0.466951
vt 0.591275 0.020575
vt 0.583427 0.032210
vt 0.764633 0.268637
vt 0.751379 0.280137
vt 0.260182 0.537799
vt 0.244204 0.531479
vt 0.260291 0.522104
vt 0.119141 0.922629
vt 0.077742 0.054657
vt 0.413752 0.536040
vt 0.430193 0.537185
vt 0.417478 0.551318
vt 0.400948 0.550906
vt 0.345606 0.059857
vt 0.498403 0.819239
vt 0.176814 0.401713
vt 0.175810 0.383369
vt 0.244752 0.168232
vt 0.602702 0.212363
vt 0.616483 0.203512
vt 0.595789 0.341957
vt 0.054606 0.742556
vt 0.758706 0.239502
vt 0.771055 0.239502
vt 0.770655 0.253689
vt 0.073549 0.655829
vt 0.085205 0.645470
vt 0.083642 0.662985
vt 0.073247 0.673707
vt 0.018239 0.787008
vt 0.017169 0.774726
vt 0.003352 0.781438
vt 0.002076 0.797974
vt 0.041723 0.749459
vt 0.181781 0.166758
vt 0.185772 0.183048
vt 0.170985 0.177878
vt 0.393282 0.424452
vt 0.376374 0.422586
vt 0.385044 0.407271
vt 0.414258 0.828077
vt 0.408903 0.811332
vt 0.696276 0.917300
vt 0.101457 0.857885
vt 0.115804 0.862518
vt 0.219731 0.185277
vt 0.208089 0.195760
vt 0.340929 0.125963
vt 0.352063 0.133253
vt 0.340445 0.142600
vt 0.852664 0.355813
vt 0.842942 0.367413
vt 0.832928 0.354656
vt 0.583434 0.500767
vt 0.485514 0.217848
vt 0.495393 0.224525
vt 0.495277 0.235711
vt 0.474029 0.231729
vt 0.368708 0.335697
vt 0.286424 0.838121
vt 0.291643 0.831953
vt 0.291643 0.848960
vt 0.817808 0.535171
vt 0.427850 0.224844
vt 0.414981 0.231170
vt 0.278419 0.399651
vt 0.280130 0.384506
vt 0.293693 0.396538
vt 0.895400 0.046987
vt 0.911089 0.041075
vt 0.909755 0.058379
vt 0.646860 0.811587
vt 0.127515 0.805321
vt 0.712801 0.878883
vt 0.730624 0.866661
vt 0.727665 0.884462
vt 0.823187 0.241684
vt 0.539898 0.203892
vt 0.551888 0.214932
vt 0.535683 0.218879
vt 0.066773 0.962820
vt 0.073731 0.947317
vt 0.081900 0.962820
vt 0.295840 0.381822
vt 0.611251 0.233761
vt 0.611251 0.251692
vt 0.603885 0.247102
vt 0.032896 0.858947
vt 0.032896 0.841978
vt 0.035956 0.851624
vt 0.502086 0.204245
vt 0.487051 0.195338
vt 0.502367 0.188469
vt 0.445301 0.493952
vt 0.431112 0.487357
vt 0.447377 0.474685
vt 0.435644 0.253449
vt 0.421511 0.264178
vt 0.427335 0.878133
vt 0.421211 0.889962
vt 0.410444 0.876160
vt 0.415862 0.861265
vt 0.018789 0.801594
vt 0.144581 0.193763
vt 0.144581 0.171170
vt 0.157807 0.179399
vt 0.535344 0.949562
vt 0.535344 0.964818
vt 0.522327 0.960952
vt 0.082140 0.681509
vt 0.028098 0.808545
vt 0.016927 0.822991
vt 0.004749 0.813793
vt 0.841246 0.342576
vt 0.854952 0.339107
vt 0.917917 0.478495
vt 0.934411 0.477529
vt 0.925871 0.493496
vt 0.077972 0.820938
vt 0.130762 0.263895
vt 0.738501 0.410419
vt 0.755075 0.394146
vt 0.755075 0.411496
vt 0.399373 0.406638
vt 0.309837 0.394166
vt 0.333603 0.237398
vt 0.102470 0.559438
vt 0.092710 0.569318
vt 0.092714 0.550519
vt 0.180512 0.964630
vt 0.481168 0.564537
vt 0.494406 0.568299
vt 0.127318 0.511445
vt 0.141756 0.513702
vt 0.130776 0.530695
vt 0.115472 0.527776
vt 0.634502 0.175925
vt 0.652461 0.178095
vt 0.642297 0.189741
vt 0.624600 0.188452
vt 0.177643 0.366262
vt 0.162910 0.360654
vt 0.179780 0.351260
vt 0.886556 0.456090
vt 0.302347 0.242080
vt 0.320854 0.248275
vt 0.710469 0.487002
vt 0.694358 0.486926
vt 0.709859 0.498726
vt 0.229384 0.398954
vt 0.150398 0.241732
vt 0.143963 0.255051
vt 0.872752 0.428502
vt 0.503070 0.077252
vt 0.752259 0.187770
vt 0.739953 0.184926
vt 0.753077 0.170333
vt 0.605417 0.509447
vt 0.398790 0.500435
vt 0.413028 0.508873
vt 0.831686 0.680584
vt 0.846921 0.667267
vt 0.849980 0.684464
vt 0.519849 0.179846
vt 0.524453 0.161561
vt 0.780760 0.784873
vt 0.762359 0.782696
vt 0.284575 0.323739
vt 0.275779 0.333823
vt 0.261241 0.323257
vt 0.872799 0.515368
vt 0.872005 0.498547
vt 0.882918 0.498547
vt 0.519150 0.109865
vt 0.921008 0.551282
vt 0.924867 0.706427
vt 0.934854 0.551324
vt 0.793028 0.430801
vt 0.053424 0.226408
vt 0.050049 0.244806
vt 0.305405 0.411090
vt 0.314216 0.426029
vt 0.887622 0.435255
vt 0.889040 0.415059
vt 0.239872 0.652590
vt 0.237581 0.637776
vt 0.300641 0.491897
vt 0.298300 0.474872
vt 0.309396 0.475621
vt 0.062911 0.257695
vt 0.262801 0.201753
vt 0.246189 0.201236
vt 0.249632 0.191486
vt 0.763184 0.604349
vt 0.752987 0.618933
vt 0.745249 0.606945
vt 0.266574 0.183741
vt 0.933053 0.108906
vt 0.361953 0.215918
vt 0.365055 0.229278
vt 0.240731 0.391520
vt 0.239086 0.374968
vt 0.252689 0.378062
vt 0.826987 0.922869
vt 0.820677 0.917052
vt 0.826987 0.907273
vt 0.001688 0.379535
vt 0.002076 0.763646
vt 0.168922 0.435943
vt 0.155432 0.430101
vt 0.165368 0.415759
vt 0.179294 0.421373
vt 0.346824 0.763748
vt 0.796545 0.821868
vt 0.812513 0.828569
vt 0.348209 0.225624
vt 0.686825 0.017370
vt 0.672903 0.022801
vt 0.668707 0.006823
vt 0.655342 0.017956
vt 0.157374 0.716076
vt 0.824036 0.368669
vt 0.581758 0.106889
vt 0.565027 0.103410
vt 0.505154 0.314244
vt 0.517471 0.299924
vt 0.521959 0.316755
vt 0.528337 0.330800
vt 0.510918 0.329797
vt 0.403754 0.890548
vt 0.392239 0.902893
vt 0.387800 0.889595
vt 0.392801 0.876106
vt 0.839301 0.571270
vt 0.824139 0.579872
vt 0.838433 0.553098
vt 0.849470 0.504134
vt 0.857126 0.490623
vt 0.044029 0.314375
vt 0.028897 0.315920
vt 0.034180 0.299136
vt 0.243799 0.026877
vt 0.260769 0.030493
vt 0.591377 0.094734
vt 0.368794 0.590906
vt 0.385955 0.592844
vt 0.375560 0.605800
vt 0.892289 0.249058
vt 0.897571 0.227031
vt 0.904920 0.237492
vt 0.904954 0.251849
vt 0.890446 0.261341
vt 0.449442 0.912927
vt 0.432927 0.906245
vt 0.534183 0.304330
vt 0.530477 0.286338
vt 0.414586 0.903479
vt 0.283571 0.942238
vt 0.284844 0.667818
vt 0.287858 0.675848
vt 0.855408 0.426898
vt 0.842361 0.439421
vt 0.458925 0.076376
vt 0.387075 0.638878
vt 0.404313 0.641180
vt 0.391866 0.654868
vt 0.374671 0.653368
vt 0.912003 0.571943
vt 0.906345 0.563794
vt 0.917958 0.552483
vt 0.402668 0.916965
vt 0.706329 0.823875
vt 0.691532 0.838094
vt 0.688037 0.822645
vt 0.570091 0.898152
vt 0.572752 0.915477
vt 0.555878 0.905783
vt 0.553875 0.890267
vt 0.617244 0.597257
vt 0.608506 0.593641
vt 0.203143 0.233772
vt 0.193508 0.248111
vt 0.187575 0.240459
vt 0.196109 0.222505
vt 0.223551 0.230770
vt 0.184130 0.218338
vt 0.188156 0.240057
vt 0.533031 0.878996
vt 0.624333 0.488858
vt 0.334318 0.039083
vt 0.348074 0.044310
vt 0.767916 0.097647
vt 0.778299 0.090851
vt 0.162918 0.577284
vt 0.176528 0.587054
vt 0.358743 0.603552
vt 0.351545 0.590213
vt 0.341723 0.602692
vt 0.791826 0.316201
vt 0.799446 0.298526
vt 0.458606 0.971327
vt 0.470445 0.982099
vt 0.451763 0.986200
vt 0.441670 0.975414
vt 0.742230 0.940194
vt 0.757568 0.944223
vt 0.754417 0.953762
vt 0.465998 0.783385
vt 0.461073 0.799419
vt 0.452952 0.788761
vt 0.546784 0.292388
vt 0.543648 0.273703
vt 0.559050 0.280451
vt 0.611067 0.019251
vt 0.622628 0.033842
vt 0.604686 0.033651
vt 0.593068 0.025264
vt 0.369841 0.636702
vt 0.700631 0.810530
vt 0.734192 0.524857
vt 0.719510 0.514871
vt 0.719290 0.500075
vt 0.734489 0.490022
vt 0.657437 0.681036
vt 0.642602 0.683105
vt 0.303546 0.039814
vt 0.248021 0.363207
vt 0.470649 0.216995
vt 0.474534 0.200571
vt 0.240099 0.355346
vt 0.285866 0.956590
vt 0.357707 0.651786
vt 0.533708 0.850098
vt 0.428574 0.984449
vt 0.537960 0.945790
vt 0.549772 0.933511
vt 0.539919 0.320030
vt 0.547342 0.332931
vt 0.805344 0.328390
vt 0.501689 0.295544
vt 0.487001 0.288575
vt 0.499020 0.275370
vt 0.736362 0.064379
vt 0.907689 0.806107
vt 0.366535 0.021973
vt 0.366535 0.001366
vt 0.377537 0.018243
vt 0.426385 0.658625
vt 0.409049 0.656485
vt 0.596510 0.641757
vt 0.598616 0.655790
vt 0.585100 0.646818
vt 0.173822 0.455442
vt 0.173822 0.436381
vt 0.185772 0.443670
vt 0.970810 0.554403
vt 0.962063 0.560087
vt 0.957301 0.544803
vt 0.573205 0.207782
vt 0.576679 0.189428
vt 0.588961 0.201464
vt 0.512782 0.422919
vt 0.524748 0.440212
vt 0.500663 0.434364
vt 0.489646 0.308883
vt 0.514297 0.281457
vt 0.927901 0.035946
vt 0.928183 0.016526
vt 0.938815 0.024553
vt 0.255243 0.665701
vt 0.256172 0.682042
vt 0.246926 0.670668
vt 0.242571 0.689646
vt 0.592753 0.446620
vt 0.612652 0.445869
vt 0.604628 0.459445
vt 0.599032 0.429569
vt 0.584200 0.459743
vt 0.290534 0.966093
vt 0.838269 0.514480
vt 0.468311 0.424675
vt 0.302210 0.970567
vt 0.826239 0.522567
vt 0.721890 0.141494
vt 0.722105 0.123135
vt 0.891882 0.908913
vt 0.673580 0.339584
vt 0.673580 0.325065
vt 0.687158 0.325239
vt 0.942845 0.161802
vt 0.928366 0.161802
vt 0.938421 0.145067
vt 0.442274 0.661012
vt 0.303037 0.510652
vt 0.289577 0.502676
vt 0.053149 0.925179
vt 0.476603 0.319055
vt 0.474494 0.300525
vt 0.493264 0.327628
vt 0.748097 0.332473
vt 0.755294 0.343745
vt 0.733241 0.338745
vt 0.265674 0.680209
vt 0.255145 0.697175
vt 0.208855 0.914831
vt 0.189788 0.918874
vt 0.193073 0.905822
vt 0.206324 0.896800
vt 0.478734 0.431894
vt 0.490222 0.423565
vt 0.660914 0.191159
vt 0.677842 0.193312
vt 0.669688 0.207901
vt 0.942845 0.036074
vt 0.920855 0.872526
vt 0.918156 0.892555
vt 0.907303 0.881585
vt 0.917874 0.689341
vt 0.912093 0.704093
vt 0.830047 0.375159
vt 0.377680 0.580155
vt 0.395480 0.581183
vt 0.059597 0.774911
vt 0.042015 0.785860
vt 0.039423 0.774806
vt 0.969029 0.578167
vt 0.958414 0.591282
vt 0.958003 0.572397
vt 0.385405 0.989036
vt 0.379469 0.973511
vt 0.395794 0.982572
vt 0.411664 0.988802
vt 0.401772 0.997123
vt 0.234895 0.673395
vt 0.674662 0.892050
vt 0.684883 0.888112
vt 0.689957 0.903979
vt 0.335449 0.712477
vt 0.344222 0.705258
vt 0.343559 0.726705
vt 0.332866 0.725453
vt 0.862134 0.609275
vt 0.845274 0.603598
vt 0.860742 0.594939
vt 0.878216 0.599715
vt 0.922744 0.226080
vt 0.933997 0.241062
vt 0.915697 0.237048
vt 0.922254 0.893545
vt 0.932857 0.880956
vt 0.932857 0.904891
vt 0.151534 0.060529
vt 0.594006 0.568260
vt 0.590856 0.578999
vt 0.571337 0.572698
vt 0.574762 0.560004
vt 0.591109 0.554924
vt 0.903467 0.231098
vt 0.906363 0.219195
vt 0.823156 0.115921
vt 0.834017 0.108421
vt 0.837441 0.124249
vt 0.299760 0.761057
vt 0.940281 0.049560
vt 0.227182 0.686356
vt 0.222334 0.666745
vt 0.267783 0.756713
vt 0.085889 0.374898
vt 0.077310 0.391542
vt 0.068407 0.375967
vt 0.805831 0.028962
vt 0.790789 0.035099
vt 0.789997 0.024052
vt 0.330379 0.373542
vt 0.330379 0.353125
vt 0.340055 0.368519
vt 0.108560 0.077184
vt 0.107637 0.058847
vt 0.123630 0.067393
vt 0.906107 0.303819
vt 0.155226 0.449028
vt 0.142429 0.443783
vt 0.253477 0.745203
vt 0.074705 0.361790
vt 0.581888 0.304465
vt 0.570156 0.314893
vt 0.564243 0.298184
vt 0.575667 0.285895
vt 0.192576 0.357588
vt 0.195020 0.377366
vt 0.116069 0.248347
vt 0.055185 0.405943
vt 0.051170 0.420813
vt 0.040025 0.407599
vt 0.702090 0.951555
vt 0.686485 0.952494
vt 0.140324 0.076062
vt 0.136412 0.055984
vt 0.917698 0.947292
vt 0.924867 0.962820
vt 0.912221 0.962820
vt 0.898431 0.888083
vt 0.904511 0.465037
vt 0.911243 0.453285
vt 0.938587 0.311066
vt 0.946818 0.298505
vt 0.954871 0.314701
vt 0.863985 0.655834
vt 0.862726 0.671813
vt 0.470939 0.188741
vt 0.590869 0.274399
vt 0.203398 0.346967
vt 0.584105 0.417258
vt 0.787471 0.285213
vt 0.609463 0.654626
vt 0.323963 0.118706
vt 0.334428 0.121073
vt 0.807998 0.643131
vt 0.822275 0.632956
vt 0.826460 0.648335
vt 0.475113 0.024478
vt 0.455792 0.013996
vt 0.475417 0.010930
vt 0.608421 0.623236
vt 0.590897 0.292130
vt 0.788979 0.268813
vt 0.902474 0.687876
vt 0.258244 0.698284
vt 0.267456 0.713631
vt 0.254044 0.719119
vt 0.341581 0.929127
vt 0.338410 0.941261
vt 0.075306 0.439091
vt 0.201947 0.058412
vt 0.009420 0.079384
vt 0.768101 0.661197
vt 0.756302 0.668285
vt 0.280483 0.129112
vt 0.295704 0.123022
vt 0.118566 0.547224
vt 0.268735 0.945686
vt 0.258834 0.959622
vt 0.251403 0.944391
vt 0.259617 0.931683
vt 0.914879 0.541337
vt 0.901424 0.541337
vt 0.910001 0.524857
vt 0.577919 0.329489
vt 0.587951 0.319290
vt 0.597695 0.333260
vt 0.804465 0.345855
vt 0.820503 0.339963
vt 0.812709 0.357895
vt 0.477360 0.775461
vt 0.479959 0.759703
vt 0.491020 0.772768
vt 0.748845 0.138162
vt 0.353095 0.634596
vt 0.364526 0.619947
vt 0.341168 0.649330
vt 0.336392 0.631709
vt 0.083631 0.114747
vt 0.485031 0.787629
vt 0.632214 0.500828
vt 0.803024 0.664094
vt 0.241854 0.242892
vt 0.552106 0.309751
vt 0.559404 0.324688
vt 0.696043 0.874543
vt 0.680535 0.871554
vt 0.692535 0.856643
vt 0.840869 0.516338
vt 0.845530 0.508717
vt 0.854300 0.505303
vt 0.488427 0.976440
vt 0.477176 0.968181
vt 0.826064 0.134144
vt 0.826987 0.930540
vt 0.816957 0.945264
vt 0.811099 0.932185
vt 0.801116 0.950835
vt 0.817140 0.917391
vt 0.380520 0.036276
vt 0.388648 0.047396
vt 0.741530 0.167794
vt 0.747260 0.155632
vt 0.659759 0.910685
vt 0.678797 0.913192
vt 0.664207 0.921099
vt 0.039801 0.113247
vt 0.852257 0.523959
vt 0.480423 0.949654
vt 0.491623 0.959705
vt 0.564558 0.337267
vt 0.188801 0.337966
vt 0.174408 0.113946
vt 0.190890 0.120874
vt 0.382264 0.860695
vt 0.388945 0.844950
vt 0.398328 0.860343
vt 0.228603 0.017375
vt 0.217577 0.005699
vt 0.233349 0.001224
vt 0.241331 0.009566
vt 0.572303 0.851828
vt 0.582191 0.838795
vt 0.919155 0.509577
vt 0.911537 0.522009
vt 0.903485 0.507491
vt 0.910849 0.494737
vt 0.423762 0.189305
vt 0.436506 0.177155
vt 0.638831 0.029683
vt 0.347869 0.617526
vt 0.646395 0.503383
vt 0.653930 0.490924
vt 0.091441 0.518519
vt 0.099743 0.533555
vt 0.571239 0.825003
vt 0.573841 0.810232
vt 0.587822 0.821452
vt 0.837031 0.063496
vt 0.848097 0.049704
vt 0.855826 0.062462
vt 0.330593 0.616073
vt 0.855201 0.769757
vt 0.805229 0.863420
vt 0.358201 0.189929
vt 0.340157 0.188842
vt 0.349414 0.176986
vt 0.368149 0.179972
vt 0.767411 0.353510
vt 0.757583 0.363341
vt 0.617497 0.429872
vt 0.602565 0.415576
vt 0.046362 0.587319
vt 0.049558 0.571853
vt 0.529840 0.549926
vt 0.515044 0.555101
vt 0.741778 0.353142
vt 0.276476 0.512287
vt 0.264953 0.505611
vt 0.461996 0.994099
vt 0.483048 0.989934
vt 0.085793 0.177230
vt 0.068284 0.169029
vt 0.100637 0.169689
vt 0.321385 0.409668
vt 0.326563 0.393321
vt 0.337546 0.409182
vt 0.857193 0.700838
vt 0.631004 0.443779
vt 0.623333 0.458843
vt 0.050442 0.544265
vt 0.041566 0.559477
vt 0.401289 0.039158
vt 0.493156 0.554378
vt 0.484442 0.546681
vt 0.923046 0.304738
vt 0.932771 0.291574
vt 0.345740 0.334923
vt 0.337702 0.322317
vt 0.353863 0.321349
vt 0.467400 0.920645
vt 0.768951 0.903514
vt 0.031961 0.908470
vt 0.029507 0.909013
vt 0.025762 0.902652
vt 0.006122 0.631304
vt 0.516663 0.049695
vt 0.530564 0.053475
vt 0.578334 0.547839
vt 0.562610 0.546491
vt 0.568212 0.587914
vt 0.842434 0.588001
vt 0.828420 0.596423
vt 0.392900 0.390217
vt 0.409413 0.393391
vt 0.431370 0.313932
vt 0.422256 0.326012
vt 0.414290 0.309905
vt 0.427403 0.297677
vt 0.439748 0.329325
vt 0.213947 0.698076
vt 0.199772 0.685172
vt 0.213752 0.681597
vt 0.206373 0.667043
vt 0.875554 0.584915
vt 0.052553 0.716125
vt 0.363354 0.333694
vt 0.700173 0.892638
vt 0.048705 0.602618
vt 0.459487 0.039226
vt 0.472138 0.047020
vt 0.671451 0.638963
vt 0.670019 0.624029
vt 0.687601 0.630242
vt 0.571297 0.619783
vt 0.575979 0.603290
vt 0.586676 0.615193
vt 0.587467 0.630050
vt 0.237933 0.199270
vt 0.432027 0.238134
vt 0.449115 0.242762
vt 0.355052 0.256482
vt 0.343362 0.272552
vt 0.399817 0.829166
vt 0.405342 0.844462
vt 0.287417 0.637194
vt 0.281378 0.621380
vt 0.300108 0.624867
vt 0.690137 0.743898
vt 0.707853 0.733567
vt 0.703763 0.751396
vt 0.042177 0.485267
vt 0.056497 0.478583
vt 0.870372 0.373471
vt 0.878732 0.388173
vt 0.862239 0.399291
vt 0.304541 0.035956
vt 0.267763 0.072477
vt 0.947718 0.771282
vt 0.318518 0.628577
vt 0.306328 0.640979
vt 0.293681 0.610106
vt 0.312582 0.613637
vt 0.849684 0.845736
vt 0.842217 0.863968
vt 0.395491 0.905664
vt 0.385693 0.922388
vt 0.555224 0.920051
vt 0.005143 0.117096
vt 0.015942 0.106860
vt 0.019964 0.118640
vt 0.015812 0.132742
vt 0.002757 0.129867
vt 0.530922 0.041949
vt 0.312199 0.657875
vt 0.293843 0.653197
vt 0.324342 0.645119
vt 0.842044 0.889916
vt 0.834876 0.911090
vt 0.263937 0.884958
vt 0.252376 0.896253
vt 0.252376 0.876007
vt 0.315889 0.803259
vt 0.334616 0.794804
vt 0.693960 0.189552
vt 0.716218 0.337216
vt 0.721935 0.352555
vt 0.709293 0.353984
vt 0.544049 0.039064
vt 0.200791 0.331764
vt 0.217565 0.338812
vt 0.213943 0.346225
vt 0.878127 0.514976
vt 0.893861 0.508239
vt 0.885394 0.527005
vt 0.869447 0.527354
vt 0.054882 0.495922
vt 0.854603 0.561497
vt 0.856096 0.815006
vt 0.594785 0.741793
vt 0.609253 0.749141
vt 0.594785 0.759070
vt 0.714608 0.721585
vt 0.726015 0.732639
vt 0.440361 0.995063
vt 0.174159 0.905613
vt 0.058110 0.526164
vt 0.065604 0.507731
vt 0.456827 0.556698
vt 0.445230 0.554858
vt 0.459005 0.539943
vt 0.471044 0.547328
vt 0.962820 0.375382
vt 0.955270 0.363647
vt 0.170289 0.917359
vt 0.765633 0.931459
vt 0.368988 0.245285
vt 0.383022 0.234436
vt 0.017974 0.534718
vt 0.017978 0.549431
vt 0.001604 0.541248
vt 0.245308 0.921284
vt 0.240668 0.906192
vt 0.255150 0.907288
vt 0.003435 0.526154
vt 0.261401 0.923409
vt 0.422064 0.998776
vt 0.703077 0.339866
vt 0.039732 0.502423
vt 0.049535 0.513544
vt 0.030812 0.331668
vt 0.264166 0.570120
vt 0.252877 0.562464
vt 0.282178 0.563000
vt 0.922357 0.370276
vt 0.851120 0.798381
vt 0.068379 0.466874
vt 0.350611 0.240055
vt 0.337532 0.254126
vt 0.002434 0.555106
vt 0.228743 0.921833
vt 0.015893 0.563310
vt 0.225221 0.907901
vt 0.230232 0.700593
vt 0.243192 0.707995
vt 0.225234 0.711136
vt 0.460046 0.328993
vt 0.461599 0.311388
vt 0.189079 0.595365
vt 0.194773 0.581724
vt 0.307160 0.541572
vt 0.290750 0.547435
vt 0.861282 0.742488
vt 0.448128 0.162717
vt 0.440940 0.149359
vt 0.457974 0.145505
vt 0.322338 0.189043
vt 0.100507 0.709959
vt 0.102474 0.693912
vt 0.109439 0.702761
vt 0.204322 0.590935
vt 0.476914 0.332858
vt 0.775750 0.280351
vt 0.732433 0.541096
vt 0.718467 0.529658
vt 0.723489 0.074104
vt 0.722428 0.055011
vt 0.736584 0.047571
vt 0.667812 0.578264
vt 0.651152 0.569893
vt 0.458805 0.292976
vt 0.472146 0.281040
vt 0.295551 0.091821
vt 0.382385 0.339746
vt 0.393518 0.339352
vt 0.393518 0.359559
vt 0.327073 0.149567
vt 0.355751 0.148842
vt 0.330103 0.426419
vt 0.592787 0.373450
vt 0.578154 0.376449
vt 0.820727 0.369814
vt 0.813730 0.388425
vt 0.804677 0.374530
vt 0.227327 0.888252
vt 0.241704 0.898454
vt 0.227327 0.904891
vt 0.048764 0.260043
vt 0.034446 0.249200
vt 0.391607 0.033958
vt 0.399375 0.016594
vt 0.407501 0.028144
vt 0.300941 0.840103
vt 0.309568 0.851631
vt 0.383072 0.018184
vt 0.691942 0.578787
vt 0.399284 0.535435
vt 0.422935 0.522383
vt 0.250990 0.512101
vt 0.503438 0.341672
vt 0.486828 0.342348
vt 0.846369 0.076845
vt 0.745338 0.783057
vt 0.750947 0.770544
vt 0.326791 0.090118
vt 0.220067 0.116389
vt 0.236060 0.120960
vt 0.222418 0.133497
vt 0.206229 0.127892
vt 0.232036 0.786276
vt 0.380041 0.436668
vt 0.360455 0.424912
vt 0.460406 0.206076
vt 0.484368 0.268324
vt 0.113860 0.024073
vt 0.098148 0.035956
vt 0.098148 0.019161
vt 0.863111 0.045712
vt 0.155809 0.025968
vt 0.139786 0.025968
vt 0.144816 0.009140
vt 0.619774 0.177782
vt 0.607243 0.159605
vt 0.623236 0.159605
vt 0.650102 0.079673
vt 0.665084 0.105736
vt 0.654335 0.095784
vt 0.673547 0.094614
vt 0.684715 0.104427
vt 0.855925 0.333349
vt 0.867764 0.323008
vt 0.875374 0.337239
vt 0.863012 0.345216
vt 0.802684 0.624473
vt 0.804162 0.638910
vt 0.304597 0.281468
vt 0.447977 0.318268
vt 0.444741 0.302834
vt 0.939182 0.064967
vt 0.925049 0.053085
vt 0.833220 0.092964
vt 0.850902 0.096848
vt 0.147270 0.947108
vt 0.157357 0.948197
vt 0.496934 0.242950
vt 0.588508 0.590054
vt 0.800425 0.908859
vt 0.152945 0.958825
vt 0.442135 0.286189
vt 0.916941 0.006357
vt 0.926324 0.002963
vt 0.913025 0.024471
vt 0.852657 0.542936
vt 0.299973 0.297061
vt 0.591275 0.779045
vt 0.575022 0.768262
vt 0.589985 0.764955
vt 0.135521 0.381392
vt 0.148225 0.370354
vt 0.767561 0.169502
vt 0.780044 0.155433
vt 0.783040 0.169460
vt 0.001688 0.346815
vt 0.014329 0.339644
vt 0.177473 0.937496
vt 0.160894 0.486062
vt 0.943423 0.465305
vt 0.951386 0.449426
vt 0.269722 0.155054
vt 0.291594 0.152794
vt 0.161906 0.377604
vt 0.220614 0.896397
vt 0.212154 0.879528
vt 0.629255 0.230025
vt 0.608486 0.227039
vt 0.705218 0.843378
vt 0.692978 0.598989
vt 0.631829 0.569996
vt 0.665832 0.080419
vt 0.673049 0.064184
vt 0.683264 0.080043
vt 0.265746 0.369713
vt 0.849379 0.318284
vt 0.864318 0.309074
vt 0.725615 0.621518
vt 0.715762 0.630842
vt 0.713647 0.619333
vt 0.332870 0.211392
vt 0.456416 0.274633
vt 0.385577 0.831298
vt 0.393849 0.817251
vt 0.891086 0.493800
vt 0.227721 0.877783
vt 0.074365 0.779413
vt 0.107066 0.627345
vt 0.677510 0.854249
vt 0.669065 0.873384
vt 0.664472 0.856813
vt 0.676248 0.838160
vt 0.359743 0.734071
vt 0.367753 0.720522
vt 0.376129 0.736183
vt 0.343936 0.077925
vt 0.365409 0.081704
vt 0.353854 0.090098
vt 0.313468 0.523966
vt 0.323996 0.538123
vt 0.061423 0.790773
vt 0.738507 0.195808
vt 0.589197 0.918474
vt 0.268764 0.909852
vt 0.277759 0.923273
vt 0.017978 0.520186
vt 0.384691 0.689296
vt 0.369138 0.691984
vt 0.375656 0.676464
vt 0.810495 0.586304
vt 0.801116 0.914950
vt 0.328451 0.072772
vt 0.261472 0.823701
vt 0.246271 0.816837
vt 0.265926 0.808658
vt 0.584806 0.900090
vt 0.789555 0.378739
vt 0.780785 0.363901
vt 0.174088 0.513371
vt 0.174088 0.493856
vt 0.187770 0.501740
vt 0.353256 0.717637
vt 0.357742 0.701476
vt 0.153335 0.030380
vt 0.152746 0.045339
vt 0.680678 0.619241
vt 0.672082 0.605036
vt 0.685160 0.605036
vt 0.311626 0.083193
vt 0.270743 0.014433
vt 0.274932 0.001475
vt 0.283652 0.021025
vt 0.269119 0.031783
vt 0.283652 0.041949
vt 0.710253 0.644468
vt 0.727109 0.639986
vt 0.722900 0.196990
vt 0.394516 0.969869
vt 0.005574 0.506529
vt 0.001767 0.491735
vt 0.018887 0.496670
vt 0.021973 0.507378
vt 0.107685 0.328833
vt 0.368991 0.544173
vt 0.384941 0.544223
vt 0.370621 0.558572
vt 0.353481 0.552560
vt 0.341766 0.537365
vt 0.330555 0.522087
vt 0.901551 0.185738
vt 0.913737 0.180633
vt 0.925545 0.181770
vt 0.380417 0.959954
vt 0.425681 0.108379
vt 0.412117 0.118301
vt 0.413815 0.102343
vt 0.411874 0.976459
vt 0.004137 0.099393
vt 0.290181 0.923200
vt 0.374878 0.707129
vt 0.447939 0.802900
vt 0.614076 0.667174
vt 0.615914 0.655764
vt 0.729106 0.173769
vt 0.716084 0.166635
vt 0.722146 0.158740
vt 0.207827 0.023672
vt 0.711244 0.384011
vt 0.376500 0.071428
vt 0.455334 0.816849
vt 0.194940 0.255080
vt 0.239706 0.487016
vt 0.233719 0.503383
vt 0.748597 0.534785
vt 0.019976 0.566263
vt 0.014065 0.582224
vt 0.002556 0.569878
vt 0.952832 0.127754
vt 0.952832 0.143824
vt 0.937722 0.136354
vt 0.807113 0.444750
vt 0.793780 0.452042
vt 0.883851 0.692498
vt 0.462667 0.001770
vt 0.027179 0.389213
vt 0.744088 0.883344
vt 0.733101 0.900607
vt 0.734911 0.146470
vt 0.728267 0.159340
vt 0.182275 0.369518
vt 0.785064 0.250327
vt 0.828782 0.611767
vt 0.815504 0.601928
vt 0.264303 0.088834
vt 0.280724 0.082383
vt 0.348521 0.495393
vt 0.335544 0.484121
vt 0.349572 0.476538
vt 0.116197 0.695443
vt 0.891003 0.739019
vt 0.806829 0.628124
vt 0.143824 0.004299
vt 0.131913 0.013158
vt 0.126803 0.001506
vt 0.605170 0.192774
vt 0.892507 0.678381
vt 0.878400 0.676601
vt 0.126782 0.261414
vt 0.538992 0.461975
vt 0.530079 0.472640
vt 0.747705 0.551324
vt 0.880052 0.663749
vt 0.880388 0.647940
vt 0.891682 0.637428
vt 0.238785 0.137581
vt 0.251224 0.128328
vt 0.541486 0.156916
vt 0.232172 0.804738
vt 0.230505 0.820879
vt 0.732869 0.831810
vt 0.723766 0.815109
vt 0.729660 0.798358
vt 0.877696 0.612975
vt 0.297235 0.073785
vt 0.823015 0.436434
vt 0.832636 0.450880
vt 0.299695 0.558438
vt 0.219089 0.099617
vt 0.722785 0.848485
vt 0.740491 0.850121
vt 0.511526 0.154332
vt 0.437725 0.893358
vt 0.532047 0.493265
vt 0.521148 0.499388
vt 0.541425 0.475879
vt 0.910503 0.908203
vt 0.398688 0.624144
vt 0.392964 0.607676
vt 0.352249 0.115366
vt 0.727109 0.653199
vt 0.219048 0.246414
vt 0.227239 0.261253
vt 0.603551 0.321841
vt 0.020607 0.608060
vt 0.008489 0.614491
vt 0.013376 0.594793
vt 0.019631 0.579303
vt 0.029863 0.593506
vt 0.232339 0.227166
vt 0.035810 0.763854
vt 0.101880 0.182194
vt 0.118070 0.174783
vt 0.380287 0.333697
vt 0.637381 0.610555
vt 0.652936 0.609364
vt 0.026566 0.562284
vt 0.033745 0.576445
vt 0.751124 0.228270
vt 0.753077 0.245699
vt 0.745946 0.239664
vt 0.408241 0.743946
vt 0.392171 0.737514
vt 0.903710 0.338431
vt 0.496421 0.881149
vt 0.617653 0.328838
vt 0.042042 0.656910
vt 0.057178 0.650031
vt 0.227469 0.662138
vt 0.800520 0.842760
vt 0.224739 0.318456
vt 0.046637 0.797958
vt 0.788884 0.857263
vt 0.300210 0.214708
vt 0.215983 0.311715
vt 0.027809 0.747955
vt 0.184688 0.388683
vt 0.640312 0.594069
vt 0.656321 0.595304
vt 0.001224 0.035053
vt 0.247673 0.663791
vt 0.789545 0.803361
vt 0.390031 0.062649
vt 0.485795 0.658847
vt 0.930663 0.679092
vt 0.393608 0.953183
vt 0.087019 0.354368
vt 0.070413 0.350602
vt 0.207347 0.326264
vt 0.601158 0.006238
vt 0.049013 0.348802
vt 0.060618 0.357359
vt 0.482779 0.531203
vt 0.466323 0.831227
vt 0.444813 0.537972
vt 0.431756 0.553507
vt 0.914850 0.588189
vt 0.379469 0.941710
vt 0.394693 0.935156
vt 0.017471 0.511286
vt 0.001793 0.515692
vt 0.663123 0.841196
vt 0.960822 0.032069
vt 0.946367 0.043946
vt 0.946367 0.028067
vt 0.791045 0.773345
vt 0.020999 0.914879
vt 0.320129 0.326936
vt 0.539165 0.949497
vt 0.553322 0.949497
vt 0.540305 0.964818
vt 0.312216 0.341047
vt 0.305230 0.327267
vt 0.279884 0.142931
vt 0.427046 0.507223
vt 0.442186 0.505117
vt 0.438986 0.520772
vt 0.193627 0.136972
vt 0.111678 0.508763
vt 0.291629 0.254773
vt 0.093196 0.390350
vt 0.067363 0.727240
vt 0.703934 0.688553
vt 0.688598 0.680133
vt 0.143165 0.426204
vt 0.558385 0.249673
vt 0.168970 0.025970
vt 0.685344 0.695502
vt 0.135834 0.033958
vt 0.122058 0.024524
vt 0.135834 0.015865
vt 0.960823 0.071912
vt 0.945399 0.071912
vt 0.957126 0.056426
vt 0.374092 0.106642
vt 0.370392 0.096945
vt 0.790067 0.742483
vt 0.128605 0.913296
vt 0.913031 0.726904
vt 0.932762 0.726509
vt 0.601507 0.536314
vt 0.784905 0.835893
vt 0.794557 0.494351
vt 0.382115 0.826986
vt 0.378388 0.810387
vt 0.391520 0.810387
vt 0.932182 0.695148
vt 0.376641 0.390756
vt 0.368938 0.406958
vt 0.359393 0.390974
vt 0.814144 0.910884
vt 0.814144 0.887791
vt 0.824989 0.903935
vt 0.002136 0.647224
vt 0.010621 0.658384
vt 0.844618 0.616080
vt 0.441666 0.457649
vt 0.455276 0.458598
vt 0.433258 0.471435
vt 0.759719 0.255750
vt 0.776191 0.259016
vt 0.698793 0.797563
vt 0.701028 0.784241
vt 0.896901 0.631226
vt 0.597268 0.695148
vt 0.661190 0.163884
vt 0.650014 0.173787
vt 0.650014 0.156034
vt 0.937340 0.744599
vt 0.189806 0.940026
vt 0.454055 0.521731
vt 0.459478 0.508862
vt 0.087892 0.954830
vt 0.073299 0.942423
vt 0.331669 0.946598
vt 0.635929 0.001773
vt 0.649204 0.001773
vt 0.646897 0.019975
vt 0.406276 0.106625
vt 0.389613 0.101911
vt 0.114104 0.113737
vt 0.464358 0.466215
vt 0.317893 0.485405
vt 0.322634 0.473149
vt 0.331594 0.483133
vt 0.960822 0.702286
vt 0.948842 0.711128
vt 0.948842 0.695448
vt 0.665878 0.049720
vt 0.509376 0.507378
vt 0.496705 0.503034
vt 0.509376 0.490488
vt 0.509031 0.662129
vt 0.428117 0.106799
vt 0.416330 0.099735
vt 0.882918 0.103873
vt 0.873235 0.096158
vt 0.882918 0.080411
vt 0.143816 0.114205
vt 0.659759 0.954816
vt 0.193462 0.764456
vt 0.176835 0.763471
vt 0.502159 0.355050
vt 0.519526 0.367550
vt 0.489492 0.361327
vt 0.937629 0.803265
vt 0.949476 0.805014
vt 0.198056 0.750778
vt 0.343048 0.391813
vt 0.353290 0.408167
vt 0.518350 0.353768
vt 0.534000 0.365709
vt 0.219688 0.353217
vt 0.723193 0.605902
vt 0.129560 0.753516
vt 0.849617 0.297840
vt 0.860945 0.306402
vt 0.849617 0.313616
vt 0.874928 0.630023
vt 0.858453 0.616637
vt 0.873155 0.615293
vt 0.113860 0.542322
vt 0.113860 0.561312
vt 0.108901 0.550670
vt 0.233449 0.342341
vt 0.347038 0.688085
vt 0.221046 0.911757
vt 0.299728 0.794309
vt 0.786308 0.511263
vt 0.386152 0.560716
vt 0.335544 0.463903
vt 0.522316 0.769127
vt 0.653212 0.246861
vt 0.467374 0.865322
vt 0.379006 0.877144
vt 0.358854 0.680948
vt 0.903681 0.897745
vt 0.640797 0.251692
vt 0.640797 0.233740
vt 0.653200 0.242128
vt 0.846962 0.002722
vt 0.846962 0.027966
vt 0.837117 0.008851
vt 0.003373 0.477419
vt 0.005635 0.461645
vt 0.020117 0.470307
vt 0.019723 0.483974
vt 0.265290 0.791168
vt 0.774085 0.195174
vt 0.884036 0.153007
vt 0.899070 0.153196
vt 0.668849 0.386483
vt 0.199598 0.606187
vt 0.952417 0.203302
vt 0.047240 0.144842
vt 0.207557 0.731221
vt 0.211263 0.742695
vt 0.194937 0.737309
vt 0.224847 0.737914
vt 0.648581 0.384391
vt 0.112022 0.216345
vt 0.659898 0.031607
vt 0.909242 0.603435
vt 0.497183 0.903000
vt 0.484221 0.915758
vt 0.486696 0.898853
vt 0.403716 0.434181
vt 0.697151 0.232942
vt 0.712765 0.230137
vt 0.826987 0.353278
vt 0.711129 0.050484
vt 0.124005 0.417488
vt 0.124005 0.398534
vt 0.137831 0.410604
vt 0.567846 0.466920
vt 0.781566 0.184622
vt 0.390676 0.002720
vt 0.407501 0.001659
vt 0.767561 0.189767
vt 0.221034 0.586689
vt 0.214538 0.599382
vt 0.207934 0.586583
vt 0.934977 0.274656
vt 0.856583 0.944808
vt 0.809725 0.656497
vt 0.826858 0.665258
vt 0.238967 0.735911
vt 0.880765 0.057906
vt 0.880436 0.040833
vt 0.842642 0.960823
vt 0.213372 0.602939
vt 0.791243 0.528444
vt 0.808840 0.524998
vt 0.801349 0.542065
vt 0.307032 0.866179
vt 0.809392 0.014247
vt 0.707133 0.934393
vt 0.297497 0.853991
vt 0.355564 0.282065
vt 0.341589 0.293023
vt 0.337907 0.276933
vt 0.524105 0.805002
vt 0.617056 0.908606
vt 0.647907 0.231848
vt 0.659755 0.221371
vt 0.701552 0.770344
vt 0.570545 0.226480
vt 0.588548 0.226480
vt 0.274988 0.041763
vt 0.199391 0.933932
vt 0.486127 0.931529
vt 0.116900 0.568040
vt 0.130165 0.569738
vt 0.111678 0.587280
vt 0.284863 0.212561
vt 0.424105 0.459820
vt 0.654470 0.860241
vt 0.663459 0.868982
vt 0.737665 0.170333
vt 0.711129 0.475577
vt 0.133887 0.365697
vt 0.682917 0.051203
vt 0.910819 0.800068
vt 0.406693 0.572106
vt 0.497027 0.943784
vt 0.507608 0.952971
vt 0.385131 0.665424
vt 0.400003 0.660303
vt 0.354823 0.116907
vt 0.367550 0.109242
vt 0.367550 0.129841
vt 0.303616 0.311618
vt 0.317958 0.310022
vt 0.145821 0.631859
vt 0.139212 0.643212
vt 0.128436 0.641459
vt 0.128436 0.627085
vt 0.381506 0.622011
vt 0.121504 0.377324
vt 0.221364 0.619146
vt 0.223801 0.639217
vt 0.209842 0.631113
vt 0.202880 0.617361
vt 0.311618 0.213738
vt 0.298460 0.206906
vt 0.311618 0.192828
vt 0.009986 0.291878
vt 0.014895 0.276940
vt 0.025968 0.290506
vt 0.459143 0.226098
vt 0.937842 0.191110
vt 0.066351 0.331005
vt 0.060667 0.315606
vt 0.079460 0.321550
vt 0.080351 0.339029
vt 0.067633 0.347574
vt 0.316153 0.672056
vt 0.300293 0.667452
vt 0.328545 0.662543
vt 0.265674 0.900896
vt 0.176350 0.874323
vt 0.195181 0.878179
vt 0.183673 0.891182
vt 0.665599 0.159975
vt 0.679168 0.164315
vt 0.665599 0.173787
vt 0.482817 0.033958
vt 0.480855 0.020096
vt 0.495393 0.028845
vt 0.181685 0.697886
vt 0.173250 0.710014
vt 0.163022 0.698696
vt 0.169855 0.684598
vt 0.189633 0.715065
vt 0.155680 0.901616
vt 0.136019 0.897687
vt 0.146862 0.884417
vt 0.860155 0.149336
vt 0.844916 0.161881
vt 0.842067 0.142172
vt 0.926695 0.643561
vt 0.926864 0.663851
vt 0.913801 0.653630
vt 0.914546 0.639906
vt 0.737278 0.245699
vt 0.789997 0.013871
vt 0.797839 0.002825
vt 0.535344 0.408765
vt 0.535344 0.421483
vt 0.526057 0.414453
vt 0.343509 0.580586
vt 0.360020 0.579824
vt 0.516087 0.502010
vt 0.531391 0.504078
vt 0.537524 0.761265
vt 0.164394 0.888328
vt 0.135161 0.170745
vt 0.153701 0.196808
vt 0.167475 0.210058
vt 0.250920 0.934764
vt 0.234441 0.934854
vt 0.201392 0.724555
vt 0.185371 0.731104
vt 0.172401 0.724119
vt 0.622486 0.727326
vt 0.615642 0.739245
vt 0.606387 0.722699
vt 0.663816 0.432083
vt 0.657230 0.450450
vt 0.648040 0.439123
vt 0.649375 0.420760
vt 0.616823 0.629945
vt 0.620052 0.615132
vt 0.029963 0.777048
vt 0.017671 0.768344
vt 0.029963 0.760414
vt 0.913801 0.671177
vt 0.050752 0.342909
vt 0.827264 0.266735
vt 0.840471 0.260633
vt 0.842967 0.273665
vt 0.050781 0.326605
vt 0.621052 0.712074
vt 0.275372 0.606645
vt 0.259052 0.600779
vt 0.272122 0.592744
vt 0.287780 0.597458
vt 0.263264 0.617487
vt 0.317329 0.205126
vt 0.143685 0.571800
vt 0.522081 0.001649
vt 0.534860 0.012490
vt 0.825786 0.249696
vt 0.842967 0.245139
vt 0.281862 0.663197
vt 0.274494 0.649595
vt 0.534741 0.819837
vt 0.857781 0.131893
vt 0.018953 0.017619
vt 0.004339 0.008661
vt 0.016790 0.002013
vt 0.029382 0.002934
vt 0.571300 0.152738
vt 0.571300 0.171789
vt 0.555694 0.167524
vt 0.734165 0.669991
vt 0.742858 0.659379
vt 0.280586 0.341390
vt 0.299768 0.356262
vt 0.283463 0.357180
vt 0.753998 0.680298
vt 0.735911 0.368334
vt 0.542485 0.445412
vt 0.533500 0.425903
vt 0.469519 0.526687
vt 0.476407 0.513183
vt 0.493023 0.519289
vt 0.318512 0.492805
vt 0.334143 0.504796
vt 0.319681 0.507875
vt 0.330446 0.490772
vt 0.502329 0.966326
vt 0.019976 0.142146
vt 0.017659 0.156114
vt 0.006112 0.146918
vt 0.002757 0.159804
vt 0.019001 0.938048
vt 0.036135 0.937763
vt 0.028667 0.951680
vt 0.010961 0.954032
vt 0.049107 0.952174
vt 0.413065 0.764577
vt 0.429474 0.756553
vt 0.424810 0.773141
vt 0.409610 0.778716
vt 0.878923 0.076613
vt 0.866805 0.091835
vt 0.863353 0.075256
vt 0.905149 0.136983
vt 0.605843 0.667342
vt 0.500463 0.982443
vt 0.871717 0.060213
vt 0.773544 0.312833
vt 0.782240 0.299488
vt 0.791570 0.079865
vt 0.787995 0.064546
vt 0.801975 0.067647
vt 0.395537 0.772755
vt 0.395021 0.787035
vt 0.381743 0.777744
vt 0.806066 0.084726
vt 0.232440 0.886496
vt 0.245645 0.873878
vt 0.247696 0.892906
vt 0.097880 0.704706
vt 0.083658 0.696601
vt 0.097880 0.686300
vt 0.725166 0.702359
vt 0.738252 0.694711
vt 0.737716 0.707133
vt 0.724652 0.684475
vt 0.826463 0.031961
vt 0.498134 0.508251
vt 0.514407 0.513424
vt 0.559784 0.604508
vt 0.551305 0.591691
vt 0.553498 0.577335
vt 0.769736 0.565065
vt 0.754011 0.559249
vt 0.769107 0.548931
vt 0.494900 0.014121
vt 0.482589 0.005200
vt 0.053002 0.966815
vt 0.037572 0.963528
vt 0.341581 0.694290
vt 0.330784 0.696037
vt 0.326271 0.683776
vt 0.331448 0.707133
vt 0.341581 0.677632
vt 0.020790 0.966815
vt 0.902618 0.460265
vt 0.892568 0.473671
vt 0.901302 0.443917
vt 0.261394 0.346421
vt 0.718178 0.669531
vt 0.719119 0.683523
vt 0.556777 0.564607
vt 0.508396 0.011515
vt 0.557067 0.039734
vt 0.547216 0.025525
vt 0.645138 0.331699
vt 0.661578 0.339607
vt 0.644837 0.345784
vt 0.629409 0.335115
vt 0.326815 0.668799
vt 0.913514 0.167765
vt 0.926997 0.167159
vt 0.409890 0.293231
vt 0.198943 0.832691
vt 0.184748 0.822562
vt 0.201550 0.818781
vt 0.632855 0.739278
vt 0.152662 0.912662
vt 0.136459 0.910320
vt 0.640331 0.455017
vt 0.044167 0.330401
vt 0.040113 0.344840
vt 0.693234 0.094514
vt 0.407153 0.275494
vt 0.424644 0.280924
vt 0.158199 0.764312
vt 0.032162 0.402129
vt 0.019168 0.407629
vt 0.460398 0.026506
vt 0.759801 0.695424
vt 0.743911 0.697816
vt 0.405146 0.322906
vt 0.109556 0.649960
vt 0.137756 0.439880
vt 0.124719 0.427193
vt 0.139829 0.425743
vt 0.248130 0.558505
vt 0.236976 0.547919
vt 0.249694 0.543772
vt 0.206704 0.861948
vt 0.224860 0.863780
vt 0.916876 0.447452
vt 0.905297 0.444487
vt 0.916876 0.431447
vt 0.089951 0.340987
vt 0.089956 0.327966
vt 0.092497 0.315475
vt 0.110330 0.313961
vt 0.637283 0.720626
vt 0.636180 0.708722
vt 0.911955 0.320431
vt 0.639217 0.043108
vt 0.625138 0.047941
vt 0.614594 0.044821
vt 0.213967 0.844949
vt 0.215385 0.828858
vt 0.229755 0.840722
vt 0.869258 0.551175
vt 0.886428 0.557344
vt 0.872245 0.568532
vt 0.070720 0.408645
vt 0.061618 0.391418
vt 0.320906 0.032586
vt 0.249660 0.341189
vt 0.939733 0.260647
vt 0.948113 0.270890
vt 0.925653 0.261022
vt 0.867967 0.292757
vt 0.217112 0.813454
vt 0.202512 0.808920
vt 0.215894 0.795302
vt 0.538450 0.913246
vt 0.540287 0.897730
vt 0.654084 0.711592
vt 0.839466 0.182259
vt 0.831108 0.170006
vt 0.191677 0.926898
vt 0.216778 0.557887
vt 0.227721 0.562564
vt 0.216778 0.577293
vt 0.257117 0.336356
vt 0.241534 0.329028
vt 0.900851 0.586617
vt 0.476614 0.146999
vt 0.002444 0.410422
vt 0.431293 0.339205
vt 0.413872 0.336709
vt 0.294528 0.334718
vt 0.799125 0.392934
vt 0.036904 0.871206
vt 0.045944 0.886913
vt 0.032966 0.886913
vt 0.084483 0.715124
vt 0.883496 0.540652
vt 0.669180 0.601790
vt 0.668675 0.585014
vt 0.668140 0.615914
vt 0.894625 0.740178
vt 0.913356 0.354242
vt 0.035654 0.734727
vt 0.050125 0.730810
vt 0.143824 0.357562
vt 0.130081 0.352891
vt 0.142981 0.344589
vt 0.256712 0.859242
vt 0.242461 0.852218
vt 0.259439 0.845555
vt 0.422871 0.739584
vt 0.414315 0.749646
vt 0.866817 0.533175
vt 0.666871 0.629354
vt 0.887960 0.400805
vt 0.869356 0.413371
vt 0.255747 0.647150
vt 0.251110 0.629227
vt 0.268610 0.633765
vt 0.204642 0.110758
vt 0.223913 0.729106
vt 0.236489 0.711418
vt 0.239706 0.729106
vt 0.922890 0.069881
vt 0.868383 0.109145
vt 0.853270 0.114762
vt 0.734990 0.958825
vt 0.739661 0.943235
vt 0.749082 0.958825
vt 0.427476 0.125528
vt 0.412117 0.133628
vt 0.426567 0.141826
vt 0.070334 0.276395
vt 0.050752 0.278747
vt 0.059165 0.265800
vt 0.075046 0.254320
vt 0.900944 0.480822
vt 0.422565 0.144761
vt 0.594316 0.182979
vt 0.288785 0.001857
vt 0.706260 0.369084
vt 0.694281 0.354297
vt 0.679232 0.401365
vt 0.695148 0.392404
vt 0.692440 0.411103
vt 0.677422 0.419486
vt 0.624481 0.584948
vt 0.636124 0.577510
vt 0.651542 0.580851
vt 0.783040 0.473643
vt 0.773072 0.483408
vt 0.773072 0.453998
vt 0.086549 0.277296
vt 0.348733 0.339334
vt 0.361557 0.339334
vt 0.352540 0.359559
vt 0.914879 0.406702
vt 0.901375 0.426879
vt 0.901754 0.404101
vt 0.387305 0.141185
vt 0.159557 0.870734
vt 0.246189 0.146762
vt 0.480323 0.238318
vt 0.617390 0.252918
vt 0.635736 0.246379
vt 0.612856 0.339571
vt 0.002827 0.940040
vt 0.559163 0.554758
vt 0.041301 0.215230
vt 0.053838 0.208332
vt 0.038959 0.232418
vt 0.289613 0.286087
vt 0.016058 0.066663
vt 0.554716 0.619792
vt 0.582422 0.737529
vt 0.591284 0.727713
vt 0.600558 0.739161
vt 0.474286 0.366332
vt 0.230828 0.447260
vt 0.233823 0.432316
vt 0.247545 0.439832
vt 0.245951 0.451447
vt 0.348467 0.832453
vt 0.333420 0.820269
vt 0.347606 0.815511
vt 0.249694 0.423329
vt 0.361790 0.821462
vt 0.170014 0.825810
vt 0.182264 0.839515
vt 0.163710 0.839981
vt 0.152306 0.826260
vt 0.540830 0.605364
vt 0.862511 0.165608
vt 0.856126 0.180265
vt 0.279289 0.297884
vt 0.579599 0.749100
vt 0.591275 0.742820
vt 0.781339 0.407290
vt 0.783040 0.419486
vt 0.767534 0.414535
vt 0.770910 0.399122
vt 0.347708 0.503357
vt 0.155809 0.259202
vt 0.133686 0.725606
vt 0.117757 0.727021
vt 0.676892 0.344460
vt 0.674554 0.444249
vt 0.667421 0.457664
vt 0.119064 0.901501
vt 0.536127 0.587883
vt 0.848451 0.196652
vt 0.051423 0.935900
vt 0.063922 0.943122
vt 0.063562 0.959278
vt 0.061452 0.005912
vt 0.075907 0.010012
vt 0.072345 0.025968
vt 0.159528 0.358617
vt 0.148058 0.363554
vt 0.148058 0.344843
vt 0.163799 0.343604
vt 0.486835 0.038510
vt 0.501388 0.044668
vt 0.538124 0.572103
vt 0.590978 0.712063
vt 0.573861 0.704950
vt 0.589954 0.697007
vt 0.575861 0.722108
vt 0.605961 0.703797
vt 0.662790 0.415635
vt 0.678671 0.426354
vt 0.927327 0.876925
vt 0.331340 0.836836
vt 0.305625 0.678418
vt 0.292321 0.686233
vt 0.292559 0.669056
vt 0.969213 0.854299
vt 0.291643 0.175596
vt 0.291175 0.192292
vt 0.276276 0.184780
vt 0.275757 0.167799
vt 0.014105 0.714431
vt 0.017602 0.731154
vt 0.121729 0.441423
vt 0.776040 0.084070
vt 0.247447 0.611467
vt 0.958849 0.660517
vt 0.957716 0.640212
vt 0.969538 0.646793
vt 0.970810 0.665481
vt 0.415028 0.024221
vt 0.423481 0.005871
vt 0.423481 0.025968
vt 0.332244 0.017082
vt 0.331813 0.001575
vt 0.347382 0.009823
vt 0.347574 0.025993
vt 0.233332 0.417270
vt 0.363514 0.839578
vt 0.247721 0.408250
vt 0.375854 0.821703
vt 0.421483 0.195933
vt 0.421483 0.215736
vt 0.405770 0.207309
vt 0.772015 0.582044
vt 0.768228 0.595271
vt 0.754011 0.594664
vt 0.755110 0.576573
vt 0.168958 0.170085
vt 0.239015 0.517881
vt 0.052993 0.021192
vt 0.045838 0.003346
vt 0.351732 0.030091
vt 0.230828 0.402321
vt 0.247103 0.398196
vt 0.379535 0.834566
vt 0.794965 0.131774
vt 0.795875 0.114674
vt 0.809893 0.121620
vt 0.810984 0.138423
vt 0.924412 0.848383
vt 0.367844 0.031901
vt 0.866099 0.641606
vt 0.809945 0.903451
vt 0.232440 0.866926
vt 0.731104 0.484767
vt 0.714977 0.495393
vt 0.714977 0.477983
vt 0.762179 0.500691
vt 0.763065 0.523205
vt 0.417136 0.565871
vt 0.402586 0.564064
vt 0.439510 0.100984
vt 0.961703 0.921047
vt 0.957397 0.935069
vt 0.946654 0.921797
vt 0.728842 0.229726
vt 0.900841 0.105247
vt 0.910042 0.120376
vt 0.226618 0.857767
vt 0.872785 0.125859
vt 0.871401 0.641214
vt 0.858453 0.633733
vt 0.835001 0.201242
vt 0.797132 0.559825
vt 0.796437 0.579170
vt 0.818996 0.025027
vt 0.763065 0.544775
vt 0.751716 0.557317
vt 0.751716 0.543305
vt 0.717713 0.960823
vt 0.733102 0.946187
vt 0.731476 0.955592
vt 0.544998 0.152351
vt 0.555319 0.160841
vt 0.544998 0.165797
vt 0.717713 0.944784
vt 0.659192 0.932547
vt 0.746977 0.392515
vt 0.932138 0.093704
vt 0.175555 0.670091
vt 0.159873 0.670951
vt 0.745255 0.230684
vt 0.001646 0.839476
vt 0.012340 0.828442
vt 0.013582 0.847326
vt 0.675533 0.672101
vt 0.673222 0.655014
vt 0.687158 0.596345
vt 0.672607 0.601263
vt 0.672607 0.583645
vt 0.454955 0.102367
vt 0.629229 0.244658
vt 0.615026 0.249694
vt 0.615026 0.231552
vt 0.460280 0.905031
vt 0.476536 0.907226
vt 0.757230 0.192817
vt 0.375990 0.102221
vt 0.393566 0.106415
vt 0.170694 0.329046
vt 0.152400 0.331579
vt 0.710433 0.861270
vt 0.794532 0.096991
vt 0.809186 0.102897
vt 0.024059 0.135243
vt 0.027966 0.145333
vt 0.024059 0.157807
vt 0.867181 0.689201
vt 0.964114 0.610654
vt 0.955033 0.625465
vt 0.948656 0.608880
vt 0.535505 0.928489
vt 0.600609 0.905718
vt 0.189697 0.860922
vt 0.620800 0.700882
vt 0.205127 0.779347
vt 0.562022 0.381389
vt 0.572170 0.393232
vt 0.638733 0.884402
vt 0.660274 0.047092
vt 0.679635 0.488548
vt 0.673790 0.501128
vt 0.665694 0.491022
vt 0.053060 0.953155
vt 0.895032 0.578649
vt 0.471048 0.126388
vt 0.478996 0.142263
vt 0.462638 0.139881
vt 0.455163 0.123148
vt 0.444890 0.133209
vt 0.630464 0.869133
vt 0.306125 0.570848
vt 0.289121 0.572918
vt 0.532972 0.384286
vt 0.684004 0.002653
vt 0.702892 0.002653
vt 0.658239 0.516437
vt 0.669421 0.514998
vt 0.661292 0.533216
vt 0.787035 0.574247
vt 0.721890 0.037233
vt 0.548887 0.055147
vt 0.899033 0.728396
vt 0.711835 0.185569
vt 0.802182 0.598231
vt 0.001363 0.307017
vt 0.533877 0.792844
vt 0.251124 0.804250
vt 0.246303 0.791825
vt 0.784880 0.592623
vt 0.204821 0.937665
vt 0.219731 0.924709
vt 0.219731 0.942845
vt 0.587173 0.887172
vt 0.596787 0.890544
vt 0.497390 0.219731
vt 0.483504 0.210446
vt 0.497390 0.205197
vt 0.108119 0.712573
vt 0.123778 0.712104
vt 0.638733 0.901587
vt 0.153519 0.683717
vt 0.844260 0.215532
vt 0.960823 0.090720
vt 0.948400 0.113206
vt 0.949115 0.092583
vt 0.021973 0.454109
vt 0.006507 0.448593
vt 0.771646 0.956268
vt 0.785038 0.941198
vt 0.785038 0.956827
vt 0.275662 0.960823
vt 0.705789 0.043946
vt 0.712634 0.029621
vt 0.719119 0.043946
vt 0.549509 0.736007
vt 0.549997 0.761886
vt 0.541440 0.751547
vt 0.712307 0.241594
vt 0.729050 0.238670
vt 0.663381 0.503795
vt 0.234376 0.521361
vt 0.226944 0.509403
vt 0.237709 0.509403
vt 0.197581 0.847586
vt 0.289671 0.209743
vt 0.275757 0.203004
vt 0.545719 0.547995
vt 0.245449 0.835303
vt 0.259455 0.828828
vt 0.273360 0.836310
vt 0.244271 0.821562
vt 0.564937 0.056283
vt 0.704291 0.464851
vt 0.893992 0.272545
vt 0.288785 0.041949
vt 0.248304 0.732740
vt 0.261679 0.719341
vt 0.261679 0.737097
vt 0.894903 0.156186
vt 0.894903 0.175449
vt 0.882173 0.161093
vt 0.647207 0.769058
vt 0.632300 0.769058
vt 0.640628 0.752337
vt 0.230458 0.824657
vt 0.659690 0.751103
vt 0.663021 0.736581
vt 0.674775 0.749047
vt 0.857422 0.578826
vt 0.607256 0.166149
vt 0.600355 0.173787
vt 0.600355 0.155815
vt 0.537342 0.757072
vt 0.523826 0.744295
vt 0.537342 0.739928
vt 0.745372 0.754857
vt 0.757451 0.740041
vt 0.209059 0.712851
vt 0.197729 0.700886
vt 0.022274 0.279725
vt 0.033958 0.268698
vt 0.033958 0.283652
vt 0.733871 0.721999
vt 0.740805 0.735422
vt 0.630967 0.693331
vt 0.614422 0.695148
vt 0.642374 0.026149
vt 0.495169 0.148897
vt 0.224071 0.333277
vt 0.791354 0.948837
vt 0.791354 0.931126
vt 0.803016 0.939965
vt 0.158408 0.187770
vt 0.162880 0.172599
vt 0.167794 0.187770
vt 0.800490 0.925823
vt 0.577247 0.167794
vt 0.577977 0.149472
vt 0.589007 0.155698
vt 0.595270 0.167794
vt 0.614040 0.677974
vt 0.481337 0.503411
vt 0.270976 0.204966
vt 0.742454 0.742215
vt 0.754626 0.725037
vt 0.001646 0.822067
vt 0.716264 0.709150
vt 0.731283 0.713359
vt 0.210450 0.960822
vt 0.210450 0.945172
vt 0.221728 0.954431
vt 0.661211 0.404396
vt 0.673175 0.397211
vt 0.671333 0.415491
vt 0.701843 0.714531
vt 0.477546 0.453696
vt 0.485278 0.464496
vt 0.163799 0.004110
vt 0.163799 0.023971
vt 0.155426 0.019974
vt 0.463150 0.441849
vt 0.356451 0.569450
vt 0.341567 0.566209
vt 0.334715 0.552742
vt 0.308585 0.494909
vt 0.056576 0.934458
vt 0.319719 0.978801
vt 0.459548 0.427599
vt 0.446400 0.435617
vt 0.893713 0.756931
vt 0.952917 0.907897
vt 0.966815 0.913119
vt 0.938251 0.906297
vt 0.692263 0.337180
vt 0.657195 0.511373
vt 0.645721 0.511234
vt 0.657195 0.497460
vt 0.150991 0.001311
vt 0.647414 0.738736
vt 0.652165 0.723700
vt 0.667127 0.718584
vt 0.478230 0.121851
vt 0.473841 0.102280
vt 0.491398 0.102280
vt 0.002889 0.162367
vt 0.005993 0.163916
vt 0.002889 0.171789
vt 0.019787 0.368080
vt 0.023971 0.356169
vt 0.023971 0.375540
vt 0.543837 0.487895
vt 0.030547 0.360739
vt 0.024303 0.346716
vt 0.709146 0.002213
vt 0.723114 0.010526
vt 0.709146 0.019976
vt 0.490841 0.087812
vt 0.942498 0.491772
vt 0.524574 0.950835
vt 0.509093 0.945945
vt 0.741252 0.252553
vt 0.398902 0.804421
vt 0.088734 0.035956
vt 0.081668 0.017815
vt 0.093885 0.017815
vt 0.635024 0.426693
vt 0.936541 0.508186
vt 0.609253 0.231385
vt 0.596067 0.249694
vt 0.592033 0.231385
vt 0.717395 0.809680
vt 0.282168 0.801221
vt 0.439424 0.432785
vt 0.127679 0.585983
vt 0.768903 0.342134
vt 0.683817 0.714871
vt 0.693231 0.728132
vt 0.677580 0.731973
vt 0.907191 0.627255
vt 0.064317 0.449306
vt 0.306475 0.600863
vt 0.324582 0.602178
vt 0.344803 0.426687
vt 0.688304 0.758394
vt 0.619330 0.416638
vt 0.628421 0.785353
vt 0.614183 0.789327
vt 0.003962 0.859863
vt 0.026866 0.853368
vt 0.015122 0.870933
vt 0.040170 0.266635
vt 0.047941 0.283351
vt 0.036567 0.286380
vt 0.946314 0.729101
vt 0.137161 0.650761
vt 0.123035 0.659192
vt 0.701474 0.765576
vt 0.377658 0.213738
vt 0.376048 0.197873
vt 0.391520 0.197873
vt 0.091545 0.675173
vt 0.090109 0.663766
vt 0.103830 0.661494
vt 0.718971 0.744120
vt 0.878491 0.269942
vt 0.914319 0.430193
vt 0.711150 0.942845
vt 0.711150 0.926466
vt 0.725111 0.941114
vt 0.053490 0.460725
vt 0.281655 0.719693
vt 0.281655 0.737097
vt 0.266451 0.725007
vt 0.866456 0.514078
vt 0.303782 0.187894
vt 0.936158 0.079164
vt 0.191253 0.668278
vt 0.308737 0.699143
vt 0.309983 0.682986
vt 0.320724 0.686464
vt 0.323064 0.672007
vt 0.323603 0.699143
vt 0.866186 0.494842
vt 0.716084 0.185772
vt 0.330944 0.304846
vt 0.347144 0.311618
vt 0.140413 0.616113
vt 0.703130 0.105934
vt 0.334636 0.590348
vt 0.078229 0.015323
vt 0.185356 0.683644
vt 0.703138 0.176851
vt 0.692066 0.166812
vt 0.703138 0.161861
vt 0.690907 0.179780
vt 0.344810 0.665783
vt 0.122139 0.492795
vt 0.570043 0.635656
vt 0.829114 0.152803
vt 0.103873 0.646106
vt 0.090109 0.646298
vt 0.101292 0.630885
vt 0.958825 0.441459
vt 0.945353 0.436388
vt 0.958825 0.425899
vt 0.387525 0.904631
vt 0.375269 0.907418
vt 0.375269 0.893228
vt 0.379903 0.918874
vt 0.605646 0.644959
vt 0.846749 0.277807
vt 0.467540 0.342359
vt 0.116973 0.312982
vt 0.716879 0.831262
vt 0.237722 0.567056
vt 0.249694 0.575295
vt 0.649378 0.765062
vt 0.649378 0.747773
vt 0.663187 0.763227
vt 0.379046 0.666482
vt 0.361759 0.666509
vt 0.953928 0.238409
vt 0.946193 0.551832
vt 0.010570 0.694992
vt 0.520024 0.342269
vt 0.013854 0.675272
vt 0.317235 0.591079
vt 0.899673 0.614206
vt 0.969104 0.626191
vt 0.874592 0.030314
vt 0.870585 0.043946
vt 0.855042 0.030825
vt 0.855869 0.018380
vt 0.346799 0.669942
vt 0.359559 0.673855
vt 0.346799 0.683163
vt 0.325601 0.355412
vt 0.325601 0.375540
vt 0.315821 0.367650
vt 0.968441 0.194355
vt 0.449850 0.340235
vt 0.422811 0.786774
vt 0.894903 0.593177
vt 0.894903 0.611251
vt 0.882140 0.601554
vt 0.064855 0.426207
vt 0.205812 0.578415
vt 0.459143 0.189713
vt 0.466355 0.189527
vt 0.213539 0.580305
vt 0.204860 0.566731
vt 0.881712 0.179780
vt 0.884915 0.248440
vt 0.873406 0.257684
vt 0.873406 0.240936
vt 0.663089 0.540598
vt 0.239086 0.341956
vt 0.867273 0.275825
vt 0.630627 0.413037
vt 0.828905 0.186749
vt 0.164275 0.561931
vt 0.177974 0.573321
vt 0.149237 0.569441
vt 0.147894 0.585755
vt 0.439205 0.269425
vt 0.413383 0.797141
vt 0.555319 0.090396
vt 0.555319 0.109865
vt 0.540979 0.094627
vt 0.454441 0.111387
vt 0.467427 0.097959
vt 0.467427 0.117856
vt 0.902894 0.527354
vt 0.543899 0.891118
vt 0.952476 0.282431
vt 0.962820 0.266241
vt 0.600367 0.258556
vt 0.812929 0.070286
vt 0.493245 0.107868
vt 0.494043 0.091878
vt 0.507378 0.101983
vt 0.889415 0.573112
vt 0.506941 0.084501
vt 0.493245 0.076471
vt 0.026758 0.221133
vt 0.275662 0.930300
vt 0.902778 0.560939
vt 0.322865 0.566956
vt 0.316597 0.554198
vt 0.900069 0.546441
vt 0.914879 0.548354
vt 0.723043 0.248357
vt 0.809560 0.052925
vt 0.796085 0.052693
vt 0.769058 0.463386
vt 0.769058 0.477415
vt 0.756823 0.471282
vt 0.786169 0.547255
vt 0.778173 0.527721
vt 0.960822 0.149300
vt 0.945639 0.161802
vt 0.945639 0.146252
vt 0.403374 0.446999
vt 0.419713 0.448738
vt 0.769488 0.295244
vt 0.272322 0.850512
vt 0.285650 0.845495
vt 0.682672 0.585837
vt 0.588702 0.220551
vt 0.788762 0.468529
vt 0.519364 0.955744
vt 0.105194 0.936507
vt 0.125485 0.393183
vt 0.546769 0.378649
vt 0.536968 0.340751
vt 0.661211 0.389044
vt 0.677422 0.382932
vt 0.886007 0.580808
vt 0.388035 0.442761
vt 0.169485 0.504630
vt 0.154156 0.492036
vt 0.171789 0.492036
vt 0.299612 0.590643
vt 0.929497 0.523359
vt 0.426659 0.434601
vt 0.149654 0.725144
vt 0.887138 0.091792
vt 0.584299 0.339488
vt 0.454330 0.362126
vt 0.215277 0.816899
vt 0.965852 0.820833
vt 0.978800 0.821385
vt 0.970810 0.832116
vt 0.724639 0.104648
vt 0.644839 0.750110
vt 0.551884 0.343630
vt 0.429033 0.365932
vt 0.447037 0.370545
vt 0.569692 0.746539
vt 0.505734 0.606406
vt 0.489237 0.599128
vt 0.096281 0.619524
vt 0.216496 0.539007
vt 0.233547 0.543418
vt 0.221280 0.552069
vt 0.086815 0.879675
vt 0.105616 0.875185
vt 0.100921 0.890899
vt 0.085861 0.898145
vt 0.107028 0.544868
vt 0.311935 0.379903
vt 0.328997 0.379156
vt 0.537553 0.622394
vt 0.549306 0.634925
vt 0.521315 0.625721
vt 0.233714 0.563310
vt 0.518648 0.130539
vt 0.526812 0.145114
vt 0.509992 0.144727
vt 0.501870 0.128232
vt 0.170985 0.189381
vt 0.079573 0.290100
vt 0.181869 0.199755
vt 0.882940 0.208163
vt 0.892906 0.220085
vt 0.882940 0.231716
vt 0.911045 0.395515
vt 0.370473 0.137010
vt 0.745087 0.709835
vt 0.745087 0.727109
vt 0.732168 0.716152
vt 0.366496 0.934854
vt 0.351272 0.929631
vt 0.373041 0.920807
vt 0.790784 0.160335
vt 0.810208 0.156900
vt 0.797799 0.146529
vt 0.813711 0.174041
vt 0.705201 0.432538
vt 0.693760 0.421085
vt 0.711945 0.421862
vt 0.720556 0.435428
vt 0.191364 0.545556
vt 0.202145 0.534070
vt 0.203720 0.555319
vt 0.927446 0.242059
vt 0.936852 0.257684
vt 0.921346 0.257684
vt 0.371545 0.296549
vt 0.367991 0.308439
vt 0.356696 0.293596
vt 0.505457 0.589722
vt 0.491290 0.582488
vt 0.507331 0.574084
vt 0.018398 0.734311
vt 0.363287 0.377415
vt 0.361201 0.278503
vt 0.117479 0.477188
vt 0.089855 0.828432
vt 0.096848 0.843787
vt 0.071197 0.828446
vt 0.851867 0.232036
vt 0.865323 0.222614
vt 0.868669 0.239683
vt 0.852548 0.248731
vt 0.487052 0.752606
vt 0.502044 0.748428
vt 0.062648 0.290652
vt 0.503102 0.760122
vt 0.219230 0.453536
vt 0.213433 0.468062
vt 0.624146 0.950835
vt 0.201653 0.480122
vt 0.731447 0.422870
vt 0.623931 0.463143
vt 0.608420 0.463829
vt 0.955608 0.260394
vt 0.560254 0.773690
vt 0.203750 0.187766
vt 0.191935 0.197758
vt 0.191935 0.176566
vt 0.003311 0.025968
vt 0.514005 0.697843
vt 0.499262 0.707325
vt 0.528838 0.685395
vt 0.571819 0.491759
vt 0.575246 0.472220
vt 0.090160 0.724274
vt 0.211554 0.494942
vt 0.195395 0.498066
vt 0.205560 0.510293
vt 0.001360 0.759332
vt 0.479413 0.346671
vt 0.473968 0.363555
vt 0.467693 0.346671
vt 0.752766 0.471457
vt 0.751314 0.454228
vt 0.490176 0.767060
vt 0.837726 0.234482
vt 0.825978 0.232262
vt 0.188282 0.470274
vt 0.331187 0.347839
vt 0.347589 0.353017
vt 0.740512 0.623511
vt 0.748143 0.420884
vt 0.751375 0.437214
vt 0.736925 0.440199
vt 0.722749 0.452824
vt 0.704838 0.449687
vt 0.714342 0.464033
vt 0.030140 0.673052
vt 0.783040 0.051135
vt 0.783014 0.034968
vt 0.148075 0.522732
vt 0.164620 0.530168
vt 0.148675 0.536737
vt 0.197123 0.793919
vt 0.765980 0.312626
vt 0.758107 0.325173
vt 0.748796 0.309751
vt 0.009994 0.924190
vt 0.026945 0.922489
vt 0.091887 0.197758
vt 0.077191 0.187208
vt 0.091887 0.182854
vt 0.877576 0.161039
vt 0.875069 0.177957
vt 0.300028 0.236292
vt 0.471422 0.507378
vt 0.457855 0.499880
vt 0.471422 0.492565
vt 0.951104 0.400692
vt 0.939983 0.415363
vt 0.933871 0.396924
vt 0.898535 0.163149
vt 0.908886 0.174866
vt 0.898535 0.179780
vt 0.823762 0.184319
vt 0.823012 0.198948
vt 0.543721 0.110675
vt 0.554403 0.120140
vt 0.538790 0.131392
vt 0.529277 0.117499
vt 0.701093 0.703138
vt 0.719017 0.697776
vt 0.685160 0.163674
vt 0.685160 0.181777
vt 0.671440 0.174068
vt 0.288367 0.321606
vt 0.288367 0.300677
vt 0.299633 0.309378
vt 0.302840 0.721815
vt 0.315613 0.733348
vt 0.302840 0.739094
vt 0.444996 0.230452
vt 0.462978 0.234386
vt 0.377806 0.848916
vt 0.043418 0.922152
vt 0.031465 0.391757
vt 0.697240 0.460509
vt 0.711129 0.519706
vt 0.689180 0.533346
vt 0.691463 0.522662
vt 0.680405 0.531389
vt 0.694218 0.511298
vt 0.891377 0.192102
vt 0.892906 0.209743
vt 0.880615 0.201724
vt 0.875801 0.184712
vt 0.380531 0.376171
vt 0.394986 0.375143
vt 0.250065 0.436744
vt 0.259682 0.427619
vt 0.259682 0.447452
vt 0.635222 0.795026
vt 0.168797 0.291544
vt 0.151597 0.294073
vt 0.204243 0.017978
vt 0.197460 0.001821
vt 0.209743 0.001821
vt 0.423481 0.352744
vt 0.956827 0.414599
vt 0.950888 0.427476
vt 0.140014 0.589278
vt 0.130044 0.574764
vt 0.143824 0.574764
vt 0.168103 0.667182
vt 0.168103 0.652926
vt 0.181777 0.661863
vt 0.277782 0.882918
vt 0.258933 0.876149
vt 0.269696 0.867034
vt 0.327599 0.831234
vt 0.324328 0.846962
vt 0.315548 0.831234
vt 0.572588 0.114220
vt 0.009312 0.207930
vt 0.132229 0.817506
vt 0.113207 0.817135
vt 0.147580 0.809798
vt 0.674531 0.179814
vt 0.027681 0.211074
vt 0.012623 0.219731
vt 0.607256 0.045944
vt 0.594209 0.045944
vt 0.598388 0.032237
vt 0.356696 0.315613
vt 0.230026 0.528436
vt 0.215892 0.521850
vt 0.070750 0.907634
vt 0.052754 0.901015
vt 0.437464 0.455442
vt 0.421424 0.450624
vt 0.437464 0.438691
vt 0.279657 0.353099
vt 0.002422 0.325609
vt 0.164237 0.516610
vt 0.179808 0.524094
vt 0.184996 0.806581
vt 0.166238 0.807866
vt 0.179775 0.540246
vt 0.424442 0.374895
vt 0.410190 0.376571
vt 0.322657 0.898881
vt 0.731104 0.739540
vt 0.331861 0.914622
vt 0.542773 0.694163
vt 0.545414 0.681622
vt 0.560692 0.684428
vt 0.191014 0.566995
vt 0.959156 0.962820
vt 0.946578 0.949091
vt 0.966815 0.946931
vt 0.869365 0.256657
vt 0.854822 0.267353
vt 0.361118 0.910430
vt 0.346981 0.911083
vt 0.369383 0.904931
vt 0.514472 0.715721
vt 0.501853 0.724525
vt 0.518922 0.731011
vt 0.589373 0.114725
vt 0.117184 0.885025
vt 0.148386 0.511016
vt 0.188116 0.321336
vt 0.188364 0.333171
vt 0.741095 0.322032
vt 0.263976 0.661687
vt 0.586836 0.504774
vt 0.731255 0.307328
vt 0.739959 0.293464
vt 0.003070 0.254271
vt 0.673260 0.962820
vt 0.178572 0.556170
vt 0.191459 0.554897
vt 0.675479 0.534223
vt 0.693000 0.536882
vt 0.360684 0.499838
vt 0.247696 0.941139
vt 0.247696 0.956827
vt 0.233094 0.948089
vt 0.405503 0.797335
vt 0.389070 0.804351
vt 0.235525 0.630183
vt 0.770892 0.282781
vt 0.758783 0.296019
vt 0.114404 0.846826
vt 0.439461 0.021973
vt 0.427994 0.010446
vt 0.439461 0.001992
vt 0.941886 0.241922
vt 0.954830 0.257684
vt 0.940407 0.257684
vt 0.811333 0.613290
vt 0.524797 0.206553
vt 0.521390 0.222636
vt 0.508574 0.561726
vt 0.523021 0.565983
vt 0.827597 0.621239
vt 0.537927 0.673925
vt 0.141826 0.193763
vt 0.131420 0.183820
vt 0.141826 0.172035
vt 0.560686 0.154899
vt 0.543823 0.149159
vt 0.734423 0.771323
vt 0.921472 0.942401
vt 0.906221 0.951218
vt 0.766443 0.075619
vt 0.238412 0.584171
vt 0.254635 0.588102
vt 0.241344 0.595501
vt 0.374085 0.496727
vt 0.899426 0.205706
vt 0.852955 0.639217
vt 0.842985 0.628965
vt 0.852955 0.615956
vt 0.347574 0.363195
vt 0.207848 0.536005
vt 0.215736 0.545808
vt 0.207848 0.555319
vt 0.559517 0.044800
vt 0.573297 0.036800
vt 0.573297 0.055931
vt 0.583552 0.174239
vt 0.721541 0.290948
vt 0.877248 0.209958
vt 0.878923 0.228263
vt 0.589278 0.253689
vt 0.160267 0.511373
vt 0.874202 0.273665
vt 0.697146 0.693991
vt 0.697146 0.711128
vt 0.683652 0.707751
vt 0.953197 0.820746
vt 0.957221 0.832646
vt 0.141147 0.958484
vt 0.011226 0.224006
vt 0.703831 0.641003
vt 0.939258 0.817696
vt 0.943686 0.828817
vt 0.494612 0.673175
vt 0.494612 0.659880
vt 0.505381 0.662982
vt 0.315613 0.839025
vt 0.944214 0.576887
vt 0.614300 0.178142
vt 0.154798 0.229768
vt 0.037960 0.803142
vt 0.444524 0.769723
vt 0.445120 0.755812
vt 0.454676 0.762339
vt 0.459407 0.755046
vt 0.458993 0.773564
vt 0.618771 0.746067
vt 0.635222 0.747400
vt 0.496330 0.920418
vt 0.549225 0.013109
vt 0.562334 0.005974
vt 0.704197 0.020945
vt 0.223637 0.437554
vt 0.623340 0.600247
vt 0.279777 0.284242
vt 0.546214 0.229125
vt 0.563310 0.228254
vt 0.532048 0.237981
vt 0.510011 0.987525
vt 0.493647 0.993665
vt 0.007990 0.075907
vt 0.506834 0.037962
vt 0.490145 0.036470
vt 0.235711 0.614040
vt 0.860459 0.208141
vt 0.868688 0.193701
vt 0.229018 0.600668
vt 0.707567 0.415491
vt 0.189474 0.625436
vt 0.560013 0.237688
vt 0.196378 0.617485
vt 0.550077 0.241704
vt 0.282142 0.307085
vt 0.773749 0.946548
vt 0.871670 0.350500
vt 0.920872 0.241046
vt 0.915064 0.257684
vt 0.907294 0.241046
vt 0.926864 0.697871
vt 0.573292 0.396726
vt 0.587280 0.401485
vt 0.573292 0.415491
vt 0.363272 0.373542
vt 0.036098 0.816437
vt 0.211741 0.133104
vt 0.200858 0.141826
vt 0.200858 0.130681
vt 0.442557 0.783040
vt 0.766784 0.960432
vt 0.500588 0.936763
vt 0.641418 0.401146
vt 0.657094 0.394555
vt 0.319310 0.739094
vt 0.026331 0.160192
vt 0.029963 0.167799
vt 0.026331 0.169792
vt 0.707133 0.028617
vt 0.823471 0.041357
vt 0.617138 0.891137
vt 0.615392 0.877665
vt 0.631184 0.886504
vt 0.629813 0.902893
vt 0.783040 0.390020
vt 0.442557 0.742011
vt 0.456789 0.738913
vt 0.470334 0.736216
vt 0.477415 0.749952
vt 0.607256 0.626567
vt 0.601152 0.641214
vt 0.596435 0.626567
vt 0.015873 0.431525
vt 0.013494 0.419025
vt 0.032172 0.423781
vt 0.031873 0.433663
vt 0.035956 0.413526
vt 0.872950 0.003093
vt 0.874928 0.017062
vt 0.855042 0.005976
vt 0.781043 0.502892
vt 0.769913 0.519364
vt 0.766444 0.502892
vt 0.703638 0.041948
vt 0.483408 0.745087
vt 0.470891 0.730051
vt 0.483408 0.727591
vt 0.709338 0.532550
vt 0.471100 0.763739
vt 0.128238 0.864942
vt 0.128741 0.850750
vt 0.140558 0.854396
vt 0.645681 0.875291
vt 0.136803 0.295638
vt 0.516573 0.237126
vt 0.885036 0.387281
vt 0.978800 0.446865
vt 0.137726 0.282295
vt 0.002421 0.428110
vt 0.107769 0.559876
vt 0.109865 0.570534
vt 0.107769 0.573297
vt 0.275662 0.568728
vt 0.275662 0.587280
vt 0.262908 0.575362
vt 0.022155 0.442247
vt 0.006354 0.443457
vt 0.315833 0.858941
vt 0.317611 0.859647
vt 0.315833 0.874928
vt 0.557317 0.666832
vt 0.557317 0.681165
vt 0.545068 0.676993
vt 0.472657 0.489410
vt 0.459410 0.483530
vt 0.475417 0.472125
vt 0.703827 0.507961
vt 0.036543 0.898872
vt 0.288295 0.685344
vt 0.535344 0.910884
vt 0.524992 0.903339
vt 0.535344 0.895100
vt 0.408116 0.006854
vt 0.332875 0.867844
vt 0.326846 0.883319
vt 0.321195 0.869383
vt 0.344339 0.881257
vt 0.543634 0.711476
vt 0.557958 0.698888
vt 0.559695 0.716927
vt 0.547880 0.728719
vt 0.076189 0.306201
vt 0.087892 0.301912
vt 0.085216 0.317297
vt 0.061345 0.304939
vt 0.739094 0.679256
vt 0.724652 0.667648
vt 0.841202 0.232403
vt 0.690969 0.436696
vt 0.179780 0.491398
vt 0.035456 0.020109
vt 0.665185 0.709131
vt 0.652810 0.706033
vt 0.959502 0.115858
vt 0.573668 0.690148
vt 0.740207 0.630124
vt 0.461435 0.492823
vt 0.449892 0.503383
vt 0.449892 0.484409
vt 0.316964 0.357631
vt 0.739345 0.645575
vt 0.348117 0.864663
vt 0.360812 0.876079
vt 0.328020 0.852755
vt 0.173379 0.860630
vt 0.205748 0.521836
vt 0.184297 0.530926
vt 0.184297 0.515913
vt 0.199170 0.507061
vt 0.125375 0.364140
vt 0.788771 0.417488
vt 0.788771 0.400599
vt 0.805013 0.406515
vt 0.626951 0.165996
vt 0.643212 0.155741
vt 0.643212 0.173787
vt 0.135602 0.822581
vt 0.144742 0.839482
vt 0.127270 0.833763
vt 0.117534 0.819962
vt 0.565580 0.733561
vt 0.486205 0.127111
vt 0.497389 0.110915
vt 0.513134 0.113103
vt 0.381159 0.765197
vt 0.397788 0.758100
vt 0.127979 0.332111
vt 0.239706 0.170570
vt 0.239706 0.191765
vt 0.226658 0.184980
vt 0.149063 0.865953
vt 0.591936 0.465035
vt 0.768020 0.382405
vt 0.780607 0.372604
vt 0.224090 0.172599
vt 0.132330 0.878016
vt 0.490179 0.503383
vt 0.490179 0.483863
vt 0.497036 0.498450
vt 0.353811 0.894193
vt 0.338202 0.897574
vt 0.892906 0.179456
vt 0.952832 0.075461
vt 0.941324 0.091887
vt 0.939705 0.075461
vt 0.772873 0.499388
vt 0.753620 0.488969
vt 0.765888 0.481002
vt 0.528273 0.703818
vt 0.029272 0.869965
vt 0.897365 0.492821
vt 0.130081 0.336924
vt 0.495393 0.001718
vt 0.299633 0.738250
vt 0.286806 0.747084
vt 0.286806 0.728449
vt 0.298239 0.719032
vt 0.383610 0.751523
vt 0.368038 0.753855
vt 0.103445 0.905903
vt 0.572702 0.222416
vt 0.368021 0.893592
vt 0.375007 0.878268
vt 0.762874 0.345576
vt 0.757936 0.329001
vt 0.771055 0.329001
vt 0.378964 0.888927
vt 0.537386 0.736330
vt 0.530428 0.722743
vt 0.109005 0.830140
vt 0.466239 0.036542
vt 0.694758 0.920953
vt 0.831129 0.273681
vt 0.315613 0.882918
vt 0.298639 0.876983
vt 0.546793 0.505029
vt 0.563070 0.506847
vt 0.475417 0.041949
vt 0.098939 0.287710
vt 0.109276 0.284800
vt 0.109969 0.299824
vt 0.928557 0.919613
vt 0.362439 0.857175
vt 0.346354 0.848576
vt 0.219987 0.479948
vt 0.224028 0.495178
vt 0.396982 0.335030
vt 0.686469 0.615867
vt 0.688199 0.603218
vt 0.703196 0.613986
vt 0.702933 0.626595
vt 0.521107 0.595154
vt 0.521771 0.579351
vt 0.169477 0.194616
vt 0.223351 0.509997
vt 0.331813 0.033958
vt 0.045944 0.207502
vt 0.033026 0.213738
vt 0.033026 0.192592
vt 0.821020 0.149669
vt 0.822935 0.166650
vt 0.094774 0.302174
vt 0.122441 0.458656
vt 0.136137 0.453968
vt 0.135678 0.468964
vt 0.244453 0.869035
vt 0.780750 0.067572
vt 0.149277 0.552398
vt 0.305625 0.697146
vt 0.047941 0.303628
vt 0.443834 0.897963
vt 0.014807 0.876552
vt 0.031961 0.874123
vt 0.029692 0.889129
vt 0.010792 0.888933
vt 0.875852 0.372920
vt 0.222549 0.950835
vt 0.222549 0.934412
vt 0.237709 0.941415
vt 0.254213 0.012383
vt 0.127843 0.305086
vt 0.115840 0.309621
vt 0.115840 0.288599
vt 0.164385 0.545729
vt 0.569873 0.499534
vt 0.285281 0.585780
vt 0.978800 0.488780
vt 0.426600 0.894359
vt 0.749503 0.711979
vt 0.346197 0.377011
vt 0.686444 0.453261
vt 0.541393 0.560262
vt 0.601622 0.891516
vt 0.611251 0.900896
vt 0.376623 0.863770
vt 0.124837 0.476486
vt 0.139829 0.483408
vt 0.102219 0.271651
vt 0.226686 0.462152
vt 0.231716 0.581288
vt 0.219334 0.581288
vt 0.231247 0.567771
vt 0.007129 0.901443
vt 0.003168 0.913883
vt 0.183853 0.851701
vt 0.170350 0.851706
vt 0.875394 0.143015
vt 0.002533 0.593273
vt 0.476687 0.560399
vt 0.461379 0.564699
vt 0.103736 0.573903
vt 0.178233 0.732905
vt 0.494057 0.143129
vt 0.438225 0.348824
vt 0.449449 0.343662
vt 0.449449 0.363554
vt 0.523839 0.609934
vt 0.199678 0.166622
vt 0.676684 0.524924
vt 0.681754 0.513018
vt 0.786197 0.566992
vt 0.370985 0.572260
vt 0.511231 0.208038
vt 0.541440 0.767060
vt 0.561663 0.741581
vt 0.563310 0.758795
vt 0.936980 0.115858
vt 0.935722 0.097679
vt 0.154996 0.852627
vt 0.679168 0.711836
vt 0.668225 0.715124
vt 0.669499 0.695217
vt 0.679168 0.688296
vt 0.558222 0.102473
vt 0.569302 0.110542
vt 0.558222 0.115858
vt 0.233215 0.586583
vt 0.670784 0.478438
vt 0.087895 0.909832
vt 0.111304 0.528477
vt 0.447452 0.211405
vt 0.434575 0.215013
vt 0.435385 0.194538
vt 0.763065 0.541871
vt 0.689130 0.499489
vt 0.785214 0.126006
vt 0.783924 0.107429
vt 0.187288 0.486644
vt 0.505861 0.225046
vt 0.501752 0.241704
vt 0.738696 0.458100
vt 0.729115 0.471980
vt 0.114705 0.958825
vt 0.099043 0.949042
vt 0.505381 0.487970
vt 0.056754 0.918874
vt 0.413098 0.029918
vt 0.975390 0.506309
vt 0.967389 0.245699
vt 0.853221 0.290210
vt 0.853221 0.271253
vt 0.862943 0.287387
vt 0.862114 0.301630
vt 0.703032 0.243113
vt 0.523359 0.759555
vt 0.507126 0.767060
vt 0.508686 0.750040
vt 0.721900 0.086947
vt 0.854952 0.379535
vt 0.039843 0.915325
vt 0.858941 0.344057
vt 0.868935 0.358343
vt 0.858941 0.369547
vt 0.922766 0.818521
vt 0.939283 0.938062
vt 0.167955 0.337318
vt 0.150526 0.340679
vt 0.734509 0.785589
vt 0.495883 0.468648
vt 0.017926 0.838053
vt 0.485467 0.473415
vt 0.021569 0.827218
vt 0.025435 0.829782
vt 0.029963 0.836056
vt 0.949009 0.321582
vt 0.832206 0.924337
vt 0.204632 0.919011
vt 0.496134 0.480489
vt 0.147819 0.485995
vt 0.147819 0.505381
vt 0.142272 0.496698
vt 0.488493 0.477369
vt 0.931132 0.427476
vt 0.926962 0.409983
vt 0.945416 0.722265
vt 0.958825 0.707779
vt 0.958825 0.723114
vt 0.507126 0.730433
vt 0.520673 0.743885
vt 0.506997 0.910774
vt 0.520205 0.898700
vt 0.521711 0.908655
vt 0.729440 0.181490
vt 0.371337 0.739584
vt 0.447452 0.227721
vt 0.738920 0.483881
vt 0.746846 0.473655
vt 0.960188 0.348228
vt 0.265648 0.136774
vt 0.723544 0.934220
vt 0.375990 0.135331
vt 0.941685 0.525180
vt 0.954830 0.532498
vt 0.941685 0.541337
vt 0.363554 0.023971
vt 0.351715 0.011796
vt 0.363554 0.003278
vt 0.670019 0.688052
vt 0.516097 0.085978
vt 0.093264 0.618720
vt 0.929273 0.930387
vt 0.788257 0.397513
vt 0.098590 0.585983
vt 0.926441 0.934740
vt 0.940847 0.950835
vt 0.925718 0.950835
vt 0.095339 0.824365
vt 0.038521 0.191893
vt 0.880319 0.024311
vt 0.002701 0.873758
vt 0.005993 0.883545
vt 0.002701 0.896901
vt 0.331594 0.466523
vt 0.059927 0.196287
vt 0.049802 0.205748
vt 0.049802 0.193931
vt 0.880570 0.233283
vt 0.900071 0.625153
vt 0.910884 0.635834
vt 0.900071 0.641214
vt 0.009988 0.707899
vt 0.002055 0.717121
vt 0.002055 0.702964
vt 0.646639 0.413493
vt 0.655538 0.398968
vt 0.659192 0.413493
s 1
usemtl Material
f 636/1 635/2 2454/3
f 1019/4 1503/5 619/6
f 619/6 1020/7 1019/4
f 2302/8 2560/9 2301/10
f 2584/11 2711/12 2568/13
f 2711/12 2703/14 2568/13
f 577/15 2267/16 718/17
f 718/17 1627/18 577/15
f 331/19 1560/20 711/21
f 1424/22 2313/23 1470/24
f 1470/24 1422/25 1424/22
f 2454/3 2036/26 636/1
f 47/27 46/28 1633/29
f 2708/30 2169/31 2710/32
f 1208/33 2169/34 2708/35
f 2710/32 2709/36 2708/30
f 2708/35 2709/37 1209/38
f 2708/35 1209/38 1208/33
f 2653/39 2693/40 2707/41
f 2707/42 2699/43 2653/44
f 2706/45 2665/46 2608/47
f 2608/48 2657/49 2706/50
f 2665/46 2629/51 2608/47
f 1491/52 2081/53 499/54
f 968/55 47/27 997/56
f 654/57 2273/58 1037/59
f 1037/59 2085/60 654/57
f 2575/61 2704/62 2714/63
f 2714/63 2500/64 2575/61
f 675/65 2296/66 986/67
f 986/67 2282/68 675/65
f 1164/69 1192/70 180/71
f 180/71 1162/72 1164/69
f 499/54 1865/73 1491/52
f 1491/74 2294/75 1048/76
f 2608/48 2588/77 2657/49
f 1491/78 1045/79 1048/80
f 253/81 1387/82 1365/83
f 1365/84 250/85 253/86
f 2709/87 2713/88 1210/89
f 2709/36 2710/32 2713/90
f 1210/91 1209/92 2709/93
f 2712/94 2662/95 2638/96
f 2638/96 2700/97 2712/94
f 2621/98 2586/99 2107/100
f 1633/29 997/56 47/27
f 1407/101 1783/102 2271/103
f 2533/104 2690/105 2702/106
f 2300/107 2287/108 2533/104
f 1070/109 2222/110 1649/111
f 1649/111 1497/112 1070/109
f 468/113 2238/114 225/115
f 225/116 1598/117 468/118
f 106/119 1786/120 332/121
f 331/19 711/21 106/119
f 106/119 332/121 331/19
f 2271/103 1405/122 1407/101
f 1405/122 1408/123 1407/101
f 2533/104 2702/106 2300/107
f 2003/124 2002/125 1282/126
f 1282/126 1281/127 2003/124
f 2688/128 2701/129 2687/130
f 2701/129 2694/131 2687/130
f 2637/132 2699/43 2700/97
f 2700/97 2638/96 2637/132
f 2637/132 2653/44 2699/43
f 2698/133 2697/134 2338/135
f 2338/135 2472/136 2698/133
f 2697/134 2456/137 2338/135
f 299/138 259/139 673/140
f 2598/141 2597/142 2617/143
f 1818/144 2489/145 1608/146
f 1608/146 1607/147 1818/144
f 517/148 2072/149 965/150
f 965/150 964/151 517/148
f 2567/152 2705/153 2704/62
f 2567/152 2703/14 2705/153
f 2704/62 2575/61 2567/152
f 2567/152 2568/13 2703/14
f 542/154 2272/155 899/156
f 899/156 2082/157 542/154
f 997/56 996/158 968/55
f 1467/159 1466/160 2294/161
f 570/162 604/163 1994/164
f 1994/164 571/165 570/162
f 1618/166 1685/167 2565/168
f 2565/168 1771/169 1618/166
f 1771/169 1080/170 1618/166
f 2658/171 2626/172 2507/173
f 2135/174 1585/175 1584/176
f 1605/177 2246/178 1428/179
f 1428/179 1432/180 1605/177
f 2722/181 1250/182 196/183
f 578/184 611/185 891/186
f 891/186 579/187 578/184
f 2118/188 2117/189 109/190
f 109/190 108/191 2118/188
f 1847/192 539/193 2079/194
f 2079/194 1844/195 1847/192
f 2320/196 2721/197 2167/198
f 2167/198 2321/199 2320/196
f 2589/200 2670/201 2723/202
f 2723/202 2599/203 2589/200
f 196/183 1233/204 2722/181
f 2724/205 1972/206 1973/207
f 1056/208 1060/209 1153/210
f 1056/208 1153/210 1962/211
f 89/212 1909/213 760/214
f 760/214 86/215 89/212
f 2348/216 2347/217 271/218
f 270/219 2346/220 2348/216
f 271/218 270/219 2348/216
f 2613/221 2719/222 2392/223
f 1668/224 2336/225 755/226
f 755/226 1935/227 1668/224
f 2549/228 2555/229 2726/230
f 2380/231 443/232 442/233
f 952/234 714/235 678/236
f 678/236 677/237 952/234
f 1594/238 1934/239 784/240
f 784/240 783/241 1594/238
f 462/242 1492/243 1494/244
f 12/245 1041/246 62/247
f 12/248 2388/249 2373/250
f 12/248 62/251 2388/249
f 2373/250 1949/252 12/248
f 2726/230 2715/253 2549/228
f 2100/254 1313/255 545/256
f 1250/182 2506/257 279/258
f 276/259 2547/260 2234/261
f 2382/262 1939/263 122/264
f 122/264 1652/265 2382/262
f 2346/220 270/219 269/266
f 2365/267 2610/268 443/232
f 443/232 2380/231 2365/267
f 1973/207 2725/269 2724/205
f 401/270 2725/271 1973/272
f 1973/207 2343/273 401/274
f 1516/275 743/276 746/277
f 2619/278 2686/279 2717/280
f 2717/281 2611/282 2619/283
f 967/284 966/285 128/286
f 128/286 127/287 967/284
f 449/288 2273/58 689/289
f 689/289 1856/290 449/288
f 2714/63 2604/291 2500/64
f 2633/292 2716/293 1642/294
f 2716/293 1920/295 1642/294
f 328/296 1641/297 1287/298
f 1287/298 1288/299 328/296
f 2710/32 2168/300 2718/301
f 610/302 1516/275 746/277
f 746/277 607/303 610/302
f 1782/304 1443/305 1445/306
f 1208/33 1932/307 2169/34
f 2168/300 2710/32 2169/31
f 2715/253 2670/308 2512/309
f 2512/309 2549/228 2715/253
f 2697/134 2421/310 2456/137
f 2456/137 2421/310 2513/311
f 2418/312 2125/313 2137/314
f 1123/315 2470/316 1198/317
f 545/256 544/318 2100/254
f 1532/319 1534/320 1773/321
f 1773/321 1558/322 1532/319
f 2721/323 2718/301 2168/300
f 2168/300 2167/324 2721/323
f 2720/325 2686/326 2631/327
f 2631/327 2662/328 2720/325
f 2697/134 2562/329 2421/310
f 1035/330 2165/331 164/332
f 164/332 163/333 1035/330
f 2397/334 1551/335 1553/336
f 1198/317 1873/337 1123/315
f 2719/222 2594/338 2504/339
f 2504/339 2392/223 2719/222
f 2716/340 1921/341 1920/342
f 504/343 579/187 860/344
f 860/344 501/345 504/343
f 1516/275 1515/346 743/276
f 1463/347 389/348 1446/349
f 1463/347 1446/349 1449/350
f 2718/301 2713/90 2710/32
f 2497/351 2450/352 2656/353
f 954/354 1990/355 2240/356
f 2240/356 1954/357 954/354
f 2018/358 2556/359 2661/360
f 1969/361 2335/362 1971/363
f 1211/364 2601/365 21/366
f 21/366 1688/367 1211/364
f 2664/368 2475/369 2474/370
f 2474/370 2663/371 2664/368
f 2474/370 2483/372 2663/371
f 2662/95 2631/373 2630/374
f 2630/374 2638/96 2662/95
f 2029/375 2044/376 2020/377
f 2598/378 2436/379 2652/380
f 2652/380 1552/381 2598/378
f 764/382 2428/383 2407/384
f 2407/384 2534/385 764/382
f 1601/386 988/387 990/388
f 990/388 1582/389 1601/386
f 585/390 1974/391 925/392
f 925/392 586/393 585/390
f 2661/360 2654/394 2426/395
f 2654/394 2550/396 2426/395
f 1239/397 2171/398 2170/399
f 280/400 279/258 2506/257
f 2106/401 1480/402 2669/403
f 2669/403 767/404 2108/405
f 2108/405 2106/401 2669/403
f 1095/406 1378/407 821/408
f 821/408 1092/409 1095/406
f 2029/375 1650/410 2044/376
f 985/411 2185/412 1956/413
f 1956/413 1990/414 985/411
f 1536/415 2488/416 2566/417
f 2170/399 2433/418 1239/397
f 2426/395 2018/358 2661/360
f 2482/419 2659/420 2668/421
f 2668/421 2667/422 2482/419
f 2667/422 2483/372 2482/419
f 2514/423 2511/424 2589/200
f 2464/425 2665/426 2666/427
f 2666/428 2510/429 2464/430
f 2464/425 2607/431 2665/426
f 1250/182 279/258 1251/432
f 1251/432 279/258 278/433
f 236/434 2443/435 625/436
f 866/437 552/438 551/439
f 2197/440 2476/441 2550/396
f 296/442 1005/443 977/444
f 977/444 297/445 296/442
f 2452/446 2475/369 2650/447
f 2653/44 2637/132 2581/448
f 2581/448 2635/449 2653/44
f 1552/381 2652/380 727/450
f 727/450 726/451 1552/381
f 962/452 961/453 83/454
f 83/455 82/456 962/457
f 551/439 1922/458 866/437
f 2197/440 2550/396 2654/394
f 2550/396 2476/441 2416/459
f 1669/460 2172/461 395/462
f 395/462 1919/463 1669/460
f 1623/464 2151/465 255/466
f 255/466 254/467 1623/464
f 2387/468 2651/469 2388/249
f 2651/469 2641/470 2388/249
f 2388/249 2642/471 2373/250
f 2388/249 2640/472 2642/471
f 2438/473 2650/447 567/474
f 2657/475 2587/476 2496/477
f 835/478 1002/479 1005/443
f 1005/443 296/442 835/478
f 2642/471 2660/480 2401/481
f 2642/471 2643/482 2660/480
f 2401/481 2373/250 2642/471
f 2457/483 2458/484 2659/420
f 2659/420 2482/419 2457/483
f 2473/485 2648/486 2658/171
f 2658/171 2507/173 2473/485
f 2656/487 2657/475 2496/477
f 2618/488 2656/353 2450/352
f 2496/489 2497/490 2656/491
f 592/492 591/493 2410/494
f 2177/495 2522/496 2655/497
f 2655/497 2534/385 2177/495
f 1521/498 550/499 553/500
f 85/501 1521/498 553/500
f 553/500 82/456 85/501
f 1923/502 1908/503 898/504
f 898/504 1936/505 1923/502
f 2197/440 2654/394 2484/506
f 434/507 2441/508 548/509
f 564/510 2552/511 2692/512
f 2692/512 563/513 564/510
f 414/514 2478/515 911/516
f 911/516 415/517 414/514
f 2008/518 2007/519 1549/520
f 1549/520 1801/521 2008/518
f 2531/522 2683/523 2691/524
f 2691/524 2690/525 2531/522
f 2690/105 2533/104 2531/526
f 1691/527 2485/528 1088/529
f 1088/529 1702/530 1691/527
f 2471/531 2510/429 2666/428
f 548/509 2434/532 434/507
f 1496/533 2689/534 2593/535
f 1496/536 2196/537 2689/538
f 1331/539 2017/540 1307/541
f 1307/541 1306/542 1331/539
f 2667/422 2668/421 2688/128
f 2688/128 2687/130 2667/422
f 2687/130 2671/543 2667/422
f 2622/544 2631/373 2686/545
f 2686/545 2619/546 2622/544
f 640/547 2425/548 2602/549
f 910/550 2124/551 416/552
f 416/552 415/517 910/550
f 1583/553 2241/554 2061/555
f 2061/555 2060/556 1583/553
f 189/557 2685/558 2532/559
f 2532/560 2529/561 189/562
f 2685/558 2684/563 2532/559
f 1146/564 1720/565 815/566
f 815/566 1702/530 1146/564
f 2696/567 2238/114 1264/568
f 1264/568 1561/569 2696/567
f 2607/431 2629/570 2665/426
f 2623/571 2271/103 1347/572
f 425/573 2390/574 105/575
f 2390/574 2921/576 105/575
f 426/577 425/573 105/575
f 2694/131 2695/578 2671/543
f 2695/578 2682/579 2671/543
f 2671/543 2687/130 2694/131
f 2680/580 2693/40 2635/581
f 2693/40 2653/39 2635/581
f 2666/428 2472/136 2471/531
f 843/582 311/583 1118/584
f 2636/585 2626/586 2681/587
f 2680/580 2635/581 2636/588
f 2657/475 2588/589 2587/476
f 2588/590 2608/591 2587/592
f 417/593 2678/594 2679/595
f 2679/595 457/596 417/593
f 417/597 1360/598 2678/599
f 2676/600 2677/601 731/602
f 2676/603 2675/604 2677/605
f 731/606 2675/607 2676/608
f 1118/584 1117/609 843/582
f 2636/588 2681/610 2680/580
f 2674/611 2467/612 2198/613
f 2198/613 2459/614 2674/611
f 1868/615 2221/616 2673/617
f 2673/617 2672/618 1868/615
f 2672/618 2556/359 1868/615
f 2335/362 1969/361 2333/619
f 2483/372 2667/422 2671/543
f 2671/543 2663/371 2483/372
f 2670/201 2589/200 2511/424
f 2511/620 2512/309 2670/308
f 1291/621 2209/622 652/623
f 2607/624 2608/625 2629/626
f 348/627 347/628 1726/629
f 825/630 822/631 348/627
f 348/627 1726/629 825/630
f 411/632 1399/633 908/634
f 908/634 373/635 411/632
f 2685/636 2683/523 2530/637
f 2530/638 2684/563 2685/558
f 2530/638 2532/559 2684/563
f 2683/523 2531/522 2530/637
f 442/233 2405/639 2380/231
f 652/623 650/640 1291/621
f 505/641 2582/642 1190/643
f 1190/643 2230/644 505/641
f 1284/645 2195/646 2194/647
f 2194/647 1734/648 1285/649
f 2194/647 1285/649 1284/645
f 101/650 105/651 2921/652
f 599/653 2664/368 2663/371
f 2663/371 2682/579 599/653
f 2663/371 2671/543 2682/579
f 1108/654 364/655 785/656
f 1694/657 1759/658 1170/659
f 906/660 2763/661 2690/525
f 2690/525 2691/524 906/660
f 2763/662 2702/106 2690/105
f 2761/663 2762/664 2711/12
f 2762/664 2755/665 2711/12
f 2711/12 2584/11 2761/663
f 78/666 2503/667 2327/668
f 2327/668 74/669 78/666
f 785/656 1574/670 1139/671
f 785/656 1139/671 1108/654
f 1170/659 1834/672 1694/657
f 1386/673 1390/674 1008/675
f 1386/673 1008/675 1007/676
f 2341/677 1207/678 1879/679
f 1557/680 1556/681 2080/682
f 2080/682 2078/683 1557/680
f 2662/328 2759/684 2760/685
f 2760/685 2720/325 2662/328
f 2662/95 2712/94 2759/686
f 161/687 193/688 2074/689
f 2074/689 2073/690 161/687
f 2325/691 2767/692 1132/693
f 2768/694 2337/695 457/596
f 729/696 1525/697 1553/336
f 1553/336 726/698 729/696
f 1873/699 2289/700 1119/701
f 1873/337 1119/702 1123/315
f 405/703 2761/663 2584/11
f 2584/11 2583/704 405/703
f 1719/705 2132/706 437/707
f 437/707 436/708 1719/705
f 1574/670 1797/709 1140/710
f 1140/710 1139/671 1574/670
f 1059/711 1815/712 1503/5
f 2325/691 2644/713 2767/692
f 1572/714 2458/715 2449/716
f 2449/716 537/717 1572/714
f 2766/718 2759/686 2712/94
f 2712/94 2751/719 2766/718
f 2764/720 2765/721 1360/598
f 2765/721 2678/599 1360/598
f 1360/598 1359/722 2764/720
f 193/688 2367/723 2074/689
f 1759/658 2105/724 1170/659
f 828/725 1444/726 362/727
f 2705/153 2754/728 2758/729
f 2757/730 2704/62 2705/153
f 31/731 2296/66 713/732
f 713/732 32/733 31/731
f 1158/734 2455/735 220/736
f 220/736 219/737 1158/734
f 467/738 2624/739 709/740
f 709/740 2052/741 467/738
f 1863/742 2325/691 1132/693
f 1207/678 2341/677 1863/743
f 1863/742 1132/693 1135/744
f 2705/153 2758/729 2757/730
f 362/745 361/746 828/747
f 2681/610 2744/748 2756/749
f 2756/749 2680/580 2681/610
f 2618/750 2698/133 2730/751
f 2722/181 1203/752 1982/753
f 1982/753 2506/257 2722/181
f 661/754 660/755 1482/756
f 447/757 1415/758 937/759
f 937/759 936/760 447/757
f 1955/761 1269/762 841/763
f 2050/764 2051/765 388/766
f 1503/5 1019/4 1059/711
f 369/767 2714/63 2704/62
f 2704/62 2757/730 369/767
f 1921/768 2716/769 75/770
f 74/669 2327/668 1921/771
f 75/772 74/669 1921/771
f 749/773 1084/774 400/775
f 400/775 399/776 749/773
f 2293/777 2645/778 2323/779
f 2645/778 2644/713 2323/779
f 2644/713 2325/691 2323/779
f 457/596 2679/595 2768/694
f 388/766 387/780 2050/764
f 2680/580 2756/749 2745/781
f 2506/257 1250/182 2722/181
f 162/782 161/687 2073/690
f 162/782 2073/690 1508/783
f 1508/783 1416/784 162/782
f 478/785 2256/786 2136/787
f 2136/787 2060/556 478/785
f 123/788 2268/789 1032/790
f 1032/791 120/792 123/793
f 2777/794 1524/795 1526/796
f 543/797 1903/798 1283/799
f 1283/799 544/318 543/797
f 856/800 1917/801 672/802
f 672/803 671/804 856/805
f 2646/806 2647/807 2767/692
f 2695/578 2779/808 631/809
f 2695/578 2694/131 2779/808
f 2695/578 631/809 600/810
f 2648/811 2775/812 2778/813
f 2778/813 2658/814 2648/811
f 1526/796 2579/815 2777/794
f 2735/816 2484/506 2654/394
f 825/630 819/817 822/631
f 1542/818 1546/819 622/820
f 622/820 621/821 1542/818
f 1474/822 2255/823 2405/639
f 2405/639 442/233 1474/822
f 2132/824 2152/825 472/826
f 472/827 437/707 2132/706
f 806/828 1515/829 1752/830
f 1752/831 1534/832 806/833
f 2682/579 2695/578 600/810
f 312/834 844/835 1709/836
f 1624/837 1951/838 1024/839
f 1597/840 1624/837 1024/839
f 1024/841 835/842 1597/843
f 1325/844 1324/845 2332/846
f 2783/847 2779/808 2694/131
f 2694/131 2701/129 2783/847
f 2686/279 2720/848 2782/849
f 2782/849 2717/280 2686/279
f 2781/850 2780/851 1568/852
f 1568/852 1567/853 2781/850
f 2780/851 2621/98 1568/852
f 600/810 599/653 2682/579
f 1708/854 313/855 312/834
f 1709/836 1708/854 312/834
f 842/856 1268/857 2062/858
f 2062/858 559/859 842/856
f 559/859 590/860 842/856
f 590/860 558/861 842/856
f 2605/862 2347/863 2545/864
f 1671/865 1540/866 587/867
f 587/867 586/393 1671/865
f 2654/394 2661/360 2735/816
f 406/868 405/703 2583/704
f 2771/869 2752/870 2738/871
f 2738/871 2739/872 2771/869
f 563/513 2692/512 2770/873
f 2770/874 2561/875 563/876
f 797/877 1455/878 1635/879
f 1222/880 124/881 45/882
f 45/882 44/883 1222/880
f 2529/884 2539/885 1319/886
f 2529/887 1319/888 190/889
f 190/890 189/562 2529/561
f 2583/704 2594/338 406/868
f 2502/891 2097/892 2475/369
f 1972/206 2724/205 115/893
f 115/893 2145/894 1972/206
f 470/895 1625/896 1596/897
f 1596/897 1263/898 471/899
f 471/899 470/895 1596/897
f 2644/713 2646/806 2767/692
f 2116/900 2659/901 2458/715
f 2458/715 1572/714 2116/900
f 2746/902 2769/903 2707/41
f 2769/903 2739/904 2707/41
f 2417/905 2620/906 901/907
f 2776/908 2775/909 2649/910
f 2649/910 2728/911 2776/908
f 2775/909 2648/912 2649/910
f 1459/913 2561/875 2774/914
f 2774/914 1456/915 1459/913
f 1635/916 2773/917 2442/918
f 2773/919 2444/920 2442/921
f 125/922 124/881 1247/923
f 229/924 2539/885 2330/925
f 2330/925 2551/926 229/924
f 2755/665 2754/728 2703/14
f 901/907 2613/221 2417/905
f 114/927 2354/928 2145/894
f 2145/894 115/893 114/927
f 1213/929 1884/930 1576/931
f 1576/932 1575/933 1213/934
f 2645/778 2772/935 216/936
f 2645/778 2293/777 2772/935
f 216/936 2643/482 2645/778
f 2475/369 2664/368 2502/891
f 2097/892 2650/447 2475/369
f 1260/937 2439/938 63/939
f 2665/940 2706/50 2666/428
f 1508/783 2075/941 2741/942
f 2741/942 1506/943 1508/783
f 728/944 2523/945 2395/946
f 2395/947 2396/948 728/949
f 2009/950 2134/951 1318/952
f 1318/952 2120/953 2009/950
f 1193/954 2157/955 929/956
f 929/956 510/957 1193/954
f 2556/359 2672/618 2740/958
f 2740/958 2661/360 2556/359
f 2731/959 2726/230 2555/229
f 63/939 2171/398 1260/937
f 742/960 2155/961 2131/962
f 742/960 2131/962 889/963
f 889/963 888/964 742/960
f 2739/872 2738/871 2699/43
f 2699/43 2707/42 2739/872
f 2738/871 2700/97 2699/43
f 1439/965 2736/966 2737/967
f 2737/968 2349/969 1439/970
f 1439/971 1438/972 2736/973
f 224/974 2041/975 1598/976
f 2562/329 2697/134 2698/133
f 2586/99 2621/98 2578/977
f 2625/978 2616/979 2305/980
f 2305/980 2306/981 2625/978
f 2616/979 2606/982 2305/980
f 191/983 1741/984 2409/985
f 2409/985 1675/986 191/983
f 511/987 930/988 1197/989
f 1197/989 1196/990 511/987
f 1451/991 1974/391 1581/992
f 1581/992 1580/993 1451/991
f 1273/994 2270/995 2242/996
f 1598/117 225/116 224/997
f 2689/538 2196/537 2378/998
f 2196/537 2333/619 2378/998
f 2378/999 2206/1000 2689/534
f 1188/1001 2195/646 327/1002
f 327/1002 326/1003 1188/1001
f 853/1004 1686/1005 1916/1006
f 1916/1006 855/1007 853/1004
f 1404/1008 2453/1009 972/1010
f 972/1010 1206/1011 1404/1008
f 602/1012 601/1013 1883/1014
f 2091/1015 2381/1016 1693/1017
f 1693/1017 904/1018 691/1019
f 1693/1017 691/1019 2091/1015
f 1116/1020 2729/1021 1721/1022
f 1721/1022 2406/1023 1116/1020
f 2729/1021 1740/1024 1721/1022
f 1370/1025 2089/1026 477/1027
f 477/1027 476/1028 1370/1025
f 983/1029 2164/1030 754/1031
f 754/1031 753/1032 983/1029
f 835/842 1024/841 1002/1033
f 1927/1034 2247/1035 1249/1036
f 1883/1014 1882/1037 602/1012
f 2728/911 2649/910 2563/1038
f 2563/1038 2599/203 2728/911
f 2656/1039 2706/50 2657/49
f 1150/1040 2547/1041 1275/1042
f 1275/1043 1274/1044 1150/1045
f 1434/1046 2396/948 2160/1047
f 2160/1047 1435/1048 1434/1046
f 2596/1049 2727/1050 2595/1051
f 2727/1052 2605/862 2595/1053
f 2733/1054 2519/1055 2520/1056
f 2242/996 1274/1044 1273/994
f 904/1018 692/1057 691/1019
f 1739/1058 1740/1024 343/1059
f 1739/1058 343/1059 342/1060
f 1143/1061 1851/1062 2186/1063
f 2186/1064 2119/1065 1143/1066
f 2735/816 2488/416 2006/1067
f 2006/1067 2484/506 2735/816
f 2520/1056 2521/1068 2734/1069
f 2734/1069 2733/1054 2520/1056
f 2698/133 2618/750 2562/329
f 1619/1070 1559/1071 833/1072
f 833/1072 832/1073 1619/1070
f 630/1074 421/1075 104/1076
f 104/1076 103/1077 630/1074
f 2732/1078 2731/959 2609/1079
f 2609/1079 2611/1080 2732/1078
f 2731/959 2555/229 2609/1079
f 2730/751 2698/133 2472/136
f 2472/136 2666/428 2730/751
f 1249/1036 1928/1081 1927/1034
f 1505/1082 2007/519 2010/1083
f 1753/1084 2415/1085 71/1086
f 605/1087 2022/1088 1350/1089
f 605/1087 1350/1089 1349/1090
f 1952/1091 1843/1092 1825/1093
f 1825/1093 1025/1094 1952/1091
f 289/1095 2747/1096 2263/1097
f 2263/1097 2261/1098 289/1095
f 2752/870 2751/719 2700/97
f 2700/97 2738/871 2752/870
f 2751/719 2712/94 2700/97
f 2656/1039 2618/750 2730/751
f 71/1086 2440/1099 1753/1084
f 2010/1083 876/1100 1505/1082
f 1924/1101 791/1102 795/1103
f 1145/1104 2222/110 1519/1105
f 1519/1105 1720/565 1145/1104
f 1217/1106 2750/1107 1312/1108
f 1312/1108 2276/1109 1217/1106
f 2750/1107 2272/155 1312/1108
f 110/1110 2425/548 1105/1111
f 1105/1111 111/1112 110/1110
f 2264/1113 2748/1114 2749/1115
f 2599/203 2723/202 2728/911
f 2703/14 2711/12 2755/665
f 2754/728 2705/153 2703/14
f 1333/1116 2282/68 956/1117
f 956/1118 2276/1109 1333/1119
f 149/1120 2455/735 1774/1121
f 1774/1121 2440/1099 149/1120
f 429/1122 2052/1123 668/1124
f 668/1124 430/1125 429/1122
f 2325/691 1863/742 2324/1126
f 2261/1098 2590/1127 290/1128
f 290/1128 289/1095 2261/1098
f 2262/1129 2747/1096 251/1130
f 1961/1131 1960/1132 2753/1133
f 526/1134 525/1135 1961/1131
f 1961/1131 2753/1133 526/1134
f 1399/633 2030/1136 908/634
f 1543/1137 1563/1138 584/1139
f 584/1139 1544/1140 1543/1137
f 1648/1141 2328/1142 1497/1143
f 1649/111 1648/1144 1497/112
f 613/1145 2499/1146 927/1147
f 927/1147 2088/1148 613/1145
f 2206/1000 2403/1149 2743/1150
f 701/1151 1421/1152 1445/1153
f 1445/1154 1236/1155 701/1156
f 2626/172 2658/171 2744/1157
f 2744/1158 2681/587 2626/586
f 2625/978 2306/981 1940/1159
f 1891/1160 1890/1161 723/1162
f 723/1162 722/1163 1891/1160
f 1011/1164 2185/412 1244/1165
f 1244/1165 1012/1166 1011/1164
f 2068/1167 2490/1168 1426/1169
f 1426/1169 2069/1170 2068/1167
f 2266/1171 2573/1172 1004/1173
f 2743/1150 2689/534 2206/1000
f 1716/1174 2439/938 1666/1175
f 1665/1176 2004/1177 1716/1174
f 1716/1174 1666/1175 1665/1176
f 1772/1178 2564/1179 948/1180
f 948/1180 947/1181 1772/1178
f 708/1182 177/1183 738/1184
f 738/1184 211/1185 708/1182
f 2611/1080 2717/280 2742/1186
f 2742/1186 2732/1078 2611/1080
f 1478/1187 1117/1188 308/1189
f 2262/1129 2263/1097 2747/1096
f 2262/1190 251/1191 213/1192
f 213/1192 212/1193 2262/1190
f 2693/40 2745/781 2746/902
f 2746/902 2707/41 2693/40
f 2693/40 2680/580 2745/781
f 2730/751 2666/428 2706/50
f 2706/50 2656/1039 2730/751
f 2447/1194 1654/1195 2420/1196
f 2447/1194 2446/1197 1654/1195
f 2438/473 2452/446 2650/447
f 308/1189 1479/1198 1478/1187
f 761/1199 1539/1200 1541/1201
f 1541/1201 762/1202 761/1199
f 1472/1203 2283/1204 1013/1205
f 1013/1205 1012/1166 1472/1203
f 503/1206 2069/1170 867/1207
f 867/1207 2267/16 503/1206
f 26/1208 2415/1085 1517/1209
f 1517/1209 2023/1210 26/1208
f 1734/648 1731/1211 1285/649
f 608/1212 607/303 1847/1213
f 2249/1214 2463/1215 2510/1216
f 907/1217 2153/1218 692/1057
f 692/1057 904/1018 907/1217
f 2020/377 1629/1219 1991/1220
f 2392/223 2504/339 2055/1221
f 2509/1222 2336/1223 1393/1224
f 1393/1224 1701/1225 2509/1222
f 1689/1226 1664/1227 502/1228
f 502/1228 501/345 1689/1226
f 1847/192 1846/1229 608/1230
f 607/1231 2508/1232 1847/192
f 2510/1216 2471/1233 2249/1214
f 2502/1234 602/1012 1882/1037
f 2502/1234 1882/1037 780/1235
f 2292/1236 2322/1237 2204/1238
f 2322/1237 2321/1239 2204/1238
f 2204/1240 2191/1241 2292/1242
f 2204/1243 2228/1244 2191/1245
f 2340/1246 2473/485 2507/173
f 2507/173 2487/1247 2340/1246
f 2496/1248 2462/1249 2307/1250
f 2506/257 1982/753 2505/1251
f 582/1252 1395/1253 1870/1254
f 598/1255 102/1256 61/1257
f 2216/1258 2215/1259 2514/423
f 2514/423 2308/1260 2216/1258
f 2513/311 2479/1261 2235/1262
f 2235/1262 2456/137 2513/311
f 1744/1263 1172/1264 1760/1265
f 1760/1265 1172/1264 1175/1266
f 1959/1267 2381/1016 1435/1048
f 1435/1048 2160/1047 1959/1267
f 1629/1219 2020/377 2044/376
f 1870/1268 1851/1062 582/1269
f 2505/1251 280/400 2506/257
f 2354/928 2364/1270 1738/1271
f 1334/1272 1308/1273 1311/1274
f 1311/1275 1332/1276 1334/1277
f 607/1231 746/1278 2508/1232
f 1559/1071 1619/1070 1621/1279
f 1621/1279 1533/1280 1559/1071
f 2217/1281 2190/1282 2228/1244
f 2512/309 2511/620 2162/1283
f 2162/1283 2331/1284 2512/309
f 2511/620 2215/1285 2162/1283
f 638/1286 637/1287 951/1288
f 157/1289 156/1290 160/1291
f 160/1291 159/1292 157/1289
f 616/1293 988/387 121/1294
f 121/1294 120/792 616/1293
f 2500/64 2356/1295 2344/1296
f 2344/1296 2491/1297 2500/64
f 612/1298 1627/18 2499/1146
f 2499/1146 613/1145 612/1298
f 256/1299 809/1300 433/1301
f 433/1301 432/1302 256/1299
f 951/1288 1306/542 638/1286
f 1075/1303 1176/1304 1180/1305
f 2498/1306 497/1307 2310/1308
f 2310/1309 1490/1310 2498/1311
f 1842/1312 1932/1313 1811/1314
f 1811/1314 1130/1315 1842/1312
f 2480/1316 2385/1317 2274/1318
f 1180/1319 2495/1320 451/1321
f 2495/1320 2165/1322 451/1321
f 451/1323 1075/1303 1180/1305
f 1262/1324 1261/1325 1887/1326
f 2505/1251 1275/1327 280/400
f 1099/1328 1056/208 1962/211
f 1232/1329 1098/1330 1099/1328
f 1962/211 1232/1329 1099/1328
f 156/1290 1939/1331 160/1291
f 653/1332 2268/789 158/1333
f 2504/339 2492/1334 2239/1335
f 2239/1335 2055/1221 2504/339
f 2503/1336 2343/273 1953/1337
f 1953/1337 2327/1338 2503/1336
f 1887/1326 1667/1339 1262/1324
f 706/1340 832/1073 831/1341
f 1495/1342 1864/1343 1045/1344
f 1045/1345 1491/1346 1495/1347
f 2097/1348 2502/1234 780/1235
f 780/1235 779/1349 2097/1348
f 2321/1350 2167/1351 1985/1352
f 1985/1353 2204/1354 2321/1355
f 2501/1356 2481/1357 2412/1358
f 2412/1358 2486/1359 2501/1356
f 2450/1360 2497/1361 2411/1362
f 2496/1248 2307/1250 2411/1363
f 2515/1364 2519/1055 2536/1365
f 2540/1366 2541/1367 2011/1368
f 2225/1369 1125/1370 1124/1371
f 275/1372 1998/1373 231/1374
f 2288/1375 2330/925 2539/885
f 2539/885 2529/884 2288/1375
f 989/1376 2538/1377 1997/1378
f 1997/1378 2174/1379 989/1376
f 2538/1380 1996/1381 1997/1382
f 1995/1383 2184/1384 2404/1385
f 2537/1386 2525/1387 2515/1364
f 2515/1364 2536/1365 2537/1386
f 2011/1388 2337/695 2542/1389
f 70/1390 2524/1391 2098/1392
f 2098/1393 67/1394 70/1395
f 777/1396 853/1004 855/1007
f 855/1007 854/1397 777/1396
f 1381/1398 460/1399 57/1400
f 1382/1401 1381/1398 57/1400
f 2511/424 2514/423 2215/1259
f 2187/1402 2319/1403 2351/1404
f 2535/1405 1359/1406 1358/1407
f 1358/1407 1400/1408 2535/1405
f 1970/1409 428/1410 1006/1411
f 2331/1284 2384/1412 2549/228
f 1400/1413 2349/1414 2548/1415
f 2548/1416 2535/1405 1400/1408
f 2547/1417 1150/1418 1149/1419
f 1149/1420 2234/261 2547/260
f 272/1421 2427/1422 2546/1423
f 2546/1423 268/1424 272/1421
f 2317/1425 2545/864 2347/863
f 2317/1426 2318/1427 2545/1428
f 1996/1381 2538/1380 618/1429
f 2416/459 2404/1385 2184/1384
f 2534/385 2407/384 1976/1430
f 1160/1431 830/1432 833/1072
f 833/1072 1558/322 1160/1431
f 918/1433 1699/1434 1593/1435
f 1593/1435 1592/1436 918/1433
f 1385/1437 881/1438 460/1399
f 460/1399 1381/1398 1385/1437
f 2487/1439 2543/1440 2486/1359
f 2486/1359 2544/1441 2501/1356
f 2543/1440 2544/1441 2486/1359
f 2542/1442 2540/1366 2011/1368
f 1540/866 1671/865 716/1443
f 1382/1401 57/1400 8/1444
f 1949/252 1950/1445 8/1444
f 8/1444 1950/1445 1382/1401
f 2514/423 2352/1446 2308/1260
f 2226/1447 2430/1448 2479/1261
f 2479/1261 2278/1449 2226/1447
f 2176/1450 2523/945 2522/496
f 2176/1450 2395/946 2523/945
f 2522/496 2177/495 2176/1450
f 2029/375 2020/377 1112/1451
f 716/1443 1922/458 1540/866
f 8/1452 57/1453 59/1454
f 1989/1455 2152/825 864/1456
f 2517/1457 2518/1458 2521/1068
f 2521/1068 2520/1056 2517/1457
f 2517/1457 2520/1056 2519/1055
f 2519/1055 2515/1364 2517/1457
f 2517/1457 2516/1459 2518/1458
f 2515/1364 2516/1459 2517/1457
f 2326/1460 782/1461 23/1462
f 23/1462 22/1463 2326/1460
f 831/1341 2155/961 706/1340
f 154/1464 1989/1455 1775/1465
f 1976/1430 2177/495 2534/385
f 2528/1466 2533/104 2287/108
f 2529/884 2532/559 2528/1466
f 2528/1466 2531/526 2533/104
f 2532/559 2530/638 2528/1466
f 2528/1466 2530/638 2531/526
f 2528/1466 2288/1375 2529/884
f 2287/108 2288/1375 2528/1466
f 1937/1467 1936/505 1219/1468
f 1219/1468 1218/1469 1937/1467
f 1270/1470 1632/1471 1418/1472
f 1775/1465 1776/1473 154/1464
f 2527/1474 2518/1458 2516/1459
f 2516/1459 2526/1475 2527/1474
f 2525/1387 2526/1475 2516/1459
f 2516/1459 2515/1364 2525/1387
f 1137/1476 1881/1477 1883/1014
f 1883/1478 2524/1479 1137/1480
f 666/1481 1661/1482 1900/1483
f 1900/1483 667/1484 666/1481
f 8/1444 12/248 1949/252
f 618/1485 2459/1486 368/1487
f 2463/1488 2249/1489 2248/1490
f 2248/1491 2307/1250 2462/1249
f 1678/1492 823/1493 1679/1494
f 1679/1494 823/1493 826/1495
f 824/1496 2461/1497 820/1498
f 820/1498 819/817 824/1496
f 964/151 2460/1499 513/1500
f 513/1500 517/148 964/151
f 2460/1499 588/1501 513/1500
f 1196/990 1871/1502 512/1503
f 512/1503 511/987 1196/990
f 2248/1504 2462/1505 2464/1506
f 2459/614 2198/613 368/1507
f 368/1487 1996/1508 618/1485
f 1850/1509 2173/1510 1995/1383
f 258/1511 1189/1512 674/1513
f 674/1513 673/140 259/139
f 259/139 258/1511 674/1513
f 326/1003 2163/1514 1134/1515
f 1134/1515 1188/1001 326/1003
f 710/1516 178/1517 177/1183
f 177/1183 708/1182 710/1516
f 2184/1384 1995/1383 2173/1510
f 1727/1518 848/1519 1725/1520
f 1747/1521 848/1519 1727/1518
f 846/1522 1550/1523 1505/1082
f 1505/1082 847/1524 846/1522
f 1199/1525 2470/316 2469/1526
f 1199/1525 1198/317 2470/316
f 2469/1526 1855/1527 1199/1525
f 2201/1528 2200/1529 2468/1530
f 2468/1530 2210/1531 2201/1528
f 77/1532 2198/613 2467/612
f 2467/612 1031/1533 77/1532
f 2448/1534 2449/1535 2458/484
f 786/1536 785/656 364/655
f 364/655 363/1537 786/1536
f 1734/648 2194/647 1732/1538
f 1387/1539 253/1540 252/1541
f 252/1542 1388/1543 1387/1544
f 2457/483 2465/1545 2451/1546
f 2451/1546 2466/1547 2452/446
f 2465/1545 2466/1547 2451/1546
f 2087/1548 2352/1446 2358/1549
f 2464/1506 2463/1550 2248/1504
f 1412/1551 1411/1552 1520/1553
f 2437/1554 2451/1546 2452/446
f 2437/1554 2448/1534 2451/1546
f 2216/1258 2260/1555 1984/1556
f 2259/1557 2369/1558 2450/1559
f 2450/1560 2411/1561 2259/1562
f 1695/1563 1678/1564 2446/1197
f 1635/916 2442/918 798/1565
f 798/1566 797/877 1635/879
f 2202/1567 1033/1568 1354/1569
f 1852/1570 1500/1571 1499/1572
f 1520/1553 1425/1573 1412/1551
f 2452/446 2438/473 2437/1554
f 1138/1574 1535/1575 183/1576
f 183/1576 1136/1577 1138/1574
f 638/1286 143/1578 142/1579
f 142/1579 635/2 638/1286
f 2431/1580 2432/1581 2449/1535
f 40/1582 39/1583 2468/1584
f 2448/1534 2437/1554 2431/1580
f 2446/1585 2447/1586 2445/1587
f 2447/1586 697/1588 2445/1587
f 346/1589 345/1590 2223/1591
f 2458/484 2457/483 2448/1534
f 2457/483 2451/1546 2448/1534
f 2384/1412 2331/1284 2166/1592
f 2203/1593 2338/1594 2456/1595
f 2456/137 2235/1262 2203/1596
f 1654/1195 2446/1197 1655/1597
f 2446/1197 1678/1564 1655/1597
f 1655/1598 1677/1599 1478/1600
f 1478/1600 1477/1601 1655/1598
f 2223/1591 412/1602 346/1589
f 2110/1603 2249/1214 2471/1233
f 1168/1604 2200/1605 1502/1606
f 1502/1607 1501/1608 1168/1609
f 1580/993 2174/1379 336/1610
f 336/1610 1451/991 1580/993
f 895/1611 2363/1612 2379/1613
f 2455/735 1158/734 1161/1614
f 1161/1614 1774/1121 2455/735
f 2453/1009 1404/1008 2037/1615
f 2036/26 2454/3 2453/1616
f 2037/1617 2036/26 2453/1616
f 1616/1618 1618/166 1080/170
f 874/1619 1542/818 621/821
f 817/1620 792/1621 1938/1622
f 838/1623 1497/1143 2328/1142
f 397/1624 2006/1067 2488/416
f 2488/416 1536/415 397/1624
f 432/1302 2053/1625 257/1626
f 257/1626 256/1299 432/1302
f 922/1627 2022/1088 570/162
f 570/162 569/1628 922/1627
f 1406/1629 1465/1630 360/1631
f 360/1631 359/1632 1406/1629
f 621/821 871/1633 874/1619
f 1065/1634 1639/1635 1616/1618
f 1080/170 1065/1634 1616/1618
f 2487/1247 2486/1636 2339/1637
f 2339/1637 2340/1246 2487/1247
f 2486/1359 2412/1358 2339/1638
f 2430/1448 2319/1403 2178/1639
f 2319/1403 2187/1402 2178/1639
f 845/1640 1747/1521 877/1641
f 940/1642 1565/1643 1564/1644
f 1564/1644 1586/1645 940/1642
f 2490/1168 2068/1167 1886/1646
f 1417/1647 1268/1648 1270/1470
f 1270/1470 1418/1472 1417/1647
f 872/1649 1582/389 1581/992
f 1581/992 1563/1138 873/1650
f 1581/992 873/1650 872/1649
f 2492/1334 2494/1651 2345/1652
f 2494/1651 2493/1653 2345/1652
f 2345/1652 2493/1653 2491/1297
f 2345/1652 2239/1335 2492/1334
f 2491/1297 2344/1296 2345/1652
f 1886/1646 1885/1654 2490/1168
f 1545/1655 1909/213 1546/1656
f 1191/1657 295/1658 298/1659
f 298/1659 1192/70 1191/1657
f 1349/1090 2237/1660 606/1661
f 606/1661 605/1087 1349/1090
f 389/348 1463/347 1514/1662
f 1104/1663 1659/1664 1639/1635
f 1639/1635 1065/1634 1104/1663
f 2260/1555 2216/1258 2308/1260
f 2147/1665 2489/145 92/1666
f 2147/1665 1608/146 2489/145
f 391/1667 2218/1668 858/1669
f 2478/515 414/514 1548/1670
f 1174/1671 2477/1672 1894/1673
f 1894/1673 2304/1674 1174/1671
f 2477/1675 1895/1676 1894/1677
f 2210/1531 2468/1530 39/1678
f 650/1679 2283/1204 757/1680
f 757/1681 1291/621 650/640
f 2476/441 2197/440 1068/1682
f 1068/1682 2404/1385 2476/441
f 398/1683 145/1684 148/1685
f 148/1686 399/776 398/1687
f 1548/1670 1547/1688 2478/515
f 858/1669 1259/1689 391/1667
f 1784/1690 362/1691 1444/1692
f 1444/1692 1443/305 1784/1690
f 2466/1547 2474/370 2475/369
f 2475/369 2452/446 2466/1547
f 2466/1547 2465/1545 2474/370
f 2227/1693 2398/1694 2473/485
f 2473/485 2340/1246 2227/1693
f 2472/136 2338/135 2110/1695
f 2110/1695 2471/531 2472/136
f 1464/1696 1423/1697 1389/1698
f 587/867 1539/1200 1544/1140
f 1544/1140 584/1139 587/867
f 2485/528 1691/527 403/1699
f 403/1699 1031/1533 2485/528
f 2484/506 2006/1067 1083/1700
f 1083/1700 2197/440 2484/506
f 218/1701 180/71 1192/70
f 1192/70 298/1659 218/1701
f 1464/1702 1463/1703 1449/1704
f 1464/1705 1446/1706 1389/1707
f 2549/228 2512/309 2331/1284
f 2465/1545 2482/419 2483/372
f 2483/372 2474/370 2465/1545
f 2465/1545 2457/483 2482/419
f 2481/1357 2480/1316 2275/1708
f 2275/1708 2412/1358 2481/1357
f 2480/1316 2274/1318 2275/1708
f 2479/1261 2430/1448 2179/1709
f 2179/1709 2235/1262 2479/1261
f 2430/1448 2178/1639 2179/1709
f 1747/1521 845/1640 848/1519
f 2149/1710 2353/1711 2359/1712
f 2469/1526 1856/290 1855/1527
f 342/1060 2120/953 1292/1713
f 1292/1713 1739/1058 342/1060
f 476/1714 2620/906 1830/1715
f 1830/1715 1370/1716 476/1714
f 1907/1717 2082/157 680/1718
f 680/1718 1904/1719 1907/1717
f 809/1300 1812/1720 433/1301
f 2624/739 2623/571 710/1721
f 710/1721 709/740 2624/739
f 2623/571 1347/572 710/1721
f 2920/1722 522/1723 523/1724
f 2359/1725 2360/1726 2149/1727
f 2501/1356 2622/544 2619/546
f 2501/1356 2572/1728 2622/544
f 2278/1449 2479/1261 2513/311
f 2513/311 2421/310 2278/1449
f 2108/405 1568/852 2621/98
f 2621/98 2107/100 2108/405
f 2615/1729 1960/1132 88/1730
f 1816/1731 1815/712 1058/1732
f 1058/1732 1836/1733 1816/1731
f 1263/898 1596/897 834/1734
f 2572/1728 2630/374 2631/373
f 2572/1728 2571/1735 2630/374
f 2418/312 769/1736 1636/1737
f 724/1738 2123/1739 2628/1740
f 2628/1740 2289/1741 724/1738
f 870/1742 1338/1743 410/1744
f 410/1744 409/1745 870/1742
f 546/1746 2119/1065 1832/1747
f 1832/1747 2089/1026 546/1746
f 642/1748 2088/1148 2627/1749
f 2627/1749 2101/1750 642/1748
f 1376/1751 2614/1752 1245/1753
f 1216/1754 1263/898 834/1734
f 1007/676 1364/1755 1365/83
f 1365/83 1386/673 1007/676
f 1258/1756 1257/1757 2332/846
f 2359/1725 2361/1758 2360/1726
f 2487/1247 2507/173 2626/172
f 2626/586 2580/1759 2487/1760
f 697/1761 2447/1194 2420/1196
f 523/1724 2625/1762 2920/1722
f 2625/1763 1940/1764 2920/1765
f 2353/1766 2149/1767 2114/1768
f 1246/1769 2614/1752 1094/1770
f 1094/1770 1703/1771 1246/1769
f 1246/1769 1245/1753 2614/1752
f 2245/1772 2417/905 2613/221
f 2613/221 2392/223 2245/1772
f 1162/72 180/71 145/1684
f 398/1683 1162/72 145/1684
f 1282/1773 2017/1774 1310/1775
f 1310/1775 1280/1776 1282/1773
f 2292/1777 2291/1778 2322/1779
f 2612/1780 2353/1766 2114/1768
f 1020/7 619/6 588/1501
f 2114/1768 1513/1781 2612/1780
f 2611/1782 2609/1783 2480/1784
f 2480/1784 2481/1785 2611/1782
f 2463/1215 2554/1786 2510/1216
f 2464/1787 2553/1788 2463/1789
f 2463/1789 2553/1788 2554/1790
f 2125/313 2418/312 2419/1791
f 1357/1792 2585/1793 2606/982
f 2606/982 1355/1794 1357/1792
f 994/1795 2269/1796 556/1797
f 1591/1798 2078/683 2079/194
f 1245/1753 1267/1799 1376/1751
f 2620/906 2417/905 2083/1800
f 2083/1800 1830/1715 2620/906
f 644/1801 2054/1802 1905/1803
f 1905/1803 1904/1719 644/1801
f 1216/1754 834/1734 295/1658
f 295/1658 1191/1657 1216/1754
f 981/1804 2252/1805 1330/1806
f 1330/1806 1329/1807 981/1804
f 2293/777 2323/779 2291/1808
f 2079/194 2400/1809 1591/1798
f 2631/373 2622/544 2572/1728
f 2481/1357 2619/546 2611/1810
f 2481/1357 2501/1356 2619/546
f 2369/1811 2562/1812 2618/488
f 2618/488 2450/352 2369/1811
f 2617/143 1567/853 1566/1813
f 1566/1813 2598/141 2617/143
f 1355/1794 2616/979 2615/1729
f 1355/1794 2606/982 2616/979
f 2615/1729 88/1730 1355/1794
f 588/1501 2460/1499 1020/7
f 1427/1814 480/1815 479/1816
f 2639/1817 2644/713 2645/778
f 2643/482 2642/471 2639/1817
f 2642/471 2640/472 2639/1817
f 2639/1817 2388/249 2641/470
f 2640/472 2388/249 2639/1817
f 537/717 2449/716 2432/1818
f 2432/1818 538/1819 537/717
f 2358/1549 2589/200 2599/203
f 793/1820 818/1821 519/1822
f 519/1822 518/1823 793/1820
f 479/1816 1397/1824 1427/1814
f 2646/806 2644/713 2639/1817
f 646/1825 1889/1826 1892/1827
f 1892/1827 2157/955 646/1825
f 436/708 2509/1222 1701/1225
f 1701/1225 1719/705 436/708
f 1640/1828 1903/798 1906/1829
f 1906/1829 1641/297 1640/1828
f 712/1830 920/1831 886/1832
f 886/1832 107/1833 712/1830
f 2423/1834 2438/473 495/1835
f 495/1835 494/1836 2423/1834
f 481/1837 480/1815 903/1838
f 567/474 495/1835 2438/473
f 2398/1694 2649/1839 2648/486
f 2398/1694 2563/1840 2649/1839
f 2648/486 2473/485 2398/1694
f 2553/1841 2464/430 2510/429
f 2510/429 2554/1842 2553/1841
f 591/493 693/1843 2408/1844
f 818/1821 842/856 558/861
f 558/861 519/1822 818/1821
f 903/1838 902/1845 1476/1846
f 903/1838 1476/1846 481/1837
f 2571/1735 2637/132 2638/96
f 679/1847 1908/503 2233/1848
f 2233/1848 1889/1826 679/1847
f 2404/1385 2416/459 2476/441
f 1644/1849 2164/1030 1367/1850
f 1367/1850 1366/1851 1644/1849
f 783/1852 2362/1853 1595/1854
f 1595/1855 1594/238 783/241
f 2641/470 2647/807 2639/1817
f 2647/807 2646/806 2639/1817
f 2639/1817 2645/778 2643/482
f 2633/1856 1642/1857 1645/1858
f 2635/449 2581/448 2580/1859
f 2420/1196 1654/1195 1656/1860
f 482/1861 2146/1862 84/1863
f 84/1863 1895/1676 482/1861
f 408/1864 407/1865 446/1866
f 446/1867 445/1868 408/1869
f 1110/1870 2103/1871 1853/1872
f 1853/1872 2133/1873 1110/1870
f 334/1874 2634/1875 1645/1876
f 2634/1877 2633/1878 1645/1879
f 1645/1876 2101/1750 334/1874
f 2580/1880 2636/588 2635/581
f 1813/1881 1848/1882 2025/1883
f 2025/1883 1812/1884 1813/1881
f 2632/1885 2081/53 1828/1886
f 1828/1886 1466/1887 2632/1885
f 1828/1888 1466/1889 2294/75
f 2294/75 1491/74 1828/1888
f 2332/846 1257/1757 1305/1890
f 1305/1890 1346/1891 2332/846
f 494/1836 2372/1892 2371/1893
f 2371/1893 2423/1834 494/1836
f 1498/1894 1628/1895 1165/1896
f 2638/96 2630/374 2571/1735
f 2571/1735 2581/448 2637/132
f 769/1736 2418/312 2137/314
f 2137/314 770/1897 769/1736
f 125/922 1247/923 794/1898
f 794/1898 793/1820 518/1823
f 794/1898 518/1823 125/922
f 1413/1899 1372/1900 1430/1901
f 1413/1899 1430/1901 1429/1902
f 1165/1896 2133/1873 1498/1894
f 556/1797 1147/1903 994/1795
f 715/1904 1935/227 32/733
f 32/733 713/732 715/1904
f 1575/1905 1848/1882 1214/1906
f 1214/1907 1213/934 1575/933
f 782/1461 781/1908 639/1909
f 639/1909 23/1462 782/1461
f 1346/1891 1325/844 2332/846
f 2399/1910 2400/1809 538/1819
f 538/1819 2432/1818 2399/1910
f 2626/586 2636/585 2580/1759
f 1163/1911 1536/415 2566/417
f 1151/1912 1150/1913 1274/1914
f 314/1915 372/1916 341/1917
f 341/1917 310/1918 314/1915
f 2545/1428 2318/1427 2558/1919
f 2558/1919 2570/1920 2545/1428
f 2558/1919 2569/1921 2570/1920
f 2558/1919 2557/1922 2569/1921
f 2568/13 2567/152 2493/1653
f 2493/1653 2494/1651 2568/13
f 2567/152 2491/1297 2493/1653
f 2566/417 2229/1923 1163/1911
f 1274/1924 2242/1925 1151/1926
f 747/1927 2377/1928 2376/1929
f 1771/169 2565/168 2564/1179
f 2564/1179 1772/1178 1771/169
f 2454/3 1103/1930 492/1931
f 492/1932 972/1010 2453/1009
f 492/1931 2453/1616 2454/3
f 2563/1840 2398/1694 2370/1933
f 2370/1933 2357/1934 2563/1840
f 2368/1935 2421/1936 2562/1812
f 2562/1812 2369/1811 2368/1935
f 2574/1937 2221/1938 2220/1939
f 2090/1940 2092/1941 2578/1942
f 1928/1081 1249/1036 1229/1943
f 876/1100 2010/1083 372/1916
f 372/1916 314/1915 876/1100
f 2577/1944 2576/1945 2557/1946
f 2557/1946 2302/1947 2577/1944
f 2557/1948 2560/9 2302/8
f 2576/1949 2569/1950 2557/1951
f 2491/1297 2575/61 2500/64
f 2491/1297 2567/152 2575/61
f 2220/1939 2434/532 2574/1937
f 2561/875 1459/913 562/1952
f 254/467 2414/1953 949/1954
f 949/1954 1623/464 254/467
f 978/1955 2573/1172 1795/1956
f 1795/1956 979/1957 978/1955
f 179/1958 1421/1152 208/1959
f 208/1959 176/1960 179/1958
f 2571/1735 2572/1728 2544/1441
f 2572/1728 2501/1356 2544/1441
f 2544/1441 2543/1440 2571/1735
f 2383/1961 2075/941 2074/689
f 2208/1962 2426/395 2550/396
f 664/1963 1380/1964 1403/1965
f 1403/1965 1206/1011 664/1963
f 2555/229 2549/228 2384/1412
f 2384/1412 2385/1966 2555/229
f 2540/1366 2552/511 2541/1367
f 2552/511 564/510 2541/1367
f 268/1424 2546/1423 1479/1198
f 1479/1198 308/1189 268/1424
f 2551/1967 2330/1968 2329/1969
f 2329/1970 2071/1971 2551/1972
f 1031/1533 2467/612 2485/528
f 979/1957 1795/1956 1750/1973
f 2550/396 2416/459 2208/1962
f 2335/1974 1971/1975 1988/1976
f 1988/1977 1970/1978 1971/1979
f 1902/1980 1901/1981 68/1982
f 68/1983 67/1984 1902/1985
f 947/1181 2236/1986 1730/1987
f 1730/1987 1772/1178 947/1181
f 144/1988 1183/1989 139/1990
f 139/1990 141/1991 144/1988
f 2559/1992 2558/1919 2318/1427
f 562/1952 563/876 2561/875
f 1201/1993 2213/1994 276/1995
f 276/1996 2234/1997 1201/1998
f 344/1999 1118/584 311/583
f 310/1918 341/1917 344/1999
f 311/583 310/1918 344/1999
f 2318/1427 2299/2000 2559/1992
f 2559/1992 2301/2001 2560/2002
f 2299/2000 2301/2001 2559/1992
f 2560/2002 2557/1922 2559/1992
f 2579/2003 1526/2004 2090/1940
f 2557/1922 2558/1919 2559/1992
f 1114/2005 2209/622 439/2006
f 439/2006 2019/2007 1114/2005
f 1141/2008 1868/615 2556/359
f 2556/359 2018/358 1141/2008
f 1468/2009 2378/998 2333/619
f 2333/2010 1969/2011 1468/2012
f 921/2013 920/1831 747/1927
f 747/1927 2376/1929 921/2013
f 1750/1973 2251/2014 979/1957
f 17/2015 21/366 2601/365
f 1803/2016 1802/2017 413/2018
f 2605/862 2545/864 2570/2019
f 2570/2019 2595/1053 2605/862
f 2356/1295 2604/291 2603/2020
f 2356/1295 2500/64 2604/291
f 2603/2020 2355/2021 2356/1295
f 262/2022 2244/2023 1290/2024
f 1290/2024 1289/2025 262/2022
f 2602/2026 2403/2027 24/2028
f 24/2028 640/2029 2602/2026
f 2601/2030 2156/2031 17/2032
f 2606/982 2585/1793 1340/2033
f 20/2034 19/2035 1811/1314
f 387/780 2600/2036 2113/2037
f 2113/2037 2050/764 387/780
f 2600/2036 2115/2038 2113/2037
f 2599/203 2563/1038 2357/2039
f 2357/2039 2358/1549 2599/203
f 1552/2040 1551/2041 2597/142
f 2597/142 2598/141 1552/2040
f 2585/1793 1357/1792 1910/2042
f 936/760 2030/1136 448/2043
f 2115/2044 2600/2045 1513/2046
f 269/266 2406/1023 2084/2047
f 2084/2047 2346/220 269/266
f 2355/2048 2603/2049 2610/268
f 2610/268 2365/267 2355/2048
f 1888/2050 2253/2051 303/2052
f 303/2052 1885/1654 1888/2050
f 69/2053 1189/1512 1030/2054
f 1030/2054 1535/1575 69/2053
f 890/2055 569/1628 572/2056
f 572/2056 1259/1689 890/2055
f 1186/2057 64/2058 217/2059
f 448/2043 447/757 936/760
f 1513/2060 2114/2061 2115/2062
f 2385/1966 2609/1079 2555/229
f 2385/2063 2480/1784 2609/1783
f 2608/625 2607/624 2462/2064
f 2462/2065 2587/592 2608/591
f 2607/624 2464/2066 2462/2064
f 2462/1249 2496/1248 2587/2067
f 1588/2068 2107/100 2586/99
f 2586/99 2093/2069 1588/2068
f 1340/2033 2305/980 2606/982
f 980/2070 2424/2071 297/445
f 1874/2072 1340/2033 2585/1793
f 2585/1793 1910/2042 1874/2072
f 1874/2072 1910/2042 2234/2073
f 412/1602 411/632 373/635
f 373/635 346/1589 412/1602
f 2393/2074 2551/926 2071/2075
f 2583/704 2584/11 2494/1651
f 2584/11 2568/13 2494/1651
f 2494/1651 2492/1334 2583/704
f 2582/2076 1561/569 1215/2077
f 1215/2077 1190/2078 2582/2076
f 2092/2079 2093/2069 2586/99
f 297/445 977/444 980/2070
f 2265/2080 2266/2081 1004/2082
f 1003/2083 1827/2084 2265/2085
f 2265/2080 1004/2082 1003/2086
f 1442/2087 2262/1190 212/1193
f 1442/2087 212/1193 211/1185
f 2581/448 2571/1735 2543/1440
f 2543/1440 2580/1859 2581/448
f 2543/1440 2487/1439 2580/1859
f 2090/1940 2578/1942 2579/2003
f 2592/2088 2151/465 1662/2089
f 2569/2090 2577/2091 2596/2092
f 2569/2093 2576/2094 2577/2095
f 2596/1049 2595/1051 2569/2096
f 2595/2097 2570/1920 2569/1921
f 2594/338 2583/704 2492/1334
f 2492/1334 2504/339 2594/338
f 580/2098 2026/2099 1578/2100
f 1578/2100 1577/2101 580/2098
f 2593/535 2023/1210 609/2102
f 609/2102 1496/533 2593/535
f 923/2103 611/185 614/2104
f 1662/2089 2156/2105 2592/2088
f 1025/1094 1825/1093 1827/2084
f 1827/2084 1003/2083 1025/1094
f 1531/2106 2591/2107 1529/2108
f 1529/2108 2591/2107 290/2109
f 290/1128 2590/1127 1529/2110
f 2590/1127 2261/1098 1529/2110
f 2352/1446 2514/423 2589/200
f 2589/200 2358/1549 2352/1446
f 2092/1941 2586/2111 2578/1942
f 1757/2112 2104/2113 2223/1591
f 2888/2114 2886/2115 2885/2116
f 2885/2116 740/2117 804/2118
f 140/2119 2846/2120 2853/2121
f 2853/2121 137/2122 140/2119
f 95/2123 2829/2124 2774/914
f 2774/914 96/2125 95/2123
f 2615/1729 2887/2126 2753/1133
f 2615/1729 2837/2127 2887/2126
f 1074/2128 2469/2129 2470/2130
f 1123/315 1724/2131 2470/316
f 1724/2131 1074/2132 2470/316
f 804/2118 2888/2114 2885/2116
f 2223/1591 1377/2133 1757/2112
f 305/2134 2804/2135 2848/2136
f 2716/2137 2633/2138 1265/2139
f 2716/2137 1265/2139 367/2140
f 367/2140 75/2141 2716/2137
f 1392/2142 2521/1068 2518/1458
f 2518/1458 2527/1474 1700/2143
f 1700/2143 1392/2142 2518/1458
f 2882/2144 2886/2115 775/2145
f 2882/2144 2885/2116 2886/2115
f 1718/2146 1700/2143 2527/1474
f 2837/2147 2011/1368 2541/1367
f 2837/2148 454/2149 2011/1388
f 485/2150 1356/2151 2146/1862
f 2146/1862 482/1861 485/2150
f 2061/555 1414/2152 1397/1824
f 1397/1824 479/1816 2061/555
f 2849/2153 2809/2154 869/2155
f 869/2155 839/2156 2849/2153
f 2379/1613 1051/2157 1072/2158
f 1072/2158 1071/2159 2379/1613
f 2527/1474 2808/2160 1718/2146
f 461/2161 2862/2162 2826/2163
f 2632/2164 2836/2165 1026/2166
f 2632/2164 1026/2166 498/2167
f 498/2168 500/2169 2632/1885
f 2800/2170 2817/2171 2890/2172
f 2800/2170 1733/2173 1732/1538
f 1732/1538 2193/2174 2800/2170
f 2800/2170 427/2175 1733/2173
f 2800/2170 425/573 427/2175
f 2889/2176 425/573 2800/2170
f 957/2177 956/1117 2282/68
f 2224/2178 2270/995 1273/994
f 2224/2178 2247/1035 2270/995
f 1036/2179 995/2180 2085/60
f 2085/60 1037/59 1036/2179
f 905/2181 933/2182 2763/661
f 2763/662 933/2183 932/2184
f 2763/661 906/660 905/2181
f 305/2134 2848/2136 2879/2185
f 228/2186 305/2134 2879/2185
f 2879/2185 155/2187 228/2186
f 2282/68 986/67 957/2177
f 386/2188 385/2189 2782/849
f 2796/2190 2883/2191 2884/2192
f 2884/2192 2795/2193 2796/2190
f 2038/2194 2252/1805 2281/2195
f 2038/2194 2281/2195 1918/2196
f 1918/2197 394/2198 2038/2199
f 2876/2200 2882/2144 775/2145
f 778/2201 1660/2202 2876/2200
f 2876/2200 775/2145 778/2201
f 2812/2203 358/2204 11/2205
f 11/2205 10/2206 2812/2203
f 2850/2207 2849/2153 839/2156
f 2826/2163 100/2208 461/2161
f 2736/973 2825/2209 595/2210
f 594/2211 2737/2212 2736/973
f 595/2210 594/2211 2736/973
f 280/400 1275/1327 2547/2213
f 2547/2213 276/2214 280/400
f 452/2215 1037/59 2273/58
f 2273/58 449/288 452/2215
f 1034/2216 2596/2092 2577/2091
f 2577/1944 2855/2217 992/2218
f 2577/2091 992/2219 1034/2216
f 2541/1367 2887/2220 2837/2147
f 839/2156 266/2221 2850/2207
f 2296/66 31/731 987/2222
f 987/2222 986/67 2296/66
f 2795/2193 2884/2192 2802/2223
f 2052/741 429/2224 465/2225
f 465/2225 467/738 2052/741
f 740/2117 2885/2116 2881/2226
f 2885/2116 2882/2144 2881/2226
f 2881/2226 741/2227 740/2117
f 2782/849 629/2228 386/2188
f 2891/2229 2904/2230 852/2231
f 2381/1016 2091/1015 1436/2232
f 1436/2232 1435/1048 2381/1016
f 1539/1200 761/1199 1545/2233
f 1545/2234 1544/2235 1539/2236
f 2762/664 2761/663 1789/2237
f 1789/2237 1337/2238 2762/664
f 2574/2239 1371/2240 188/2241
f 188/2242 187/2243 2574/2244
f 2818/2245 893/2246 897/2247
f 1881/2248 1137/1480 1107/2249
f 1107/2249 1106/2250 1881/2248
f 1400/2251 418/2252 524/2253
f 2891/2229 2897/2254 2904/2230
f 852/2231 776/2255 2891/2229
f 206/2256 2903/2257 2892/2258
f 2903/2259 2902/2260 2892/2261
f 2892/2261 2902/2260 2894/2262
f 2845/2263 2901/2264 2900/2265
f 2845/2263 2873/2266 2901/2264
f 2900/2265 2844/2267 2845/2263
f 564/510 2899/2268 2887/2220
f 2887/2126 2899/2269 2753/1133
f 1785/2270 109/190 2117/189
f 564/510 561/2271 2899/2268
f 2899/2269 561/2272 526/1134
f 526/1134 2753/1133 2899/2269
f 2153/1218 2408/2273 693/2274
f 693/2274 692/1057 2153/1218
f 1604/2275 121/1294 988/387
f 988/2276 1601/2277 1604/2278
f 408/2279 1789/2280 2761/2281
f 2761/663 405/703 408/2282
f 508/2283 1109/2284 2582/2076
f 2582/642 505/641 508/2285
f 2887/2220 2541/1367 564/510
f 2897/2254 2907/2286 2908/2287
f 2908/2287 2904/2230 2897/2254
f 2897/2254 2898/2288 2907/2286
f 2902/2289 2906/2290 2905/2291
f 2902/2260 2903/2259 2906/2292
f 2905/2293 2894/2262 2902/2260
f 2844/2294 2900/2295 317/2296
f 2844/2294 317/2296 316/2297
f 524/2253 520/2298 2350/2299
f 524/2253 2350/2299 1400/2251
f 25/2300 2207/2301 2312/2302
f 206/2256 2892/2258 2893/2303
f 624/2304 659/2305 1926/2306
f 961/453 41/2307 1894/2308
f 1894/1677 83/455 961/2309
f 307/2310 338/2311 2804/2135
f 2804/2135 305/2134 307/2310
f 2828/2312 2867/2313 2859/2314
f 2824/2315 837/2316 894/2317
f 894/2318 893/2319 2824/2320
f 2824/2320 836/2321 837/2322
f 2207/2301 2313/23 2312/2302
f 2893/2323 2892/2261 2894/2262
f 2312/2302 22/1463 25/2300
f 2390/574 2890/2172 2817/2171
f 2886/2115 2891/2229 776/2255
f 2886/2115 2888/2114 2891/2229
f 776/2255 775/2145 2886/2115
f 2864/2324 2880/2325 491/2326
f 490/2327 2865/2328 2864/2329
f 491/2330 490/2327 2864/2329
f 2741/2331 2860/2332 281/2333
f 281/2333 2838/2334 2741/2331
f 863/2335 862/2336 2819/2337
f 1939/2338 2382/2339 193/2340
f 193/688 160/1291 1939/1331
f 2121/2341 723/1162 1890/1161
f 2809/2154 2762/664 1337/2238
f 1337/2238 869/2155 2809/2154
f 2803/2342 2859/2343 1316/2344
f 1336/2345 506/2346 2803/2342
f 2803/2342 1316/2344 1336/2345
f 2819/2337 2818/2347 897/2348
f 2819/2337 897/2348 863/2335
f 2764/2349 199/2350 169/2351
f 1518/2352 1752/831 1515/346
f 1515/346 1516/275 1518/2352
f 2890/2172 2390/574 425/573
f 2890/2172 425/573 2889/2176
f 804/2118 2898/2288 2888/2114
f 2898/2288 2897/2254 2888/2114
f 2897/2254 2891/2229 2888/2114
f 2893/2303 2896/2353 206/2256
f 2893/2323 2895/2354 2896/2355
f 2894/2262 2895/2354 2893/2323
f 1534/832 1752/831 1754/2356
f 1676/2357 130/2358 1038/2359
f 796/2360 234/2361 2435/2362
f 234/2363 233/2364 2435/2365
f 1925/2366 795/1103 1225/2367
f 1225/2367 1224/2368 1925/2366
f 1089/2369 1088/529 2485/528
f 583/2370 1142/2371 2026/2099
f 2026/2099 580/2098 583/2370
f 1886/1646 1664/1227 1667/1339
f 1667/1339 1887/1326 1886/1646
f 1754/2356 1773/2372 1534/832
f 1676/2357 1038/2359 1076/2373
f 2793/2374 2871/2375 2872/2376
f 2872/2376 2870/2377 2793/2374
f 2840/2378 2776/908 2810/2379
f 2841/2380 2781/850 2617/143
f 166/2381 1021/2382 1653/2383
f 1653/2383 163/333 166/2381
f 1741/984 237/2384 2410/2385
f 2410/2385 2409/985 1741/984
f 2121/2341 1890/1161 1893/2386
f 1223/2387 2121/2341 1893/2386
f 1905/1803 1287/298 1641/297
f 1127/2388 1061/2389 2495/2390
f 1378/407 348/627 822/631
f 822/631 821/408 1378/407
f 1378/407 345/1590 348/627
f 1582/389 872/1649 1602/2391
f 1602/2391 1601/386 1582/389
f 1113/2392 1053/2393 2209/622
f 2209/622 1114/2005 1113/2392
f 1053/2394 652/2395 2209/2396
f 2253/2051 615/2397 304/2398
f 304/2398 303/2052 2253/2051
f 1893/2386 1224/2368 1223/2387
f 1641/297 1906/1829 1905/1803
f 674/1513 68/1982 1901/1981
f 1901/1981 671/2399 674/1513
f 2870/2377 2872/2376 1660/2202
f 2870/2377 1660/2202 666/1481
f 666/1481 632/2400 2870/2377
f 2776/908 2840/2378 2869/2401
f 168/2402 2873/2266 2765/721
f 2873/2266 2845/2263 2765/721
f 2765/721 2764/720 168/2402
f 2742/1186 385/2189 384/2403
f 2174/1379 1580/993 990/388
f 990/388 989/1376 2174/1379
f 1371/2240 2574/2239 2434/2404
f 547/2405 1371/2406 2434/532
f 2434/532 548/509 547/2405
f 1866/2407 469/2408 1599/2409
f 541/2410 1046/2411 1865/2412
f 1865/73 499/54 541/2413
f 2787/2414 2870/2377 632/2400
f 2787/2414 2793/2374 2870/2377
f 384/2403 2842/2415 2742/1186
f 960/2416 39/1678 41/2307
f 2540/2417 2852/2418 244/2419
f 244/2420 243/2421 2540/1366
f 91/2422 128/286 966/285
f 966/285 92/1666 91/2422
f 727/450 2522/496 2523/945
f 2523/945 728/944 727/450
f 725/2423 1197/989 930/988
f 930/988 722/1163 725/2423
f 1955/2424 2240/356 1990/355
f 1990/414 1956/413 1955/761
f 66/2425 65/2426 1843/1092
f 2538/1377 989/1376 616/1293
f 616/1293 618/1485 2538/1377
f 2441/508 1142/2427 549/2428
f 549/2428 548/509 2441/508
f 1290/2024 1576/931 1884/930
f 1884/930 1288/2429 1290/2024
f 576/2430 608/2431 1846/2432
f 1846/2432 573/2433 576/2430
f 1843/1092 1952/1091 2170/399
f 2170/399 66/2425 1843/1092
f 2495/2434 1180/2435 1127/2436
f 704/2437 2871/2375 2792/2438
f 2871/2375 2793/2374 2792/2438
f 705/2439 704/2437 2792/2438
f 422/2440 629/2228 2760/2441
f 2760/2441 423/2442 422/2440
f 996/158 1653/2383 1021/2382
f 996/158 1021/2382 968/55
f 2652/380 2655/497 2522/496
f 2522/496 727/450 2652/380
f 41/2307 961/453 960/2416
f 2314/2443 1391/2444 1394/2445
f 2060/556 2136/787 1584/176
f 1584/176 1583/553 2060/556
f 2691/524 1673/2446 907/1217
f 907/1217 906/660 2691/524
f 2878/2447 2850/2207 266/2221
f 2878/2447 2851/2448 2850/2207
f 266/2221 117/2449 2878/2447
f 117/2449 37/2450 2878/2447
f 2272/155 2750/1107 900/2451
f 900/2451 899/156 2272/155
f 1394/2445 1670/2452 2314/2443
f 2225/2453 2224/2178 1273/994
f 1242/2454 1260/937 2171/398
f 2171/398 1239/397 1242/2454
f 1133/2455 1132/693 2767/692
f 2874/2456 2881/2226 2882/2144
f 2882/2144 2876/2200 2874/2456
f 2874/2456 2875/2457 2881/2226
f 173/2458 2880/2325 2863/2459
f 2880/2325 2864/2324 2863/2459
f 2863/2459 174/2460 173/2458
f 2692/2461 2861/2462 243/2463
f 1351/2464 2883/2191 2858/2465
f 169/2351 168/2466 2764/2349
f 239/2467 277/2468 2213/2469
f 277/2468 276/2470 2213/2469
f 2213/2469 240/2471 239/2467
f 997/2472 1634/2473 2269/1796
f 2269/1796 994/1795 997/2472
f 192/2474 1674/2475 2685/636
f 2685/2476 189/2477 192/2478
f 2851/2448 2879/2185 2848/2136
f 955/2479 1217/1106 2276/1109
f 2276/1109 956/1118 955/2479
f 242/2480 2770/874 2692/2461
f 2858/2465 2854/2481 752/2482
f 2883/2191 2796/2190 2858/2465
f 2858/2465 752/2482 1351/2464
f 2017/540 1331/539 1311/1275
f 1311/1274 1310/1775 2017/1774
f 741/2227 2881/2226 2875/2457
f 707/2483 741/2227 2875/2457
f 2875/2457 704/2437 707/2483
f 2840/2378 2842/2484 2869/2401
f 2841/2380 2777/794 2781/850
f 647/2485 263/2486 2054/1802
f 2872/2376 2874/2456 2876/2200
f 2857/2487 2866/2488 138/2489
f 138/2489 137/2122 2857/2487
f 1779/2490 2505/2491 1982/2492
f 1982/2492 1202/2493 1779/2490
f 1802/2017 1548/1670 414/514
f 414/514 413/2018 1802/2017
f 1957/2494 1630/2495 1270/1470
f 1270/1470 1269/762 1957/2494
f 2315/2496 2328/2497 1651/2498
f 1651/2498 1115/2499 2315/2496
f 2872/2376 2876/2200 1660/2202
f 2054/1802 644/1801 647/2485
f 1664/1227 1886/1646 2068/1167
f 2068/1167 502/1228 1664/1227
f 1917/801 2362/2500 2039/2501
f 2039/2501 672/802 1917/801
f 704/2437 2875/2457 2871/2375
f 2875/2457 2874/2456 2871/2375
f 2874/2456 2872/2376 2871/2375
f 358/2204 2812/2203 2778/813
f 2778/813 355/2502 358/2204
f 2877/2503 2878/2447 37/2450
f 2692/2461 243/2463 242/2480
f 1125/2504 2225/2453 1273/994
f 1273/994 1126/2505 1125/2504
f 416/552 1606/2506 2046/2507
f 2046/2507 413/2018 416/552
f 1010/2508 1014/2509 1631/2510
f 1631/2510 1630/2495 1010/2508
f 155/2187 2879/2185 2877/2503
f 2879/2185 2851/2448 2877/2503
f 2851/2448 2878/2447 2877/2503
f 2856/2511 50/2512 52/2513
f 2877/2503 36/2514 155/2187
f 37/2450 36/2514 2877/2503
f 2267/16 867/1207 719/2515
f 719/2515 718/17 2267/16
f 1366/1851 643/2516 1645/1876
f 1645/1876 1644/1849 1366/1851
f 2144/2517 2414/2518 1796/2519
f 1796/2519 1573/2520 2144/2517
f 216/936 2772/935 2293/777
f 217/2059 216/936 2293/777
f 653/1332 1013/1205 2283/1204
f 2906/2290 703/2521 702/2522
f 133/2523 2901/2264 2873/2266
f 2873/2266 168/2402 134/2524
f 134/2524 133/2523 2873/2266
f 2478/515 1764/2525 1763/2526
f 1763/2526 911/516 2478/515
f 1608/146 2147/1665 2246/178
f 2246/178 1605/177 1608/146
f 2120/953 372/2527 2010/2528
f 2010/2528 2009/950 2120/953
f 2120/953 342/1060 372/2527
f 702/2522 774/2529 2906/2290
f 2283/1204 650/1679 653/1332
f 1111/2530 1166/2531 2696/567
f 2696/567 1109/2284 1111/2530
f 813/2532 2884/2192 2883/2191
f 1369/2533 813/2532 2883/2191
f 2883/2191 1351/2464 1369/2533
f 1751/2534 1309/2535 2100/254
f 2100/254 1286/2536 1751/2534
f 2402/2537 2251/2014 2243/2538
f 2243/2538 2391/2539 2402/2537
f 2490/1168 302/2540 1412/1551
f 2901/2264 132/2541 487/2542
f 2901/2264 133/2523 132/2541
f 912/2543 1762/2544 1565/1643
f 1565/1643 940/1642 912/2543
f 1633/2545 2136/787 2256/786
f 2256/786 1634/2473 1633/2545
f 2008/2546 1800/2547 2134/951
f 2134/951 2009/950 2008/2546
f 1054/2548 1089/2369 2674/611
f 2674/611 648/2549 1054/2548
f 1412/1551 1426/1169 2490/1168
f 2266/2550 1770/2551 1698/2552
f 1392/2142 1391/2553 2521/1068
f 1391/2553 2734/1069 2521/1068
f 1367/1850 982/2554 2237/1660
f 2237/1660 1349/1090 1367/1850
f 2251/2014 2402/2537 980/2070
f 980/2070 979/1957 2251/2014
f 2749/2555 2748/2556 1770/2557
f 1770/2551 2264/1113 2749/1115
f 1770/2551 2266/2550 2264/1113
f 774/2529 2905/2291 2906/2290
f 715/1904 714/235 2172/461
f 1747/1521 1727/1518 374/2558
f 939/2559 1523/2560 2030/1136
f 1523/2560 908/634 2030/1136
f 2030/1136 936/760 939/2559
f 1118/2561 344/2562 2729/1021
f 2729/1021 1116/1020 1118/2561
f 344/2562 343/1059 2729/1021
f 1563/1138 1581/992 1974/391
f 1974/391 585/390 1563/1138
f 2859/2343 1086/2563 1316/2344
f 2172/461 1669/460 715/1904
f 282/2564 2860/2332 2839/2565
f 2192/2566 921/2013 2376/1929
f 2192/2566 887/2567 921/2013
f 2916/2568 1001/2569 1022/2570
f 1022/2570 974/2571 2916/2568
f 2916/2568 946/2572 1001/2569
f 286/2573 247/2574 2910/2575
f 247/2574 246/2576 2910/2575
f 2838/2334 281/2333 284/2577
f 1679/1494 1709/836 844/835
f 844/835 1677/2578 1679/1494
f 1957/2494 1956/413 2185/412
f 2573/2579 2266/2550 1698/2552
f 665/2580 491/2326 2880/2325
f 2880/2325 173/2458 665/2580
f 282/2564 281/2333 2860/2332
f 1764/2525 2478/515 1547/1688
f 1547/1688 878/2581 1764/2525
f 1586/2582 1564/2583 2241/554
f 2241/554 1583/553 1586/2582
f 412/2584 2223/2585 2104/2586
f 2104/2586 409/1745 412/2584
f 2185/412 1011/1164 1957/2494
f 487/2542 2900/2265 2901/2264
f 186/2587 1087/2588 2834/2589
f 2834/2589 187/2590 186/2587
f 2195/646 1284/645 1640/2591
f 1640/2591 327/1002 2195/646
f 950/2592 1933/2593 2236/1986
f 2236/1986 947/1181 950/2592
f 1131/2594 2565/168 1685/167
f 1685/167 1129/2595 1131/2594
f 2866/2488 493/2596 944/2597
f 944/2597 138/2489 2866/2488
f 683/2598 682/2599 2918/2600
f 1/2601 2/2602 3/2603
f 2135/2604 46/28 49/2605
f 2477/1675 1173/2606 1200/2607
f 1200/2607 483/2608 2477/1675
f 2477/1672 1174/1671 1173/2609
f 1871/1502 1199/1525 1855/1527
f 1855/1527 688/2610 1871/1502
f 1871/1502 1196/990 1199/1525
f 2468/1584 1171/2611 40/1582
f 34/2612 2919/2613 2918/2600
f 2918/2600 682/2599 80/2614
f 2918/2600 2919/2613 683/2598
f 80/2614 35/2615 2918/2600
f 35/2615 34/2612 2918/2600
f 926/2616 335/2617 2627/1749
f 865/2618 1718/2146 2808/2160
f 2808/2160 862/2619 865/2618
f 466/2620 1026/2166 2836/2165
f 2836/2165 467/738 466/2620
f 2815/2621 2823/2622 1326/2623
f 1326/2623 16/2624 2815/2621
f 16/2624 15/2625 2815/2621
f 2823/2626 2341/677 1879/679
f 119/2627 721/2628 2919/2613
f 721/2628 683/2598 2919/2613
f 2919/2613 38/2629 119/2627
f 2919/2613 34/2612 38/2629
f 2634/1875 337/2630 1997/1378
f 1997/1378 1266/2631 2634/1875
f 1266/2632 1265/2633 2634/2634
f 2634/1875 334/1874 337/2630
f 28/2635 27/2636 2602/549
f 2313/23 2207/2301 1471/2637
f 1471/2637 1470/24 2313/23
f 2911/2638 773/2639 535/2640
f 1879/679 1326/2641 2823/2626
f 356/2642 355/2643 2869/2401
f 2869/2401 355/2643 2868/2644
f 2852/2645 970/2646 799/2647
f 799/2647 244/2648 2852/2645
f 49/2605 1805/2649 2135/2604
f 94/2650 95/2123 96/2125
f 928/2651 927/1147 2499/1146
f 42/2652 43/2653 44/2654
f 56/2655 55/2656 2/2602
f 813/2532 812/2657 2884/2192
f 318/2658 317/2296 2900/2295
f 913/2659 1804/2660 2124/551
f 2124/551 910/550 913/2659
f 967/284 1020/7 2460/1499
f 2460/1499 964/151 967/284
f 1803/2661 2045/2662 1798/2663
f 1798/2663 1799/2664 1803/2661
f 2328/2665 1648/1144 1651/2666
f 1219/1468 900/2451 2750/1107
f 2750/1107 1217/1106 1219/1468
f 812/2657 2802/2223 2884/2192
f 2900/2295 487/2667 318/2658
f 2252/1805 984/2668 2281/2195
f 2252/1805 981/1804 984/2668
f 2564/1179 1663/2669 1622/2670
f 1622/2670 948/1180 2564/1179
f 2831/2671 2917/2672 2309/2673
f 14/2674 2917/2675 2831/2676
f 2309/2673 1880/2677 2831/2671
f 2831/2676 15/2678 14/2674
f 773/2639 2911/2638 2905/2291
f 2905/2291 774/2529 773/2639
f 811/2679 836/2321 2802/2223
f 535/2640 321/2680 2911/2638
f 1585/2681 2135/2604 1805/2649
f 1805/2649 941/2682 1585/2681
f 1074/2128 450/2683 2469/2129
f 1816/2684 1835/2685 1852/1570
f 1852/1570 1504/2686 1816/2684
f 1167/2687 1649/111 2222/110
f 2222/110 1145/1104 1167/2687
f 2499/1146 717/2688 928/2651
f 93/2689 92/1666 2489/145
f 2007/519 1505/1082 1550/1523
f 2802/2223 812/2657 811/2679
f 467/738 2836/2165 2624/739
f 1044/2690 1663/2669 1131/2594
f 1131/2594 18/2691 1044/2690
f 1258/2692 2309/2673 2917/2672
f 2917/2675 14/2674 1256/2693
f 2917/2672 1255/2694 1258/2692
f 1256/2693 1255/2695 2917/2675
f 2909/2696 2911/2697 321/2698
f 321/2698 286/2573 2909/2696
f 883/2699 2912/2700 2907/2286
f 2843/2701 932/2184 963/2702
f 2103/1871 2175/2703 1854/2704
f 1854/2704 1853/1872 2103/1871
f 2069/1170 1426/1169 868/2705
f 868/2705 867/1207 2069/1170
f 2040/2706 366/2707 1049/2708
f 1049/2708 299/138 2040/2706
f 2040/2706 363/1537 366/2707
f 257/1626 1796/2519 2414/2518
f 2414/2518 254/2709 257/1626
f 1389/2710 1388/2711 2034/2712
f 963/2702 991/2713 2843/2701
f 2912/2700 2908/2287 2907/2286
f 2907/2286 884/2714 883/2699
f 356/2642 2869/2401 2842/2484
f 2842/2415 384/2403 356/2715
f 2825/2209 2838/2716 284/2717
f 284/2717 595/2210 2825/2209
f 1436/2232 2090/2718 1526/2719
f 1526/2719 1433/2720 1436/2232
f 767/2721 2669/2722 2428/383
f 2428/383 764/382 767/2721
f 2908/2287 2913/2723 916/2724
f 2119/1065 2186/1064 1833/2725
f 1833/2725 1832/1747 2119/1065
f 2633/2726 2634/2727 1265/2728
f 2053/1625 435/2729 2220/1939
f 2220/1939 1867/2730 2053/1625
f 2053/1625 432/1302 435/2729
f 2424/2071 218/1701 298/1659
f 298/1659 297/445 2424/2071
f 2424/2071 181/2731 218/1701
f 536/2732 2508/1232 746/1278
f 746/1278 745/2733 536/2732
f 2268/789 123/788 156/1290
f 2908/2287 2912/2700 2913/2723
f 2846/2734 140/2735 424/2736
f 424/2736 423/2442 2846/2734
f 282/2564 2839/2565 2829/2124
f 2829/2124 95/2123 282/2564
f 2093/2737 2092/2738 690/2739
f 690/2740 593/2741 2093/2069
f 1998/2742 274/2743 2429/2744
f 2429/2745 1454/2746 1998/1373
f 1998/2742 275/2747 274/2743
f 786/1536 2039/2501 2362/2500
f 2436/379 765/2748 2655/497
f 157/1289 1631/2510 1014/2509
f 1014/2509 158/1333 157/1289
f 1413/1899 444/2749 2610/268
f 2610/268 1373/2750 1413/1899
f 444/2749 443/232 2610/268
f 2238/114 2696/567 1166/2531
f 2238/114 1166/2531 226/2751
f 226/2751 225/115 2238/114
f 28/2635 2602/549 2425/548
f 2425/548 110/1110 28/2635
f 2655/497 2652/380 2436/379
f 2362/2500 783/241 786/1536
f 884/2714 2907/2286 2898/2288
f 2898/2288 829/2752 885/2753
f 885/2753 884/2714 2898/2288
f 2898/2288 804/2118 829/2752
f 2895/2354 2909/2696 286/2573
f 286/2573 2910/2575 2895/2354
f 2910/2575 2896/2355 2895/2354
f 2895/2354 2894/2262 2909/2696
f 52/2513 378/2754 2856/2511
f 1986/2755 392/2756 572/2056
f 156/1290 158/1333 2268/789
f 1831/2757 477/1027 2089/1026
f 2089/1026 1832/1747 1831/2757
f 265/2758 581/2759 2244/2760
f 2244/2760 262/2761 265/2758
f 151/2762 220/736 2455/735
f 2455/735 149/1120 151/2762
f 2377/1928 750/2763 148/1685
f 2377/1928 747/1927 750/2763
f 148/1685 147/2764 2377/1928
f 2855/2217 991/2765 992/2218
f 572/2056 571/165 1986/2755
f 2904/2230 2908/2287 916/2724
f 919/2766 852/2231 2904/2230
f 2904/2230 916/2724 919/2766
f 2911/2697 2909/2696 2894/2262
f 2894/2262 2905/2293 2911/2697
f 2737/2767 594/2768 51/2769
f 51/2770 50/2512 2737/968
f 1439/2771 2350/2772 520/2773
f 520/2774 560/2775 1439/2776
f 2118/188 2131/962 2155/961
f 2212/2777 820/1498 2461/1497
f 2394/2778 1093/2779 1073/2780
f 1073/2780 230/2781 2394/2778
f 1889/1826 2233/1848 1893/2386
f 1893/2386 1892/1827 1889/1826
f 2724/2782 404/2783 116/2784
f 116/2784 115/2785 2724/2782
f 1903/798 543/797 1907/1717
f 1907/1717 1906/1829 1903/798
f 2433/418 1626/2786 1240/2787
f 1240/2787 1239/397 2433/418
f 662/2788 625/436 2443/435
f 2155/961 831/1341 2118/188
f 946/2572 2916/2568 2915/2789
f 2916/2568 2914/2790 2915/2789
f 2915/2789 883/2699 946/2572
f 2896/2355 2910/2575 246/2576
f 2896/2353 246/2791 207/2792
f 207/2792 206/2256 2896/2353
f 2820/2793 378/2754 200/2794
f 200/2794 199/2350 2820/2793
f 694/2795 1635/916 1455/2796
f 1595/2797 1916/1006 1686/1005
f 1550/1523 1549/520 2007/519
f 2614/1752 1376/1751 1095/406
f 1095/406 1094/1770 2614/1752
f 1925/2366 2233/1848 1908/503
f 1908/503 1923/502 1925/2366
f 1086/2563 2859/2343 2867/2798
f 2867/2798 1087/2588 1086/2563
f 1643/2799 754/1031 2164/1030
f 2164/1030 1644/1849 1643/2799
f 1262/1324 1666/1175 2439/938
f 2439/938 1260/937 1262/1324
f 1455/2796 696/2800 694/2795
f 1686/1005 1592/1436 1595/2797
f 2914/2790 2916/2568 974/2571
f 974/2571 973/2801 2914/2790
f 703/2802 2906/2803 2903/2257
f 209/2804 703/2802 2903/2257
f 2903/2257 206/2256 209/2804
f 2770/874 242/2480 97/2805
f 97/2805 96/2125 2770/874
f 733/2806 662/2788 2443/435
f 2443/2807 730/2808 733/2809
f 1813/1881 808/2810 2592/2811
f 697/2812 696/2813 2429/2814
f 2727/1050 2596/1049 1339/2815
f 2727/1050 1339/2815 1354/2816
f 1354/1569 1055/2817 2727/1052
f 1872/2818 2186/1063 1851/1062
f 1851/1062 1870/1268 1872/2818
f 440/2819 756/2820 2509/1222
f 2509/1222 436/708 440/2819
f 1812/1720 2025/2821 1243/2822
f 1243/2822 433/1301 1812/1720
f 2592/2811 1849/2823 1813/1881
f 2768/2824 316/2297 350/2825
f 782/1461 2326/1460 568/2826
f 568/2826 779/2827 782/1461
f 2912/2700 2915/2789 2914/2790
f 883/2699 2915/2789 2912/2700
f 2914/2790 2913/2723 2912/2700
f 2862/2162 461/2161 175/2828
f 175/2828 174/2460 2862/2162
f 2598/378 1566/2829 2436/379
f 2546/1423 2669/2722 1480/2830
f 1480/2830 1479/1198 2546/1423
f 1214/1906 1849/2823 2601/2030
f 2211/2831 2212/2777 2461/1497
f 2461/1497 273/2832 2211/2831
f 273/2832 275/2833 2211/2831
f 2596/2092 1034/2216 1339/2834
f 1891/1160 929/956 2157/955
f 2157/955 1892/1827 1891/1160
f 404/2783 2724/2782 2725/2835
f 2725/2835 401/2836 404/2783
f 1578/2100 2025/1883 1848/1882
f 1848/1882 1575/1905 1578/2100
f 2790/2837 2834/2838 1087/2839
f 2601/365 1211/364 1214/2840
f 601/1013 2098/1392 2524/1391
f 2524/1391 1883/1014 601/1013
f 2913/2723 2914/2790 973/2801
f 2913/2723 973/2801 917/2841
f 917/2841 916/2724 2913/2723
f 493/2596 2866/2488 2865/2842
f 2865/2842 490/2843 493/2596
f 970/2646 2852/2645 2768/2844
f 350/2825 970/2845 2768/2824
f 2827/2846 2735/816 2740/958
f 1041/246 60/2847 62/247
f 2833/2848 2832/2849 2805/2850
f 2805/2850 2814/2851 2833/2848
f 2832/2852 2806/2853 2805/2854
f 2780/851 2578/977 2621/98
f 1895/1676 2477/1675 483/2608
f 483/2608 482/1861 1895/1676
f 555/2855 554/2856 474/2857
f 2175/2703 2103/1871 2102/2858
f 2102/2858 2158/2859 2175/2703
f 2789/2860 2827/2846 2740/958
f 1009/2861 1008/675 1390/674
f 2623/571 2279/2862 1405/122
f 1405/122 2271/103 2623/571
f 2816/2863 2815/2864 15/2678
f 2816/2865 2831/2671 1880/2677
f 15/2678 2831/2676 2816/2863
f 2791/2866 2821/2867 2830/2868
f 2830/2868 2766/718 2791/2866
f 1456/915 2774/914 2829/2124
f 2829/2124 1481/2869 1456/915
f 240/2471 2213/2469 1817/2870
f 655/2871 555/2855 1831/2757
f 1136/2872 183/2873 112/2874
f 112/2874 111/1112 1136/2872
f 2836/2165 2632/2164 1466/2875
f 1466/2875 2279/2862 2836/2165
f 421/1075 2003/2876 1281/2877
f 1281/2878 104/2879 421/2880
f 2835/2881 2822/2882 2806/2853
f 2806/2853 2832/2852 2835/2881
f 1567/853 2617/143 2781/850
f 43/2883 2123/1739 2122/2884
f 2122/2884 44/883 43/2883
f 1251/2885 238/2886 1817/2887
f 1831/2757 656/2888 655/2871
f 2199/2889 1647/2890 1628/2891
f 1502/2892 2199/2889 1628/2891
f 1628/2891 1498/2893 1502/2892
f 187/2894 2834/2838 2673/2895
f 2834/2838 2790/2837 2673/2895
f 2023/1210 2593/535 27/2636
f 27/2636 26/1208 2023/1210
f 1390/674 1422/25 1469/2896
f 1469/2896 1009/2861 1390/674
f 2813/2897 2824/2320 893/2319
f 1097/2898 1834/2899 1836/2900
f 1836/2900 1057/2901 1097/2898
f 1836/1733 1058/1732 1057/2902
f 1473/2903 441/2904 516/2905
f 516/2905 515/2906 1473/2903
f 1814/2907 2254/2908 2255/823
f 2255/823 1474/822 1814/2907
f 1776/1473 2379/2909 1071/2910
f 1776/1473 1071/2910 152/2911
f 152/2911 154/1464 1776/1473
f 893/2319 2818/2912 2813/2897
f 1122/2913 1126/2914 1275/2915
f 2813/2897 2801/2916 2824/2320
f 1329/1807 2237/1660 982/2554
f 982/2554 981/1804 1329/1807
f 2823/2622 2815/2621 2718/2917
f 2718/301 2721/323 2823/2918
f 2822/2882 2821/2867 2799/2919
f 2799/2919 2806/2853 2822/2882
f 2821/2867 2791/2866 2799/2919
f 1359/1406 2820/2793 199/2350
f 199/2350 2764/2349 1359/1406
f 2035/2920 2038/2199 394/2198
f 1817/2921 197/2922 1251/432
f 238/2923 240/2924 1817/2925
f 2289/1741 2628/1740 1120/2926
f 1120/2927 1119/701 2289/700
f 557/2928 1476/1846 902/1845
f 902/1845 554/2856 557/2928
f 2158/2859 2102/2858 2254/2908
f 2254/2908 1814/2907 2158/2859
f 2488/416 2827/2846 2828/2312
f 2828/2312 2566/417 2488/416
f 2488/416 2735/816 2827/2846
f 1561/569 2582/2076 1109/2284
f 394/2198 393/2929 2035/2920
f 2390/574 2817/2171 2389/2930
f 2341/2931 2823/2932 2721/197
f 2721/197 2320/196 2341/2931
f 2826/2163 2814/2851 2769/903
f 2769/903 2746/902 2826/2163
f 2825/2209 2736/973 1438/972
f 1438/972 2063/2933 2825/2209
f 2505/2934 1779/2935 1122/2936
f 1275/2937 2505/2938 1122/2939
f 1103/1930 2454/3 635/2
f 550/499 1521/498 763/2940
f 763/2940 762/2941 550/499
f 962/452 1520/1553 1411/1552
f 1411/1552 958/2942 962/452
f 302/2540 2490/1168 1885/1654
f 1885/1654 303/2052 302/2540
f 1797/709 2053/1625 1867/2730
f 1867/2730 1140/710 1797/709
f 1864/2943 1865/2412 1046/2411
f 1046/2944 1045/1344 1864/1343
f 1328/2945 1327/2946 1403/1965
f 1672/2947 1675/2948 2408/2273
f 635/2 142/1579 1103/1930
f 2840/2378 2810/2379 2726/2949
f 2726/230 2731/959 2840/2950
f 2839/2565 2383/2951 2366/2952
f 1960/1132 2615/1729 2753/1133
f 162/782 1418/1472 1632/1471
f 1632/1471 159/1292 162/782
f 1872/2953 1871/1502 688/2610
f 688/2610 687/2954 1872/2953
f 1869/2955 1646/2956 2210/2957
f 2747/1096 292/2958 252/1541
f 874/1619 873/1650 1563/1138
f 1425/1573 1520/1553 553/2959
f 553/2959 552/438 1425/1573
f 717/2688 2499/1146 1627/18
f 1627/18 718/17 717/2688
f 469/2408 1866/2407 1625/2960
f 1625/2961 470/2962 469/2963
f 781/1908 1106/2250 1082/2964
f 1082/2964 639/1909 781/1908
f 1330/1806 2037/1615 1404/1008
f 1404/1008 1327/2946 1330/1806
f 2210/1531 959/2965 1869/2966
f 2747/1096 289/1095 292/2958
f 252/1541 251/1130 2747/1096
f 2842/2415 2840/2950 2731/959
f 2731/959 2732/1078 2842/2415
f 1524/795 2777/794 2841/2380
f 2841/2380 2397/2967 1524/795
f 523/1724 524/2253 418/2252
f 418/2252 376/2968 523/1724
f 376/2968 375/2969 523/1724
f 2408/2273 2153/1218 1672/2947
f 2838/2716 2063/2933 1506/2970
f 2201/1528 1646/2971 1647/2972
f 1647/2972 2199/2973 2201/1528
f 1577/2974 2244/2760 581/2759
f 581/2759 580/2975 1577/2974
f 1535/1575 1030/2054 184/2976
f 184/2977 183/2873 1535/2978
f 1422/25 1470/24 1469/2896
f 1994/164 2250/2979 881/2980
f 881/2980 1385/2981 1994/164
f 2810/2379 2728/911 2723/202
f 1506/2982 2741/2331 2838/2334
f 657/2983 656/2888 1833/2725
f 2837/2127 2615/1729 2616/979
f 2616/979 2625/978 2837/2127
f 1522/2984 2146/1862 1356/2151
f 1522/2984 1356/2151 87/2985
f 87/2985 86/215 1522/2984
f 1504/2686 1852/1570 1854/2704
f 1854/2704 620/2986 1504/2686
f 512/1503 1870/1254 1395/1253
f 1395/1253 509/2987 512/1503
f 1109/2284 2696/567 1561/569
f 915/2988 2250/2979 603/2989
f 959/2965 958/2942 1869/2966
f 615/2397 2253/2051 2041/975
f 2041/975 224/974 615/2397
f 261/2990 1030/2054 1189/1512
f 1189/1512 258/1511 261/2990
f 2081/53 2632/1885 500/2169
f 2081/53 500/2169 499/54
f 1307/541 2002/2991 144/1988
f 144/1988 143/1578 1307/541
f 603/2989 1380/1964 915/2988
f 1359/1406 2535/1405 2820/2793
f 2728/911 2810/2379 2776/908
f 1481/2869 2829/2124 2839/2565
f 2839/2565 2366/2952 1481/2869
f 454/2992 2837/2993 2625/1762
f 2625/1762 523/1724 375/2969
f 2625/1762 377/2994 454/2992
f 2625/1762 375/2969 377/2994
f 661/754 2382/262 1652/265
f 1652/265 658/2995 661/754
f 1833/2725 687/2954 657/2983
f 2793/2374 2787/2414 2783/847
f 2798/2996 2797/2997 2754/728
f 2754/728 2755/665 2798/2996
f 2797/2997 2758/729 2754/728
f 2221/1938 2574/1937 187/2998
f 187/2894 2673/2895 2221/2999
f 2519/1055 2796/2190 2795/2193
f 2519/1055 2733/1054 2796/2190
f 2795/2193 2536/1365 2519/1055
f 2641/470 2794/3000 2786/3001
f 2651/469 2794/3000 2641/470
f 2783/847 2792/2438 2793/2374
f 1740/1024 2729/1021 343/1059
f 2783/847 2785/3002 2792/2438
f 2751/719 2791/2866 2766/718
f 2751/719 2752/870 2791/2866
f 1745/3003 909/3004 1523/3005
f 1523/3005 939/3006 1746/3007
f 1746/3007 1745/3003 1523/3005
f 2534/385 2655/497 765/2748
f 765/2748 764/382 2534/385
f 1093/2779 2394/2778 1703/1771
f 1703/1771 1094/1770 1093/2779
f 2193/2174 1187/3008 2794/3000
f 2229/1923 2566/417 2803/3009
f 2536/1365 2795/2193 2802/2223
f 2802/2223 2801/2916 2536/1365
f 2801/2916 2537/1386 2536/1365
f 1731/3010 1751/2534 1286/2536
f 1286/2536 1285/3011 1731/3010
f 2794/3000 2800/2170 2193/2174
f 2794/3000 2767/692 2786/3001
f 1133/2455 2767/692 2794/3000
f 2794/3000 2387/468 2800/2170
f 2794/3000 2651/469 2387/468
f 1720/565 1146/564 1145/1104
f 1187/3008 1133/2455 2794/3000
f 2573/2579 1698/2552 1659/1664
f 1659/1664 1795/3012 2573/2579
f 1659/1664 1104/1663 1795/3012
f 2752/870 2799/2919 2791/2866
f 2752/870 2771/869 2799/2919
f 1203/752 1963/3013 1178/3014
f 939/3006 938/3015 1761/3016
f 939/3006 1761/3016 1746/3007
f 233/3017 1296/3018 1295/3019
f 2769/3020 2784/3021 2739/872
f 1702/530 1088/529 1091/3022
f 2661/360 2740/958 2735/816
f 676/3023 1334/1277 1332/1276
f 1332/1276 677/237 676/3023
f 2156/2031 2601/2030 1849/2823
f 1849/2823 2592/2811 2156/2031
f 2786/3001 2767/692 2647/807
f 2647/807 2641/470 2786/3001
f 1620/3024 2785/3002 2701/129
f 2701/129 2688/128 1620/3024
f 2785/3002 2783/847 2701/129
f 1091/3022 1146/564 1702/530
f 2784/3021 2771/869 2739/872
f 1711/3025 875/3026 313/855
f 313/855 1708/854 1711/3025
f 624/2304 1926/2306 871/1633
f 871/1633 621/821 624/2304
f 2551/926 2393/2074 230/3027
f 230/3027 229/924 2551/926
f 1218/1469 1954/357 1938/1622
f 1938/1622 1937/1467 1218/1469
f 614/2104 641/3028 923/2103
f 2643/482 216/936 215/3029
f 2790/3030 2789/2860 2672/618
f 2672/618 2673/617 2790/3030
f 2789/2860 2740/958 2672/618
f 643/2516 1366/1851 1348/3031
f 1348/3031 641/3028 643/2516
f 1688/367 2163/1514 1212/3032
f 1212/3032 1211/364 1688/367
f 215/3029 2788/3033 2643/482
f 2788/3033 2401/481 2643/482
f 2401/481 2660/480 2643/482
f 2803/3009 2230/3034 2229/1923
f 2779/808 2787/2414 632/2400
f 2779/808 2783/847 2787/2414
f 632/2400 631/809 2779/808
f 2670/201 2715/3035 2723/202
f 1152/3036 1178/3014 1963/3013
f 1152/3036 1179/3037 1178/3014
f 878/2581 1547/1688 1550/1523
f 1550/1523 846/1522 878/2581
f 1268/857 1417/3038 2062/858
f 2393/2074 2394/3039 230/3027
f 569/1628 890/2055 892/3040
f 1634/2473 2256/786 1475/3041
f 1475/3041 2269/1796 1634/2473
f 407/1865 1397/1824 1414/2152
f 1414/2152 446/1866 407/1865
f 2594/338 2719/222 1396/3042
f 1396/3042 406/868 2594/338
f 2343/273 2503/1336 402/3043
f 402/3043 401/274 2343/273
f 2801/2916 2813/2897 2537/1386
f 2813/2897 2811/3044 2537/1386
f 892/3040 922/1627 569/1628
f 1060/3045 1076/2373 1100/3046
f 2401/481 2788/3033 215/3029
f 2401/481 215/3029 294/3047
f 2191/1245 2228/1244 2190/1282
f 2658/814 2778/813 2812/2203
f 2812/2203 2744/3048 2658/814
f 2165/331 2495/3049 1061/3050
f 1061/3050 164/332 2165/331
f 1432/180 2046/2507 1606/2506
f 1606/2506 1605/177 1432/180
f 1353/3051 2134/951 1800/2547
f 637/1287 393/2929 396/3052
f 1147/1903 2085/60 995/2180
f 995/2180 994/1795 1147/1903
f 1372/1900 1375/3053 1431/3054
f 1431/3054 1430/1901 1372/1900
f 1373/2750 2610/268 2603/2049
f 1052/3055 2363/1612 2364/1270
f 2364/1270 2354/928 1052/3055
f 2818/2912 2819/3056 2811/3044
f 2819/3056 2807/3057 2811/3044
f 2811/3044 2813/2897 2818/2912
f 396/3052 951/1288 637/1287
f 1800/2547 1799/2664 1353/3051
f 2817/2171 2800/2170 2387/468
f 2387/468 2389/2930 2817/2171
f 2815/2864 2816/2863 2713/90
f 2713/3058 2816/2865 1880/2677
f 2713/90 2718/301 2815/2864
f 1880/2677 1210/3059 2713/3058
f 2814/2851 2805/2850 2784/3060
f 2784/3060 2769/903 2814/2851
f 1060/3045 1676/2357 1076/2373
f 1060/3061 1100/3062 1153/3063
f 2771/869 2784/3021 2805/2854
f 2808/2160 2527/1474 2526/1475
f 2526/1475 2807/3057 2808/2160
f 2526/1475 2525/1387 2807/3057
f 861/3064 890/2055 1259/1689
f 1259/1689 858/1669 861/3064
f 1810/3065 1770/2557 2748/2556
f 2748/1114 2264/1113 1810/3066
f 2264/3067 1155/3068 1810/3069
f 1155/3070 1157/3071 1810/3066
f 2771/869 2805/2854 2806/2853
f 2806/2853 2799/2919 2771/869
f 1142/2427 2441/508 2024/3072
f 1963/3013 1203/752 1233/204
f 1586/1645 1585/2681 941/2682
f 941/2682 940/1642 1586/1645
f 820/1498 2212/2777 1092/409
f 1092/409 821/408 820/1498
f 1267/1799 1757/2112 1377/2133
f 1377/2133 1376/1751 1267/1799
f 2758/729 2804/2135 338/2311
f 338/2311 2757/730 2758/729
f 2758/729 2797/2997 2804/2135
f 2715/3035 2726/2949 2810/2379
f 2604/3073 2714/3074 1374/3075
f 1373/2750 2603/2049 2604/3073
f 2604/3073 1374/3075 1373/2750
f 1289/3076 2054/1802 263/2486
f 263/3077 262/2022 1289/2025
f 2525/1387 2811/3044 2807/3057
f 2525/1387 2537/1386 2811/3044
f 1309/2535 1751/2534 1280/1776
f 1280/1776 1310/1775 1309/2535
f 1932/1313 1208/3078 1811/1314
f 1563/1138 1543/1137 874/1619
f 2810/2379 2723/202 2715/3035
f 2722/181 1233/204 1203/752
f 130/2358 1676/2357 1018/3079
f 1018/3079 127/287 130/2358
f 1478/3080 843/582 1117/609
f 1338/1743 1790/3081 1398/3082
f 1398/3082 410/1744 1338/1743
f 2762/664 2809/2154 2755/665
f 2809/2154 2798/2996 2755/665
f 2024/3083 2026/2099 1142/2371
f 1661/1482 854/1397 857/3084
f 2123/1739 43/2883 1341/3085
f 448/3086 1398/3082 1790/3081
f 1790/3087 445/3088 448/3089
f 475/3090 901/3091 2620/3092
f 2620/3093 476/1028 475/3094
f 926/2616 2627/1749 2088/1148
f 2088/1148 927/1147 926/2616
f 2403/1149 2602/549 27/2636
f 27/2636 2743/1150 2403/1149
f 859/3095 858/1669 2218/1668
f 857/3084 1900/1483 1661/1482
f 1341/3085 2628/1740 2123/1739
f 2400/1809 2079/194 539/193
f 539/193 538/1819 2400/1809
f 2814/2851 2826/2163 2862/2162
f 2862/2162 2833/2848 2814/2851
f 2561/875 2770/874 96/2125
f 96/2125 2774/914 2561/875
f 770/1897 731/602 2677/601
f 2677/601 768/3096 770/1897
f 1175/1266 1174/3097 2304/3098
f 309/3099 1116/1020 2406/1023
f 2022/1088 922/1627 924/3100
f 848/1519 847/1524 875/3026
f 1999/3101 1546/1656 1909/213
f 1961/1131 1999/3101 1909/213
f 1909/213 89/212 1961/1131
f 1375/3053 1798/2663 2045/2662
f 2045/2662 1431/3054 1375/3053
f 2133/1873 1853/1872 1499/1572
f 1499/3102 1498/3103 2133/3104
f 2503/1336 78/3105 402/3043
f 2593/535 2743/1150 27/2636
f 924/3100 1350/1089 2022/1088
f 2406/1023 269/266 309/3099
f 2205/3106 2192/2566 2376/1929
f 2375/3107 1714/3108 2205/3106
f 2376/1929 2375/3107 2205/3106
f 2097/892 567/474 2650/447
f 2832/2849 2863/2459 2864/2324
f 2864/2329 2835/2881 2832/2852
f 2832/3109 2833/3110 2863/3111
f 2383/2951 2839/2565 2860/2332
f 347/3112 374/2558 1727/1518
f 1727/1518 1726/3113 347/3112
f 2075/3114 2383/2951 2860/2332
f 2807/3057 2819/3056 862/2619
f 859/3095 2218/1668 2004/1177
f 1689/1226 859/3095 2004/1177
f 2004/1177 1665/1176 1689/1226
f 633/3115 667/3116 1902/1985
f 1902/1985 2099/3117 633/3115
f 497/3118 2498/3119 2372/1892
f 2372/1892 494/1836 497/3118
f 58/3120 2746/902 2745/781
f 2745/781 9/3121 58/3120
f 2860/2332 2741/2331 2075/3114
f 862/2619 2808/2160 2807/3057
f 768/3122 2677/605 2675/604
f 731/606 730/3123 2675/607
f 2675/3124 730/3125 768/3126
f 1760/1265 2277/3127 2105/724
f 2105/724 1759/658 1760/1265
f 2605/862 2727/1052 1055/2817
f 1055/2817 1016/3128 2605/862
f 371/3129 1374/3075 2714/3074
f 2714/3074 369/3130 371/3129
f 2230/644 2803/3131 506/3132
f 243/2421 2861/3133 2552/511
f 903/3134 1452/3135 2613/3136
f 2613/3137 901/3138 903/1838
f 2082/157 899/156 681/3139
f 681/3139 680/1718 2082/157
f 2743/1150 2593/535 2689/534
f 667/3116 1900/3140 1902/1985
f 462/3141 464/3142 2361/3143
f 2361/3144 2359/3145 464/3146
f 100/2208 2826/2163 2746/902
f 2746/902 58/3120 100/2208
f 875/3026 1711/3025 848/1519
f 2861/3133 2692/512 2552/511
f 2552/511 2540/1366 243/2421
f 2461/1497 824/1496 1695/3147
f 1175/3148 2304/3149 2277/3150
f 2277/3127 1760/1265 1175/1266
f 2719/222 2613/221 1452/3151
f 2719/3152 1452/3153 1427/1814
f 1427/3154 1396/3155 2719/3156
f 1904/1719 680/1718 645/3157
f 645/3157 644/1801 1904/1719
f 1675/986 2409/985 2408/3158
f 1786/120 222/3159 333/3160
f 333/3160 332/121 1786/120
f 2279/2862 2624/739 2836/2165
f 2279/2862 2623/571 2624/739
f 2565/168 1131/2594 1663/2669
f 1663/2669 2564/1179 2565/168
f 2688/3161 2143/3162 1621/1279
f 1621/1279 1620/3163 2688/3161
f 2835/2881 2864/2329 2865/2328
f 2841/2380 2617/143 2597/142
f 911/516 910/550 415/517
f 2789/2860 2790/3030 2867/2313
f 1169/3164 1168/1604 1501/3165
f 1936/505 1937/1467 1924/1101
f 1924/1101 1923/502 1936/505
f 2827/2846 2789/2860 2828/2312
f 222/3159 1786/120 2219/3166
f 2219/3166 219/737 222/3159
f 2391/2539 2243/2538 1715/3167
f 1715/3167 2374/3168 2391/2539
f 2143/3162 2688/3161 2668/3169
f 2668/3169 2130/3170 2143/3162
f 2868/2644 355/2643 2775/3171
f 1087/2839 2867/3172 2790/2837
f 1069/3173 1084/774 1560/20
f 1560/20 331/19 1069/3173
f 2294/3174 574/3175 1048/3176
f 574/3177 573/3178 2294/3179
f 978/1955 1004/1173 2573/1172
f 705/2439 2792/2438 2785/3002
f 2785/3002 1620/3024 705/2439
f 2775/3180 2869/3181 2868/3182
f 355/2643 2778/3183 2775/3171
f 2775/909 2776/908 2869/2401
f 2822/2882 2865/2328 2866/3184
f 316/2297 2768/2824 2679/3185
f 2679/3185 2844/2294 316/2297
f 1607/147 2124/551 1804/2660
f 1607/147 1804/2660 1818/144
f 2396/948 1434/1046 729/696
f 729/696 728/949 2396/948
f 1171/2611 2468/1584 2200/1605
f 2200/1605 1168/1604 1171/2611
f 1954/357 2240/356 1938/1622
f 2867/2313 2828/2312 2789/2860
f 29/3186 71/1086 2415/1085
f 2833/2848 2862/2162 174/2460
f 174/2460 2863/2459 2833/2848
f 2579/815 2780/851 2777/794
f 1747/1521 374/2558 909/3004
f 909/3004 1745/3003 1747/1521
f 1546/1656 1999/3101 622/3187
f 1453/3188 516/2905 441/2904
f 441/2904 1429/1902 1453/3188
f 1646/2956 2201/3189 2210/2957
f 2336/1223 2509/1222 756/2820
f 756/3190 755/226 2336/225
f 2664/368 599/653 602/3191
f 2415/1085 26/1208 29/3186
f 953/3192 1331/539 1306/542
f 1306/542 951/1288 953/3192
f 2374/3168 1715/3167 1714/3108
f 1714/3108 2375/3107 2374/3168
f 2130/3170 2668/3169 2659/901
f 2659/901 2116/900 2130/3170
f 137/2122 2853/2121 2830/3193
f 2830/3193 2857/2487 137/2122
f 2841/2380 2597/142 2397/2967
f 1922/458 551/439 1541/1201
f 2866/3184 2857/3194 2822/2882
f 2822/2882 2835/2881 2865/2328
f 2780/851 2781/850 2777/794
f 938/3015 1565/1643 1762/2544
f 1762/2544 1761/3016 938/3015
f 1603/3195 1926/2306 659/2305
f 659/3196 658/3197 1603/3198
f 1500/3199 1852/3200 1835/3201
f 1169/3202 1501/3203 1500/3204
f 1500/3204 1835/3205 1169/3202
f 506/3132 505/641 2230/644
f 1541/1201 1540/866 1922/458
f 1051/2157 2379/1613 2363/1612
f 2363/1612 1052/3055 1051/2157
f 73/3206 149/1120 2440/1099
f 2440/1099 71/1086 73/3206
f 1364/1755 1007/676 431/3207
f 431/3208 430/1125 1364/3209
f 1699/1434 2236/1986 1933/2593
f 1933/2593 1593/1435 1699/1434
f 602/3191 2502/891 2664/368
f 2080/682 1465/1630 1467/3210
f 2843/2701 2303/3211 2300/107
f 2019/2007 2315/2496 1115/2499
f 1115/2499 1114/2005 2019/2007
f 2152/825 1989/1455 787/3212
f 787/3212 472/826 2152/825
f 1308/1273 1334/1272 1314/3213
f 1314/3213 1313/255 1308/1273
f 1785/2270 2117/189 830/1432
f 830/3214 1159/3215 1785/3216
f 830/3214 1160/3217 1159/3215
f 1467/3210 1845/3218 2080/682
f 1564/2583 937/759 1415/758
f 1465/1630 2080/682 1556/681
f 1556/681 360/1631 1465/1630
f 629/2228 2782/849 2720/848
f 2720/848 2760/2441 629/2228
f 1568/852 2108/405 767/404
f 767/404 766/3219 1568/852
f 1548/1670 1802/2017 1801/521
f 1801/521 1549/520 1548/1670
f 932/2184 2843/2701 2702/106
f 2702/106 2763/662 932/2184
f 323/3220 290/2109 2591/2107
f 2354/928 114/927 816/3221
f 1919/3222 2314/3223 1670/3224
f 1919/463 1670/2452 1669/460
f 920/1831 712/1830 748/3225
f 748/3225 747/1927 920/1831
f 1490/3226 2310/1308 1424/22
f 1424/22 1423/3227 1490/3226
f 2591/2107 2353/1766 2612/1780
f 2591/2107 1531/2106 2353/1766
f 2612/1780 1513/1781 2591/2107
f 1513/1781 323/3220 2591/2107
f 2843/2701 2300/107 2702/106
f 2759/3228 2846/2734 423/2442
f 423/3229 2760/685 2759/684
f 2759/3230 2766/3231 2846/3232
f 2678/599 2845/2263 2844/2267
f 2678/599 2765/721 2845/2263
f 2844/2267 2679/3233 2678/599
f 697/2812 2429/2814 274/3234
f 274/2743 273/3235 2445/3236
f 274/3234 2445/3237 697/2812
f 1415/758 2241/554 1564/2583
f 2051/3238 388/3239 1464/3240
f 2459/614 649/3241 648/2549
f 2459/1486 618/1485 617/3242
f 2101/1750 2627/1749 335/2617
f 335/2617 334/1874 2101/1750
f 1241/3243 1866/2407 1599/2409
f 2042/3244 1261/1325 1241/3243
f 1241/3243 1599/2409 2042/3244
f 1558/3245 1773/2372 1161/1614
f 1161/1614 1160/3217 1558/3245
f 1347/3246 2016/3247 179/1958
f 179/1958 178/1517 1347/3246
f 617/3242 649/3248 2459/1486
f 2051/3238 1489/3249 1464/3240
f 2732/1078 2742/1186 2842/2415
f 1551/2041 2397/2967 2597/142
f 623/3250 527/3251 1458/3252
f 623/3250 525/1135 527/3251
f 1296/3253 1998/1373 1454/2746
f 796/2360 2435/2362 1296/3254
f 237/2384 1741/984 1296/3255
f 1296/3253 796/3256 1454/2746
f 1296/3257 233/3258 237/3259
f 2717/280 2782/849 385/2189
f 2467/612 2674/611 1089/2369
f 1089/2369 2485/528 2467/612
f 1935/227 755/226 33/3260
f 33/3260 32/733 1935/227
f 1261/1325 2042/3244 1888/2050
f 1888/2050 1887/1326 1261/1325
f 2524/1479 70/1395 1138/1574
f 1138/1574 1137/1480 2524/1479
f 362/1691 1784/1690 1407/101
f 1407/101 359/3261 362/1691
f 816/3221 1052/3055 2354/928
f 385/2189 2742/1186 2717/280
f 2780/851 2579/815 2578/977
f 593/2741 690/2740 693/1843
f 693/1843 591/493 593/2741
f 2669/2722 2546/1423 2427/1422
f 2427/1422 2428/383 2669/2722
f 2683/523 2685/636 1674/2475
f 1673/2446 2691/524 2683/523
f 2683/523 1674/2475 1673/2446
f 648/2549 2674/611 2459/614
f 2773/917 1635/916 1636/1737
f 2733/1054 2858/2465 2796/2190
f 1626/2786 2433/418 1951/838
f 1951/838 1624/837 1626/2786
f 496/3262 568/2826 2326/1460
f 2326/1460 2311/3263 496/3262
f 2744/3048 2812/2203 10/2206
f 10/3264 2756/749 2744/748
f 2349/969 2737/968 50/2512
f 50/2512 2856/2511 2349/969
f 2856/2511 2548/1416 2349/969
f 2773/917 1636/1737 769/1736
f 2854/2481 2858/2465 2733/1054
f 769/1736 768/3096 2773/917
f 768/3265 730/3266 2773/919
f 1856/290 2469/1526 450/3267
f 450/3267 449/288 1856/290
f 2347/863 2605/862 1016/3128
f 1016/3128 271/3268 2347/863
f 2809/2154 2849/2153 2798/2996
f 2295/3269 2854/2481 2734/1069
f 1391/2553 2314/3223 2295/3269
f 2295/3269 2734/1069 1391/2553
f 2756/749 10/3264 9/3121
f 2801/2916 2802/2223 836/2321
f 836/2321 2824/2320 2801/2916
f 329/3270 1212/3271 2163/3272
f 2163/1514 326/1003 329/3273
f 2098/1392 601/1013 634/3274
f 634/3274 633/3115 2099/3117
f 634/3274 2099/3117 2098/1392
f 2600/3275 390/3276 1514/1662
f 1514/3277 1513/2046 2600/2045
f 2600/2036 387/780 390/3278
f 9/3121 2745/781 2756/749
f 2151/3279 2592/2811 808/2810
f 2838/2716 2825/2209 2063/2933
f 273/2832 2461/1497 1695/3147
f 1695/3147 2445/3280 273/2832
f 1834/672 1097/3281 1694/657
f 2855/2217 2577/1944 2302/1947
f 340/3282 369/767 2757/730
f 2757/730 338/2311 340/3282
f 2859/2314 2803/3009 2566/417
f 2566/417 2828/2312 2859/2314
f 2734/1069 2854/2481 2733/1054
f 2444/920 2773/919 730/3266
f 2280/3283 753/3284 752/2482
f 1934/239 2144/2517 1573/2520
f 1573/2520 784/240 1934/239
f 497/1307 496/3262 2311/3263
f 2311/3263 2310/1308 497/1307
f 2766/718 2853/3285 2846/3286
f 2766/718 2830/2868 2853/3285
f 2337/3287 2768/3288 2852/3289
f 2852/2418 2540/2417 2337/695
f 2337/695 2540/2417 2542/1389
f 730/3290 2443/435 2444/3291
f 2854/2481 2295/3269 2280/3283
f 2072/149 2246/178 2147/1665
f 2147/1665 965/150 2072/149
f 232/3292 1319/3293 2539/3294
f 2539/3294 229/3295 232/3292
f 2849/2153 2850/2207 2847/3296
f 2847/3296 2851/2448 2848/2136
f 2850/2207 2851/2448 2847/3296
f 2847/3296 2798/2996 2849/2153
f 2848/2136 2797/2997 2847/3296
f 2847/3296 2797/2997 2798/2996
f 2535/1405 2548/1416 2856/2511
f 808/2810 255/3297 2151/3279
f 2508/1232 536/2732 539/193
f 539/193 1847/192 2508/1232
f 2290/3298 2372/3299 2498/3300
f 2290/3298 2498/3300 1490/3301
f 1490/3302 1489/3303 2290/3304
f 2821/2867 2822/2882 2857/3194
f 2857/3194 2830/2868 2821/2867
f 378/2754 2820/2793 2535/1405
f 2535/1405 2856/2511 378/2754
f 2449/1535 2448/1534 2431/1580
f 1480/3305 2106/3306 1656/3307
f 1656/3307 1477/1601 1480/3305
f 1059/711 1058/1732 1815/712
f 991/2765 2855/2217 2303/3308
f 2303/3211 2843/2701 991/2713
f 2855/2217 2302/1947 2303/3308
f 2797/2997 2848/2136 2804/2135
f 153/3309 787/3212 1989/1455
f 1989/1455 154/1464 153/3309
f 752/2482 2854/2481 2280/3283
f 1263/898 1216/1754 1264/568
f 1126/2505 1274/1044 1275/1043
f 1273/994 1274/1044 1126/2505
f 1228/3310 1248/3311 1272/3312
f 1272/3312 1271/3313 1228/3310
f 1271/3313 1230/3314 1228/3310
f 1269/762 1270/1470 1268/1648
f 1268/1648 841/763 1269/762
f 1267/3315 1245/3316 119/2627
f 119/2627 118/3317 1267/3315
f 1265/2633 1266/2632 367/3318
f 1264/568 471/899 1263/898
f 1276/3319 349/3320 315/3321
f 1261/1325 1262/1324 1260/937
f 1260/937 1242/2454 1261/1325
f 1259/1689 572/2056 392/2756
f 392/2756 391/1667 1259/1689
f 1257/3322 1258/3323 1255/3324
f 1255/3325 1256/3326 1257/3327
f 802/3328 1253/3329 1254/3330
f 1254/3330 999/3331 802/3328
f 802/3328 801/3332 1253/3329
f 528/3333 1078/3334 1252/3335
f 1288/299 1287/298 1289/3076
f 1298/3336 734/3337 167/3338
f 1297/3339 1231/3340 1230/3341
f 1230/3341 1271/3342 1297/3339
f 1294/3343 1295/3019 1296/3018
f 1296/3254 1293/3344 1294/3345
f 1294/3346 1293/3347 1295/3348
f 1292/3349 306/3350 228/2186
f 228/3351 227/3352 1292/1713
f 1291/3353 757/1680 756/3190
f 756/2820 440/2819 1291/621
f 1289/2025 1290/2024 1288/2429
f 1252/3335 698/3354 528/3333
f 1285/3011 1286/2536 1283/799
f 1283/799 1284/3355 1285/3011
f 1281/127 1282/126 1280/3356
f 1280/3356 1238/3357 1281/127
f 14/2674 13/3358 1279/3359
f 1279/3359 1256/2693 14/2674
f 801/3332 851/3360 1278/3361
f 1278/3361 1277/3362 801/3332
f 801/3332 1277/3362 1253/3329
f 315/3321 698/3354 1276/3319
f 1222/880 1223/2387 1224/2368
f 1062/3363 1079/3364 1235/3365
f 1234/3366 1077/3367 488/3368
f 488/3368 943/3369 1234/3366
f 1233/204 196/183 195/3370
f 195/3370 1232/3371 1233/204
f 1226/3372 1231/3373 1229/3374
f 1226/3375 1230/3341 1231/3340
f 1226/3376 1228/3310 1230/3314
f 1229/3377 1227/3378 1226/3379
f 1226/3376 1227/3380 1228/3310
f 1224/2368 1225/2367 1222/880
f 1235/3365 1063/3381 1062/3363
f 685/3382 1220/3383 1221/3384
f 1221/3384 759/3385 685/3382
f 685/3382 686/3386 1220/3383
f 1218/1469 1219/1468 1217/1106
f 1217/1106 955/2479 1218/1469
f 1190/2078 1215/2077 1191/1657
f 1215/2077 1216/1754 1191/1657
f 1213/3387 1214/2840 1211/364
f 1211/3388 1212/3271 1213/929
f 1209/3389 1210/3390 1207/678
f 1244/1165 987/2222 31/731
f 197/2922 196/183 1250/182
f 1250/182 1251/432 197/2922
f 1227/3378 1229/3377 1249/3391
f 1249/3391 1248/3392 1227/3378
f 1248/3311 1228/3310 1227/3380
f 795/1103 794/1898 1247/923
f 1247/923 1225/2367 795/1103
f 1245/3316 1246/3393 721/2628
f 1246/3393 720/3394 721/2628
f 721/2628 119/2627 1245/3316
f 31/731 30/3395 1244/1165
f 167/3338 771/3396 1298/3336
f 433/1301 1243/2822 434/507
f 1241/3397 1242/3398 1239/3399
f 1239/3399 1240/3400 1241/3397
f 1238/3357 427/2175 426/577
f 64/3401 1186/3402 1185/3403
f 1185/3404 1237/3405 65/2426
f 1185/3406 1184/3407 1237/3408
f 1185/3404 65/2426 64/3409
f 702/2522 701/1156 1236/1155
f 1236/1155 772/3410 702/2522
f 1350/1089 924/3100 1348/3031
f 419/3411 1358/3412 1359/722
f 419/3411 418/2252 1358/3412
f 1356/2151 1357/1792 1355/1794
f 1356/2151 485/2150 1357/1792
f 1355/1794 87/2985 1356/2151
f 1055/2817 1354/1569 1033/1568
f 1353/3051 370/3413 340/3414
f 340/3414 339/3415 1353/3051
f 506/3416 1352/3417 507/3418
f 506/3416 1336/3419 1352/3417
f 751/3420 1351/2464 752/2482
f 1360/598 417/597 419/3411
f 1348/3031 1349/1090 1350/1089
f 178/1517 710/1516 1347/3246
f 1325/3421 1346/3422 13/3423
f 1346/3422 1279/3424 13/3423
f 1345/3425 1344/3426 1301/3427
f 1301/3427 1321/3428 1345/3425
f 1344/3426 1302/3429 1301/3427
f 1343/3430 354/3431 245/3432
f 245/3432 530/3433 1343/3430
f 1342/3434 380/3435 379/3436
f 1364/3209 670/3437 250/85
f 1376/1751 1377/2133 1378/407
f 1375/3053 1372/1900 1374/3075
f 1374/3075 371/3129 1375/3053
f 1372/1900 1373/2750 1374/3075
f 1371/2240 547/3438 1370/1716
f 1370/1716 188/2241 1371/2240
f 1351/2464 751/3420 1368/3439
f 1368/3439 1369/2533 1351/2464
f 1349/1090 1348/3031 1366/1851
f 1366/1851 1367/1850 1349/1090
f 250/85 1365/84 1364/3209
f 379/3436 879/3440 1342/3434
f 101/650 61/1257 102/1256
f 386/2188 630/1074 103/1077
f 102/3441 383/3442 386/2188
f 386/2188 103/1077 102/3441
f 1362/3443 1363/3444 566/3445
f 1363/3446 533/3447 566/3448
f 566/3445 628/3449 1362/3443
f 1361/3450 879/3451 597/3452
f 597/3453 1181/3454 1361/3455
f 1359/722 1360/598 419/3411
f 1308/1273 1309/2535 1310/1775
f 1271/3456 1320/3457 1297/3458
f 1271/3456 1272/3459 1320/3457
f 232/3460 190/889 1319/888
f 1318/952 339/3415 307/3461
f 307/3461 306/3462 1318/952
f 1085/3463 1317/3464 1086/2563
f 1086/2563 1317/3464 1315/3465
f 1315/3465 1316/2344 1086/2563
f 1313/255 1314/3213 1312/1108
f 1312/1108 545/256 1313/255
f 1310/1775 1311/1274 1308/1273
f 1154/3466 1181/3467 565/3468
f 1306/542 1307/541 143/1578
f 143/1578 638/1286 1306/542
f 1256/3326 1305/3469 1257/3327
f 1256/3326 1279/3470 1305/3469
f 1302/3429 1303/3471 1299/3472
f 1299/3473 1304/3474 1277/3475
f 1303/3476 1304/3474 1299/3473
f 1299/3472 1301/3427 1302/3429
f 1277/3475 1300/3477 1299/3473
f 1299/3472 1300/3478 1301/3427
f 1331/539 953/3192 1332/1276
f 43/3479 42/3480 1340/2033
f 1340/2033 1341/3481 43/3479
f 1033/3482 1339/2834 1034/2216
f 1338/1743 870/1742 869/3483
f 869/3483 1337/3484 1338/1743
f 1335/3485 1336/2345 1316/2344
f 1316/2344 1315/3465 1335/3485
f 1334/1277 676/3023 1333/1116
f 1333/1119 1314/3213 1334/1272
f 1332/1276 1311/1275 1331/539
f 1207/678 1208/3486 1209/3389
f 1329/1807 1330/1806 1327/2946
f 1327/2946 1328/2945 1329/1807
f 1324/845 1325/844 16/3487
f 16/3487 1326/2641 1323/3488
f 1325/3421 13/3423 16/2624
f 16/3487 1323/3488 1324/845
f 1300/3489 1278/3490 1322/3491
f 1322/3491 1321/3492 1300/3489
f 1300/3477 1277/3475 1278/3493
f 1321/3428 1301/3427 1300/3478
f 1071/2910 1072/3494 1070/3495
f 1023/3496 1065/1634 1080/170
f 421/1075 630/1074 422/2440
f 1039/3497 1079/3498 736/3499
f 1079/3364 1062/3363 736/3500
f 486/3501 1077/3502 1078/3334
f 1078/3334 528/3333 486/3501
f 486/3503 488/3368 1077/3367
f 1061/3050 1076/2373 1038/2359
f 1075/3504 451/3505 450/2683
f 450/2683 1074/2128 1075/3504
f 230/2781 1073/2780 231/3506
f 1081/3507 975/3508 1023/3496
f 1070/3495 152/2911 1071/2910
f 331/19 330/3509 1068/1682
f 1068/1682 1069/3173 331/19
f 1046/2944 1067/3510 1047/3511
f 1046/2411 541/2410 1067/3512
f 63/939 1066/3513 64/3409
f 1066/3513 217/3514 64/3409
f 1042/3515 1065/1634 1022/2570
f 1065/1634 1023/3496 1022/2570
f 1041/246 12/245 11/3516
f 1096/3517 1097/3518 1057/3519
f 1065/1634 1042/3515 1104/1663
f 493/2596 492/1931 1103/1930
f 1103/1930 944/2597 493/2596
f 353/3520 849/3521 850/3522
f 1101/3523 971/3524 350/2825
f 350/2825 349/3320 1101/3523
f 1076/3525 1061/3526 1100/3527
f 1056/3528 1099/3529 1057/2902
f 1057/2902 1099/3529 1098/3530
f 1098/3530 1096/3531 1057/2902
f 735/3532 1063/3381 1064/3533
f 1094/1770 1095/406 1092/409
f 1092/409 1093/2779 1094/1770
f 1090/3534 1091/3022 1088/529
f 1088/529 1089/2369 1090/3534
f 186/2587 1085/3463 1087/2588
f 1085/3463 1086/2563 1087/2588
f 1084/774 1069/3173 1083/1700
f 1083/1700 400/775 1084/774
f 639/1909 1082/2964 640/2029
f 1080/170 1081/3507 1023/3496
f 1033/3482 1034/2216 992/2219
f 358/2204 357/3535 60/3536
f 1041/3537 11/2205 358/2204
f 1040/3538 1039/3497 699/3539
f 699/3539 700/3540 1040/3538
f 1039/3497 736/3499 699/3539
f 827/3541 596/3542 627/3543
f 130/2358 129/3544 165/3545
f 165/3545 1038/2359 130/2358
f 1037/59 452/2215 1035/3546
f 1035/3546 1036/2179 1037/59
f 992/2219 1015/3547 1033/3482
f 60/3536 1041/3537 358/2204
f 1032/3548 651/3549 649/3241
f 649/3241 617/3550 1032/3548
f 1031/1533 403/1699 402/3551
f 402/3551 77/1532 1031/1533
f 1030/3552 261/3553 1029/3554
f 1029/3554 184/2977 1030/3552
f 1027/3555 1028/3556 1026/2166
f 1028/3556 498/2167 1026/2166
f 1026/2166 466/2620 1027/3555
f 1003/2086 1002/1033 1024/841
f 1053/2394 1054/2548 648/2549
f 1064/3533 663/3557 735/3532
f 735/3532 1062/3363 1063/3381
f 735/3532 736/3500 1062/3363
f 734/3337 942/3558 135/3559
f 164/332 1038/2359 165/3545
f 1061/3050 1038/2359 164/332
f 1060/3045 1056/3528 1058/1732
f 1058/1732 1059/711 1060/3045
f 1056/3528 1057/2902 1058/1732
f 1033/1568 1015/3560 1016/3128
f 1016/3561 1055/3562 1033/3563
f 1066/3564 214/3565 217/2059
f 648/2549 652/2395 1053/2394
f 1052/3055 816/3221 1050/3566
f 1050/3566 1051/2157 1052/3055
f 1049/2708 300/3567 299/138
f 1047/3511 1048/3568 1045/1344
f 1045/1344 1046/2944 1047/3511
f 17/2015 1044/2690 18/2691
f 1001/2569 1000/3569 1043/3570
f 1043/3570 1042/3515 1001/2569
f 1042/3515 1022/2570 1001/2569
f 1175/1266 1172/1264 1174/3097
f 1155/3070 1184/3407 1156/3571
f 1156/3571 1185/3406 1186/2057
f 1184/3407 1185/3406 1156/3571
f 140/2119 139/1990 1183/1989
f 1183/3572 424/2736 140/2735
f 1182/3573 532/3574 531/3575
f 1181/3454 597/3453 596/3576
f 596/3542 827/3541 1181/3577
f 1178/3014 1179/3037 1176/3578
f 1179/3037 1180/3579 1176/3578
f 1176/3578 1177/3580 1178/3014
f 1133/2455 1187/3008 1188/1001
f 1172/1264 1173/3581 1174/3097
f 1170/659 1171/2611 1168/1604
f 1168/1604 1169/3164 1170/659
f 1145/1104 1144/3582 1167/2687
f 1166/2531 1111/2530 1165/1896
f 1165/1896 226/2751 1166/2531
f 1163/1911 1164/3583 1162/3584
f 1162/3584 398/1687 1163/1911
f 1160/3217 1161/1614 1158/734
f 1158/734 1159/3215 1160/3217
f 1196/990 1197/989 1198/317
f 1206/1011 972/1010 665/2580
f 665/2580 664/1963 1206/1011
f 382/3585 1204/3586 1205/3587
f 1205/3588 914/3589 382/3590
f 382/3591 354/3431 1204/3592
f 827/3541 565/3593 1181/3577
f 1203/752 1178/3014 1177/3580
f 1177/3580 1202/3594 1203/752
f 1201/3595 484/3596 483/2608
f 483/2608 1200/2607 1201/3595
f 1198/317 1199/1525 1196/990
f 1155/3070 1156/3571 1157/3071
f 1195/3597 1194/3598 684/3599
f 684/3599 720/3394 1195/3597
f 1194/3598 686/3386 684/3599
f 1193/954 264/3600 263/2486
f 263/2486 647/2485 1193/954
f 1192/70 1164/69 1190/2078
f 1190/2078 1191/1657 1192/70
f 1189/1512 69/2053 68/1982
f 68/1982 674/1513 1189/1512
f 1188/1001 1134/1515 1133/2455
f 1122/3601 1123/3602 1119/3603
f 18/2691 1131/2594 1129/2595
f 1129/2595 1130/1315 18/2691
f 176/1960 208/1959 207/2792
f 207/2792 249/3604 176/1960
f 200/2794 380/3435 1128/3605
f 1128/3605 198/3606 200/2794
f 1127/3607 1100/3608 1061/3609
f 1119/3610 1125/3611 1126/2914
f 1126/2914 1122/2913 1119/3610
f 1119/3610 1124/3612 1125/3611
f 1121/3613 1124/3614 1119/3615
f 1132/693 1133/2455 1134/1515
f 1119/3615 1120/3616 1121/3613
f 1117/1188 1118/2561 1116/1020
f 1116/1020 309/3099 1117/1188
f 1114/2005 1115/2499 1112/3617
f 1112/3617 1113/2392 1114/2005
f 1110/1870 1111/2530 1109/2284
f 1109/2284 508/2283 1110/1870
f 364/655 1108/654 365/3618
f 1106/2250 1107/2249 1105/3619
f 1105/3619 1082/2964 1106/2250
f 1147/1903 556/1797 555/2855
f 535/3620 828/747 361/746
f 361/3621 534/3622 535/2640
f 241/3623 800/3624 1154/3625
f 1154/3625 565/3626 241/3623
f 1152/3036 1153/3627 1100/3628
f 1100/3628 1127/3629 1152/3036
f 1150/3630 1151/3631 1120/3632
f 1151/3633 1121/3613 1120/3616
f 1120/3634 1149/3635 1150/3636
f 1120/3637 1148/3638 1149/3639
f 1378/407 1095/406 1376/1751
f 555/2855 655/2871 1147/1903
f 1146/564 1091/3022 1144/3582
f 1144/3582 1145/1104 1146/564
f 1143/1066 549/2428 1142/2427
f 1142/2371 583/2370 1143/1061
f 1141/3640 1108/654 1139/671
f 1139/671 1140/710 1141/3640
f 1137/1480 1138/1574 1136/1577
f 1136/1577 1107/2249 1137/1480
f 1134/1515 1135/744 1132/693
f 698/3354 1252/3335 1589/3641
f 469/2963 468/118 1598/117
f 1598/976 1599/2409 469/2408
f 835/478 834/1734 1596/897
f 1596/3642 1597/843 835/842
f 1594/3643 1595/2797 1592/1436
f 1592/1436 1593/1435 1594/3643
f 600/810 634/3644 601/3645
f 1591/1798 1590/3646 1321/3492
f 1321/3492 1322/3491 1591/1798
f 1590/3647 1345/3425 1321/3428
f 354/3431 1343/3430 1204/3592
f 1336/2345 1335/3485 1600/3648
f 1589/3641 1276/3319 698/3354
f 662/3649 1587/3650 1588/2068
f 1588/2068 626/3651 662/3649
f 662/2788 733/2806 1587/3652
f 1585/175 1586/2582 1583/553
f 1583/553 1584/176 1585/175
f 1268/857 842/856 841/3653
f 1582/389 990/388 1580/993
f 1580/993 1581/992 1582/389
f 1085/3463 186/2587 1579/3654
f 1611/3655 1527/3656 1441/3657
f 1623/464 949/1954 948/1180
f 948/1180 1622/2670 1623/464
f 1620/3163 1621/1279 1619/1070
f 1619/1070 705/3658 1620/3163
f 1618/3659 1616/3660 1613/3661
f 1613/3661 1617/3662 1618/3659
f 1615/3663 1617/3664 1613/3665
f 1616/3660 1614/3666 1613/3661
f 1613/3665 1614/3667 1615/3663
f 1441/3668 1440/3669 1612/3670
f 1612/3670 1611/3671 1441/3668
f 1579/3654 1538/3672 1085/3463
f 1610/3673 1569/3674 734/3337
f 734/3337 1298/3336 1610/3673
f 733/2806 1609/3675 1587/3652
f 732/3676 1609/3677 733/2809
f 1607/147 1608/146 1605/177
f 1605/177 1606/2506 1607/147
f 1603/3678 1604/3679 1601/3680
f 1601/3680 1602/3681 1603/3678
f 1089/2369 1054/2548 1090/3534
f 1600/3682 1352/3417 1336/3419
f 1551/2041 1552/2040 726/3683
f 712/3684 711/21 1560/20
f 1560/20 748/3685 712/3684
f 1533/1280 1532/319 1558/322
f 1558/322 1559/1071 1533/1280
f 1556/681 1557/680 851/3686
f 1557/680 1278/3490 851/3686
f 851/3686 534/3622 1556/681
f 1077/3367 1554/3687 1555/3688
f 1555/3689 1078/3334 1077/3502
f 1077/3367 1234/3366 1554/3687
f 726/698 1553/336 1551/335
f 1216/1754 1215/2077 1561/569
f 1549/520 1550/1523 1547/1688
f 1547/1688 1548/1670 1549/520
f 1546/819 1542/818 1544/1140
f 1544/1140 1545/2233 1546/819
f 1542/818 1543/1137 1544/1140
f 1540/866 1541/1201 1539/1200
f 1539/1200 587/867 1540/866
f 1538/3672 1537/3690 1317/3464
f 1317/3464 1085/3463 1538/3672
f 1537/3690 1315/3465 1317/3464
f 1569/3674 1460/3691 942/3558
f 1577/2101 1578/2100 1575/1905
f 1575/933 1576/932 1577/2974
f 1574/670 785/656 784/240
f 784/240 1573/2520 1574/670
f 1558/322 833/1072 1559/1071
f 537/717 536/2732 745/2733
f 745/2733 1572/714 537/717
f 1571/3692 1570/3693 1302/3429
f 1302/3429 1344/3426 1571/3692
f 1570/3693 1511/3694 1302/3429
f 1363/3446 1343/3430 530/3433
f 1624/3695 1597/3696 1596/3697
f 942/3558 734/3337 1569/3674
f 1567/3698 1568/3699 766/3700
f 766/3700 1566/3701 1567/3698
f 1565/3702 938/3703 937/759
f 937/759 1564/2583 1565/3702
f 1542/818 874/1619 1543/1137
f 585/390 584/1139 1563/1138
f 1315/3465 1562/3704 1335/3485
f 1315/3465 1537/3690 1562/3704
f 1561/569 1264/568 1216/1754
f 1674/2475 192/2474 1675/2948
f 1528/3705 1683/3706 1682/3707
f 1528/3705 1681/3708 1683/3706
f 1682/3707 1509/3709 1528/3705
f 1528/3705 1527/3656 1681/3708
f 1461/3710 1680/3711 1234/3366
f 1680/3711 1554/3687 1234/3366
f 1678/1492 1679/1494 1677/2578
f 1677/3712 1655/1597 1678/1564
f 1019/4 1018/3079 1676/2357
f 1676/2357 1059/711 1019/4
f 1675/2948 1672/2947 1674/2475
f 1617/3664 1615/3663 1684/3713
f 1672/2947 1673/2446 1674/2475
f 1649/111 1167/2687 1650/410
f 717/2688 716/1443 1671/865
f 1671/865 928/2651 717/2688
f 1670/2452 1394/2445 1668/224
f 1668/224 1669/460 1670/2452
f 1666/1175 1667/1339 1664/1227
f 1666/1175 1262/1324 1667/1339
f 1664/1227 1665/1176 1666/1175
f 1663/2669 1044/2690 1662/2089
f 1691/3714 116/3715 404/3716
f 2445/3717 1695/1563 2446/1197
f 1696/3718 1485/3719 971/3720
f 971/3720 1101/3721 1696/3718
f 824/3722 823/1493 1678/1492
f 1678/1492 1695/3723 824/3722
f 1097/3518 1096/3517 1694/3724
f 904/1018 1693/1017 905/2181
f 1693/1017 934/3725 905/2181
f 686/3386 1692/3726 1220/3383
f 1194/3598 1692/3726 686/3386
f 404/2783 403/1699 1691/527
f 1662/2089 1622/2670 1663/2669
f 1690/3727 814/3728 813/3729
f 813/3729 1369/3730 1690/3727
f 1664/1227 1689/1226 1665/1176
f 1688/367 21/366 20/2034
f 20/3731 1135/3732 1687/3733
f 1686/1005 853/1004 852/2231
f 852/2231 919/2766 1686/1005
f 1685/3734 1618/3735 1617/3736
f 1617/3736 1684/3737 1685/3734
f 997/2472 1633/2545 1634/2473
f 978/1955 977/444 1005/443
f 705/3658 1619/1070 832/1073
f 832/1073 706/1340 705/3658
f 1614/3666 1616/3660 1639/3738
f 1638/3739 1615/3663 1614/3667
f 1639/3738 1637/3740 1614/3666
f 1614/3667 1637/3741 1638/3739
f 1483/3742 1342/3743 1361/3744
f 1483/3745 1484/3746 1342/3747
f 1361/3748 1154/3466 1483/3745
f 1635/916 694/2795 1636/1737
f 327/3749 1640/1828 1641/297
f 1632/1471 1270/1470 1630/2495
f 1630/2495 1631/2510 1632/1471
f 1629/1219 1144/3582 1091/3022
f 1091/3022 1090/3534 1629/1219
f 226/2751 1165/1896 1628/1895
f 1628/1895 223/3750 226/2751
f 578/184 577/15 1627/18
f 1627/18 612/1298 578/184
f 1624/3695 1596/3697 1625/3751
f 1625/3751 1626/3752 1624/3695
f 995/2180 1036/2179 1653/3753
f 1661/1482 666/1481 1660/2202
f 1660/2202 778/2201 1661/1482
f 1637/3740 1639/3738 1659/3754
f 1659/3754 1658/3755 1637/3740
f 1637/3741 1658/3756 1638/3739
f 1657/3757 1402/3758 1064/3759
f 1064/3759 1510/3760 1657/3757
f 1477/3761 1656/1860 1654/1195
f 1654/1195 1655/1597 1477/3761
f 1653/3753 996/3762 995/2180
f 1536/415 1163/1911 398/1687
f 1652/265 122/264 121/1294
f 121/1294 1604/2275 1652/265
f 1650/410 1651/2666 1648/1144
f 1648/1144 1649/111 1650/410
f 615/2397 1647/2972 1646/2971
f 615/2397 223/3763 1647/2972
f 1646/2971 304/2398 615/2397
f 1644/1849 1645/1876 1642/3764
f 1642/3764 1643/2799 1644/1849
f 1641/297 328/296 327/3749
f 1425/1573 868/2705 1426/1169
f 1079/3498 1039/3497 1440/3669
f 1361/3450 1342/3765 879/3451
f 1438/3766 1439/3767 560/3768
f 560/3769 1437/3770 1438/972
f 1435/1048 1436/2232 1433/2720
f 1433/2720 1434/1046 1435/1048
f 1432/3771 1428/3772 1430/1901
f 1430/1901 1431/3054 1432/3771
f 1428/3772 1429/1902 1430/1901
f 1396/3773 1427/1814 1397/1824
f 1426/1169 1412/1551 1425/1573
f 1441/3657 1235/3365 1079/3364
f 498/3774 1028/3775 540/3776
f 1423/3227 1424/22 1422/25
f 1422/25 1389/3777 1423/3227
f 669/3778 708/1182 211/1185
f 211/1185 210/3779 669/3778
f 1421/1152 701/1151 209/2804
f 209/2804 208/1959 1421/1152
f 1420/3780 1040/3538 700/3540
f 700/3540 914/3589 1420/3780
f 1419/3781 771/3396 198/3606
f 574/3177 1450/3782 575/3783
f 943/3784 942/3558 1460/3691
f 1457/3785 1459/913 1456/915
f 1457/3785 1458/3252 1459/913
f 1456/915 660/3786 1457/3785
f 1455/878 797/877 796/2360
f 796/2360 1454/3787 1455/878
f 1428/3772 1453/3188 1429/1902
f 1452/3153 903/1838 480/1815
f 480/1815 1427/1814 1452/3153
f 1451/991 336/1610 335/2617
f 335/2617 926/2616 1451/991
f 198/3606 1128/3605 1419/3781
f 1450/3788 1048/3789 574/3790
f 1446/3791 1447/3792 1448/3793
f 1448/3794 1449/3795 1446/3796
f 1446/3791 1389/3797 1447/3792
f 1236/3798 1445/306 1443/305
f 1443/3799 1444/726 1236/1155
f 211/1185 738/1184 737/3800
f 737/3800 1442/2087 211/1185
f 737/3801 999/3331 1442/3802
f 1440/3669 1441/3668 1079/3498
f 1388/3803 1389/3777 1390/674
f 125/3804 521/3805 126/3806
f 1399/3807 411/3808 410/1744
f 410/1744 1398/3082 1399/3807
f 1397/3809 407/3810 406/3811
f 406/3812 1396/3773 1397/1824
f 1395/3813 582/3814 581/3815
f 581/2759 265/2758 1395/1253
f 1393/3816 1394/3817 1391/2553
f 1391/2553 1392/2142 1393/3816
f 1006/3818 431/3207 1007/676
f 1390/3819 1386/3820 1388/1543
f 1400/2251 1358/3412 418/2252
f 1386/3820 1387/1544 1388/1543
f 1383/3821 1384/3822 1381/1398
f 1381/1398 1384/3822 1385/1437
f 1381/1398 1382/1401 1383/3821
f 172/3823 915/2988 1380/1964
f 1380/1964 664/1963 172/3823
f 1379/3824 1362/3443 628/3449
f 628/3449 663/3825 1379/3824
f 1181/3467 1154/3466 1361/3748
f 87/2985 1355/1794 88/1730
f 359/3826 1408/3827 1405/3828
f 1418/1472 162/782 1416/784
f 1416/784 1417/1647 1418/1472
f 1415/758 447/757 446/1866
f 446/1866 1414/2152 1415/758
f 1372/1900 1413/1899 1373/2750
f 1411/1552 1412/1551 302/2540
f 302/2540 301/3829 1411/1552
f 811/3830 810/3831 1410/3832
f 1410/3832 837/2316 811/3830
f 1409/3833 1027/3555 466/2620
f 466/2620 465/2225 1409/3833
f 1461/3710 1234/3366 943/3369
f 359/3261 1407/101 1408/123
f 1405/122 1406/3834 359/3261
f 1327/2946 1404/1008 1206/1011
f 1206/1011 1403/1965 1327/2946
f 249/3604 738/1184 177/1183
f 177/1183 176/1960 249/3604
f 1402/3758 1379/3824 663/3825
f 663/3825 1064/3759 1402/3758
f 1401/3835 1101/3523 349/3320
f 349/3320 1276/3319 1401/3835
f 1063/3381 1509/3709 1510/3836
f 220/736 1029/3554 221/3837
f 220/736 151/2762 1029/3554
f 1517/1209 1518/2352 1516/275
f 1516/275 610/302 1517/1209
f 1515/829 806/828 744/3838
f 744/3838 743/3839 1515/829
f 323/3840 1514/1662 1463/347
f 323/3220 1513/1781 1514/3841
f 1512/3842 1487/3843 1303/3844
f 1512/3845 1511/3694 1303/3471
f 1303/3471 1302/3429 1511/3694
f 1519/3846 1072/2158 1051/2157
f 1510/3836 1064/3533 1063/3381
f 1063/3381 1235/3365 1509/3709
f 1485/3847 1128/3848 380/3849
f 380/3849 1484/3850 1485/3847
f 1342/3851 1484/3850 380/3849
f 1416/784 1508/783 1506/943
f 1506/943 1507/3852 1416/784
f 876/1100 875/3026 847/1524
f 847/1524 1505/1082 876/1100
f 620/2986 619/3853 1503/3854
f 1527/3656 1528/3705 1235/3365
f 398/1687 397/1624 1536/415
f 70/1395 69/2053 1535/1575
f 1535/1575 1138/1574 70/1395
f 807/3855 806/828 1534/320
f 1534/320 1532/319 807/3855
f 1532/319 1533/1280 807/3855
f 1531/2106 1529/2108 1277/3856
f 1277/3856 1530/3857 1531/2106
f 1277/3858 1488/3859 1530/3860
f 1529/2110 1253/3329 1277/3362
f 1235/3365 1528/3705 1509/3709
f 1503/3854 1504/2686 620/2986
f 1235/3365 1441/3657 1527/3656
f 800/3861 1483/3745 1154/3466
f 1433/2720 1526/2719 1524/3862
f 1524/3862 1525/697 1433/2720
f 908/634 1523/2560 909/3863
f 1522/2984 763/2940 1521/498
f 1521/498 85/501 1522/2984
f 82/3864 553/2959 1520/1553
f 1520/1553 962/452 82/3864
f 1051/2157 1050/3566 1519/3846
f 1470/24 1471/2637 1468/3865
f 660/3786 1456/915 1481/2869
f 1481/2869 1482/3866 660/3786
f 1479/3867 1480/3305 1477/1601
f 1477/1601 1478/1600 1479/3867
f 1476/1846 557/2928 1475/3041
f 1475/3041 481/1837 1476/1846
f 441/2904 1473/2903 442/233
f 1473/2903 1474/822 442/233
f 33/3260 758/3868 1472/1203
f 1472/1203 30/3395 33/3260
f 73/3206 182/3869 150/3870
f 1483/3745 800/3861 969/3871
f 1468/3872 1469/3873 1470/3874
f 1466/2875 1467/3875 1465/3876
f 1465/3876 1406/3834 1466/2875
f 1463/3877 1464/3878 291/3879
f 1464/3880 292/2958 291/3881
f 291/3882 323/3840 1463/347
f 999/3331 1462/3883 1442/3802
f 1254/3330 1462/3883 999/3331
f 1363/3446 530/3433 533/3447
f 1460/3691 1461/3884 943/3784
f 1491/3885 1492/3886 1493/3887
f 1498/3888 1500/3204 1501/3203
f 1501/3203 1502/3889 1498/3888
f 1498/3890 1499/3891 1500/3892
f 1497/1143 838/1623 153/3309
f 153/3309 152/2911 1497/1143
f 184/2977 150/3870 182/3869
f 1496/533 609/2102 608/1212
f 608/2431 576/2430 1496/3893
f 1493/3894 1495/3895 1491/3896
f 1493/3897 1494/3898 1495/3899
f 1024/839 1025/1094 1003/2083
f 1489/3900 1490/3226 1423/3227
f 1423/3227 1464/3901 1489/3900
f 1304/3902 1487/3843 1488/3859
f 1304/3903 1277/3904 1488/3905
f 1304/3902 1303/3844 1487/3843
f 1486/3906 1440/3669 1039/3497
f 1039/3497 1040/3538 1486/3906
f 1485/3719 1484/3907 969/3908
f 969/3908 971/3720 1485/3719
f 1484/3746 1483/3745 969/3871
f 342/1060 341/3909 372/2527
f 385/2189 386/2188 383/3442
f 383/3442 384/2403 385/2189
f 382/3590 381/3910 5/3911
f 5/3911 7/3912 382/3590
f 381/3910 136/3913 5/3911
f 378/2754 379/3436 380/3435
f 380/3435 200/2794 378/2754
f 378/2754 52/2513 379/3436
f 375/2969 376/2968 377/2994
f 374/3914 347/628 346/1589
f 346/1589 373/635 374/3914
f 387/780 388/766 389/3915
f 370/3413 371/3129 369/3130
f 369/3130 340/3414 370/3413
f 368/1507 76/3916 75/2141
f 75/2141 367/2140 368/1507
f 365/3618 366/2707 363/1537
f 363/1537 364/655 365/3618
f 361/746 362/745 359/3917
f 359/1632 360/1631 361/3621
f 357/3918 358/3919 355/3920
f 355/3921 356/3922 357/3923
f 407/3924 408/3925 405/3926
f 381/3910 420/3927 136/3913
f 420/3928 170/3929 136/3930
f 94/2650 283/3931 95/2123
f 283/3931 282/2564 95/2123
f 376/2968 419/3411 417/597
f 418/2252 419/3411 376/2968
f 417/597 377/2994 376/2968
f 415/517 416/552 413/2018
f 413/2018 414/514 415/517
f 411/3808 412/2584 409/1745
f 409/1745 410/1744 411/3808
f 6/3932 245/3933 354/3934
f 405/3935 406/3936 407/3937
f 403/1699 404/2783 401/2836
f 401/2836 402/3551 403/1699
f 399/776 400/775 397/1624
f 397/1624 398/1687 399/776
f 395/462 396/3052 393/2929
f 393/2929 394/2198 395/462
f 325/3938 324/3939 391/1667
f 391/1667 392/2756 325/3938
f 389/3915 390/3278 387/780
f 269/266 268/1424 308/1189
f 322/3940 287/3941 286/2573
f 286/2573 321/2698 322/3940
f 55/3942 320/3943 285/3944
f 319/3945 320/3946 55/2656
f 55/2656 56/2655 319/3945
f 317/2296 318/2658 315/3321
f 315/3321 316/2297 317/2296
f 277/3947 239/3948 278/433
f 310/1918 312/834 313/855
f 313/855 314/1915 310/1918
f 310/1918 311/583 312/834
f 323/3220 291/3949 290/2109
f 308/1189 309/3099 269/266
f 306/3350 307/2310 305/2134
f 305/2134 228/2186 306/3350
f 303/2052 304/2398 301/3829
f 301/3829 302/2540 303/2052
f 300/3567 260/3950 259/139
f 259/139 299/138 300/3567
f 297/445 298/1659 295/1658
f 295/1658 296/442 297/445
f 215/3029 214/3565 293/3951
f 341/3909 342/1060 343/1059
f 354/3952 353/3953 6/3954
f 6/3955 204/3956 245/3957
f 353/3953 352/3958 6/3954
f 6/3959 352/3960 351/3961
f 351/3961 7/3962 6/3959
f 316/2297 315/3321 349/3320
f 349/3320 350/2825 316/2297
f 239/3948 238/3963 278/433
f 347/628 348/627 345/1590
f 345/1590 346/1589 347/628
f 343/1059 344/2562 341/3909
f 421/1075 422/2440 423/2442
f 339/3415 340/3414 338/3964
f 338/3964 307/3461 339/3415
f 336/1610 337/2630 334/1874
f 334/1874 335/2617 336/1610
f 332/121 333/3160 330/3509
f 330/3509 331/19 332/121
f 328/3965 329/3273 326/1003
f 326/1003 327/1002 328/3965
f 294/3966 293/3967 324/3939
f 324/3939 325/3938 294/3966
f 521/3805 125/3804 518/3968
f 56/2655 529/3969 531/3970
f 530/3971 285/3972 56/3973
f 285/3974 319/3975 56/3976
f 56/2655 54/3977 529/3969
f 487/2667 486/3501 528/3333
f 528/3333 318/2658 487/2667
f 525/1135 526/1134 527/3251
f 520/2298 524/2253 518/3978
f 524/2253 523/1724 518/3978
f 522/1723 521/3979 518/3978
f 56/3980 531/3981 532/3982
f 518/3978 519/3983 520/2298
f 517/3984 513/3985 515/2906
f 515/2906 516/2905 517/3984
f 513/3985 514/3986 515/2906
f 511/987 512/1503 509/2987
f 509/2987 510/957 511/987
f 507/3418 508/2283 505/3987
f 505/641 506/3132 507/3988
f 503/1206 504/343 501/345
f 501/345 502/1228 503/1206
f 546/1746 547/2405 548/509
f 563/513 562/3989 561/2271
f 562/1952 527/3251 561/2272
f 527/3251 526/1134 561/2272
f 560/3990 520/2298 519/3983
f 519/3983 559/3991 560/3990
f 519/1822 558/861 559/859
f 556/1797 557/2928 554/2856
f 554/2856 555/2855 556/1797
f 552/438 553/2959 550/3992
f 550/3992 551/439 552/438
f 548/509 549/2428 546/1746
f 498/3774 499/3993 500/3994
f 544/318 545/256 542/154
f 542/154 543/797 544/318
f 540/3776 541/3995 499/3993
f 499/3993 498/3774 540/3776
f 538/1819 539/193 536/2732
f 536/2732 537/717 538/1819
f 321/2680 535/2640 534/3622
f 534/3622 322/3996 321/2680
f 56/3997 533/3998 530/3999
f 532/3982 533/4000 56/3980
f 443/232 444/2749 441/2904
f 170/3929 420/3928 459/4001
f 458/4002 171/4003 170/3929
f 377/4004 417/4005 457/4006
f 456/4007 455/4008 377/4009
f 455/4010 453/4011 377/4012
f 453/4013 454/2992 377/2994
f 451/3505 452/4014 449/4015
f 449/4015 450/2683 451/3505
f 447/4016 448/4017 445/4018
f 445/4019 446/1866 447/757
f 170/3929 459/4001 458/4002
f 441/2904 442/233 443/232
f 439/2006 440/2819 436/708
f 436/708 438/4020 439/2006
f 436/708 437/707 438/4020
f 434/507 435/2729 432/1302
f 432/1302 433/1301 434/507
f 430/4021 431/4022 428/1410
f 428/1410 429/2224 430/4021
f 425/573 426/577 427/2175
f 423/2442 424/2736 421/1075
f 480/1815 481/1837 478/785
f 496/4023 497/3118 494/1836
f 494/1836 495/1835 496/4023
f 492/1931 493/2596 490/2843
f 490/2843 491/4024 492/1931
f 489/4025 205/4026 203/4027
f 488/3368 486/3503 132/2541
f 132/2541 131/4028 488/3368
f 486/3503 487/2542 132/2541
f 484/3596 485/2150 482/1861
f 482/1861 483/2608 484/3596
f 293/3951 294/3047 215/3029
f 478/785 479/1816 480/1815
f 476/1028 477/1027 474/2857
f 474/2857 475/3094 476/1028
f 473/4029 438/4020 437/707
f 437/707 472/827 473/4029
f 470/895 471/899 468/113
f 468/118 469/2963 470/2962
f 465/2225 466/2620 467/738
f 100/4030 57/4031 460/4032
f 460/4033 461/2161 100/2208
f 96/2125 97/2805 94/2650
f 111/1112 112/2874 72/4034
f 72/4034 110/1110 111/1112
f 108/191 109/190 106/4035
f 106/4035 107/1833 108/191
f 105/651 101/650 103/4036
f 103/1077 104/1076 105/4037
f 101/650 102/1256 103/4036
f 57/1453 100/2208 58/3120
f 99/4038 54/3977 53/4039
f 53/4039 98/4040 99/4038
f 53/4039 1/2601 98/4040
f 113/4041 114/927 115/893
f 2489/145 1818/144 93/2689
f 92/1666 93/2689 90/4042
f 90/4042 91/2422 92/1666
f 88/1730 89/212 86/215
f 86/215 87/2985 88/1730
f 84/1863 85/501 82/456
f 82/456 83/455 84/1863
f 35/2615 81/4043 79/4044
f 35/2615 80/2614 81/4043
f 79/4044 36/2514 35/2615
f 129/3544 130/2358 127/287
f 147/2764 148/1685 145/1684
f 145/1684 146/4045 147/2764
f 143/1578 144/1988 141/1991
f 141/1991 142/1579 143/1578
f 139/1990 140/2119 137/2122
f 137/2122 138/2489 139/1990
f 1/2601 5/4046 136/3930
f 136/3930 98/4040 1/2601
f 135/4047 131/4028 133/2523
f 133/2523 134/2524 135/4047
f 131/4028 132/2541 133/2523
f 74/669 76/4048 77/4049
f 127/287 128/286 129/3544
f 124/4050 126/3806 2920/4051
f 2920/4051 45/4052 124/4050
f 124/4050 125/3804 126/3806
f 122/264 123/793 120/792
f 120/792 121/1294 122/264
f 118/3317 119/2627 38/2629
f 38/2629 117/2449 118/3317
f 38/2629 37/2450 117/2449
f 115/4053 116/4054 113/4055
f 17/2015 18/2691 19/2035
f 34/2612 36/2514 37/2450
f 37/2450 38/2629 34/2612
f 34/2612 35/2615 36/2514
f 32/733 33/3260 30/3395
f 30/3395 31/731 32/733
f 28/2635 29/3186 26/1208
f 26/1208 27/2636 28/2635
f 24/2028 25/2300 22/1463
f 22/1463 23/1462 24/2028
f 21/366 17/2015 19/2035
f 19/2035 20/2034 21/366
f 39/1583 40/1582 41/4056
f 15/2625 16/2624 13/3423
f 13/3358 14/2674 15/2678
f 12/245 8/4057 10/4058
f 10/4058 11/3516 12/245
f 8/1452 9/3121 10/3264
f 7/4059 5/4046 3/2603
f 3/4060 6/4061 7/4062
f 3/4063 4/4064 6/4065
f 5/4046 1/2601 3/2603
f 3/2603 2/2602 4/4066
f 57/1453 58/3120 9/3121
f 77/4049 78/666 74/669
f 74/4067 75/2141 76/3916
f 71/1086 72/4034 73/3206
f 71/1086 29/3186 72/4034
f 69/2053 70/1395 67/1394
f 67/1394 68/1982 69/2053
f 65/2426 66/2425 63/939
f 63/939 64/3409 65/2426
f 60/2847 61/1257 62/247
f 59/1454 57/1453 9/3121
f 9/3121 8/1452 59/1454
f 149/1120 73/3206 150/3870
f 54/3977 56/2655 2/2602
f 1148/3638 1120/3637 2628/4068
f 55/2656 4/4066 2/2602
f 2/2602 53/4039 54/3977
f 1/2601 53/4039 2/2602
f 50/4069 51/4070 52/4071
f 48/4072 49/2605 46/28
f 46/28 47/27 48/4072
f 44/4073 45/4074 42/4075
f 2628/4068 1341/3481 1148/3638
f 241/4076 242/2480 243/2463
f 254/2709 255/4077 256/1299
f 251/1191 253/86 250/85
f 251/1130 252/1541 253/1540
f 250/85 213/1192 251/1191
f 249/3604 207/2792 246/2791
f 246/2791 248/4078 249/3604
f 246/2576 247/2574 248/4079
f 245/4080 204/4081 201/4082
f 204/4081 203/4083 201/4082
f 201/4082 4/4084 245/4080
f 243/2463 244/4085 241/4076
f 256/1299 257/1626 254/2709
f 238/2923 239/4086 240/2924
f 233/3258 235/4087 236/434
f 236/434 237/3259 233/3258
f 233/3258 234/4088 235/4087
f 231/4089 232/3292 229/3295
f 229/4090 230/2781 231/3506
f 227/4091 228/2186 155/2187
f 155/2187 79/4044 227/4091
f 225/115 226/2751 223/3750
f 223/4092 224/997 225/116
f 276/2214 277/3947 278/433
f 289/1095 291/3881 292/2958
f 289/1095 290/1128 291/3881
f 247/2574 287/3941 288/4093
f 288/4093 248/4079 247/2574
f 247/2574 286/2573 287/3941
f 4/4094 285/4095 245/4096
f 4/4094 55/4097 285/4095
f 283/3931 284/2577 281/2333
f 281/2333 282/2564 283/3931
f 278/433 279/258 276/2214
f 279/258 280/400 276/2214
f 221/3837 222/3159 219/737
f 273/3235 274/2743 275/2747
f 270/219 272/1421 268/1424
f 270/219 271/218 272/1421
f 268/1424 269/266 270/219
f 267/4098 118/3317 117/2449
f 117/2449 266/2221 267/4098
f 264/3600 265/2758 262/2761
f 262/2022 263/3077 264/4099
f 260/3950 261/2990 258/1511
f 258/1511 259/139 260/3950
f 98/4040 136/3930 170/3929
f 185/4100 186/2587 187/2590
f 184/2977 182/3869 183/2873
f 182/3869 112/2874 183/2873
f 146/4045 145/1684 180/71
f 180/71 181/2731 146/4045
f 178/1517 179/1958 176/1960
f 176/1960 177/1183 178/1517
f 174/2460 175/2828 172/3823
f 172/3823 173/2458 174/2460
f 171/4003 99/4038 98/4040
f 98/4040 170/3929 171/4003
f 187/2590 188/2241 185/4100
f 168/2466 169/2351 167/3338
f 167/3338 134/4101 168/2466
f 165/3545 166/2381 163/333
f 163/333 164/332 165/3545
f 161/687 162/782 159/1292
f 159/1292 160/1291 161/687
f 156/1290 157/1289 158/1333
f 79/4044 155/2187 36/2514
f 152/2911 153/3309 154/1464
f 149/1120 150/3870 151/2762
f 204/4102 6/4065 202/4103
f 219/737 220/736 221/3837
f 180/71 218/1701 181/2731
f 216/936 217/2059 214/3565
f 214/3565 215/3029 216/936
f 212/1193 213/1192 210/3779
f 210/3779 211/1185 212/1193
f 208/1959 209/2804 206/2256
f 206/2256 207/2792 208/1959
f 202/4103 205/4104 204/4102
f 202/4105 203/4106 205/4107
f 561/2271 564/510 563/513
f 6/4065 4/4064 202/4103
f 202/4108 201/4109 203/4110
f 4/4111 201/4109 202/4108
f 199/2350 200/2794 198/3606
f 198/3606 169/2351 199/2350
f 196/183 197/2922 194/4112
f 194/4112 195/3370 196/183
f 193/688 161/687 160/1291
f 191/983 192/2478 189/2477
f 189/562 190/890 191/4113
f 879/3440 52/2513 51/2770
f 890/2055 861/3064 891/186
f 888/964 889/963 886/1832
f 886/1832 887/2567 888/964
f 884/2714 885/2753 882/4114
f 882/4114 883/2699 884/2714
f 461/4115 460/1399 881/1438
f 881/2980 880/4116 461/2161
f 880/4116 175/2828 461/2161
f 351/4117 353/3520 354/4118
f 351/4117 849/3521 353/3520
f 51/4119 597/4120 879/4121
f 891/186 892/3040 890/2055
f 846/1522 845/1640 877/1641
f 877/1641 878/2581 846/1522
f 314/1915 313/855 875/3026
f 875/3026 876/1100 314/1915
f 873/1650 874/1619 871/1633
f 871/1633 872/1649 873/1650
f 870/4122 840/4123 839/2156
f 839/2156 869/2155 870/4122
f 867/1207 868/2705 866/437
f 866/437 719/2515 867/1207
f 373/635 909/3863 374/3914
f 887/2567 886/1832 920/1831
f 920/1831 921/2013 887/2567
f 918/1433 919/2766 916/2724
f 916/2724 917/2841 918/1433
f 175/2828 880/4116 915/2988
f 915/2988 172/3823 175/2828
f 914/3589 700/3540 381/3910
f 381/3910 382/3590 914/3589
f 827/3541 627/3543 94/2650
f 910/550 912/2543 913/2659
f 910/550 911/516 912/2543
f 864/1456 865/4124 862/2336
f 373/635 908/634 909/3863
f 906/660 907/1217 904/1018
f 904/1018 905/2181 906/660
f 902/1845 903/1838 901/3138
f 901/3138 475/3094 902/1845
f 899/156 900/2451 898/504
f 898/504 681/3139 899/156
f 895/1611 896/4125 893/2246
f 896/4125 897/2247 893/2246
f 893/2246 894/2317 895/1611
f 823/1493 824/3722 819/4126
f 296/442 295/1658 834/1734
f 834/1734 835/478 296/442
f 832/1073 833/1072 830/1432
f 830/1432 831/1341 832/1073
f 804/2118 803/4127 829/2752
f 773/2639 772/3410 828/725
f 828/725 535/2640 773/2639
f 565/3593 827/3541 97/2805
f 827/3541 94/2650 97/2805
f 826/1495 823/1493 819/4126
f 819/4126 825/4128 826/1495
f 836/2321 811/2679 837/2322
f 821/408 822/631 819/817
f 819/817 820/1498 821/408
f 818/1821 793/1820 792/1621
f 792/1621 817/1620 818/1821
f 79/4044 789/4129 227/4091
f 114/927 113/4041 815/4130
f 815/4130 816/3221 114/927
f 812/4131 814/3728 810/3831
f 812/4131 813/3729 814/3728
f 810/3831 811/3830 812/4131
f 283/3931 94/2650 627/3543
f 862/2336 863/2335 864/1456
f 860/344 861/3064 858/1669
f 858/1669 859/3095 860/344
f 856/4132 857/4133 854/4134
f 854/4134 855/4135 856/4132
f 853/1004 777/1396 776/2255
f 776/2255 852/2231 853/1004
f 534/3622 851/3686 322/3996
f 851/3360 801/3332 322/3940
f 353/4136 850/4137 352/4138
f 849/4139 351/4140 352/4141
f 922/1627 892/3040 923/2103
f 847/1524 848/1519 845/1640
f 845/1640 846/1522 847/1524
f 844/835 312/834 311/583
f 311/583 843/582 844/835
f 842/856 818/1821 817/1620
f 817/1620 841/3653 842/856
f 840/4123 267/4098 266/2221
f 266/2221 839/2156 840/4123
f 838/1623 788/4142 787/3212
f 787/3212 153/3309 838/1623
f 994/1795 995/2180 996/3762
f 1004/1173 978/1955 1005/443
f 1002/1033 1003/2086 1004/2082
f 946/2572 945/4143 1000/3569
f 1000/3569 1001/2569 946/2572
f 999/3331 737/3801 288/4093
f 288/4093 802/3328 999/3331
f 530/3433 245/3432 285/4144
f 799/4145 969/4146 800/4147
f 998/4148 129/3544 128/286
f 128/286 91/2422 998/4148
f 996/3762 997/2472 994/1795
f 1004/1173 1005/443 1002/479
f 991/2713 963/2702 993/4149
f 993/4150 271/4151 991/2765
f 991/2765 271/4151 992/2218
f 989/1376 990/388 988/387
f 988/387 616/1293 989/1376
f 986/67 987/2222 985/411
f 985/411 957/2177 986/67
f 983/1029 984/2668 981/1804
f 981/1804 982/2554 983/1029
f 979/1957 980/2070 977/444
f 271/4152 993/4149 1017/4153
f 974/2571 1023/3496 975/3508
f 974/2571 1022/2570 1023/3496
f 598/4154 357/3923 356/3922
f 529/4155 533/4156 532/4157
f 879/3440 379/3436 52/2513
f 1021/2382 166/2381 998/4148
f 998/4148 968/55 1021/2382
f 127/287 1018/3079 1020/7
f 1020/7 967/284 127/287
f 1018/3079 1019/4 1020/7
f 271/218 1017/4158 272/1421
f 977/444 978/1955 979/1957
f 271/3268 1016/3128 1015/3560
f 1015/3547 992/2219 271/4159
f 1014/2509 1010/2508 1012/1166
f 1012/1166 1013/1205 1014/2509
f 1010/2508 1011/1164 1012/1166
f 77/1532 402/3551 78/4160
f 182/3869 73/3206 112/2874
f 73/3206 72/4034 112/2874
f 1008/675 1009/2861 1006/3818
f 1006/3818 1007/676 1008/675
f 938/3703 939/2559 936/760
f 947/1181 948/1180 949/1954
f 882/4114 945/4143 883/2699
f 945/4143 946/2572 883/2699
f 141/1991 139/1990 138/2489
f 138/2489 944/2597 141/1991
f 458/4002 735/3532 663/3557
f 942/4161 943/3369 131/4028
f 943/3369 488/3368 131/4028
f 131/4162 135/3559 942/3558
f 913/2659 912/2543 940/1642
f 940/1642 941/2682 913/2659
f 949/1954 950/2592 947/1181
f 936/760 937/759 938/3703
f 933/2183 935/4163 931/4164
f 933/2183 934/4165 935/4163
f 933/2183 905/4166 934/4165
f 931/4164 932/2184 933/2183
f 930/988 511/987 510/957
f 510/957 929/956 930/988
f 927/1147 928/2651 925/392
f 925/392 926/2616 927/1147
f 923/2103 924/3100 922/1627
f 964/151 965/150 966/285
f 973/2801 975/3508 976/4167
f 976/4167 917/2841 973/2801
f 973/2801 974/2571 975/3508
f 972/4168 492/1931 491/4024
f 491/2326 665/2580 972/1010
f 971/4169 969/4170 970/4171
f 970/4172 350/4173 971/4174
f 969/4175 799/2647 970/2646
f 47/27 968/55 48/4072
f 966/285 967/284 964/151
f 809/1300 256/1299 255/4077
f 931/4164 963/2702 932/2184
f 958/2942 960/2416 961/453
f 961/453 962/452 958/2942
f 958/2942 959/2965 960/2416
f 956/1117 957/2177 954/4176
f 954/354 955/2479 956/1118
f 29/3186 110/1110 72/4034
f 28/2635 110/1110 29/3186
f 952/234 953/3192 951/1288
f 951/1288 396/3052 952/234
f 637/1287 638/1286 635/2
f 654/57 655/2871 656/2888
f 650/4177 651/3549 653/4178
f 652/2395 648/2549 650/4177
f 650/4177 649/3241 651/3549
f 648/2549 649/3241 650/4177
f 646/1825 647/2485 644/1801
f 644/1801 645/3157 646/1825
f 642/1748 643/2516 641/3028
f 641/3028 614/2104 642/1748
f 640/2029 24/2028 23/1462
f 23/1462 639/1909 640/2029
f 656/2888 657/2983 654/57
f 635/2 636/1 637/1287
f 633/4179 634/3644 631/809
f 634/3644 600/810 631/809
f 631/809 632/2400 633/4179
f 630/1074 386/2188 629/2228
f 629/2228 422/2440 630/1074
f 628/3449 566/3445 99/4180
f 99/4181 171/4182 628/4183
f 595/4184 627/3543 596/3542
f 595/4184 284/2577 627/3543
f 668/1124 669/3778 210/3779
f 686/3386 685/3382 682/2599
f 682/2599 684/3599 686/3386
f 685/3382 80/2614 682/2599
f 682/2599 683/2598 684/3599
f 680/1718 681/3139 679/1847
f 679/1847 645/3157 680/1718
f 677/237 678/236 675/65
f 675/65 676/3023 677/237
f 673/140 674/1513 671/2399
f 671/2399 672/802 673/140
f 210/3779 670/3437 668/1124
f 592/492 626/3651 593/2741
f 667/1484 633/4179 632/2400
f 632/2400 666/1481 667/1484
f 173/2458 172/3823 664/1963
f 664/1963 665/2580 173/2458
f 663/4185 628/4183 171/4182
f 171/4182 458/4186 663/4185
f 284/2577 283/3931 627/3543
f 625/4187 662/3649 626/3651
f 660/755 661/754 658/2995
f 658/2995 659/2305 660/755
f 575/4188 576/2430 573/2433
f 594/4189 595/4184 596/3542
f 591/493 592/492 593/2741
f 558/861 590/860 559/859
f 514/3986 513/3985 588/4190
f 588/4190 589/4191 514/3986
f 586/393 587/867 584/1139
f 584/1139 585/390 586/393
f 582/1269 583/2370 580/2098
f 580/2975 581/2759 582/1252
f 579/187 504/343 577/15
f 577/15 578/184 579/187
f 597/4192 51/4193 594/4189
f 573/3178 574/3177 575/3783
f 571/165 572/2056 569/1628
f 569/1628 570/162 571/165
f 568/4194 496/4023 495/1835
f 495/1835 567/474 568/4194
f 54/4195 566/3445 533/4196
f 533/4197 529/4198 54/4199
f 54/4195 99/4180 566/3445
f 242/2480 241/4076 565/3593
f 565/3593 97/2805 242/2480
f 609/2102 610/302 607/303
f 592/492 625/4187 626/3651
f 623/3250 624/4200 621/4201
f 621/4201 622/3187 623/3250
f 589/4191 588/4190 619/3853
f 619/3853 620/2986 589/4191
f 616/4202 617/4203 618/4204
f 223/3763 615/2397 224/974
f 611/185 612/1298 613/1145
f 613/1145 614/2104 611/185
f 611/185 578/184 612/1298
f 687/2954 688/2610 689/289
f 607/303 608/1212 609/2102
f 605/1087 606/1661 603/2989
f 603/2989 604/163 605/1087
f 601/1013 602/1012 599/4205
f 599/4205 600/4206 601/1013
f 384/2403 383/3442 598/4207
f 598/4207 356/2715 384/2403
f 354/4208 382/3590 7/3912
f 7/3912 351/4209 354/4208
f 594/4189 596/3542 597/4192
f 766/4210 767/2721 764/382
f 785/656 786/1536 783/241
f 783/241 784/240 785/656
f 781/1908 782/1461 779/2827
f 779/2827 780/4211 781/1908
f 777/1396 778/2201 775/2145
f 775/2145 776/2255 777/1396
f 774/2529 702/2522 772/3410
f 772/3410 773/2639 774/2529
f 169/2351 198/3606 771/3396
f 771/3396 167/3338 169/2351
f 768/3096 769/1736 770/1897
f 472/826 787/3212 788/4142
f 764/382 765/2748 766/4210
f 762/2941 763/2940 760/214
f 760/214 761/4212 762/2941
f 80/2614 685/3382 759/3385
f 759/3385 81/4043 80/2614
f 757/1680 758/3868 755/226
f 758/3868 33/3260 755/226
f 755/226 756/3190 757/1680
f 753/3284 754/4213 751/3420
f 751/3420 752/2482 753/3284
f 770/1897 732/4214 731/602
f 255/3297 808/2810 809/4215
f 806/828 807/3855 805/4216
f 805/4216 744/3838 806/828
f 740/2117 739/4217 803/4127
f 803/4127 804/2118 740/2117
f 801/3332 802/3328 287/3941
f 802/3328 288/4093 287/3941
f 287/3941 322/3940 801/3332
f 320/4218 319/3975 285/3974
f 800/3624 241/3623 244/4219
f 244/4220 799/4145 800/4147
f 749/4221 750/2763 747/1927
f 797/877 798/1566 234/2361
f 798/4222 235/4223 234/4224
f 234/2361 796/2360 797/877
f 793/1820 794/1898 791/1102
f 794/1898 795/1103 791/1102
f 791/1102 792/1621 793/1820
f 790/4225 789/4129 81/4043
f 81/4043 759/3385 790/4225
f 789/4129 79/4044 81/4043
f 788/4226 473/4029 472/827
f 701/1156 702/2522 703/2521
f 718/17 719/2515 716/1443
f 716/1443 717/2688 718/17
f 714/235 715/1904 713/732
f 713/732 678/236 714/235
f 107/1833 106/4035 711/4227
f 711/21 712/3684 107/4228
f 709/4229 710/1516 708/1182
f 708/1182 669/3778 709/4229
f 706/4230 707/2483 704/2437
f 704/4231 705/3658 706/1340
f 703/2802 209/2804 701/1151
f 720/3394 684/3599 683/2598
f 700/3540 699/3539 420/3927
f 420/3927 381/3910 700/3540
f 699/3539 459/4232 420/3927
f 698/3354 315/3321 318/2658
f 318/2658 528/3333 698/3354
f 697/1761 695/4233 696/4234
f 694/4235 695/4233 696/4234
f 692/1057 693/2274 690/4236
f 690/4236 691/1019 692/1057
f 689/289 657/2983 687/2954
f 459/4001 699/4237 736/3500
f 747/1927 748/3225 749/4221
f 745/2733 746/1278 743/3839
f 743/3839 744/3838 745/2733
f 742/4238 739/4217 741/2227
f 741/4239 707/4240 742/960
f 739/4217 740/2117 741/2227
f 248/4078 737/3800 738/1184
f 738/1184 249/3604 248/4078
f 248/4079 288/4093 737/3801
f 736/3500 735/3532 459/4001
f 1611/3655 1681/3708 1527/3656
f 735/3532 458/4002 459/4001
f 134/4101 167/3338 734/3337
f 734/3337 135/3559 134/4101
f 732/3676 733/2809 730/2808
f 730/2808 731/4241 732/3676
f 728/949 729/696 726/698
f 726/451 727/450 728/944
f 724/1738 725/2423 722/1163
f 722/1163 723/1162 724/1738
f 683/2598 721/2628 720/3394
f 2236/1986 1699/1434 976/4167
f 2240/356 1955/2424 841/3653
f 817/1620 1938/1622 2240/356
f 841/3653 817/1620 2240/356
f 2055/1221 2239/1335 2028/4242
f 2239/1335 2231/4243 2028/4242
f 2238/114 468/113 471/899
f 471/899 1264/568 2238/114
f 363/1537 2040/2706 2039/2501
f 2039/2501 786/1536 363/1537
f 2237/1660 1329/1807 1328/2945
f 1328/2945 606/1661 2237/1660
f 1414/2152 2061/555 2241/554
f 976/4167 1730/1987 2236/1986
f 357/4244 598/1255 61/1257
f 61/1257 60/2847 357/4244
f 1913/4245 1946/4246 2188/4247
f 2235/4248 2179/4249 1896/4250
f 1896/4250 2047/4251 2235/4248
f 1148/3638 1874/2072 2234/2073
f 2234/2073 1149/3639 1148/3638
f 413/2018 2046/2507 2045/4252
f 2045/4252 1803/2016 413/2018
f 2243/2538 1043/4253 1000/4254
f 1011/1164 1010/2508 1630/2495
f 1630/2495 1957/2494 1011/1164
f 1778/4255 2070/4256 2245/1772
f 2245/1772 2056/4257 1778/4255
f 2244/2760 1577/2974 1576/932
f 1576/931 1290/2024 2244/2023
f 748/3685 1560/20 1084/774
f 1084/774 749/773 748/3685
f 636/1 2035/2920 393/2929
f 393/2929 637/1287 636/1
f 1000/4254 1715/3167 2243/2538
f 2233/1848 1925/2366 1224/2368
f 2003/2876 421/1075 424/2736
f 424/2736 1183/3572 2003/2876
f 1946/4246 2189/4258 2188/4247
f 2076/4259 1992/4260 1806/4261
f 1806/4261 1839/4262 2076/4259
f 48/4072 93/2689 49/2605
f 1859/4263 1151/1926 2242/1925
f 1859/4264 1121/3613 1151/3633
f 2242/1925 1860/4265 1859/4263
f 2241/554 1415/758 1414/2152
f 1592/1436 1686/1005 919/2766
f 722/1163 930/988 929/956
f 929/956 1891/1160 722/1163
f 1072/4266 1519/4267 2222/4268
f 2222/110 1070/109 1072/4269
f 2221/1938 1868/4270 1867/2730
f 1867/2730 2220/1939 2221/1938
f 219/737 2219/3166 1159/3215
f 1159/3215 1158/734 219/737
f 2219/3166 1785/3216 1159/3215
f 324/3939 2004/1177 2218/1668
f 2218/1668 391/1667 324/3939
f 1377/2133 2223/1591 345/1590
f 919/2766 918/1433 1592/1436
f 2190/4271 2217/4272 2182/4273
f 2217/4274 2183/4275 2182/4276
f 2215/1285 2216/4277 1748/4278
f 2216/4277 1984/4279 1748/4278
f 1748/4278 1993/4280 2215/1285
f 2013/4281 1876/4282 2214/4283
f 2214/4283 2161/4284 2013/4281
f 1200/4285 1817/4286 2213/4287
f 2213/4288 1201/4289 1200/4290
f 2228/4291 2204/4292 2183/4293
f 1224/2368 1893/2386 2233/1848
f 2027/4294 2232/4295 2043/4296
f 2027/4294 2231/4243 2232/4295
f 2027/4294 2028/4242 2231/4243
f 1164/3583 2229/1923 2230/3034
f 2230/3034 1190/4297 1164/3583
f 1164/3583 1163/1911 2229/1923
f 1785/3216 2219/3166 1786/120
f 882/4298 2205/3106 1714/3108
f 2183/4293 2217/4299 2228/4291
f 1453/4300 1428/179 2246/178
f 2111/4301 2128/4302 2227/1693
f 2227/1693 2180/4303 2111/4301
f 1875/4304 1912/4305 2226/4306
f 2226/4306 1876/4307 1875/4304
f 2224/4308 2225/1369 1858/4309
f 2225/1369 1124/1371 1858/4309
f 1858/4310 1124/3614 1121/3613
f 1858/4309 1838/4311 2224/4308
f 1121/3613 1859/4264 1858/4310
f 345/1590 1378/407 1377/2133
f 2260/1555 1807/4312 1808/4313
f 1651/2666 1650/410 2029/375
f 928/2651 1671/865 586/393
f 586/393 925/392 928/2651
f 545/256 1312/1108 2272/155
f 2272/155 542/154 545/256
f 641/3028 1348/3031 924/3100
f 924/3100 923/2103 641/3028
f 2271/103 1783/102 2016/4314
f 2016/4314 1347/572 2271/103
f 1254/3330 1529/2110 2261/1098
f 1808/4313 2065/4315 2260/1555
f 2273/58 654/57 657/2983
f 2214/4283 2257/4316 2161/4284
f 1860/4317 2242/996 2270/995
f 2270/995 1857/4318 1860/4317
f 2269/1796 1475/3041 557/2928
f 557/2928 556/1797 2269/1796
f 651/3549 1032/3548 2268/4319
f 2268/789 653/1332 651/4320
f 507/3418 2254/2908 2102/2858
f 504/343 503/1206 2267/16
f 2267/16 577/15 504/343
f 953/3192 952/234 677/237
f 1179/3037 1152/3036 1127/3629
f 2270/995 2247/1035 1857/4318
f 1857/4318 2247/1035 1927/1034
f 40/1582 2105/724 2277/3127
f 2277/4321 41/4322 40/4323
f 1167/2687 2044/376 1650/410
f 30/3395 1472/1203 1012/1166
f 1012/1166 1244/1165 30/3395
f 1314/3213 1333/1119 2276/1109
f 2276/1109 1312/1108 1314/3213
f 677/237 1332/1276 953/3192
f 1242/3398 1241/3397 1261/4324
f 1783/102 1407/101 1784/1690
f 1444/726 828/725 772/3410
f 772/3410 1236/1155 1444/726
f 2140/4325 2275/1708 2274/1318
f 2140/4325 2181/4326 2275/1708
f 2274/1318 2139/4327 2140/4325
f 2047/4251 2203/1593 2235/4248
f 1928/1081 1229/1943 1231/4328
f 1231/4328 1297/4329 1928/1081
f 657/2983 689/289 2273/58
f 2250/2979 915/2988 880/4116
f 1352/3417 2255/823 2254/2908
f 1352/3417 1600/3682 2255/823
f 2254/2908 507/3418 1352/3417
f 2042/3244 2041/975 2253/2051
f 2253/2051 1888/2050 2042/3244
f 750/4330 749/773 399/776
f 399/776 148/1686 750/4330
f 2252/1805 2038/2194 2037/1615
f 2037/1615 1330/1806 2252/1805
f 1043/4253 2243/2538 2251/2014
f 2251/2014 1750/1973 1043/4253
f 1013/1205 653/1332 158/1333
f 880/4116 881/2980 2250/2979
f 1728/4331 1966/4332 2065/4315
f 2049/4333 1966/4332 1728/4331
f 2249/1214 2110/1603 2000/4334
f 2000/4335 2248/4336 2249/4337
f 2000/4338 2033/4339 2248/1491
f 93/2689 48/4072 90/4042
f 2247/4340 2224/4308 1838/4311
f 1838/4341 1249/3391 2247/4342
f 2246/178 2072/149 1453/4300
f 1657/4343 1984/1556 2260/1555
f 670/3437 1364/3209 430/1125
f 430/1125 668/1124 670/3437
f 2264/1113 2266/2550 1826/4344
f 2266/2550 2265/4345 1826/4344
f 1826/4346 2265/2085 1827/2084
f 1826/4344 1155/3070 2264/1113
f 2261/1098 2263/1097 1462/3883
f 2263/1097 2262/1129 1462/3883
f 2262/1129 1442/3802 1462/3883
f 1462/3883 1254/3330 2261/1098
f 2212/2777 2211/2831 1093/2779
f 2260/1555 2065/4315 1657/4343
f 2259/4347 2258/4348 2127/4349
f 2127/4349 2257/4316 2259/4347
f 2258/4348 2033/4339 2127/4349
f 2127/4349 2161/4284 2257/4316
f 2234/2073 1910/2042 484/3596
f 484/3596 1201/3595 2234/2073
f 481/1837 1475/3041 2256/786
f 2256/786 478/785 481/1837
f 158/1333 1014/2509 1013/1205
f 647/2485 646/1825 2157/955
f 2126/4350 2012/4351 2161/4284
f 2138/4352 2012/4351 2126/4350
f 1711/3025 1710/4353 1725/1520
f 1725/1520 848/1519 1711/3025
f 1676/2357 1060/3045 1059/711
f 1958/4354 1959/1267 2160/1047
f 2160/1047 2159/4355 1958/4354
f 2159/4356 1975/4357 1958/4358
f 514/3986 2158/2859 1814/2907
f 1814/2907 515/2906 514/3986
f 2157/955 1193/954 647/2485
f 2161/4284 2127/4349 2126/4350
f 1829/4359 221/3837 1029/3554
f 1044/2690 17/2015 2156/2105
f 2156/2105 1662/2089 1044/2690
f 2155/961 742/960 707/4240
f 707/4240 706/1340 2155/961
f 1345/4360 1590/4361 2154/4362
f 2154/4363 2141/4364 1345/3425
f 1930/4365 1966/4366 2049/4367
f 1610/3673 1992/4368 2064/4369
f 1725/1520 1710/4353 825/4128
f 982/2554 1367/1850 2164/1030
f 877/1641 1746/3007 878/2581
f 878/2581 1746/3007 1764/2525
f 2165/331 1035/330 452/4014
f 452/4014 451/3505 2165/331
f 192/2478 191/983 1675/986
f 477/1027 1831/2757 555/2855
f 555/2855 474/2857 477/1027
f 868/2705 1425/1573 552/438
f 552/438 866/437 868/2705
f 221/3837 1829/4359 1850/1509
f 2164/1030 983/1029 982/2554
f 1710/4353 826/1495 825/4128
f 2163/1514 1688/367 1135/744
f 1688/367 1687/4370 1135/744
f 1135/744 1134/1515 2163/1514
f 854/1397 1661/1482 778/2201
f 778/2201 777/1396 854/1397
f 1899/4371 1810/4372 1157/4373
f 1156/4374 1948/4375 1899/4376
f 1899/4377 1157/4378 1156/4379
f 1821/4380 2015/4381 2162/1283
f 2162/1283 1993/4280 1821/4380
f 810/3831 1972/206 2145/894
f 1589/4382 1929/4383 2148/4384
f 2148/4384 1819/4385 1589/4382
f 1709/836 826/1495 1710/4353
f 1709/836 1679/1494 826/1495
f 92/1666 966/285 965/150
f 965/150 2147/1665 92/1666
f 2146/1862 1522/2984 85/501
f 85/501 84/1863 2146/1862
f 445/4386 1790/3081 1789/4387
f 1789/4388 408/4389 445/4390
f 223/4391 1628/4392 1647/4393
f 1914/4394 1930/4395 2049/4396
f 2145/894 1410/3832 810/3831
f 1309/2535 1308/1273 1313/255
f 1313/255 2100/254 1309/2535
f 2144/4397 1934/4398 1933/2593
f 1933/2593 950/2592 2144/4397
f 1697/4399 1638/3739 1658/3756
f 2130/3170 805/4216 807/3855
f 2141/4364 2142/4400 1344/3426
f 2142/4400 1571/3692 1344/3426
f 1344/3426 1345/3425 2141/4364
f 611/185 923/2103 892/3040
f 163/333 1653/2383 1036/4401
f 1036/4401 1035/330 163/333
f 1673/2446 1672/2947 2153/1218
f 2153/1218 907/1217 1673/2446
f 475/3094 474/2857 554/2856
f 554/2856 902/1845 475/3094
f 509/2987 1395/1253 265/2758
f 265/2758 264/3600 509/2987
f 2152/825 2132/824 865/4124
f 865/4124 864/1456 2152/825
f 2012/4351 2138/4352 2047/4402
f 892/3040 891/186 611/185
f 2151/465 1623/464 1622/2670
f 1622/2670 1662/2089 2151/465
f 1533/1280 1621/1279 2143/3162
f 2143/3162 807/3855 1533/1280
f 2149/4403 2150/4404 2096/4405
f 2150/4404 2129/4406 2096/4405
f 2096/4405 2095/4407 2149/4403
f 1914/4408 2049/4409 2048/4410
f 2048/4410 1913/4411 1914/4408
f 2192/2566 885/4412 829/4413
f 2199/4414 1502/4415 2200/4416
f 2198/4417 77/4049 76/4048
f 76/3916 368/1507 2198/613
f 2197/440 1083/1700 1069/3173
f 1069/3173 1068/1682 2197/440
f 2196/537 1496/536 576/4418
f 576/4418 575/4419 2196/537
f 2195/646 1188/1001 1187/3008
f 1187/3008 2194/647 2195/646
f 1187/3008 2193/2174 2194/647
f 887/2567 2192/2566 829/4413
f 2200/4420 2201/4421 2199/4422
f 2191/1245 2190/1282 1948/4423
f 1186/4424 2191/4425 1948/4375
f 2190/4426 2182/4427 1948/4428
f 1948/4375 1156/4374 1186/4424
f 2188/4429 2189/4430 1945/4431
f 2189/4432 1946/4433 1945/4434
f 1945/4435 1913/4436 2188/4437
f 1766/4438 2178/1639 2187/1402
f 2187/1402 1929/4383 1766/4438
f 1707/4439 1098/1330 1232/1329
f 2192/2566 2205/3106 885/4412
f 1093/2779 1092/409 2212/2777
f 2211/2831 1073/2780 1093/2779
f 39/1678 960/2416 959/2965
f 959/2965 2210/1531 39/1678
f 2209/622 1291/621 440/2819
f 440/2819 439/2006 2209/622
f 366/4440 365/4441 2208/1962
f 2208/1962 1049/4442 366/4440
f 2207/2301 25/2300 2206/4443
f 2206/4443 1471/2637 2207/2301
f 2193/2174 1732/1538 2194/647
f 195/4444 1742/4445 1707/4439
f 2205/3106 882/4298 885/4412
f 2204/4446 1985/4447 1967/4448
f 1967/4449 2183/4293 2204/4292
f 1712/4450 1913/4245 2048/4451
f 1946/4246 1913/4245 1712/4450
f 2138/4452 2109/4453 2203/1593
f 2203/1593 2047/4251 2138/4452
f 195/4454 194/4455 1742/4456
f 1339/2834 1033/3482 2202/4457
f 2202/4458 1354/2816 1339/2815
f 2171/398 63/939 66/2425
f 1975/4357 2176/4459 2177/4460
f 1975/4357 2159/4356 2176/4459
f 589/4191 2175/2703 2158/2859
f 2158/2859 514/3986 589/4191
f 2174/1379 1997/1378 337/2630
f 337/2630 336/1610 2174/1379
f 2173/1510 1829/4359 260/4461
f 260/4461 300/4462 2173/1510
f 396/3052 2172/461 714/235
f 714/235 952/234 396/3052
f 396/3052 395/462 2172/461
f 2177/4460 1976/4463 1975/4357
f 66/2425 2170/399 2171/398
f 739/4464 742/960 888/964
f 888/964 803/4465 739/4464
f 2167/324 2168/300 1931/4466
f 1931/4467 2169/34 1932/307
f 2168/300 2169/31 1931/4466
f 1931/4466 1985/4468 2167/324
f 2014/4469 2139/4327 2166/4470
f 2166/4470 2015/4471 2014/4469
f 2012/4351 2013/4281 2161/4284
f 887/2567 829/4413 803/4465
f 1232/1329 195/4444 1707/4439
f 993/4149 1758/4472 1017/4153
f 2186/1064 1872/2953 687/2954
f 687/2954 1833/2725 2186/1064
f 987/2222 1244/1165 2185/412
f 2185/412 985/411 987/2222
f 2184/1384 2173/1510 300/4462
f 300/4462 1049/4442 2184/1384
f 1970/4473 1988/4474 1027/4475
f 1027/3555 1409/3833 1970/1409
f 2278/4476 2214/4477 1876/4307
f 803/4465 888/964 887/2567
f 1947/4478 2182/4276 2183/4275
f 2183/4275 1967/4479 1947/4478
f 1947/4478 1948/4480 2182/4276
f 2112/4481 2180/4482 2181/4326
f 2181/4326 2140/4325 2112/4481
f 2112/4481 2111/4483 2180/4482
f 1765/4484 2179/1709 2178/1639
f 1765/4485 1896/4250 2179/4249
f 2178/1639 1766/4438 1765/4484
f 2395/4486 2176/4459 2159/4356
f 1968/4487 294/3047 325/4488
f 2400/1809 2399/1910 1590/3646
f 1590/3646 1591/1798 2400/1809
f 2399/4489 2154/4362 1590/4361
f 2128/4302 2370/1933 2398/1694
f 2398/1694 2227/1693 2128/4302
f 1525/697 1524/3862 2397/334
f 2397/334 1553/336 1525/697
f 2090/2718 1436/2232 2091/1015
f 2396/948 2395/947 2159/4355
f 2159/4355 2160/1047 2396/948
f 325/4488 1383/3821 1968/4487
f 1195/3597 1703/4490 2394/3039
f 2394/3039 2393/2074 1195/3597
f 2393/2074 2071/2075 1195/3597
f 2056/4257 2245/1772 2392/223
f 2392/223 2055/1221 2056/4257
f 2173/1510 1850/1509 1829/4359
f 146/4045 2391/2539 2374/3168
f 2374/3168 147/2764 146/4045
f 62/251 2921/576 2390/574
f 2390/574 2389/2930 62/251
f 1221/4491 2084/2047 2406/1023
f 2399/4489 2413/4492 2154/4362
f 2413/4492 2386/4493 2154/4362
f 2181/4326 2339/1638 2412/1358
f 2412/1358 2275/1708 2181/4326
f 2258/4348 2411/1363 2307/1250
f 2258/4348 2259/4347 2411/1363
f 2409/4494 2410/494 591/493
f 591/4495 2408/3158 2409/985
f 1723/4496 1976/4463 2407/4497
f 2407/384 1758/4498 1723/4499
f 2406/1023 1721/1022 1221/4491
f 2389/2930 2387/468 62/251
f 1787/4500 2380/231 2405/639
f 2405/639 1600/3682 1787/4500
f 330/3509 1995/1383 2404/1385
f 2404/1385 1068/1682 330/3509
f 2403/2027 2206/4443 25/2300
f 25/2300 24/2028 2403/2027
f 181/2731 2402/2537 2391/2539
f 2391/2539 146/4045 181/2731
f 1968/4487 2401/481 294/3047
f 1968/4487 2373/250 2401/481
f 2369/4501 2259/4502 2257/4503
f 2378/999 1468/4504 1471/4505
f 2375/3107 2377/1928 147/2764
f 2375/3107 2376/1929 2377/1928
f 147/2764 2374/3168 2375/3107
f 2373/250 1968/4487 1949/252
f 2372/3299 2290/3298 2142/4506
f 2142/4507 2371/1893 2372/1892
f 2142/4507 2141/4508 2371/1893
f 2357/1934 2370/1933 2094/4509
f 2370/1933 2128/4302 2094/4509
f 2257/4510 2368/4511 2369/4512
f 2206/1000 2378/999 1471/4505
f 2257/4513 2214/4514 2368/4515
f 1482/3866 1481/2869 2366/2952
f 2366/2952 2367/4516 1482/3866
f 624/4200 623/3250 1458/3252
f 1458/3252 1457/3785 624/4200
f 159/1292 1632/1471 1631/2510
f 1631/2510 157/1289 159/1292
f 2071/4517 2329/1969 2057/4518
f 2043/4296 2355/2021 2365/4519
f 2365/4519 1788/4520 2043/4296
f 2383/2951 2074/4521 2367/4516
f 62/247 101/650 2921/652
f 2387/468 2388/249 62/251
f 2141/4508 2386/4493 2371/1893
f 2141/4508 2154/4362 2386/4493
f 2385/1317 2384/4522 2139/4327
f 2139/4327 2274/1318 2385/1317
f 2384/4523 2166/4524 2139/4525
f 2351/1404 2319/1403 1983/4526
f 1983/4526 2064/4527 2351/1404
f 2367/4516 2366/2952 2383/2951
f 1383/4528 325/3938 392/2756
f 2367/4529 193/4530 2382/262
f 2382/262 661/754 1482/756
f 2382/262 1482/756 2367/4529
f 1705/4531 1693/1017 2381/1016
f 2381/1016 1959/1267 1705/4531
f 2346/4532 2084/4533 2058/4534
f 1788/4535 2365/267 2380/231
f 2380/231 1787/4500 1788/4535
f 2379/2909 1776/1473 896/4536
f 896/4125 895/1611 2379/1613
f 2434/532 2220/1939 435/2729
f 2418/312 1636/1737 694/2795
f 765/4537 2436/4538 1566/4539
f 1566/2829 766/4210 765/2748
f 1293/4540 2435/2365 233/2364
f 1293/3344 1296/3254 2435/2362
f 233/4541 1295/4542 1293/4543
f 1429/1902 441/2904 444/2749
f 444/2749 1413/1899 1429/1902
f 264/3600 1193/954 510/957
f 510/4544 509/4545 264/4546
f 435/2729 434/507 2434/532
f 2064/4527 2148/4384 2351/1404
f 1107/2249 1136/1577 111/4547
f 111/4547 1105/3619 1107/2249
f 1952/1091 1951/838 2433/418
f 2433/418 2170/399 1952/1091
f 2250/2979 1994/164 604/163
f 604/163 603/2989 2250/2979
f 2413/4492 2399/4489 2432/1581
f 2432/1581 2431/1580 2413/4492
f 2431/1580 2422/4548 2413/4492
f 1912/4305 2319/4549 2430/4550
f 2441/508 434/507 1243/2822
f 235/4087 2444/3291 2443/435
f 235/4551 2442/921 2444/920
f 2443/435 236/434 235/4087
f 235/4223 798/4222 2442/4552
f 1073/2780 2211/2831 275/2833
f 275/2833 231/3506 1073/2780
f 620/2986 1854/2704 2175/2703
f 2175/2703 589/4191 620/2986
f 958/2942 1411/1552 301/3829
f 301/3829 1869/2966 958/2942
f 1243/2822 2024/3072 2441/508
f 2430/4550 2226/4306 1912/4305
f 2440/1099 1774/1121 1754/2356
f 1754/2356 1753/1084 2440/1099
f 2439/938 1716/1174 1066/3513
f 1066/3513 63/939 2439/938
f 1328/2945 1403/1965 1380/1964
f 606/1661 1328/2945 1380/1964
f 1380/1964 603/2989 606/1661
f 2438/473 2423/1834 2422/4548
f 2422/4548 2437/1554 2438/473
f 2422/4548 2431/1580 2437/1554
f 2407/384 1017/4158 1758/4498
f 2386/4493 2422/4548 2423/1834
f 2386/4493 2413/4492 2422/4548
f 2214/4477 2278/4476 2421/4553
f 2421/4554 2368/4555 2214/4556
f 695/4233 697/1761 2420/1196
f 2420/1196 2419/4557 695/4233
f 2418/4558 2419/4557 695/4233
f 2418/312 694/2795 695/4559
f 237/3259 236/434 625/436
f 592/492 2410/494 237/4560
f 625/4187 592/492 237/4560
f 2423/1834 2371/1893 2386/4493
f 409/1745 2104/2586 840/4561
f 840/4561 870/1742 409/1745
f 2070/4256 2083/1800 2417/905
f 2417/905 2245/1772 2070/4256
f 1049/4442 2208/1962 2416/459
f 2416/459 2184/1384 1049/4442
f 2415/1085 1753/1084 1518/2352
f 1518/2352 1517/1209 2415/1085
f 2414/1953 2144/4397 950/2592
f 950/2592 949/1954 2414/1953
f 370/3413 1353/3051 1799/2664
f 2420/1196 1656/1860 1587/4562
f 1587/4562 2419/4557 2420/1196
f 1587/4562 2419/4557 2125/4563
f 2107/100 1588/2068 1587/3650
f 1454/4564 1455/4565 696/4566
f 1454/2746 2429/2745 696/4567
f 2428/383 2427/1422 1017/4158
f 1017/4158 2407/384 2428/383
f 2427/1422 272/1421 1017/4158
f 1799/2664 1798/2663 370/3413
f 1737/4568 2364/1270 2363/1612
f 1600/3682 2405/639 2255/823
f 2018/358 2426/395 365/4441
f 2426/395 2208/1962 365/4441
f 1082/2964 1105/3619 2425/4569
f 2425/4569 640/2029 1082/2964
f 181/2731 2424/2071 2402/2537
f 2424/2071 980/2070 2402/2537
f 426/577 105/575 104/4570
f 104/4570 1281/127 1238/3357
f 1238/3357 426/577 104/4570
f 2310/1308 2311/3263 2312/2302
f 2297/4571 2299/2000 2318/1427
f 2297/4572 2317/4573 2318/4574
f 2317/4573 2316/4575 2297/4572
f 2316/4575 2298/4576 2297/4572
f 2315/2496 2019/2007 473/4029
f 473/4029 788/4226 2315/2496
f 1921/771 1368/4577 751/4578
f 1918/4579 2295/3269 2314/3223
f 2314/3223 1919/3222 1918/4579
f 2310/1308 2312/2302 2313/23
f 2313/23 1424/22 2310/1308
f 1223/2387 1222/880 44/883
f 1880/4580 2309/4581 1324/845
f 1324/845 1323/3488 1880/4580
f 1530/3857 2129/4582 1531/2106
f 1807/4312 2260/1555 2308/1260
f 2308/1260 2001/4583 1807/4312
f 2307/1250 2248/1491 2033/4339
f 2033/4339 2258/4348 2307/1250
f 1962/4584 1152/3036 1963/3013
f 42/3480 1940/1159 2306/981
f 2306/981 2305/980 42/3480
f 2325/691 2324/1126 2321/4585
f 2286/4586 2329/1969 2330/1968
f 2330/1968 2288/4587 2286/4586
f 2286/4586 2298/4588 2329/1969
f 2328/2497 2315/2496 788/4226
f 788/4142 838/1623 2328/1142
f 1368/4577 1921/771 2327/668
f 2327/4589 1953/4590 1368/3439
f 1409/3833 428/1410 1970/1409
f 22/1463 2312/2302 2311/3263
f 2311/3263 2326/1460 22/1463
f 2321/4585 2323/779 2325/691
f 2305/980 1340/2033 42/3480
f 2321/4585 2324/1126 1863/742
f 2321/4585 2291/1808 2323/779
f 2321/4591 2322/1779 2291/1778
f 1863/743 2320/4592 2321/4593
f 1571/4594 2142/4506 2290/3298
f 1993/4280 2162/1283 2215/1285
f 2319/4549 1912/4305 1911/4595
f 1911/4595 1983/4596 2319/4549
f 238/3963 1251/432 278/433
f 44/883 2122/2884 1223/2387
f 758/3868 757/1680 2283/1204
f 1570/4597 2290/3298 1489/3249
f 1489/3249 2051/3238 1570/4597
f 1570/4597 1571/4594 2290/3298
f 1152/3036 1962/4584 1153/3627
f 2289/700 1873/699 725/4598
f 725/2423 724/1738 2289/1741
f 2284/4599 2288/1375 2287/108
f 2284/4600 2286/4586 2288/4587
f 2287/108 2285/4601 2284/4599
f 2284/4600 2285/4602 2286/4586
f 2283/1204 1472/1203 758/3868
f 2191/4603 1186/2057 217/2059
f 2282/68 1333/1116 676/3023
f 676/3023 675/65 2282/68
f 753/1032 2280/4604 984/2668
f 984/2668 983/1029 753/1032
f 2280/4604 2281/2195 984/2668
f 2279/2862 1466/2875 1406/3834
f 1406/3834 1405/122 2279/2862
f 1237/3405 1843/1092 65/2426
f 2050/764 2113/2037 1512/3842
f 1876/4307 2226/4306 2278/4476
f 1702/530 815/566 113/4605
f 41/4606 2277/4607 2304/4608
f 2304/4609 1894/2308 41/2307
f 2285/4610 2303/4611 2302/4612
f 2285/4601 2300/107 2303/3211
f 2302/8 2301/10 2285/4613
f 2285/4614 2301/2001 2299/2000
f 2285/4601 2287/108 2300/107
f 2298/4588 2286/4586 2285/4602
f 2285/4615 2297/4616 2299/4617
f 2285/4618 2297/4572 2298/4576
f 86/215 760/214 763/2940
f 678/236 713/732 2296/66
f 2296/66 675/65 678/236
f 2281/2195 2280/4604 2295/4619
f 2295/3269 1918/4579 2281/4620
f 573/4621 1846/1229 1845/3218
f 1845/3218 2294/4622 573/4621
f 1845/4623 1467/159 2294/161
f 217/2059 2293/777 2191/4603
f 2293/777 2291/1808 2191/4603
f 2191/4624 2291/4625 2292/4626
f 1929/4383 2187/1402 2351/1404
f 2355/2021 2043/4296 2232/4295
f 1410/3832 2145/894 2354/928
f 2354/928 1738/1271 1410/3832
f 575/4419 2333/619 2196/537
f 107/1833 886/1832 889/963
f 889/963 108/191 107/1833
f 101/650 62/247 61/1257
f 2353/1766 1531/2106 2129/4582
f 2129/4582 2150/4627 2353/1766
f 2001/4583 2308/1260 2352/1446
f 2352/1446 2087/1548 2001/4583
f 2232/4295 2344/1296 2356/1295
f 2351/1404 2148/4384 1929/4383
f 2350/4628 1439/970 2349/969
f 2349/969 1400/1408 2350/4628
f 559/4629 2062/4630 1437/4631
f 1437/4631 560/4632 559/4629
f 1926/4633 1603/3678 1602/3681
f 2347/4634 2348/4635 2316/4575
f 2316/4575 2348/4635 2346/4636
f 2316/4575 2317/4573 2347/4634
f 2346/4636 2058/4637 2316/4575
f 464/4638 2359/4639 2150/4640
f 1737/4568 1738/1271 2364/1270
f 2363/1612 895/1611 1737/4568
f 2334/4641 1717/4642 1735/4643
f 1735/4643 1717/4642 1047/3511
f 1735/4643 2005/4644 2334/4641
f 1047/3511 1736/4645 1735/4643
f 2362/4646 1917/4647 1916/4648
f 1916/4649 1595/4650 2362/4651
f 2359/4652 2353/1766 2150/4627
f 2150/4653 2360/4654 2361/4655
f 2150/4404 2149/4403 2360/4656
f 2058/4637 2059/4657 2316/4575
f 2358/4658 2357/1934 2086/4659
f 2086/4659 2087/4660 2358/4658
f 2357/1934 2094/4509 2086/4659
f 2148/4384 2064/4527 1992/4260
f 1992/4260 2076/4259 2148/4384
f 1507/3852 1506/943 2063/4661
f 1507/3852 1437/4631 2062/4630
f 1604/2275 1603/3195 658/2995
f 658/2995 1652/265 1604/2275
f 2232/4295 2356/1295 2355/2021
f 2333/619 575/4419 1450/4662
f 1225/2367 1247/923 124/881
f 124/881 1222/880 1225/2367
f 2298/4588 2057/4518 2329/1969
f 2298/4588 2059/4663 2057/4518
f 2298/4576 2316/4575 2059/4657
f 1720/565 1519/1105 1050/4664
f 2336/225 1668/224 1394/2445
f 1394/4665 1393/1224 2336/1223
f 1450/4662 2335/362 2333/619
f 1450/4662 2335/362 2334/4666
f 1450/4667 1717/4642 2334/4641
f 453/4668 455/4669 456/4670
f 780/4211 1881/2248 1106/2250
f 1106/2250 781/1908 780/4211
f 2309/4581 1258/1756 2332/846
f 2332/846 1324/845 2309/4581
f 1322/3491 1557/680 2078/683
f 2078/683 1591/1798 1322/3491
f 2331/1284 2162/1283 2015/4381
f 2015/4381 2166/1592 2331/1284
f 2148/4384 2076/4259 1819/4385
f 763/2940 1522/2984 86/215
f 857/4671 856/4672 671/4673
f 2239/1335 2345/1652 2231/4243
f 2231/4243 2345/1652 2344/1296
f 2344/1296 2232/4295 2231/4243
f 2343/273 1973/207 1690/3727
f 1690/3727 1953/1337 2343/273
f 1987/4674 2335/4675 2334/4641
f 2335/4676 2342/4677 1987/4678
f 2334/4641 2005/4644 1987/4674
f 1987/4679 1988/4680 2342/4681
f 671/4682 1901/4683 857/4684
f 807/3855 2143/3162 2130/3170
f 2320/4592 1863/743 2341/677
f 2095/4407 2114/4685 2149/4403
f 2340/1246 2339/1637 2180/4303
f 2180/4303 2227/1693 2340/1246
f 2339/1638 2181/4326 2180/4482
f 2109/4453 2110/4686 2338/1594
f 2338/1594 2203/1593 2109/4453
f 453/4687 457/596 2337/695
f 453/4688 456/4689 457/4690
f 2337/695 2011/1388 453/4687
f 1856/290 689/289 688/2610
f 1135/3732 20/3731 1208/4691
f 1822/4692 1862/4693 1842/4694
f 1822/4692 1823/4695 1862/4693
f 1861/4696 1820/4697 1768/4698
f 1768/4698 1840/4699 1861/4696
f 91/2422 90/4042 998/4148
f 1837/4700 1860/4701 1857/4702
f 1837/4700 1859/4264 1860/4701
f 1838/4703 1858/4310 1837/4700
f 1837/4700 1858/4310 1859/4264
f 1857/4704 1272/3459 1837/4705
f 20/2034 1811/1314 1208/3078
f 688/2610 1855/1527 1856/290
f 1853/1872 1854/2704 1852/1570
f 1852/1570 1499/1572 1853/1872
f 1851/1062 1143/1061 583/2370
f 583/2370 582/1269 1851/1062
f 222/3159 221/3837 1850/1509
f 1850/1509 333/3160 222/3159
f 1849/2823 1214/1906 1848/1882
f 1848/1882 1813/1881 1849/2823
f 1846/1229 1847/192 1844/195
f 1646/2971 1869/2966 304/2398
f 1680/4706 1875/4304 1876/4307
f 1876/4282 1791/4707 1680/3711
f 1680/4706 1461/3884 1875/4304
f 998/4148 90/4042 968/55
f 90/4042 48/4072 968/55
f 1340/2033 1874/2072 1341/3481
f 1874/2072 1148/3638 1341/3481
f 1873/337 1198/317 1197/989
f 1197/989 725/2423 1873/337
f 1871/4708 1872/2818 1870/1268
f 1870/1254 512/1503 1871/1502
f 1844/195 1845/3218 1846/1229
f 1869/2966 301/3829 304/2398
f 1868/4270 1141/3640 1140/710
f 1140/710 1867/2730 1868/4270
f 1626/3752 1625/3751 1866/4709
f 1866/4709 1240/3400 1626/3752
f 1865/4710 1864/4711 1492/243
f 1492/3886 1491/3885 1865/4712
f 1864/4711 1494/244 1492/243
f 1207/678 1863/743 1208/3486
f 1208/3078 1863/742 1135/744
f 1821/4713 1682/3707 1683/3706
f 1829/4359 1029/3554 261/3553
f 1824/4714 1827/2084 1825/1093
f 1824/4715 1826/4716 1827/4717
f 1155/3070 1826/4344 1824/4718
f 1825/1093 1184/4719 1824/4714
f 1824/4718 1184/3407 1155/3070
f 1781/4720 1794/4721 1823/4695
f 1823/4695 1822/4692 1781/4720
f 1822/4692 1749/4722 1781/4720
f 1683/3706 1820/4697 1821/4713
f 261/3553 260/4461 1829/4359
f 1683/3706 1768/4698 1820/4697
f 1276/3319 1589/3641 1819/4723
f 1819/4723 1401/3835 1276/3319
f 1805/2649 1818/144 1804/2660
f 197/4724 1817/4286 1173/4725
f 1817/4286 1200/4285 1173/4725
f 1173/4725 1742/4726 194/4727
f 1173/4725 194/4727 197/4724
f 1504/4728 1503/5 1815/712
f 1815/712 1816/1731 1504/4728
f 1818/144 1805/2649 49/2605
f 1184/4719 1825/1093 1843/1092
f 1843/1092 1237/3405 1184/4719
f 1749/4729 1842/4730 1130/4731
f 1749/4722 1822/4692 1842/4694
f 1130/4732 1129/4733 1749/4734
f 1767/4735 1780/4736 1841/4737
f 1841/4737 1840/4738 1767/4735
f 1840/4699 1768/4698 1767/4739
f 1839/4262 1696/4740 1101/4741
f 1101/4741 1401/4742 1839/4262
f 1818/144 49/2605 93/2689
f 1363/3446 1362/4743 1793/4744
f 1249/3391 1838/4341 1248/3392
f 1838/4703 1837/4700 1248/3311
f 1248/3311 1837/4700 1272/3312
f 1835/3205 1836/2900 1834/2899
f 1835/4745 1816/1731 1836/1733
f 1834/2899 1169/3202 1835/3205
f 1832/1747 1833/2725 656/2888
f 656/2888 1831/2757 1832/1747
f 1370/1716 1830/1715 188/2241
f 1830/1715 185/4100 188/2241
f 1921/4746 751/4747 754/4748
f 1929/4749 1589/3641 1252/3335
f 1928/1081 1297/4329 1320/4750
f 1320/4750 1857/4318 1927/1034
f 1927/1034 1928/1081 1320/4750
f 872/4751 871/4752 1926/4633
f 1926/4633 1602/3681 872/4751
f 795/1103 1925/2366 1923/502
f 1923/502 1924/1101 795/1103
f 719/2515 866/437 1922/458
f 1922/458 716/1443 719/2515
f 754/4748 1920/4753 1921/4746
f 1252/3335 1766/4754 1929/4749
f 754/4755 1643/4756 1920/4757
f 1919/463 395/462 394/2198
f 394/2198 1918/2197 1919/463
f 1917/4647 856/4132 855/4135
f 855/4135 1916/4648 1917/4647
f 1326/2641 1879/679 1323/3488
f 1823/4695 1878/4758 1915/4759
f 1915/4759 1862/4693 1823/4695
f 1204/4760 1914/4408 1913/4411
f 1204/4761 1793/4762 1914/4763
f 1669/460 1668/224 1935/227
f 1941/4764 1942/4765 1943/4766
f 2021/4767 2140/4325 2139/4327
f 45/4052 2920/4051 1940/4768
f 1940/1159 42/3480 45/4769
f 123/793 122/264 1939/263
f 1939/1331 156/1290 123/788
f 791/1102 1924/1101 1937/1467
f 1937/1467 1938/1622 792/1621
f 792/1621 791/1102 1937/1467
f 1936/505 898/504 900/2451
f 900/2451 1219/1468 1936/505
f 1913/4770 1205/3587 1204/3586
f 1935/227 715/1904 1669/460
f 431/4022 1006/1411 428/1410
f 1934/4398 1594/3643 1593/1435
f 1593/1435 1933/2593 1934/4398
f 1346/4771 1305/3469 1279/3470
f 1932/4772 1842/4773 1862/4774
f 1862/4774 1931/4775 1932/4772
f 1862/4693 1915/4759 1931/4466
f 1930/4776 1793/4744 1362/4743
f 1362/4743 1379/4777 1930/4776
f 1885/1654 1886/1646 1887/1326
f 1555/3689 1792/4778 1896/4250
f 166/2381 129/3544 998/4148
f 165/3545 129/3544 166/2381
f 1857/4704 1320/3457 1272/3459
f 1895/1676 84/1863 83/455
f 83/455 1894/1677 1895/1676
f 1892/1827 1893/2386 1890/1161
f 1890/1161 1891/1160 1892/1827
f 645/3157 679/1847 1889/1826
f 1889/1826 646/1825 645/3157
f 1887/1326 1888/2050 1885/1654
f 1896/4250 1765/4485 1555/3689
f 1884/930 1213/929 1212/3271
f 1212/3271 329/3270 1884/930
f 1882/1037 1883/1014 1881/1477
f 1881/2248 780/4211 1882/4779
f 1879/679 1207/678 1210/3390
f 1210/3390 1880/4580 1323/3488
f 1323/3488 1879/679 1210/3390
f 1794/4721 1877/4780 1878/4758
f 1878/4758 1823/4695 1794/4721
f 1794/4721 1809/4781 1877/4780
f 1906/1829 1907/1717 1904/1719
f 1461/3884 1911/4595 1912/4305
f 1912/4305 1875/4304 1461/3884
f 1461/3884 1460/3691 1911/4595
f 485/2150 1910/2042 1357/1792
f 485/2150 484/3596 1910/2042
f 761/4212 760/214 1909/213
f 1909/213 1545/1655 761/4212
f 551/439 550/3992 762/1202
f 762/1202 1541/1201 551/439
f 681/3139 898/504 1908/503
f 1908/503 679/1847 681/3139
f 1474/822 1473/2903 515/2906
f 1904/1719 1905/1803 1906/1829
f 1284/3355 1283/799 1903/798
f 1903/798 1640/1828 1284/3355
f 1901/4683 1902/1985 1900/3140
f 1900/3140 857/4684 1901/4683
f 1810/4782 1899/4783 1809/4784
f 1899/4785 1877/4780 1809/4781
f 1898/4786 1897/4787 1840/4699
f 1840/4738 1841/4737 1898/4788
f 1897/4787 1861/4696 1840/4699
f 1736/4789 1067/3512 541/2410
f 190/4790 1296/3255 1741/984
f 1741/4791 191/4113 190/890
f 190/4792 232/4793 1296/3253
f 1740/1024 1739/1058 789/4794
f 789/4794 790/4795 1740/1024
f 1739/1058 227/3352 789/4794
f 152/2911 1070/3495 1497/1143
f 1738/1271 1737/4568 837/2316
f 837/2316 1410/3832 1738/1271
f 1737/4568 894/2317 837/2316
f 541/2410 1735/4796 1736/4789
f 1742/4797 1743/4798 1706/4799
f 541/3995 540/3776 1735/4800
f 1731/1211 1734/648 427/2175
f 1734/648 1732/1538 427/2175
f 1732/1538 1733/2173 427/2175
f 427/2175 1238/3357 1731/1211
f 1730/1987 976/4167 975/3508
f 975/3508 1081/3507 1730/1987
f 1729/4801 1713/4802 1638/3739
f 1638/3739 1697/4399 1729/4801
f 1728/4331 1486/4803 1040/4804
f 1750/4805 1104/1663 1042/3515
f 1757/4806 1267/4807 118/4808
f 118/4808 267/4809 1757/4806
f 1537/3690 1755/4810 1756/4811
f 1756/4811 1562/3704 1537/3690
f 1537/3690 1538/3672 1755/4810
f 894/2317 1737/4568 895/1611
f 1753/1084 1754/2356 1752/831
f 1752/831 1518/2352 1753/1084
f 1238/3357 1280/3356 1751/4812
f 1751/4812 1731/1211 1238/3357
f 1042/3515 1043/3570 1750/4805
f 1040/4804 1420/4813 1728/4331
f 1129/4814 1685/3734 1684/3737
f 1684/4815 1749/4816 1129/4817
f 1684/3713 1713/4802 1749/4722
f 1509/4818 1682/4819 1748/4278
f 1748/4278 1510/3760 1509/4818
f 877/1641 1747/1521 1745/3003
f 1745/3003 1746/3007 877/1641
f 1706/4799 1707/4820 1742/4797
f 1744/4821 1694/3724 1706/4822
f 1706/4822 1743/4823 1744/4821
f 1703/4490 1195/3597 720/3394
f 1712/4824 1420/3780 914/3589
f 914/3589 1205/3588 1712/4824
f 1710/4353 1711/3025 1708/854
f 1708/854 1709/836 1710/4353
f 1098/3530 1707/4820 1096/3531
f 1707/4820 1706/4799 1096/3531
f 1096/3517 1706/4822 1694/3724
f 1693/1017 1705/4531 934/3725
f 1705/4531 1704/4825 934/3725
f 1704/4826 935/4163 934/4165
f 720/3394 1246/3393 1703/4490
f 1615/3663 1638/3739 1713/4802
f 116/3715 1691/3714 1702/4827
f 1702/4828 113/4055 116/4054
f 1701/4829 1393/3816 1392/2142
f 1392/2142 1700/2143 1701/4829
f 428/1410 1409/3833 429/2224
f 1409/3833 465/2225 429/2224
f 1699/1434 918/1433 917/2841
f 917/2841 976/4167 1699/1434
f 1658/4830 1659/4831 1698/4832
f 1698/4832 1697/4833 1658/4830
f 1720/565 1050/4664 816/4834
f 1726/3113 1727/1518 1725/1520
f 1725/1520 825/4128 1726/3113
f 1176/4835 1075/4836 1074/4837
f 1074/2132 1724/2131 1177/4838
f 1177/4839 1176/4840 1074/4841
f 1723/4496 931/4164 935/4163
f 935/4163 1722/4842 1723/4496
f 935/4163 1704/4826 1722/4842
f 759/4843 1221/4491 1721/1022
f 1721/4844 790/4225 759/3385
f 816/4834 815/566 1720/565
f 963/2702 931/4164 1758/4472
f 1719/705 1701/1225 1700/4845
f 1700/2143 1718/2146 1719/4846
f 1047/3511 1717/4642 1048/3568
f 1717/4642 1450/4667 1048/3568
f 214/4847 1066/3513 1716/1174
f 1716/1174 293/3967 214/4847
f 945/4848 1714/3108 1715/3167
f 1715/3167 1000/4254 945/4848
f 945/4848 882/4298 1714/3108
f 1713/4802 1684/3713 1615/3663
f 1554/3687 1791/4707 1792/4849
f 1335/3485 1787/4850 1600/3648
f 1029/3554 151/2762 184/2977
f 1797/709 1574/670 1573/2520
f 1573/2520 1796/2519 1797/709
f 1422/25 1390/674 1389/3777
f 1389/4851 1449/1704 1447/4852
f 1104/1663 1750/4805 1795/3012
f 1794/4721 1781/4720 1729/4801
f 1729/4801 1769/4853 1794/4721
f 1793/4744 1204/3592 1343/3430
f 1343/3430 1363/3446 1793/4744
f 371/3129 370/3413 1798/2663
f 1792/4849 1555/3688 1554/3687
f 1554/3687 1680/3711 1791/4707
f 1743/4823 1172/4854 1744/4821
f 1743/4823 1173/4855 1172/4854
f 1742/4797 1173/4856 1743/4798
f 309/3099 308/1189 1117/1188
f 1790/3081 1338/1743 1337/3484
f 1337/3484 1789/4387 1790/3081
f 1562/3704 1788/4520 1787/4850
f 1562/3704 1756/4811 1788/4520
f 1440/4857 1486/4803 1808/4313
f 515/2906 1814/2907 1474/822
f 185/4100 1579/3654 186/2587
f 808/2810 1813/1881 1812/1884
f 1812/1884 809/4215 808/2810
f 1448/4858 1447/4859 1449/4860
f 1130/1315 1811/1314 19/2035
f 1130/1315 19/2035 18/2691
f 1770/2557 1810/3065 1769/4861
f 1810/3065 1809/4862 1769/4861
f 1809/4781 1794/4721 1769/4853
f 1440/3669 1808/4863 1807/4864
f 1787/4850 1335/3485 1562/3704
f 1807/4864 1612/3670 1440/3669
f 771/3396 1419/3781 1806/4865
f 1806/4865 1298/3336 771/3396
f 1805/2649 1804/2660 941/2682
f 941/2682 1804/2660 913/2659
f 1123/4866 1122/2936 1779/2935
f 1799/2664 1801/4867 1802/4868
f 1802/2017 1803/2016 1799/4869
f 1799/2664 1800/2547 1801/4867
f 1798/2663 1375/3053 371/3129
f 1768/4698 1683/3706 1681/3708
f 1775/1465 863/2335 897/2348
f 1774/1121 1161/1614 1773/2372
f 1773/2372 1754/2356 1774/1121
f 1386/673 1365/83 1387/82
f 1081/3507 1771/169 1772/1178
f 1772/1178 1730/1987 1081/3507
f 1081/3507 1080/170 1771/169
f 1697/4833 1698/4832 1770/2557
f 1770/2557 1769/4861 1697/4833
f 1769/4853 1729/4801 1697/4399
f 1681/3708 1767/4739 1768/4698
f 897/2348 896/4536 1776/1473
f 1681/3708 1611/3655 1767/4739
f 1078/3334 1765/4485 1766/4754
f 1766/4754 1252/3335 1078/3334
f 1078/3334 1555/3689 1765/4485
f 1763/2526 1764/2525 1761/3016
f 1764/2525 1746/3007 1761/3016
f 1761/3016 1762/2544 1763/2526
f 1744/1263 1760/1265 1759/658
f 1759/658 1694/657 1744/1263
f 1758/4472 993/4149 963/2702
f 1128/3848 1485/3847 1696/4740
f 150/3870 184/2977 151/2762
f 1786/120 106/119 109/4870
f 109/4870 1785/3216 1786/120
f 1783/102 1784/1690 1443/305
f 1443/305 1782/304 1783/102
f 1713/4802 1781/4720 1749/4722
f 1713/4802 1729/4801 1781/4720
f 1611/3671 1612/3670 1780/4736
f 1780/4736 1767/4735 1611/3671
f 1696/4740 1419/4871 1128/3848
f 1179/3037 1127/3629 1180/3579
f 911/516 1762/2544 912/2543
f 1763/2526 1762/2544 911/516
f 1724/2131 1779/2490 1202/2493
f 1724/2131 1123/315 1779/2490
f 1202/4872 1177/4873 1724/4874
f 1739/1058 1292/1713 227/3352
f 1538/3672 1579/3654 1778/4255
f 1778/4255 1777/4875 1538/3672
f 1777/4875 1755/4810 1538/3672
f 1776/1473 1775/1465 897/2348
f 2075/941 1508/783 2073/690
f 329/4876 328/296 1288/299
f 2078/683 2080/682 1845/3218
f 1844/195 2079/194 2078/683
f 1845/3218 1844/195 2078/683
f 1488/3859 2077/4877 1530/3860
f 1488/3859 2066/4878 2077/4877
f 2065/4315 1808/4313 1486/4803
f 1486/4803 1728/4331 2065/4315
f 1401/4742 1819/4385 2076/4259
f 2076/4259 1839/4262 1401/4742
f 1288/2429 1884/930 329/3270
f 2073/690 2074/689 2075/941
f 659/4879 624/4200 1457/3785
f 659/4879 1457/3785 660/3786
f 2072/4880 517/3984 516/2905
f 516/2905 1453/3188 2072/4880
f 1194/3598 1195/3597 2071/2075
f 2071/4517 2057/4518 1194/4881
f 2070/4256 1778/4255 1579/3654
f 1579/3654 185/4100 2070/4256
f 2069/1170 503/1206 502/1228
f 2086/4659 1841/4737 1780/4736
f 2088/1148 642/1748 614/2104
f 501/345 860/344 859/3095
f 859/3095 1689/1226 501/345
f 1864/4882 1495/3899 1494/3898
f 463/4883 462/4884 1494/3898
f 1492/3886 462/4885 463/4886
f 1494/3898 1493/3897 463/4883
f 463/4886 1493/3887 1492/3886
f 1557/680 1322/3491 1278/3490
f 2087/4660 2086/4659 1780/4736
f 1780/4736 2001/4887 2087/4660
f 502/1228 2068/1167 2069/1170
f 1525/697 729/696 1434/1046
f 1434/1046 1433/2720 1525/697
f 2085/60 1147/1903 655/2871
f 655/2871 654/57 2085/60
f 2084/4533 1221/3384 1220/3383
f 1220/3383 2058/4534 2084/4533
f 1830/1715 2083/1800 185/4100
f 2083/1800 2070/4256 185/4100
f 543/797 542/154 2082/157
f 2082/157 1907/1717 543/797
f 2048/4451 2049/4333 1420/4813
f 2054/1802 1289/3076 1287/298
f 1287/298 1905/1803 2054/1802
f 2053/1625 1797/709 1796/2519
f 1796/2519 257/1626 2053/1625
f 2052/1123 709/4229 669/3778
f 669/3778 668/1124 2052/1123
f 1446/4888 389/4889 388/4890
f 388/4890 1464/4891 1446/4888
f 1511/4892 2050/4893 2051/4894
f 1511/4895 1570/4597 2051/3238
f 2050/764 1512/3842 1511/4896
f 2055/1221 2028/4242 1777/4875
f 2049/4333 1728/4331 1420/4813
f 1420/4813 1712/4450 2048/4451
f 2047/4251 1896/4250 1792/4778
f 1792/4778 2012/4897 2047/4251
f 1458/3252 562/1952 1459/913
f 2046/2507 1432/180 1431/4898
f 1431/4898 2045/4252 2046/2507
f 1944/4899 1942/4900 1941/4901
f 2044/376 1167/2687 1144/3582
f 1756/4811 2043/4296 1788/4520
f 1437/3770 1507/4902 2063/2933
f 1866/4709 1241/3397 1240/3400
f 1782/304 2016/4314 1783/102
f 389/348 1514/1662 390/3276
f 1512/3842 2067/4903 1487/3843
f 2067/4903 2066/4878 1487/3843
f 2066/4878 1488/3859 1487/3843
f 2065/4904 1966/4905 1402/3758
f 1402/4906 1657/4343 2065/4315
f 2064/4369 1983/4596 1569/3674
f 1569/3674 1610/3673 2064/4369
f 2063/2933 1438/972 1437/3770
f 614/2104 613/1145 2088/1148
f 1507/3852 2062/4630 1417/1647
f 1417/1647 1416/784 1507/3852
f 479/1816 478/785 2060/556
f 2060/556 2061/555 479/1816
f 1692/4907 2059/4663 2058/4908
f 2057/4518 2059/4663 1692/4907
f 2058/4534 1220/3383 1692/3726
f 1692/4907 1194/4881 2057/4518
f 1777/4875 2056/4257 2055/1221
f 1777/4875 1778/4255 2056/4257
f 2120/953 1318/952 306/3462
f 2128/4302 2111/4301 1898/4788
f 2032/4909 2127/4349 2033/4339
f 2032/4909 2126/4350 2127/4349
f 2032/4909 2031/4910 2126/4350
f 2125/313 1587/4911 1609/4912
f 1609/4912 732/4214 2125/313
f 2124/551 1607/147 1606/2506
f 1606/2506 416/552 2124/551
f 723/1162 2122/2884 2123/1739
f 2123/1739 724/1738 723/1162
f 723/1162 2121/2341 2122/2884
f 1898/4788 2094/4509 2128/4302
f 306/3462 1292/1713 2120/953
f 549/2428 1143/1066 2119/1065
f 2119/1065 546/1746 549/2428
f 1643/4756 1642/4913 1920/4757
f 579/187 891/186 861/3064
f 861/3064 860/344 579/187
f 831/1341 830/1432 2117/189
f 2117/189 2118/188 831/1341
f 744/3838 2116/900 1572/714
f 1572/714 745/2733 744/3838
f 339/3415 1318/952 2134/951
f 2021/4767 2112/4481 2140/4325
f 2139/4327 2014/4469 2021/4767
f 2109/4453 2138/4452 2031/4914
f 2138/4352 2126/4350 2031/4910
f 2137/314 2125/313 732/4214
f 732/4214 770/1897 2137/314
f 46/4915 2135/174 2136/787
f 2136/787 1633/2545 46/4915
f 2135/174 1584/176 2136/787
f 2121/2341 1223/2387 2122/2884
f 2134/951 1353/3051 339/3415
f 2067/4903 2115/2038 2114/4685
f 2133/1873 1165/1896 1111/2530
f 1111/2530 1110/1870 2133/1873
f 2132/706 1719/705 1718/4916
f 1718/4917 865/4124 2132/824
f 2131/962 2118/188 108/191
f 108/191 889/963 2131/962
f 805/4216 2130/3170 2116/900
f 744/3838 805/4216 2116/900
f 2129/4918 1530/4919 2077/4920
f 2077/4920 2096/4921 2129/4918
f 2094/4509 1898/4788 1841/4737
f 643/2516 642/1748 2101/1750
f 544/318 1283/799 1286/2536
f 1286/2536 2100/254 544/318
f 2099/3117 1902/1985 67/1984
f 67/1984 2098/1392 2099/3117
f 779/4922 568/4194 567/474
f 567/474 2097/892 779/4922
f 2095/4407 2096/4405 2066/4878
f 2096/4405 2077/4877 2066/4878
f 2066/4878 2067/4903 2095/4407
f 1841/4737 2086/4659 2094/4509
f 2101/1750 1645/1876 643/2516
f 2000/4923 1965/4924 1944/4925
f 626/3651 1588/2068 2093/2069
f 2093/2069 593/2741 626/3651
f 691/1019 690/4236 2092/4926
f 2092/1941 2090/1940 691/4927
f 2090/2718 2091/1015 691/1019
f 1834/672 1170/659 1169/3164
f 790/4795 1721/1022 1740/1024
f 2089/1026 1370/1025 547/2405
f 547/2405 546/1746 2089/1026
f 2107/100 1587/3650 2106/401
f 2067/4903 2113/2037 2115/2038
f 2114/4685 2095/4407 2067/4903
f 2067/4903 1512/3842 2113/2037
f 2111/4483 2112/4481 1897/4787
f 2112/4481 2021/4767 1897/4787
f 1897/4787 1898/4786 2111/4483
f 2110/4686 2109/4453 1965/4928
f 1965/4929 2000/4930 2110/4931
f 2109/4453 2031/4914 1965/4928
f 2106/401 2108/405 2107/100
f 1144/3582 1629/1219 2044/376
f 2106/4932 1587/4562 1656/1860
f 1677/2578 844/835 843/582
f 843/582 1478/3080 1677/2578
f 1171/2611 1170/659 2105/724
f 2105/724 40/1582 1171/2611
f 2104/2586 1757/4806 267/4809
f 267/4809 840/4561 2104/2586
f 508/2283 2102/2858 2103/1871
f 2103/1871 1110/1870 508/2283
f 508/2283 507/3418 2102/2858
f 1510/3760 1748/4278 1984/4279
f 863/2335 1775/1465 1989/1455
f 1989/1455 864/1456 863/2335
f 1988/4474 1987/4933 1028/3775
f 1028/3775 1027/4475 1988/4474
f 1987/4933 540/3776 1028/3775
f 392/4934 1986/4935 1384/3822
f 1384/4936 1383/4528 392/2756
f 1986/4935 1385/1437 1384/3822
f 1915/4759 1967/4479 1985/4468
f 1985/4468 1931/4466 1915/4759
f 1984/4279 1657/3757 1510/3760
f 1990/414 954/4176 957/2177
f 1983/4596 1911/4595 1460/3691
f 1460/3691 1569/3674 1983/4596
f 1202/3594 1982/753 1203/752
f 522/1723 1981/4937 521/3979
f 1979/4938 126/3806 521/3805
f 1981/4937 1980/4939 521/3979
f 1980/4940 1977/4941 521/3805
f 521/3805 1978/4942 1979/4938
f 1977/4941 1978/4942 521/3805
f 1976/4463 1723/4496 1722/4842
f 1992/4368 1610/3673 1298/3336
f 1053/2394 1113/4943 1991/1220
f 1266/2631 1997/1378 1996/1508
f 1996/1508 367/4944 1266/2631
f 333/3160 1850/1509 1995/1383
f 1995/1383 330/3509 333/3160
f 1469/3873 1468/3872 1969/4945
f 1385/2981 1986/2755 571/165
f 571/165 1994/164 1385/2981
f 1993/4280 1748/4278 1682/4819
f 1682/4819 1821/4380 1993/4280
f 1298/3336 1806/4865 1992/4368
f 1722/4842 1975/4357 1976/4463
f 1978/4946 1981/4937 522/1723
f 522/1723 2920/1722 1978/4946
f 2920/4051 126/3806 1978/4942
f 1978/4947 126/4948 1979/4949
f 1978/4946 1980/4939 1981/4937
f 1978/4946 1977/4950 1980/4939
f 931/4164 1723/4496 1758/4472
f 1991/1220 1090/3534 1054/2548
f 1054/2548 1053/2394 1991/1220
f 957/2177 985/411 1990/414
f 1369/2533 1368/3439 1953/4590
f 1232/3371 1962/4584 1963/3013
f 1960/1132 1961/1131 89/212
f 89/212 88/1730 1960/1132
f 1704/4825 1705/4531 1959/1267
f 1959/1267 1958/4354 1704/4825
f 1958/4358 1722/4842 1704/4826
f 1956/413 1957/2494 1269/762
f 1269/762 1955/761 1956/413
f 1954/357 1218/1469 955/2479
f 955/2479 954/354 1954/357
f 1953/1337 1690/3727 1369/3730
f 1232/3371 1963/3013 1233/204
f 1025/1094 1024/839 1951/838
f 1951/838 1952/1091 1025/1094
f 1949/252 1382/1401 1950/1445
f 1948/4375 1947/4951 1877/4952
f 1877/4952 1899/4376 1948/4375
f 1947/4478 1878/4758 1877/4780
f 1946/4433 1712/4824 1205/3588
f 1205/3588 1945/4434 1946/4433
f 1913/4953 1945/4954 1205/4955
f 1941/4956 1943/4957 1944/4925
f 1970/1409 1006/1411 1009/4958
f 1722/4842 1958/4358 1975/4357
f 120/792 1032/791 617/3242
f 617/3242 616/1293 120/792
f 1974/391 1451/991 926/2616
f 926/2616 925/392 1974/391
f 814/3728 1973/207 1972/206
f 814/3728 1690/3727 1973/207
f 1972/206 810/3831 814/3728
f 1969/4959 1971/4960 1009/4958
f 1971/4960 1970/1409 1009/4958
f 1599/2409 1598/976 2041/975
f 1009/2861 1469/2896 1969/4961
f 1382/1401 1968/4487 1383/3821
f 1382/1401 1949/252 1968/4487
f 1878/4758 1947/4478 1967/4479
f 1967/4479 1915/4759 1878/4758
f 1966/4962 1930/4776 1379/4777
f 1379/3824 1402/3758 1966/4905
f 1942/4900 1944/4899 1965/4963
f 1965/4964 1964/4965 1942/4765
f 1964/4965 1943/4766 1942/4765
f 213/1192 250/85 670/3437
f 1115/4966 1651/2666 2029/375
f 2028/4242 2027/4294 1755/4810
f 1755/4810 1777/4875 2028/4242
f 2027/4294 1756/4811 1755/4810
f 2026/4967 2024/3072 2025/2821
f 2025/1883 1578/2100 2026/2099
f 2024/3072 1243/2822 2025/2821
f 2023/1210 1517/1209 610/302
f 610/302 609/2102 2023/1210
f 2022/1088 605/1087 604/163
f 604/163 570/162 2022/1088
f 2029/375 1112/1451 1115/4966
f 670/3437 210/3779 213/1192
f 1529/2110 1254/3330 1253/3329
f 1861/4696 2021/4767 2014/4469
f 1861/4696 1897/4787 2021/4767
f 1839/4262 1806/4261 1419/4871
f 1419/4871 1696/4740 1839/4262
f 1800/2547 2008/2546 1801/4867
f 232/4793 231/1374 1998/1373
f 2020/377 1991/1220 1113/4943
f 2019/2007 439/2006 438/4020
f 360/1631 1556/681 534/3622
f 1756/4811 2027/4294 2043/4296
f 2041/975 2042/3244 1599/2409
f 672/802 2040/2706 299/138
f 299/138 673/140 672/802
f 672/802 2039/2501 2040/2706
f 2038/2199 2035/2920 2036/26
f 2036/4968 2037/1615 2038/2194
f 2035/2920 636/1 2036/26
f 292/2958 2034/2712 1388/2711
f 292/2958 1464/3880 2034/2712
f 1388/1543 252/1542 292/4969
f 1113/4943 1112/1451 2020/377
f 534/3622 361/3621 360/1631
f 1930/4970 1914/4971 1793/4972
f 2033/4973 2000/4974 1964/4975
f 1964/4965 2032/4909 2033/4339
f 2031/4910 2032/4909 1964/4965
f 1964/4965 1965/4964 2031/4910
f 562/1952 1458/3252 527/3251
f 525/1135 623/3250 622/3187
f 2030/4976 1399/3807 1398/3082
f 1398/4977 448/2043 2030/1136
f 1183/1989 144/1988 2002/2991
f 2009/4978 2010/1083 2007/519
f 2007/519 2008/518 2009/4978
f 1090/3534 1991/1220 1629/1219
f 438/4020 473/4029 2019/2007
f 2006/1067 397/1624 400/775
f 400/775 1083/1700 2006/1067
f 2005/4979 1735/4800 540/3776
f 540/3776 1987/4933 2005/4979
f 293/3967 1716/1174 2004/1177
f 2004/1177 324/3939 293/3967
f 1996/1508 368/1487 367/4944
f 2002/4980 2003/2876 1183/3572
f 102/1256 598/1255 383/4981
f 1612/3670 1807/4864 2001/4887
f 2001/4887 1780/4736 1612/3670
f 2000/4923 1944/4925 1943/4957
f 1943/4982 1964/4983 2000/4984
f 1999/3101 1961/1131 525/1135
f 525/1135 622/3187 1999/3101
f 1998/1373 1296/3253 232/4793
f 944/2597 1103/1930 142/1579
f 1108/4985 1141/2008 2018/358
f 2018/358 365/4441 1108/4985
f 1067/3510 1736/4645 1047/3511
f 2002/2991 1307/541 2017/540
f 2017/1774 1282/1773 2002/4986
f 1421/1152 179/1958 2016/3247
f 1782/4987 1445/1153 1421/1152
f 2016/3247 1782/4987 1421/1152
f 142/1579 141/1991 944/2597
f 1820/4697 2014/4469 2015/4471
f 454/2149 453/4687 2011/1388
f 2015/4471 1821/4713 1820/4697
f 1820/4697 1861/4696 2014/4469
f 2012/4351 1792/4849 1791/4707
f 1876/4282 2013/4281 1791/4707
f 2013/4281 2012/4351 1791/4707
f 2150/4988 464/4989 462/4990
f 2150/4991 2361/3143 462/3141
f 1464/1702 1449/1704 1389/4851
f 1389/4992 2034/4993 1464/4994
f 531/4995 529/4155 532/4157
f 849/4996 352/4997 850/4998
f 850/4999 1102/5000 849/5001
f 203/5002 204/5003 205/5004
